[2025-06-28T22:57:45.627+0000] {manager.py:483} INFO - Processing files using up to 2 processes at a time 
[2025-06-28T22:57:45.630+0000] {manager.py:484} INFO - Process each file at most once every 30 seconds
[2025-06-28T22:57:45.631+0000] {manager.py:485} INFO - Checking for new files in /opt/airflow/dags every 300 seconds
[2025-06-28T22:57:45.632+0000] {manager.py:821} INFO - Searching for files in /opt/airflow/dags
[2025-06-28T22:57:45.638+0000] {manager.py:824} INFO - There are 0 files in /opt/airflow/dags
[2025-06-28T23:02:46.047+0000] {manager.py:821} INFO - Searching for files in /opt/airflow/dags
[2025-06-28T23:02:46.058+0000] {manager.py:824} INFO - There are 0 files in /opt/airflow/dags
[2025-06-28T23:07:46.568+0000] {manager.py:821} INFO - Searching for files in /opt/airflow/dags
[2025-06-28T23:07:46.581+0000] {manager.py:824} INFO - There are 0 files in /opt/airflow/dags
[2025-06-28T23:12:46.878+0000] {manager.py:821} INFO - Searching for files in /opt/airflow/dags
[2025-06-28T23:12:46.886+0000] {manager.py:824} INFO - There are 0 files in /opt/airflow/dags
[2025-06-28T23:17:47.356+0000] {manager.py:821} INFO - Searching for files in /opt/airflow/dags
[2025-06-28T23:17:47.364+0000] {manager.py:824} INFO - There are 0 files in /opt/airflow/dags
[2025-06-28T23:22:47.879+0000] {manager.py:821} INFO - Searching for files in /opt/airflow/dags
[2025-06-28T23:22:47.893+0000] {manager.py:824} INFO - There are 0 files in /opt/airflow/dags
[2025-06-28T23:27:48.416+0000] {manager.py:821} INFO - Searching for files in /opt/airflow/dags
[2025-06-28T23:27:48.422+0000] {manager.py:824} INFO - There are 0 files in /opt/airflow/dags
[2025-06-28T23:32:48.827+0000] {manager.py:821} INFO - Searching for files in /opt/airflow/dags
[2025-06-28T23:32:48.838+0000] {manager.py:824} INFO - There are 0 files in /opt/airflow/dags
[2025-06-28T23:37:49.356+0000] {manager.py:821} INFO - Searching for files in /opt/airflow/dags
[2025-06-28T23:37:49.369+0000] {manager.py:824} INFO - There are 0 files in /opt/airflow/dags
[2025-06-28T23:42:49.739+0000] {manager.py:821} INFO - Searching for files in /opt/airflow/dags
[2025-06-28T23:42:49.751+0000] {manager.py:824} INFO - There are 0 files in /opt/airflow/dags
[2025-06-28T23:47:50.206+0000] {manager.py:821} INFO - Searching for files in /opt/airflow/dags
[2025-06-28T23:47:50.219+0000] {manager.py:824} INFO - There are 0 files in /opt/airflow/dags
[2025-06-28T23:52:50.791+0000] {manager.py:821} INFO - Searching for files in /opt/airflow/dags
[2025-06-28T23:52:50.805+0000] {manager.py:824} INFO - There are 0 files in /opt/airflow/dags
[2025-06-28T23:57:51.445+0000] {manager.py:821} INFO - Searching for files in /opt/airflow/dags
[2025-06-28T23:57:51.456+0000] {manager.py:824} INFO - There are 0 files in /opt/airflow/dags
[2025-06-29T00:02:52.039+0000] {manager.py:821} INFO - Searching for files in /opt/airflow/dags
[2025-06-29T00:02:52.054+0000] {manager.py:824} INFO - There are 0 files in /opt/airflow/dags
[2025-06-29T00:16:24.462+0000] {manager.py:821} INFO - Searching for files in /opt/airflow/dags
[2025-06-29T00:16:24.474+0000] {manager.py:824} INFO - There are 0 files in /opt/airflow/dags
[2025-06-29T00:21:24.905+0000] {manager.py:821} INFO - Searching for files in /opt/airflow/dags
[2025-06-29T00:21:24.912+0000] {manager.py:824} INFO - There are 0 files in /opt/airflow/dags
[2025-06-29T00:26:25.449+0000] {manager.py:821} INFO - Searching for files in /opt/airflow/dags
[2025-06-29T00:26:25.463+0000] {manager.py:824} INFO - There are 0 files in /opt/airflow/dags
[2025-06-29T00:32:41.808+0000] {manager.py:821} INFO - Searching for files in /opt/airflow/dags
[2025-06-29T00:32:41.815+0000] {manager.py:824} INFO - There are 0 files in /opt/airflow/dags
[2025-06-29T00:37:42.365+0000] {manager.py:821} INFO - Searching for files in /opt/airflow/dags
[2025-06-29T00:37:42.373+0000] {manager.py:824} INFO - There are 0 files in /opt/airflow/dags
[2025-06-29T00:42:42.859+0000] {manager.py:821} INFO - Searching for files in /opt/airflow/dags
[2025-06-29T00:42:42.873+0000] {manager.py:824} INFO - There are 0 files in /opt/airflow/dags
[2025-06-29T01:22:00.567+0000] {manager.py:821} INFO - Searching for files in /opt/airflow/dags
[2025-06-29T01:22:00.678+0000] {manager.py:824} INFO - There are 0 files in /opt/airflow/dags
[2025-06-29T02:28:47.303+0000] {manager.py:821} INFO - Searching for files in /opt/airflow/dags
[2025-06-29T02:28:47.371+0000] {manager.py:824} INFO - There are 0 files in /opt/airflow/dags
[2025-06-29T06:02:49.118+0000] {manager.py:821} INFO - Searching for files in /opt/airflow/dags
[2025-06-29T06:02:49.175+0000] {manager.py:824} INFO - There are 0 files in /opt/airflow/dags
[2025-07-01T02:12:41.383+0000] {manager.py:821} INFO - Searching for files in /opt/airflow/dags
[2025-07-01T02:12:41.415+0000] {manager.py:824} INFO - There are 0 files in /opt/airflow/dags
[2025-07-01T02:35:03.489+0000] {manager.py:821} INFO - Searching for files in /opt/airflow/dags
[2025-07-01T02:35:03.496+0000] {manager.py:824} INFO - There are 0 files in /opt/airflow/dags
[2025-07-01T02:40:04.023+0000] {manager.py:821} INFO - Searching for files in /opt/airflow/dags
[2025-07-01T02:40:04.031+0000] {manager.py:824} INFO - There are 0 files in /opt/airflow/dags
[2025-07-01T02:45:04.461+0000] {manager.py:821} INFO - Searching for files in /opt/airflow/dags
[2025-07-01T02:45:04.491+0000] {manager.py:824} INFO - There are 1 files in /opt/airflow/dags
[2025-07-01T02:45:12.631+0000] {manager.py:997} INFO - 
================================================================================
DAG File Processing Stats

File Path                                  PID    Runtime      # DAGs    # Errors  Last Runtime    Last Run               Last # of DB Queries
-----------------------------------------  -----  ---------  --------  ----------  --------------  -------------------  ----------------------
/opt/airflow/dags/driven_data_pipeline.py                           0           1  0.15s           2025-07-01T02:45:04                       3
================================================================================
[2025-07-01T02:45:43.057+0000] {manager.py:997} INFO - 
================================================================================
DAG File Processing Stats

File Path                                  PID    Runtime      # DAGs    # Errors  Last Runtime    Last Run               Last # of DB Queries
-----------------------------------------  -----  ---------  --------  ----------  --------------  -------------------  ----------------------
/opt/airflow/dags/driven_data_pipeline.py                           0           1  0.12s           2025-07-01T02:45:34                       5
================================================================================
[2025-07-01T02:46:13.379+0000] {manager.py:997} INFO - 
================================================================================
DAG File Processing Stats

File Path                                  PID    Runtime      # DAGs    # Errors  Last Runtime    Last Run               Last # of DB Queries
-----------------------------------------  -----  ---------  --------  ----------  --------------  -------------------  ----------------------
/opt/airflow/dags/driven_data_pipeline.py                           0           1  0.08s           2025-07-01T02:46:05                       5
================================================================================
[2025-07-01T02:46:43.735+0000] {manager.py:997} INFO - 
================================================================================
DAG File Processing Stats

File Path                                  PID    Runtime      # DAGs    # Errors  Last Runtime    Last Run               Last # of DB Queries
-----------------------------------------  -----  ---------  --------  ----------  --------------  -------------------  ----------------------
/opt/airflow/dags/driven_data_pipeline.py                           0           1  0.14s           2025-07-01T02:46:35                       5
================================================================================
[2025-07-01T02:47:14.157+0000] {manager.py:997} INFO - 
================================================================================
DAG File Processing Stats

File Path                                  PID    Runtime      # DAGs    # Errors  Last Runtime    Last Run               Last # of DB Queries
-----------------------------------------  -----  ---------  --------  ----------  --------------  -------------------  ----------------------
/opt/airflow/dags/driven_data_pipeline.py                           0           1  0.19s           2025-07-01T02:47:06                       5
================================================================================
[2025-07-01T02:47:44.568+0000] {manager.py:997} INFO - 
================================================================================
DAG File Processing Stats

File Path                                  PID    Runtime      # DAGs    # Errors  Last Runtime    Last Run               Last # of DB Queries
-----------------------------------------  -----  ---------  --------  ----------  --------------  -------------------  ----------------------
/opt/airflow/dags/driven_data_pipeline.py                           0           1  0.22s           2025-07-01T02:47:36                       5
================================================================================
[2025-07-01T02:48:15.021+0000] {manager.py:997} INFO - 
================================================================================
DAG File Processing Stats

File Path                                  PID    Runtime      # DAGs    # Errors  Last Runtime    Last Run               Last # of DB Queries
-----------------------------------------  -----  ---------  --------  ----------  --------------  -------------------  ----------------------
/opt/airflow/dags/driven_data_pipeline.py                           0           1  0.14s           2025-07-01T02:48:06                       5
================================================================================
[2025-07-01T02:48:45.358+0000] {manager.py:997} INFO - 
================================================================================
DAG File Processing Stats

File Path                                  PID    Runtime      # DAGs    # Errors  Last Runtime    Last Run               Last # of DB Queries
-----------------------------------------  -----  ---------  --------  ----------  --------------  -------------------  ----------------------
/opt/airflow/dags/driven_data_pipeline.py                           0           1  0.08s           2025-07-01T02:48:37                       5
================================================================================
[2025-07-01T02:49:15.762+0000] {manager.py:997} INFO - 
================================================================================
DAG File Processing Stats

File Path                                  PID    Runtime      # DAGs    # Errors  Last Runtime    Last Run               Last # of DB Queries
-----------------------------------------  -----  ---------  --------  ----------  --------------  -------------------  ----------------------
/opt/airflow/dags/driven_data_pipeline.py                           0           1  0.10s           2025-07-01T02:49:07                       5
================================================================================
[2025-07-01T02:49:46.228+0000] {manager.py:997} INFO - 
================================================================================
DAG File Processing Stats

File Path                                  PID    Runtime      # DAGs    # Errors  Last Runtime    Last Run               Last # of DB Queries
-----------------------------------------  -----  ---------  --------  ----------  --------------  -------------------  ----------------------
/opt/airflow/dags/driven_data_pipeline.py                           0           1  0.17s           2025-07-01T02:49:38                       5
================================================================================
[2025-07-01T02:50:04.575+0000] {manager.py:821} INFO - Searching for files in /opt/airflow/dags
[2025-07-01T02:50:04.633+0000] {manager.py:824} INFO - There are 1 files in /opt/airflow/dags
[2025-07-01T02:50:16.853+0000] {manager.py:997} INFO - 
================================================================================
DAG File Processing Stats

File Path                                  PID    Runtime      # DAGs    # Errors  Last Runtime    Last Run               Last # of DB Queries
-----------------------------------------  -----  ---------  --------  ----------  --------------  -------------------  ----------------------
/opt/airflow/dags/driven_data_pipeline.py                           0           1  0.15s           2025-07-01T02:50:08                       5
================================================================================
[2025-07-01T02:50:47.305+0000] {manager.py:997} INFO - 
================================================================================
DAG File Processing Stats

File Path                                  PID    Runtime      # DAGs    # Errors  Last Runtime    Last Run               Last # of DB Queries
-----------------------------------------  -----  ---------  --------  ----------  --------------  -------------------  ----------------------
/opt/airflow/dags/driven_data_pipeline.py                           0           1  0.16s           2025-07-01T02:50:39                       5
================================================================================
[2025-07-01T02:51:17.719+0000] {manager.py:997} INFO - 
================================================================================
DAG File Processing Stats

File Path                                  PID    Runtime      # DAGs    # Errors  Last Runtime    Last Run               Last # of DB Queries
-----------------------------------------  -----  ---------  --------  ----------  --------------  -------------------  ----------------------
/opt/airflow/dags/driven_data_pipeline.py                           0           1  0.11s           2025-07-01T02:51:09                       5
================================================================================
[2025-07-01T02:51:48.106+0000] {manager.py:997} INFO - 
================================================================================
DAG File Processing Stats

File Path                                  PID    Runtime      # DAGs    # Errors  Last Runtime    Last Run               Last # of DB Queries
-----------------------------------------  -----  ---------  --------  ----------  --------------  -------------------  ----------------------
/opt/airflow/dags/driven_data_pipeline.py                           0           1  0.17s           2025-07-01T02:51:40                       5
================================================================================
[2025-07-01T02:52:18.485+0000] {manager.py:997} INFO - 
================================================================================
DAG File Processing Stats

File Path                                  PID    Runtime      # DAGs    # Errors  Last Runtime    Last Run               Last # of DB Queries
-----------------------------------------  -----  ---------  --------  ----------  --------------  -------------------  ----------------------
/opt/airflow/dags/driven_data_pipeline.py                           0           1  0.08s           2025-07-01T02:52:10                       5
================================================================================
[2025-07-01T02:52:48.846+0000] {manager.py:997} INFO - 
================================================================================
DAG File Processing Stats

File Path                                  PID    Runtime      # DAGs    # Errors  Last Runtime    Last Run               Last # of DB Queries
-----------------------------------------  -----  ---------  --------  ----------  --------------  -------------------  ----------------------
/opt/airflow/dags/driven_data_pipeline.py                           0           1  0.07s           2025-07-01T02:52:40                       5
================================================================================
[2025-07-01T02:53:19.190+0000] {manager.py:997} INFO - 
================================================================================
DAG File Processing Stats

File Path                                  PID    Runtime      # DAGs    # Errors  Last Runtime    Last Run               Last # of DB Queries
-----------------------------------------  -----  ---------  --------  ----------  --------------  -------------------  ----------------------
/opt/airflow/dags/driven_data_pipeline.py                           0           1  0.10s           2025-07-01T02:53:11                       5
================================================================================
[2025-07-01T02:53:49.564+0000] {manager.py:997} INFO - 
================================================================================
DAG File Processing Stats

File Path                                  PID    Runtime      # DAGs    # Errors  Last Runtime    Last Run               Last # of DB Queries
-----------------------------------------  -----  ---------  --------  ----------  --------------  -------------------  ----------------------
/opt/airflow/dags/driven_data_pipeline.py                           0           1  0.09s           2025-07-01T02:53:41                       5
================================================================================
[2025-07-01T02:54:19.923+0000] {manager.py:997} INFO - 
================================================================================
DAG File Processing Stats

File Path                                  PID    Runtime      # DAGs    # Errors  Last Runtime    Last Run               Last # of DB Queries
-----------------------------------------  -----  ---------  --------  ----------  --------------  -------------------  ----------------------
/opt/airflow/dags/driven_data_pipeline.py                           0           1  0.11s           2025-07-01T02:54:11                       5
================================================================================
[2025-07-01T02:54:50.298+0000] {manager.py:997} INFO - 
================================================================================
DAG File Processing Stats

File Path                                  PID    Runtime      # DAGs    # Errors  Last Runtime    Last Run               Last # of DB Queries
-----------------------------------------  -----  ---------  --------  ----------  --------------  -------------------  ----------------------
/opt/airflow/dags/driven_data_pipeline.py                           0           1  0.19s           2025-07-01T02:54:42                       5
================================================================================
[2025-07-01T02:55:05.460+0000] {manager.py:821} INFO - Searching for files in /opt/airflow/dags
[2025-07-01T02:55:05.518+0000] {manager.py:824} INFO - There are 1 files in /opt/airflow/dags
[2025-07-01T02:55:20.725+0000] {manager.py:997} INFO - 
================================================================================
DAG File Processing Stats

File Path                                  PID    Runtime      # DAGs    # Errors  Last Runtime    Last Run               Last # of DB Queries
-----------------------------------------  -----  ---------  --------  ----------  --------------  -------------------  ----------------------
/opt/airflow/dags/driven_data_pipeline.py                           0           1  0.13s           2025-07-01T02:55:12                       5
================================================================================
[2025-07-01T02:55:51.092+0000] {manager.py:997} INFO - 
================================================================================
DAG File Processing Stats

File Path                                  PID    Runtime      # DAGs    # Errors  Last Runtime    Last Run               Last # of DB Queries
-----------------------------------------  -----  ---------  --------  ----------  --------------  -------------------  ----------------------
/opt/airflow/dags/driven_data_pipeline.py                           0           1  0.10s           2025-07-01T02:55:43                       5
================================================================================
[2025-07-01T02:56:21.460+0000] {manager.py:997} INFO - 
================================================================================
DAG File Processing Stats

File Path                                  PID    Runtime      # DAGs    # Errors  Last Runtime    Last Run               Last # of DB Queries
-----------------------------------------  -----  ---------  --------  ----------  --------------  -------------------  ----------------------
/opt/airflow/dags/driven_data_pipeline.py                           0           1  0.09s           2025-07-01T02:56:13                       5
================================================================================
[2025-07-01T02:56:51.779+0000] {manager.py:997} INFO - 
================================================================================
DAG File Processing Stats

File Path                                  PID    Runtime      # DAGs    # Errors  Last Runtime    Last Run               Last # of DB Queries
-----------------------------------------  -----  ---------  --------  ----------  --------------  -------------------  ----------------------
/opt/airflow/dags/driven_data_pipeline.py                           0           1  0.15s           2025-07-01T02:56:43                       5
================================================================================
[2025-07-01T02:57:22.114+0000] {manager.py:997} INFO - 
================================================================================
DAG File Processing Stats

File Path                                  PID    Runtime      # DAGs    # Errors  Last Runtime    Last Run               Last # of DB Queries
-----------------------------------------  -----  ---------  --------  ----------  --------------  -------------------  ----------------------
/opt/airflow/dags/driven_data_pipeline.py                           0           1  0.11s           2025-07-01T02:57:14                       5
================================================================================
[2025-07-01T02:57:52.488+0000] {manager.py:997} INFO - 
================================================================================
DAG File Processing Stats

File Path                                  PID    Runtime      # DAGs    # Errors  Last Runtime    Last Run               Last # of DB Queries
-----------------------------------------  -----  ---------  --------  ----------  --------------  -------------------  ----------------------
/opt/airflow/dags/driven_data_pipeline.py                           0           1  0.11s           2025-07-01T02:57:44                       5
================================================================================
[2025-07-01T02:58:22.820+0000] {manager.py:997} INFO - 
================================================================================
DAG File Processing Stats

File Path                                  PID    Runtime      # DAGs    # Errors  Last Runtime    Last Run               Last # of DB Queries
-----------------------------------------  -----  ---------  --------  ----------  --------------  -------------------  ----------------------
/opt/airflow/dags/driven_data_pipeline.py                           0           1  0.16s           2025-07-01T02:58:14                       5
================================================================================
[2025-07-01T02:58:53.251+0000] {manager.py:997} INFO - 
================================================================================
DAG File Processing Stats

File Path                                  PID    Runtime      # DAGs    # Errors  Last Runtime    Last Run               Last # of DB Queries
-----------------------------------------  -----  ---------  --------  ----------  --------------  -------------------  ----------------------
/opt/airflow/dags/driven_data_pipeline.py                           0           1  0.10s           2025-07-01T02:58:45                       5
================================================================================
[2025-07-01T02:59:23.595+0000] {manager.py:997} INFO - 
================================================================================
DAG File Processing Stats

File Path                                  PID    Runtime      # DAGs    # Errors  Last Runtime    Last Run               Last # of DB Queries
-----------------------------------------  -----  ---------  --------  ----------  --------------  -------------------  ----------------------
/opt/airflow/dags/driven_data_pipeline.py                           0           1  0.10s           2025-07-01T02:59:15                       5
================================================================================
[2025-07-01T02:59:53.985+0000] {manager.py:997} INFO - 
================================================================================
DAG File Processing Stats

File Path                                  PID    Runtime      # DAGs    # Errors  Last Runtime    Last Run               Last # of DB Queries
-----------------------------------------  -----  ---------  --------  ----------  --------------  -------------------  ----------------------
/opt/airflow/dags/driven_data_pipeline.py                           0           1  0.17s           2025-07-01T02:59:45                       5
================================================================================
[2025-07-01T03:00:06.139+0000] {manager.py:821} INFO - Searching for files in /opt/airflow/dags
[2025-07-01T03:00:06.190+0000] {manager.py:824} INFO - There are 1 files in /opt/airflow/dags
[2025-07-01T03:00:24.457+0000] {manager.py:997} INFO - 
================================================================================
DAG File Processing Stats

File Path                                  PID    Runtime      # DAGs    # Errors  Last Runtime    Last Run               Last # of DB Queries
-----------------------------------------  -----  ---------  --------  ----------  --------------  -------------------  ----------------------
/opt/airflow/dags/driven_data_pipeline.py                           0           1  0.11s           2025-07-01T03:00:16                       5
================================================================================
[2025-07-01T03:00:54.793+0000] {manager.py:997} INFO - 
================================================================================
DAG File Processing Stats

File Path                                  PID    Runtime      # DAGs    # Errors  Last Runtime    Last Run               Last # of DB Queries
-----------------------------------------  -----  ---------  --------  ----------  --------------  -------------------  ----------------------
/opt/airflow/dags/driven_data_pipeline.py                           0           1  0.11s           2025-07-01T03:00:46                       5
================================================================================
[2025-07-01T03:01:25.163+0000] {manager.py:997} INFO - 
================================================================================
DAG File Processing Stats

File Path                                  PID    Runtime      # DAGs    # Errors  Last Runtime    Last Run               Last # of DB Queries
-----------------------------------------  -----  ---------  --------  ----------  --------------  -------------------  ----------------------
/opt/airflow/dags/driven_data_pipeline.py                           0           1  0.11s           2025-07-01T03:01:17                       5
================================================================================
[2025-07-01T03:01:55.542+0000] {manager.py:997} INFO - 
================================================================================
DAG File Processing Stats

File Path                                  PID    Runtime      # DAGs    # Errors  Last Runtime    Last Run               Last # of DB Queries
-----------------------------------------  -----  ---------  --------  ----------  --------------  -------------------  ----------------------
/opt/airflow/dags/driven_data_pipeline.py                           0           1  0.11s           2025-07-01T03:01:47                       5
================================================================================
[2025-07-01T03:02:25.896+0000] {manager.py:997} INFO - 
================================================================================
DAG File Processing Stats

File Path                                  PID    Runtime      # DAGs    # Errors  Last Runtime    Last Run               Last # of DB Queries
-----------------------------------------  -----  ---------  --------  ----------  --------------  -------------------  ----------------------
/opt/airflow/dags/driven_data_pipeline.py                           0           1  0.09s           2025-07-01T03:02:17                       5
================================================================================
[2025-07-01T03:02:56.229+0000] {manager.py:997} INFO - 
================================================================================
DAG File Processing Stats

File Path                                  PID    Runtime      # DAGs    # Errors  Last Runtime    Last Run               Last # of DB Queries
-----------------------------------------  -----  ---------  --------  ----------  --------------  -------------------  ----------------------
/opt/airflow/dags/driven_data_pipeline.py                           0           1  0.13s           2025-07-01T03:02:48                       5
================================================================================
[2025-07-01T03:03:26.642+0000] {manager.py:997} INFO - 
================================================================================
DAG File Processing Stats

File Path                                  PID    Runtime      # DAGs    # Errors  Last Runtime    Last Run               Last # of DB Queries
-----------------------------------------  -----  ---------  --------  ----------  --------------  -------------------  ----------------------
/opt/airflow/dags/driven_data_pipeline.py                           0           1  0.13s           2025-07-01T03:03:18                       5
================================================================================
[2025-07-01T03:03:57.064+0000] {manager.py:997} INFO - 
================================================================================
DAG File Processing Stats

File Path                                  PID    Runtime      # DAGs    # Errors  Last Runtime    Last Run               Last # of DB Queries
-----------------------------------------  -----  ---------  --------  ----------  --------------  -------------------  ----------------------
/opt/airflow/dags/driven_data_pipeline.py                           1           0  0.78s           2025-07-01T03:03:32                      45
================================================================================
[2025-07-01T03:04:27.560+0000] {manager.py:997} INFO - 
================================================================================
DAG File Processing Stats

File Path                                  PID    Runtime      # DAGs    # Errors  Last Runtime    Last Run               Last # of DB Queries
-----------------------------------------  -----  ---------  --------  ----------  --------------  -------------------  ----------------------
/opt/airflow/dags/driven_data_pipeline.py                           1           0  0.22s           2025-07-01T03:04:03                      12
================================================================================
[2025-07-01T03:04:57.885+0000] {manager.py:997} INFO - 
================================================================================
DAG File Processing Stats

File Path                                  PID    Runtime      # DAGs    # Errors  Last Runtime    Last Run               Last # of DB Queries
-----------------------------------------  -----  ---------  --------  ----------  --------------  -------------------  ----------------------
/opt/airflow/dags/driven_data_pipeline.py                           1           0  0.20s           2025-07-01T03:04:33                      12
================================================================================
[2025-07-01T03:05:06.148+0000] {manager.py:821} INFO - Searching for files in /opt/airflow/dags
[2025-07-01T03:05:06.190+0000] {manager.py:824} INFO - There are 1 files in /opt/airflow/dags
[2025-07-01T03:05:28.447+0000] {manager.py:997} INFO - 
================================================================================
DAG File Processing Stats

File Path                                  PID    Runtime      # DAGs    # Errors  Last Runtime    Last Run               Last # of DB Queries
-----------------------------------------  -----  ---------  --------  ----------  --------------  -------------------  ----------------------
/opt/airflow/dags/driven_data_pipeline.py                           1           0  0.27s           2025-07-01T03:05:04                      12
================================================================================
[2025-07-01T03:05:58.783+0000] {manager.py:997} INFO - 
================================================================================
DAG File Processing Stats

File Path                                  PID    Runtime      # DAGs    # Errors  Last Runtime    Last Run               Last # of DB Queries
-----------------------------------------  -----  ---------  --------  ----------  --------------  -------------------  ----------------------
/opt/airflow/dags/driven_data_pipeline.py                           1           0  0.21s           2025-07-01T03:05:34                      12
================================================================================
[2025-07-01T03:06:29.278+0000] {manager.py:997} INFO - 
================================================================================
DAG File Processing Stats

File Path                                  PID    Runtime      # DAGs    # Errors  Last Runtime    Last Run               Last # of DB Queries
-----------------------------------------  -----  ---------  --------  ----------  --------------  -------------------  ----------------------
/opt/airflow/dags/driven_data_pipeline.py                           1           0  0.22s           2025-07-01T03:06:05                      12
================================================================================
[2025-07-01T03:06:59.693+0000] {manager.py:997} INFO - 
================================================================================
DAG File Processing Stats

File Path                                  PID    Runtime      # DAGs    # Errors  Last Runtime    Last Run               Last # of DB Queries
-----------------------------------------  -----  ---------  --------  ----------  --------------  -------------------  ----------------------
/opt/airflow/dags/driven_data_pipeline.py                           1           0  0.16s           2025-07-01T03:06:35                      12
================================================================================
[2025-07-01T03:07:30.026+0000] {manager.py:997} INFO - 
================================================================================
DAG File Processing Stats

File Path                                  PID    Runtime      # DAGs    # Errors  Last Runtime    Last Run               Last # of DB Queries
-----------------------------------------  -----  ---------  --------  ----------  --------------  -------------------  ----------------------
/opt/airflow/dags/driven_data_pipeline.py                           1           0  0.20s           2025-07-01T03:07:05                      12
================================================================================
[2025-07-01T03:08:00.491+0000] {manager.py:997} INFO - 
================================================================================
DAG File Processing Stats

File Path                                  PID    Runtime      # DAGs    # Errors  Last Runtime    Last Run               Last # of DB Queries
-----------------------------------------  -----  ---------  --------  ----------  --------------  -------------------  ----------------------
/opt/airflow/dags/driven_data_pipeline.py                           1           0  0.23s           2025-07-01T03:07:36                      12
================================================================================
[2025-07-01T03:08:30.895+0000] {manager.py:997} INFO - 
================================================================================
DAG File Processing Stats

File Path                                  PID    Runtime      # DAGs    # Errors  Last Runtime    Last Run               Last # of DB Queries
-----------------------------------------  -----  ---------  --------  ----------  --------------  -------------------  ----------------------
/opt/airflow/dags/driven_data_pipeline.py                           1           0  0.19s           2025-07-01T03:08:06                      12
================================================================================
[2025-07-01T03:09:01.275+0000] {manager.py:997} INFO - 
================================================================================
DAG File Processing Stats

File Path                                  PID    Runtime      # DAGs    # Errors  Last Runtime    Last Run               Last # of DB Queries
-----------------------------------------  -----  ---------  --------  ----------  --------------  -------------------  ----------------------
/opt/airflow/dags/driven_data_pipeline.py                           1           0  0.21s           2025-07-01T03:08:37                      12
================================================================================
[2025-07-01T03:09:31.744+0000] {manager.py:997} INFO - 
================================================================================
DAG File Processing Stats

File Path                                  PID    Runtime      # DAGs    # Errors  Last Runtime    Last Run               Last # of DB Queries
-----------------------------------------  -----  ---------  --------  ----------  --------------  -------------------  ----------------------
/opt/airflow/dags/driven_data_pipeline.py                           1           0  0.28s           2025-07-01T03:09:07                      12
================================================================================
[2025-07-01T03:10:02.207+0000] {manager.py:997} INFO - 
================================================================================
DAG File Processing Stats

File Path                                  PID    Runtime      # DAGs    # Errors  Last Runtime    Last Run               Last # of DB Queries
-----------------------------------------  -----  ---------  --------  ----------  --------------  -------------------  ----------------------
/opt/airflow/dags/driven_data_pipeline.py                           1           0  0.22s           2025-07-01T03:09:38                      12
================================================================================
[2025-07-01T03:10:06.254+0000] {manager.py:821} INFO - Searching for files in /opt/airflow/dags
[2025-07-01T03:10:06.306+0000] {manager.py:824} INFO - There are 1 files in /opt/airflow/dags
[2025-07-01T03:10:32.639+0000] {manager.py:997} INFO - 
================================================================================
DAG File Processing Stats

File Path                                  PID    Runtime      # DAGs    # Errors  Last Runtime    Last Run               Last # of DB Queries
-----------------------------------------  -----  ---------  --------  ----------  --------------  -------------------  ----------------------
/opt/airflow/dags/driven_data_pipeline.py                           1           0  0.18s           2025-07-01T03:10:08                      12
================================================================================
[2025-07-01T03:11:03.098+0000] {manager.py:997} INFO - 
================================================================================
DAG File Processing Stats

File Path                                  PID    Runtime      # DAGs    # Errors  Last Runtime    Last Run               Last # of DB Queries
-----------------------------------------  -----  ---------  --------  ----------  --------------  -------------------  ----------------------
/opt/airflow/dags/driven_data_pipeline.py                           1           0  0.19s           2025-07-01T03:10:38                      12
================================================================================
[2025-07-01T03:11:33.498+0000] {manager.py:997} INFO - 
================================================================================
DAG File Processing Stats

File Path                                  PID    Runtime      # DAGs    # Errors  Last Runtime    Last Run               Last # of DB Queries
-----------------------------------------  -----  ---------  --------  ----------  --------------  -------------------  ----------------------
/opt/airflow/dags/driven_data_pipeline.py                           1           0  0.18s           2025-07-01T03:11:09                      12
================================================================================
[2025-07-01T03:12:03.928+0000] {manager.py:997} INFO - 
================================================================================
DAG File Processing Stats

File Path                                  PID    Runtime      # DAGs    # Errors  Last Runtime    Last Run               Last # of DB Queries
-----------------------------------------  -----  ---------  --------  ----------  --------------  -------------------  ----------------------
/opt/airflow/dags/driven_data_pipeline.py                           1           0  0.21s           2025-07-01T03:11:39                      12
================================================================================
[2025-07-01T03:12:34.428+0000] {manager.py:997} INFO - 
================================================================================
DAG File Processing Stats

File Path                                  PID    Runtime      # DAGs    # Errors  Last Runtime    Last Run               Last # of DB Queries
-----------------------------------------  -----  ---------  --------  ----------  --------------  -------------------  ----------------------
/opt/airflow/dags/driven_data_pipeline.py                           1           0  0.22s           2025-07-01T03:12:10                      12
================================================================================
[2025-07-01T03:13:04.800+0000] {manager.py:997} INFO - 
================================================================================
DAG File Processing Stats

File Path                                  PID    Runtime      # DAGs    # Errors  Last Runtime    Last Run               Last # of DB Queries
-----------------------------------------  -----  ---------  --------  ----------  --------------  -------------------  ----------------------
/opt/airflow/dags/driven_data_pipeline.py                           1           0  0.20s           2025-07-01T03:12:40                      12
================================================================================
[2025-07-01T03:13:35.259+0000] {manager.py:997} INFO - 
================================================================================
DAG File Processing Stats

File Path                                  PID    Runtime      # DAGs    # Errors  Last Runtime    Last Run               Last # of DB Queries
-----------------------------------------  -----  ---------  --------  ----------  --------------  -------------------  ----------------------
/opt/airflow/dags/driven_data_pipeline.py                           1           0  0.20s           2025-07-01T03:13:11                      12
================================================================================
[2025-07-01T03:14:05.647+0000] {manager.py:997} INFO - 
================================================================================
DAG File Processing Stats

File Path                                  PID    Runtime      # DAGs    # Errors  Last Runtime    Last Run               Last # of DB Queries
-----------------------------------------  -----  ---------  --------  ----------  --------------  -------------------  ----------------------
/opt/airflow/dags/driven_data_pipeline.py                           1           0  0.19s           2025-07-01T03:13:41                      12
================================================================================
[2025-07-01T03:14:36.112+0000] {manager.py:997} INFO - 
================================================================================
DAG File Processing Stats

File Path                                  PID    Runtime      # DAGs    # Errors  Last Runtime    Last Run               Last # of DB Queries
-----------------------------------------  -----  ---------  --------  ----------  --------------  -------------------  ----------------------
/opt/airflow/dags/driven_data_pipeline.py                           1           0  0.20s           2025-07-01T03:14:11                      12
================================================================================
[2025-07-01T03:15:06.427+0000] {manager.py:821} INFO - Searching for files in /opt/airflow/dags
[2025-07-01T03:15:06.467+0000] {manager.py:824} INFO - There are 1 files in /opt/airflow/dags
[2025-07-01T03:15:06.493+0000] {manager.py:997} INFO - 
================================================================================
DAG File Processing Stats

File Path                                  PID    Runtime      # DAGs    # Errors  Last Runtime    Last Run               Last # of DB Queries
-----------------------------------------  -----  ---------  --------  ----------  --------------  -------------------  ----------------------
/opt/airflow/dags/driven_data_pipeline.py                           1           0  0.20s           2025-07-01T03:14:42                      12
================================================================================
[2025-07-01T03:15:36.954+0000] {manager.py:997} INFO - 
================================================================================
DAG File Processing Stats

File Path                                  PID    Runtime      # DAGs    # Errors  Last Runtime    Last Run               Last # of DB Queries
-----------------------------------------  -----  ---------  --------  ----------  --------------  -------------------  ----------------------
/opt/airflow/dags/driven_data_pipeline.py                           1           0  0.20s           2025-07-01T03:15:12                      12
================================================================================
[2025-07-01T03:16:07.367+0000] {manager.py:997} INFO - 
================================================================================
DAG File Processing Stats

File Path                                  PID    Runtime      # DAGs    # Errors  Last Runtime    Last Run               Last # of DB Queries
-----------------------------------------  -----  ---------  --------  ----------  --------------  -------------------  ----------------------
/opt/airflow/dags/driven_data_pipeline.py                           1           0  0.27s           2025-07-01T03:15:43                      12
================================================================================
[2025-07-01T03:16:37.906+0000] {manager.py:997} INFO - 
================================================================================
DAG File Processing Stats

File Path                                  PID    Runtime      # DAGs    # Errors  Last Runtime    Last Run               Last # of DB Queries
-----------------------------------------  -----  ---------  --------  ----------  --------------  -------------------  ----------------------
/opt/airflow/dags/driven_data_pipeline.py                           1           0  0.19s           2025-07-01T03:16:13                      12
================================================================================
[2025-07-01T03:17:08.282+0000] {manager.py:997} INFO - 
================================================================================
DAG File Processing Stats

File Path                                  PID    Runtime      # DAGs    # Errors  Last Runtime    Last Run               Last # of DB Queries
-----------------------------------------  -----  ---------  --------  ----------  --------------  -------------------  ----------------------
/opt/airflow/dags/driven_data_pipeline.py                           1           0  0.25s           2025-07-01T03:16:44                      12
================================================================================
[2025-07-01T03:17:38.614+0000] {manager.py:997} INFO - 
================================================================================
DAG File Processing Stats

File Path                                  PID    Runtime      # DAGs    # Errors  Last Runtime    Last Run               Last # of DB Queries
-----------------------------------------  -----  ---------  --------  ----------  --------------  -------------------  ----------------------
/opt/airflow/dags/driven_data_pipeline.py                           1           0  0.18s           2025-07-01T03:17:14                      12
================================================================================
[2025-07-01T03:18:09.125+0000] {manager.py:997} INFO - 
================================================================================
DAG File Processing Stats

File Path                                  PID    Runtime      # DAGs    # Errors  Last Runtime    Last Run               Last # of DB Queries
-----------------------------------------  -----  ---------  --------  ----------  --------------  -------------------  ----------------------
/opt/airflow/dags/driven_data_pipeline.py                           1           0  0.20s           2025-07-01T03:17:44                      12
================================================================================
[2025-07-01T03:18:39.453+0000] {manager.py:997} INFO - 
================================================================================
DAG File Processing Stats

File Path                                  PID    Runtime      # DAGs    # Errors  Last Runtime    Last Run               Last # of DB Queries
-----------------------------------------  -----  ---------  --------  ----------  --------------  -------------------  ----------------------
/opt/airflow/dags/driven_data_pipeline.py                           1           0  0.23s           2025-07-01T03:18:15                      12
================================================================================
[2025-07-01T03:19:10.009+0000] {manager.py:997} INFO - 
================================================================================
DAG File Processing Stats

File Path                                  PID    Runtime      # DAGs    # Errors  Last Runtime    Last Run               Last # of DB Queries
-----------------------------------------  -----  ---------  --------  ----------  --------------  -------------------  ----------------------
/opt/airflow/dags/driven_data_pipeline.py                           1           0  0.23s           2025-07-01T03:18:45                      12
================================================================================
[2025-07-01T03:19:40.389+0000] {manager.py:997} INFO - 
================================================================================
DAG File Processing Stats

File Path                                  PID    Runtime      # DAGs    # Errors  Last Runtime    Last Run               Last # of DB Queries
-----------------------------------------  -----  ---------  --------  ----------  --------------  -------------------  ----------------------
/opt/airflow/dags/driven_data_pipeline.py                           1           0  0.17s           2025-07-01T03:19:16                      12
================================================================================
[2025-07-01T03:20:06.784+0000] {manager.py:821} INFO - Searching for files in /opt/airflow/dags
[2025-07-01T03:20:06.815+0000] {manager.py:824} INFO - There are 1 files in /opt/airflow/dags
[2025-07-01T03:20:10.882+0000] {manager.py:997} INFO - 
================================================================================
DAG File Processing Stats

File Path                                  PID    Runtime      # DAGs    # Errors  Last Runtime    Last Run               Last # of DB Queries
-----------------------------------------  -----  ---------  --------  ----------  --------------  -------------------  ----------------------
/opt/airflow/dags/driven_data_pipeline.py                           1           0  0.17s           2025-07-01T03:19:46                      12
================================================================================
[2025-07-01T03:20:41.254+0000] {manager.py:997} INFO - 
================================================================================
DAG File Processing Stats

File Path                                  PID    Runtime      # DAGs    # Errors  Last Runtime    Last Run               Last # of DB Queries
-----------------------------------------  -----  ---------  --------  ----------  --------------  -------------------  ----------------------
/opt/airflow/dags/driven_data_pipeline.py                           1           0  0.25s           2025-07-01T03:20:17                      12
================================================================================
[2025-07-01T03:21:11.812+0000] {manager.py:997} INFO - 
================================================================================
DAG File Processing Stats

File Path                                  PID    Runtime      # DAGs    # Errors  Last Runtime    Last Run               Last # of DB Queries
-----------------------------------------  -----  ---------  --------  ----------  --------------  -------------------  ----------------------
/opt/airflow/dags/driven_data_pipeline.py                           1           0  0.24s           2025-07-01T03:20:47                      12
================================================================================
[2025-07-01T03:21:42.212+0000] {manager.py:997} INFO - 
================================================================================
DAG File Processing Stats

File Path                                  PID    Runtime      # DAGs    # Errors  Last Runtime    Last Run               Last # of DB Queries
-----------------------------------------  -----  ---------  --------  ----------  --------------  -------------------  ----------------------
/opt/airflow/dags/driven_data_pipeline.py                           1           0  0.20s           2025-07-01T03:21:18                      12
================================================================================
[2025-07-01T03:22:12.636+0000] {manager.py:997} INFO - 
================================================================================
DAG File Processing Stats

File Path                                  PID    Runtime      # DAGs    # Errors  Last Runtime    Last Run               Last # of DB Queries
-----------------------------------------  -----  ---------  --------  ----------  --------------  -------------------  ----------------------
/opt/airflow/dags/driven_data_pipeline.py                           1           0  0.23s           2025-07-01T03:21:48                      12
================================================================================
[2025-07-01T03:22:43.097+0000] {manager.py:997} INFO - 
================================================================================
DAG File Processing Stats

File Path                                  PID    Runtime      # DAGs    # Errors  Last Runtime    Last Run               Last # of DB Queries
-----------------------------------------  -----  ---------  --------  ----------  --------------  -------------------  ----------------------
/opt/airflow/dags/driven_data_pipeline.py                           1           0  0.21s           2025-07-01T03:22:18                      12
================================================================================
[2025-07-01T03:23:13.444+0000] {manager.py:997} INFO - 
================================================================================
DAG File Processing Stats

File Path                                  PID    Runtime      # DAGs    # Errors  Last Runtime    Last Run               Last # of DB Queries
-----------------------------------------  -----  ---------  --------  ----------  --------------  -------------------  ----------------------
/opt/airflow/dags/driven_data_pipeline.py                           1           0  0.21s           2025-07-01T03:22:49                      12
================================================================================
[2025-07-01T03:23:43.958+0000] {manager.py:997} INFO - 
================================================================================
DAG File Processing Stats

File Path                                  PID    Runtime      # DAGs    # Errors  Last Runtime    Last Run               Last # of DB Queries
-----------------------------------------  -----  ---------  --------  ----------  --------------  -------------------  ----------------------
/opt/airflow/dags/driven_data_pipeline.py                           1           0  0.21s           2025-07-01T03:23:19                      12
================================================================================
[2025-07-01T03:24:14.288+0000] {manager.py:997} INFO - 
================================================================================
DAG File Processing Stats

File Path                                  PID    Runtime      # DAGs    # Errors  Last Runtime    Last Run               Last # of DB Queries
-----------------------------------------  -----  ---------  --------  ----------  --------------  -------------------  ----------------------
/opt/airflow/dags/driven_data_pipeline.py                           1           0  0.19s           2025-07-01T03:23:50                      12
================================================================================
[2025-07-01T03:24:44.624+0000] {manager.py:997} INFO - 
================================================================================
DAG File Processing Stats

File Path                                  PID    Runtime      # DAGs    # Errors  Last Runtime    Last Run               Last # of DB Queries
-----------------------------------------  -----  ---------  --------  ----------  --------------  -------------------  ----------------------
/opt/airflow/dags/driven_data_pipeline.py                           1           0  0.16s           2025-07-01T03:24:20                      12
================================================================================
[2025-07-01T03:25:06.980+0000] {manager.py:821} INFO - Searching for files in /opt/airflow/dags
[2025-07-01T03:25:07.020+0000] {manager.py:824} INFO - There are 1 files in /opt/airflow/dags
[2025-07-01T03:25:15.122+0000] {manager.py:997} INFO - 
================================================================================
DAG File Processing Stats

File Path                                  PID    Runtime      # DAGs    # Errors  Last Runtime    Last Run               Last # of DB Queries
-----------------------------------------  -----  ---------  --------  ----------  --------------  -------------------  ----------------------
/opt/airflow/dags/driven_data_pipeline.py                           1           0  0.24s           2025-07-01T03:24:50                      12
================================================================================
[2025-07-01T03:25:45.514+0000] {manager.py:997} INFO - 
================================================================================
DAG File Processing Stats

File Path                                  PID    Runtime      # DAGs    # Errors  Last Runtime    Last Run               Last # of DB Queries
-----------------------------------------  -----  ---------  --------  ----------  --------------  -------------------  ----------------------
/opt/airflow/dags/driven_data_pipeline.py                           1           0  0.28s           2025-07-01T03:25:21                      12
================================================================================
[2025-07-01T03:26:15.525+0000] {manager.py:997} INFO - 
================================================================================
DAG File Processing Stats

File Path                                  PID    Runtime      # DAGs    # Errors  Last Runtime    Last Run               Last # of DB Queries
-----------------------------------------  -----  ---------  --------  ----------  --------------  -------------------  ----------------------
/opt/airflow/dags/driven_data_pipeline.py                           1           0  0.69s           2025-07-01T03:25:52                      12
================================================================================
[2025-07-01T03:26:45.838+0000] {manager.py:997} INFO - 
================================================================================
DAG File Processing Stats

File Path                                  PID    Runtime      # DAGs    # Errors  Last Runtime    Last Run               Last # of DB Queries
-----------------------------------------  -----  ---------  --------  ----------  --------------  -------------------  ----------------------
/opt/airflow/dags/driven_data_pipeline.py                           1           0  0.20s           2025-07-01T03:26:22                      12
================================================================================
[2025-07-01T03:27:16.313+0000] {manager.py:997} INFO - 
================================================================================
DAG File Processing Stats

File Path                                  PID    Runtime      # DAGs    # Errors  Last Runtime    Last Run               Last # of DB Queries
-----------------------------------------  -----  ---------  --------  ----------  --------------  -------------------  ----------------------
/opt/airflow/dags/driven_data_pipeline.py                           1           0  0.23s           2025-07-01T03:26:53                      12
================================================================================
[2025-07-01T03:27:46.662+0000] {manager.py:997} INFO - 
================================================================================
DAG File Processing Stats

File Path                                  PID    Runtime      # DAGs    # Errors  Last Runtime    Last Run               Last # of DB Queries
-----------------------------------------  -----  ---------  --------  ----------  --------------  -------------------  ----------------------
/opt/airflow/dags/driven_data_pipeline.py                           1           0  0.22s           2025-07-01T03:27:23                      12
================================================================================
[2025-07-01T03:28:17.166+0000] {manager.py:997} INFO - 
================================================================================
DAG File Processing Stats

File Path                                  PID    Runtime      # DAGs    # Errors  Last Runtime    Last Run               Last # of DB Queries
-----------------------------------------  -----  ---------  --------  ----------  --------------  -------------------  ----------------------
/opt/airflow/dags/driven_data_pipeline.py                           1           0  0.20s           2025-07-01T03:27:53                      12
================================================================================
[2025-07-01T03:28:47.498+0000] {manager.py:997} INFO - 
================================================================================
DAG File Processing Stats

File Path                                  PID    Runtime      # DAGs    # Errors  Last Runtime    Last Run               Last # of DB Queries
-----------------------------------------  -----  ---------  --------  ----------  --------------  -------------------  ----------------------
/opt/airflow/dags/driven_data_pipeline.py                           1           0  0.18s           2025-07-01T03:28:24                      12
================================================================================
[2025-07-01T03:29:17.947+0000] {manager.py:997} INFO - 
================================================================================
DAG File Processing Stats

File Path                                  PID    Runtime      # DAGs    # Errors  Last Runtime    Last Run               Last # of DB Queries
-----------------------------------------  -----  ---------  --------  ----------  --------------  -------------------  ----------------------
/opt/airflow/dags/driven_data_pipeline.py                           1           0  0.18s           2025-07-01T03:28:54                      12
================================================================================
[2025-07-01T03:29:48.335+0000] {manager.py:997} INFO - 
================================================================================
DAG File Processing Stats

File Path                                  PID    Runtime      # DAGs    # Errors  Last Runtime    Last Run               Last # of DB Queries
-----------------------------------------  -----  ---------  --------  ----------  --------------  -------------------  ----------------------
/opt/airflow/dags/driven_data_pipeline.py                           1           0  0.22s           2025-07-01T03:29:25                      12
================================================================================
[2025-07-01T03:30:07.554+0000] {manager.py:821} INFO - Searching for files in /opt/airflow/dags
[2025-07-01T03:30:07.589+0000] {manager.py:824} INFO - There are 1 files in /opt/airflow/dags
[2025-07-01T03:30:18.737+0000] {manager.py:997} INFO - 
================================================================================
DAG File Processing Stats

File Path                                  PID    Runtime      # DAGs    # Errors  Last Runtime    Last Run               Last # of DB Queries
-----------------------------------------  -----  ---------  --------  ----------  --------------  -------------------  ----------------------
/opt/airflow/dags/driven_data_pipeline.py                           1           0  0.17s           2025-07-01T03:29:55                      12
================================================================================
[2025-07-01T03:30:49.193+0000] {manager.py:997} INFO - 
================================================================================
DAG File Processing Stats

File Path                                  PID    Runtime      # DAGs    # Errors  Last Runtime    Last Run               Last # of DB Queries
-----------------------------------------  -----  ---------  --------  ----------  --------------  -------------------  ----------------------
/opt/airflow/dags/driven_data_pipeline.py                           1           0  0.20s           2025-07-01T03:30:26                      12
================================================================================
[2025-07-01T03:31:19.637+0000] {manager.py:997} INFO - 
================================================================================
DAG File Processing Stats

File Path                                  PID    Runtime      # DAGs    # Errors  Last Runtime    Last Run               Last # of DB Queries
-----------------------------------------  -----  ---------  --------  ----------  --------------  -------------------  ----------------------
/opt/airflow/dags/driven_data_pipeline.py                           1           0  0.36s           2025-07-01T03:30:56                      12
================================================================================
[2025-07-01T03:31:50.170+0000] {manager.py:997} INFO - 
================================================================================
DAG File Processing Stats

File Path                                  PID    Runtime      # DAGs    # Errors  Last Runtime    Last Run               Last # of DB Queries
-----------------------------------------  -----  ---------  --------  ----------  --------------  -------------------  ----------------------
/opt/airflow/dags/driven_data_pipeline.py                           1           0  0.23s           2025-07-01T03:31:26                      12
================================================================================
[2025-07-01T03:32:20.508+0000] {manager.py:997} INFO - 
================================================================================
DAG File Processing Stats

File Path                                  PID    Runtime      # DAGs    # Errors  Last Runtime    Last Run               Last # of DB Queries
-----------------------------------------  -----  ---------  --------  ----------  --------------  -------------------  ----------------------
/opt/airflow/dags/driven_data_pipeline.py                           1           0  0.17s           2025-07-01T03:31:57                      12
================================================================================
[2025-07-01T03:32:51.012+0000] {manager.py:997} INFO - 
================================================================================
DAG File Processing Stats

File Path                                  PID    Runtime      # DAGs    # Errors  Last Runtime    Last Run               Last # of DB Queries
-----------------------------------------  -----  ---------  --------  ----------  --------------  -------------------  ----------------------
/opt/airflow/dags/driven_data_pipeline.py                           1           0  0.27s           2025-07-01T03:32:27                      12
================================================================================
[2025-07-01T03:33:21.475+0000] {manager.py:997} INFO - 
================================================================================
DAG File Processing Stats

File Path                                  PID    Runtime      # DAGs    # Errors  Last Runtime    Last Run               Last # of DB Queries
-----------------------------------------  -----  ---------  --------  ----------  --------------  -------------------  ----------------------
/opt/airflow/dags/driven_data_pipeline.py                           1           0  0.23s           2025-07-01T03:32:58                      12
================================================================================
[2025-07-01T03:33:51.882+0000] {manager.py:997} INFO - 
================================================================================
DAG File Processing Stats

File Path                                  PID    Runtime      # DAGs    # Errors  Last Runtime    Last Run               Last # of DB Queries
-----------------------------------------  -----  ---------  --------  ----------  --------------  -------------------  ----------------------
/opt/airflow/dags/driven_data_pipeline.py                           1           0  0.17s           2025-07-01T03:33:28                      12
================================================================================
[2025-07-01T03:34:22.329+0000] {manager.py:997} INFO - 
================================================================================
DAG File Processing Stats

File Path                                  PID    Runtime      # DAGs    # Errors  Last Runtime    Last Run               Last # of DB Queries
-----------------------------------------  -----  ---------  --------  ----------  --------------  -------------------  ----------------------
/opt/airflow/dags/driven_data_pipeline.py                           1           0  0.21s           2025-07-01T03:33:59                      12
================================================================================
[2025-07-01T03:34:52.746+0000] {manager.py:997} INFO - 
================================================================================
DAG File Processing Stats

File Path                                  PID    Runtime      # DAGs    # Errors  Last Runtime    Last Run               Last # of DB Queries
-----------------------------------------  -----  ---------  --------  ----------  --------------  -------------------  ----------------------
/opt/airflow/dags/driven_data_pipeline.py                           1           0  0.25s           2025-07-01T03:34:29                      12
================================================================================
[2025-07-01T03:35:08.082+0000] {manager.py:821} INFO - Searching for files in /opt/airflow/dags
[2025-07-01T03:35:08.141+0000] {manager.py:824} INFO - There are 1 files in /opt/airflow/dags
[2025-07-01T03:35:23.331+0000] {manager.py:997} INFO - 
================================================================================
DAG File Processing Stats

File Path                                  PID    Runtime      # DAGs    # Errors  Last Runtime    Last Run               Last # of DB Queries
-----------------------------------------  -----  ---------  --------  ----------  --------------  -------------------  ----------------------
/opt/airflow/dags/driven_data_pipeline.py                           1           0  0.20s           2025-07-01T03:35:00                      12
================================================================================
[2025-07-01T03:35:53.696+0000] {manager.py:997} INFO - 
================================================================================
DAG File Processing Stats

File Path                                  PID    Runtime      # DAGs    # Errors  Last Runtime    Last Run               Last # of DB Queries
-----------------------------------------  -----  ---------  --------  ----------  --------------  -------------------  ----------------------
/opt/airflow/dags/driven_data_pipeline.py                           1           0  0.17s           2025-07-01T03:35:30                      12
================================================================================
[2025-07-01T03:36:24.149+0000] {manager.py:997} INFO - 
================================================================================
DAG File Processing Stats

File Path                                  PID    Runtime      # DAGs    # Errors  Last Runtime    Last Run               Last # of DB Queries
-----------------------------------------  -----  ---------  --------  ----------  --------------  -------------------  ----------------------
/opt/airflow/dags/driven_data_pipeline.py                           1           0  0.18s           2025-07-01T03:36:00                      12
================================================================================
[2025-07-01T03:36:54.601+0000] {manager.py:997} INFO - 
================================================================================
DAG File Processing Stats

File Path                                  PID    Runtime      # DAGs    # Errors  Last Runtime    Last Run               Last # of DB Queries
-----------------------------------------  -----  ---------  --------  ----------  --------------  -------------------  ----------------------
/opt/airflow/dags/driven_data_pipeline.py                           1           0  0.20s           2025-07-01T03:36:31                      12
================================================================================
[2025-07-01T03:37:25.001+0000] {manager.py:997} INFO - 
================================================================================
DAG File Processing Stats

File Path                                  PID    Runtime      # DAGs    # Errors  Last Runtime    Last Run               Last # of DB Queries
-----------------------------------------  -----  ---------  --------  ----------  --------------  -------------------  ----------------------
/opt/airflow/dags/driven_data_pipeline.py                           1           0  0.45s           2025-07-01T03:37:02                      12
================================================================================
[2025-07-01T03:37:55.737+0000] {manager.py:997} INFO - 
================================================================================
DAG File Processing Stats

File Path                                  PID    Runtime      # DAGs    # Errors  Last Runtime    Last Run               Last # of DB Queries
-----------------------------------------  -----  ---------  --------  ----------  --------------  -------------------  ----------------------
/opt/airflow/dags/driven_data_pipeline.py                           1           0  0.20s           2025-07-01T03:37:32                      12
================================================================================
[2025-07-01T03:38:26.227+0000] {manager.py:997} INFO - 
================================================================================
DAG File Processing Stats

File Path                                  PID    Runtime      # DAGs    # Errors  Last Runtime    Last Run               Last # of DB Queries
-----------------------------------------  -----  ---------  --------  ----------  --------------  -------------------  ----------------------
/opt/airflow/dags/driven_data_pipeline.py                           1           0  0.26s           2025-07-01T03:38:03                      12
================================================================================
[2025-07-01T03:38:56.695+0000] {manager.py:997} INFO - 
================================================================================
DAG File Processing Stats

File Path                                  PID    Runtime      # DAGs    # Errors  Last Runtime    Last Run               Last # of DB Queries
-----------------------------------------  -----  ---------  --------  ----------  --------------  -------------------  ----------------------
/opt/airflow/dags/driven_data_pipeline.py                           1           0  0.44s           2025-07-01T03:38:33                      12
================================================================================
[2025-07-01T03:39:27.024+0000] {manager.py:997} INFO - 
================================================================================
DAG File Processing Stats

File Path                                  PID    Runtime      # DAGs    # Errors  Last Runtime    Last Run               Last # of DB Queries
-----------------------------------------  -----  ---------  --------  ----------  --------------  -------------------  ----------------------
/opt/airflow/dags/driven_data_pipeline.py                           1           0  0.22s           2025-07-01T03:39:03                      12
================================================================================
[2025-07-01T03:39:57.520+0000] {manager.py:997} INFO - 
================================================================================
DAG File Processing Stats

File Path                                  PID    Runtime      # DAGs    # Errors  Last Runtime    Last Run               Last # of DB Queries
-----------------------------------------  -----  ---------  --------  ----------  --------------  -------------------  ----------------------
/opt/airflow/dags/driven_data_pipeline.py                           1           0  0.24s           2025-07-01T03:39:34                      12
================================================================================
[2025-07-01T03:40:08.712+0000] {manager.py:821} INFO - Searching for files in /opt/airflow/dags
[2025-07-01T03:40:08.764+0000] {manager.py:824} INFO - There are 1 files in /opt/airflow/dags
[2025-07-01T03:40:27.993+0000] {manager.py:997} INFO - 
================================================================================
DAG File Processing Stats

File Path                                  PID    Runtime      # DAGs    # Errors  Last Runtime    Last Run               Last # of DB Queries
-----------------------------------------  -----  ---------  --------  ----------  --------------  -------------------  ----------------------
/opt/airflow/dags/driven_data_pipeline.py                           1           0  0.19s           2025-07-01T03:40:04                      12
================================================================================
[2025-07-01T03:40:58.364+0000] {manager.py:997} INFO - 
================================================================================
DAG File Processing Stats

File Path                                  PID    Runtime      # DAGs    # Errors  Last Runtime    Last Run               Last # of DB Queries
-----------------------------------------  -----  ---------  --------  ----------  --------------  -------------------  ----------------------
/opt/airflow/dags/driven_data_pipeline.py                           1           0  0.17s           2025-07-01T03:40:35                      12
================================================================================
[2025-07-01T03:41:28.815+0000] {manager.py:997} INFO - 
================================================================================
DAG File Processing Stats

File Path                                  PID    Runtime      # DAGs    # Errors  Last Runtime    Last Run               Last # of DB Queries
-----------------------------------------  -----  ---------  --------  ----------  --------------  -------------------  ----------------------
/opt/airflow/dags/driven_data_pipeline.py                           1           0  0.16s           2025-07-01T03:41:05                      12
================================================================================
[2025-07-01T03:41:59.159+0000] {manager.py:997} INFO - 
================================================================================
DAG File Processing Stats

File Path                                  PID    Runtime      # DAGs    # Errors  Last Runtime    Last Run               Last # of DB Queries
-----------------------------------------  -----  ---------  --------  ----------  --------------  -------------------  ----------------------
/opt/airflow/dags/driven_data_pipeline.py                           1           0  0.16s           2025-07-01T03:41:36                      12
================================================================================
[2025-07-01T03:42:29.608+0000] {manager.py:997} INFO - 
================================================================================
DAG File Processing Stats

File Path                                  PID    Runtime      # DAGs    # Errors  Last Runtime    Last Run               Last # of DB Queries
-----------------------------------------  -----  ---------  --------  ----------  --------------  -------------------  ----------------------
/opt/airflow/dags/driven_data_pipeline.py                           1           0  0.19s           2025-07-01T03:42:06                      12
================================================================================
[2025-07-01T03:43:00.011+0000] {manager.py:997} INFO - 
================================================================================
DAG File Processing Stats

File Path                                  PID    Runtime      # DAGs    # Errors  Last Runtime    Last Run               Last # of DB Queries
-----------------------------------------  -----  ---------  --------  ----------  --------------  -------------------  ----------------------
/opt/airflow/dags/driven_data_pipeline.py                           1           0  0.17s           2025-07-01T03:42:36                      12
================================================================================
[2025-07-01T03:43:30.390+0000] {manager.py:997} INFO - 
================================================================================
DAG File Processing Stats

File Path                                  PID    Runtime      # DAGs    # Errors  Last Runtime    Last Run               Last # of DB Queries
-----------------------------------------  -----  ---------  --------  ----------  --------------  -------------------  ----------------------
/opt/airflow/dags/driven_data_pipeline.py                           1           0  0.19s           2025-07-01T03:43:07                      12
================================================================================
[2025-07-01T03:44:00.793+0000] {manager.py:997} INFO - 
================================================================================
DAG File Processing Stats

File Path                                  PID    Runtime      # DAGs    # Errors  Last Runtime    Last Run               Last # of DB Queries
-----------------------------------------  -----  ---------  --------  ----------  --------------  -------------------  ----------------------
/opt/airflow/dags/driven_data_pipeline.py                           1           0  0.25s           2025-07-01T03:43:37                      12
================================================================================
[2025-07-01T03:44:31.268+0000] {manager.py:997} INFO - 
================================================================================
DAG File Processing Stats

File Path                                  PID    Runtime      # DAGs    # Errors  Last Runtime    Last Run               Last # of DB Queries
-----------------------------------------  -----  ---------  --------  ----------  --------------  -------------------  ----------------------
/opt/airflow/dags/driven_data_pipeline.py                           1           0  0.25s           2025-07-01T03:44:08                      12
================================================================================
[2025-07-01T03:45:01.619+0000] {manager.py:997} INFO - 
================================================================================
DAG File Processing Stats

File Path                                  PID    Runtime      # DAGs    # Errors  Last Runtime    Last Run               Last # of DB Queries
-----------------------------------------  -----  ---------  --------  ----------  --------------  -------------------  ----------------------
/opt/airflow/dags/driven_data_pipeline.py                           1           0  0.13s           2025-07-01T03:44:38                      12
================================================================================
[2025-07-01T03:45:08.737+0000] {manager.py:821} INFO - Searching for files in /opt/airflow/dags
[2025-07-01T03:45:08.769+0000] {manager.py:824} INFO - There are 1 files in /opt/airflow/dags
[2025-07-01T03:45:32.044+0000] {manager.py:997} INFO - 
================================================================================
DAG File Processing Stats

File Path                                  PID    Runtime      # DAGs    # Errors  Last Runtime    Last Run               Last # of DB Queries
-----------------------------------------  -----  ---------  --------  ----------  --------------  -------------------  ----------------------
/opt/airflow/dags/driven_data_pipeline.py                           1           0  0.17s           2025-07-01T03:45:08                      12
================================================================================
[2025-07-01T03:51:47.023+0000] {manager.py:821} INFO - Searching for files in /opt/airflow/dags
[2025-07-01T03:51:48.453+0000] {manager.py:824} INFO - There are 1 files in /opt/airflow/dags
[2025-07-01T03:52:03.864+0000] {manager.py:997} INFO - 
================================================================================
DAG File Processing Stats

File Path                                  PID    Runtime      # DAGs    # Errors  Last Runtime    Last Run               Last # of DB Queries
-----------------------------------------  -----  ---------  --------  ----------  --------------  -------------------  ----------------------
/opt/airflow/dags/driven_data_pipeline.py                           1           0  1.02s           2025-07-01T03:51:49                      12
================================================================================
[2025-07-01T03:52:34.232+0000] {manager.py:997} INFO - 
================================================================================
DAG File Processing Stats

File Path                                  PID    Runtime      # DAGs    # Errors  Last Runtime    Last Run               Last # of DB Queries
-----------------------------------------  -----  ---------  --------  ----------  --------------  -------------------  ----------------------
/opt/airflow/dags/driven_data_pipeline.py                           1           0  0.17s           2025-07-01T03:52:20                      12
================================================================================
[2025-07-01T03:53:04.675+0000] {manager.py:997} INFO - 
================================================================================
DAG File Processing Stats

File Path                                  PID    Runtime      # DAGs    # Errors  Last Runtime    Last Run               Last # of DB Queries
-----------------------------------------  -----  ---------  --------  ----------  --------------  -------------------  ----------------------
/opt/airflow/dags/driven_data_pipeline.py                           1           0  0.19s           2025-07-01T03:52:50                      12
================================================================================
[2025-07-01T03:53:35.066+0000] {manager.py:997} INFO - 
================================================================================
DAG File Processing Stats

File Path                                  PID    Runtime      # DAGs    # Errors  Last Runtime    Last Run               Last # of DB Queries
-----------------------------------------  -----  ---------  --------  ----------  --------------  -------------------  ----------------------
/opt/airflow/dags/driven_data_pipeline.py                           1           0  0.29s           2025-07-01T03:53:21                      12
================================================================================
[2025-07-01T03:54:05.415+0000] {manager.py:997} INFO - 
================================================================================
DAG File Processing Stats

File Path                                  PID    Runtime      # DAGs    # Errors  Last Runtime    Last Run               Last # of DB Queries
-----------------------------------------  -----  ---------  --------  ----------  --------------  -------------------  ----------------------
/opt/airflow/dags/driven_data_pipeline.py                           1           0  0.20s           2025-07-01T03:53:51                      12
================================================================================
[2025-07-01T03:54:35.793+0000] {manager.py:997} INFO - 
================================================================================
DAG File Processing Stats

File Path                                  PID    Runtime      # DAGs    # Errors  Last Runtime    Last Run               Last # of DB Queries
-----------------------------------------  -----  ---------  --------  ----------  --------------  -------------------  ----------------------
/opt/airflow/dags/driven_data_pipeline.py                           1           0  0.15s           2025-07-01T03:54:21                      12
================================================================================
[2025-07-01T08:16:07.882+0000] {manager.py:821} INFO - Searching for files in /opt/airflow/dags
[2025-07-01T08:16:10.516+0000] {manager.py:824} INFO - There are 1 files in /opt/airflow/dags
[2025-07-01T18:44:56.730+0000] {manager.py:821} INFO - Searching for files in /opt/airflow/dags
[2025-07-01T18:45:00.389+0000] {manager.py:824} INFO - There are 1 files in /opt/airflow/dags
[2025-07-01T18:45:06.758+0000] {manager.py:997} INFO - 
================================================================================
DAG File Processing Stats

File Path                                  PID    Runtime      # DAGs    # Errors  Last Runtime    Last Run               Last # of DB Queries
-----------------------------------------  -----  ---------  --------  ----------  --------------  -------------------  ----------------------
/opt/airflow/dags/driven_data_pipeline.py                           1           0  4.66s           2025-07-01T18:45:05                      12
================================================================================
[2025-07-01T18:45:37.167+0000] {manager.py:997} INFO - 
================================================================================
DAG File Processing Stats

File Path                                  PID    Runtime      # DAGs    # Errors  Last Runtime    Last Run               Last # of DB Queries
-----------------------------------------  -----  ---------  --------  ----------  --------------  -------------------  ----------------------
/opt/airflow/dags/driven_data_pipeline.py                           1           0  0.26s           2025-07-01T18:45:36                      12
================================================================================
[2025-07-01T19:44:03.017+0000] {manager.py:821} INFO - Searching for files in /opt/airflow/dags
[2025-07-01T19:44:03.147+0000] {manager.py:824} INFO - There are 1 files in /opt/airflow/dags
[2025-07-01T20:43:52.624+0000] {manager.py:821} INFO - Searching for files in /opt/airflow/dags
[2025-07-01T20:43:54.694+0000] {manager.py:824} INFO - There are 1 files in /opt/airflow/dags
[2025-07-01T20:43:57.006+0000] {manager.py:997} INFO - 
================================================================================
DAG File Processing Stats

File Path                                    PID  Runtime      # DAGs    # Errors  Last Runtime    Last Run               Last # of DB Queries
-----------------------------------------  -----  ---------  --------  ----------  --------------  -------------------  ----------------------
/opt/airflow/dags/driven_data_pipeline.py   2261  1.08s             1           0  1.00s           2025-07-01T19:44:04                      12
================================================================================
[2025-07-01T20:44:27.136+0000] {manager.py:997} INFO - 
================================================================================
DAG File Processing Stats

File Path                                  PID    Runtime      # DAGs    # Errors  Last Runtime    Last Run               Last # of DB Queries
-----------------------------------------  -----  ---------  --------  ----------  --------------  -------------------  ----------------------
/opt/airflow/dags/driven_data_pipeline.py                           1           0  3.45s           2025-07-01T20:43:58                      12
================================================================================
[2025-07-01T20:44:57.560+0000] {manager.py:997} INFO - 
================================================================================
DAG File Processing Stats

File Path                                  PID    Runtime      # DAGs    # Errors  Last Runtime    Last Run               Last # of DB Queries
-----------------------------------------  -----  ---------  --------  ----------  --------------  -------------------  ----------------------
/opt/airflow/dags/driven_data_pipeline.py                           1           0  0.18s           2025-07-01T20:44:29                      12
================================================================================
[2025-07-01T20:45:28.033+0000] {manager.py:997} INFO - 
================================================================================
DAG File Processing Stats

File Path                                  PID    Runtime      # DAGs    # Errors  Last Runtime    Last Run               Last # of DB Queries
-----------------------------------------  -----  ---------  --------  ----------  --------------  -------------------  ----------------------
/opt/airflow/dags/driven_data_pipeline.py                           1           0  0.51s           2025-07-01T20:45:00                      12
================================================================================
[2025-07-01T20:45:58.859+0000] {manager.py:997} INFO - 
================================================================================
DAG File Processing Stats

File Path                                  PID    Runtime      # DAGs    # Errors  Last Runtime    Last Run               Last # of DB Queries
-----------------------------------------  -----  ---------  --------  ----------  --------------  -------------------  ----------------------
/opt/airflow/dags/driven_data_pipeline.py                           1           0  0.22s           2025-07-01T20:45:30                      12
================================================================================
[2025-07-01T20:46:29.377+0000] {manager.py:997} INFO - 
================================================================================
DAG File Processing Stats

File Path                                  PID    Runtime      # DAGs    # Errors  Last Runtime    Last Run               Last # of DB Queries
-----------------------------------------  -----  ---------  --------  ----------  --------------  -------------------  ----------------------
/opt/airflow/dags/driven_data_pipeline.py                           1           0  0.24s           2025-07-01T20:46:01                      12
================================================================================
[2025-07-01T20:46:59.816+0000] {manager.py:997} INFO - 
================================================================================
DAG File Processing Stats

File Path                                  PID    Runtime      # DAGs    # Errors  Last Runtime    Last Run               Last # of DB Queries
-----------------------------------------  -----  ---------  --------  ----------  --------------  -------------------  ----------------------
/opt/airflow/dags/driven_data_pipeline.py                           1           0  0.21s           2025-07-01T20:46:31                      12
================================================================================
[2025-07-01T20:47:30.284+0000] {manager.py:997} INFO - 
================================================================================
DAG File Processing Stats

File Path                                  PID    Runtime      # DAGs    # Errors  Last Runtime    Last Run               Last # of DB Queries
-----------------------------------------  -----  ---------  --------  ----------  --------------  -------------------  ----------------------
/opt/airflow/dags/driven_data_pipeline.py                           1           0  0.21s           2025-07-01T20:47:02                      12
================================================================================
[2025-07-01T20:48:00.697+0000] {manager.py:997} INFO - 
================================================================================
DAG File Processing Stats

File Path                                  PID    Runtime      # DAGs    # Errors  Last Runtime    Last Run               Last # of DB Queries
-----------------------------------------  -----  ---------  --------  ----------  --------------  -------------------  ----------------------
/opt/airflow/dags/driven_data_pipeline.py                           1           0  0.18s           2025-07-01T20:47:32                      12
================================================================================
[2025-07-01T20:48:31.154+0000] {manager.py:997} INFO - 
================================================================================
DAG File Processing Stats

File Path                                  PID    Runtime      # DAGs    # Errors  Last Runtime    Last Run               Last # of DB Queries
-----------------------------------------  -----  ---------  --------  ----------  --------------  -------------------  ----------------------
/opt/airflow/dags/driven_data_pipeline.py                           1           0  0.22s           2025-07-01T20:48:02                      12
================================================================================
[2025-07-01T20:48:52.747+0000] {manager.py:821} INFO - Searching for files in /opt/airflow/dags
[2025-07-01T20:48:52.903+0000] {manager.py:824} INFO - There are 1 files in /opt/airflow/dags
[2025-07-01T20:49:01.554+0000] {manager.py:997} INFO - 
================================================================================
DAG File Processing Stats

File Path                                  PID    Runtime      # DAGs    # Errors  Last Runtime    Last Run               Last # of DB Queries
-----------------------------------------  -----  ---------  --------  ----------  --------------  -------------------  ----------------------
/opt/airflow/dags/driven_data_pipeline.py                           1           0  0.33s           2025-07-01T20:48:33                      12
================================================================================
[2025-07-01T20:49:31.899+0000] {manager.py:997} INFO - 
================================================================================
DAG File Processing Stats

File Path                                  PID    Runtime      # DAGs    # Errors  Last Runtime    Last Run               Last # of DB Queries
-----------------------------------------  -----  ---------  --------  ----------  --------------  -------------------  ----------------------
/opt/airflow/dags/driven_data_pipeline.py                           1           0  0.29s           2025-07-01T20:49:03                      12
================================================================================
[2025-07-01T20:50:02.239+0000] {manager.py:997} INFO - 
================================================================================
DAG File Processing Stats

File Path                                  PID    Runtime      # DAGs    # Errors  Last Runtime    Last Run               Last # of DB Queries
-----------------------------------------  -----  ---------  --------  ----------  --------------  -------------------  ----------------------
/opt/airflow/dags/driven_data_pipeline.py                           1           0  0.22s           2025-07-01T20:49:34                      12
================================================================================
[2025-07-01T20:50:32.710+0000] {manager.py:997} INFO - 
================================================================================
DAG File Processing Stats

File Path                                  PID    Runtime      # DAGs    # Errors  Last Runtime    Last Run               Last # of DB Queries
-----------------------------------------  -----  ---------  --------  ----------  --------------  -------------------  ----------------------
/opt/airflow/dags/driven_data_pipeline.py                           1           0  0.28s           2025-07-01T20:50:04                      12
================================================================================
[2025-07-01T20:51:03.124+0000] {manager.py:997} INFO - 
================================================================================
DAG File Processing Stats

File Path                                  PID    Runtime      # DAGs    # Errors  Last Runtime    Last Run               Last # of DB Queries
-----------------------------------------  -----  ---------  --------  ----------  --------------  -------------------  ----------------------
/opt/airflow/dags/driven_data_pipeline.py                           1           0  0.20s           2025-07-01T20:50:34                      12
================================================================================
[2025-07-01T20:51:33.556+0000] {manager.py:997} INFO - 
================================================================================
DAG File Processing Stats

File Path                                  PID    Runtime      # DAGs    # Errors  Last Runtime    Last Run               Last # of DB Queries
-----------------------------------------  -----  ---------  --------  ----------  --------------  -------------------  ----------------------
/opt/airflow/dags/driven_data_pipeline.py                           1           0  0.18s           2025-07-01T20:51:05                      12
================================================================================
[2025-07-01T20:52:03.970+0000] {manager.py:997} INFO - 
================================================================================
DAG File Processing Stats

File Path                                  PID    Runtime      # DAGs    # Errors  Last Runtime    Last Run               Last # of DB Queries
-----------------------------------------  -----  ---------  --------  ----------  --------------  -------------------  ----------------------
/opt/airflow/dags/driven_data_pipeline.py                           1           0  0.23s           2025-07-01T20:51:35                      12
================================================================================
[2025-07-01T21:02:11.667+0000] {manager.py:821} INFO - Searching for files in /opt/airflow/dags
[2025-07-01T21:02:11.718+0000] {manager.py:824} INFO - There are 1 files in /opt/airflow/dags
[2025-07-01T21:02:30.338+0000] {manager.py:997} INFO - 
================================================================================
DAG File Processing Stats

File Path                                  PID    Runtime      # DAGs    # Errors  Last Runtime    Last Run               Last # of DB Queries
-----------------------------------------  -----  ---------  --------  ----------  --------------  -------------------  ----------------------
/opt/airflow/dags/driven_data_pipeline.py                           1           0  0.34s           2025-07-01T21:02:12                      12
================================================================================
[2025-07-01T21:03:00.402+0000] {manager.py:997} INFO - 
================================================================================
DAG File Processing Stats

File Path                                  PID    Runtime      # DAGs    # Errors  Last Runtime    Last Run               Last # of DB Queries
-----------------------------------------  -----  ---------  --------  ----------  --------------  -------------------  ----------------------
/opt/airflow/dags/driven_data_pipeline.py                           1           0  0.19s           2025-07-01T21:02:42                      12
================================================================================
[2025-07-01T21:03:30.897+0000] {manager.py:997} INFO - 
================================================================================
DAG File Processing Stats

File Path                                  PID    Runtime      # DAGs    # Errors  Last Runtime    Last Run               Last # of DB Queries
-----------------------------------------  -----  ---------  --------  ----------  --------------  -------------------  ----------------------
/opt/airflow/dags/driven_data_pipeline.py                           1           0  0.26s           2025-07-01T21:03:12                      12
================================================================================
[2025-07-01T21:04:01.338+0000] {manager.py:997} INFO - 
================================================================================
DAG File Processing Stats

File Path                                  PID    Runtime      # DAGs    # Errors  Last Runtime    Last Run               Last # of DB Queries
-----------------------------------------  -----  ---------  --------  ----------  --------------  -------------------  ----------------------
/opt/airflow/dags/driven_data_pipeline.py                           1           0  0.21s           2025-07-01T21:03:43                      12
================================================================================
[2025-07-01T21:04:31.693+0000] {manager.py:997} INFO - 
================================================================================
DAG File Processing Stats

File Path                                  PID    Runtime      # DAGs    # Errors  Last Runtime    Last Run               Last # of DB Queries
-----------------------------------------  -----  ---------  --------  ----------  --------------  -------------------  ----------------------
/opt/airflow/dags/driven_data_pipeline.py                           1           0  0.19s           2025-07-01T21:04:13                      12
================================================================================
[2025-07-01T21:05:02.117+0000] {manager.py:997} INFO - 
================================================================================
DAG File Processing Stats

File Path                                  PID    Runtime      # DAGs    # Errors  Last Runtime    Last Run               Last # of DB Queries
-----------------------------------------  -----  ---------  --------  ----------  --------------  -------------------  ----------------------
/opt/airflow/dags/driven_data_pipeline.py                           1           0  0.20s           2025-07-01T21:04:44                      12
================================================================================
[2025-07-01T21:05:32.469+0000] {manager.py:997} INFO - 
================================================================================
DAG File Processing Stats

File Path                                  PID    Runtime      # DAGs    # Errors  Last Runtime    Last Run               Last # of DB Queries
-----------------------------------------  -----  ---------  --------  ----------  --------------  -------------------  ----------------------
/opt/airflow/dags/driven_data_pipeline.py                           1           0  0.20s           2025-07-01T21:05:14                      12
================================================================================
[2025-07-01T21:06:02.897+0000] {manager.py:997} INFO - 
================================================================================
DAG File Processing Stats

File Path                                  PID    Runtime      # DAGs    # Errors  Last Runtime    Last Run               Last # of DB Queries
-----------------------------------------  -----  ---------  --------  ----------  --------------  -------------------  ----------------------
/opt/airflow/dags/driven_data_pipeline.py                           1           0  0.15s           2025-07-01T21:05:44                      12
================================================================================
[2025-07-01T21:06:33.207+0000] {manager.py:997} INFO - 
================================================================================
DAG File Processing Stats

File Path                                  PID    Runtime      # DAGs    # Errors  Last Runtime    Last Run               Last # of DB Queries
-----------------------------------------  -----  ---------  --------  ----------  --------------  -------------------  ----------------------
/opt/airflow/dags/driven_data_pipeline.py                           1           0  0.14s           2025-07-01T21:06:15                      12
================================================================================
[2025-07-01T21:07:03.636+0000] {manager.py:997} INFO - 
================================================================================
DAG File Processing Stats

File Path                                    PID  Runtime      # DAGs    # Errors  Last Runtime    Last Run               Last # of DB Queries
-----------------------------------------  -----  ---------  --------  ----------  --------------  -------------------  ----------------------
/opt/airflow/dags/driven_data_pipeline.py   2446  0.01s             1           0  0.19s           2025-07-01T21:06:45                      12
================================================================================
[2025-07-01T21:07:11.759+0000] {manager.py:821} INFO - Searching for files in /opt/airflow/dags
[2025-07-01T21:07:11.799+0000] {manager.py:824} INFO - There are 1 files in /opt/airflow/dags
[2025-07-01T21:07:33.979+0000] {manager.py:997} INFO - 
================================================================================
DAG File Processing Stats

File Path                                  PID    Runtime      # DAGs    # Errors  Last Runtime    Last Run               Last # of DB Queries
-----------------------------------------  -----  ---------  --------  ----------  --------------  -------------------  ----------------------
/opt/airflow/dags/driven_data_pipeline.py                           1           0  0.93s           2025-07-01T21:07:04                      34
================================================================================
[2025-07-01T21:08:04.318+0000] {manager.py:997} INFO - 
================================================================================
DAG File Processing Stats

File Path                                  PID    Runtime      # DAGs    # Errors  Last Runtime    Last Run               Last # of DB Queries
-----------------------------------------  -----  ---------  --------  ----------  --------------  -------------------  ----------------------
/opt/airflow/dags/driven_data_pipeline.py                           1           0  0.19s           2025-07-01T21:07:35                      12
================================================================================
[2025-07-01T21:08:34.760+0000] {manager.py:997} INFO - 
================================================================================
DAG File Processing Stats

File Path                                  PID    Runtime      # DAGs    # Errors  Last Runtime    Last Run               Last # of DB Queries
-----------------------------------------  -----  ---------  --------  ----------  --------------  -------------------  ----------------------
/opt/airflow/dags/driven_data_pipeline.py                           1           0  0.17s           2025-07-01T21:08:05                      12
================================================================================
[2025-07-01T21:09:05.074+0000] {manager.py:997} INFO - 
================================================================================
DAG File Processing Stats

File Path                                  PID    Runtime      # DAGs    # Errors  Last Runtime    Last Run               Last # of DB Queries
-----------------------------------------  -----  ---------  --------  ----------  --------------  -------------------  ----------------------
/opt/airflow/dags/driven_data_pipeline.py                           1           0  0.14s           2025-07-01T21:08:35                      12
================================================================================
[2025-07-01T21:09:35.466+0000] {manager.py:997} INFO - 
================================================================================
DAG File Processing Stats

File Path                                  PID    Runtime      # DAGs    # Errors  Last Runtime    Last Run               Last # of DB Queries
-----------------------------------------  -----  ---------  --------  ----------  --------------  -------------------  ----------------------
/opt/airflow/dags/driven_data_pipeline.py                           1           0  0.17s           2025-07-01T21:09:06                      12
================================================================================
[2025-07-01T21:10:05.828+0000] {manager.py:997} INFO - 
================================================================================
DAG File Processing Stats

File Path                                  PID    Runtime      # DAGs    # Errors  Last Runtime    Last Run               Last # of DB Queries
-----------------------------------------  -----  ---------  --------  ----------  --------------  -------------------  ----------------------
/opt/airflow/dags/driven_data_pipeline.py                           1           0  0.17s           2025-07-01T21:09:36                      12
================================================================================
[2025-07-01T21:10:36.217+0000] {manager.py:997} INFO - 
================================================================================
DAG File Processing Stats

File Path                                  PID    Runtime      # DAGs    # Errors  Last Runtime    Last Run               Last # of DB Queries
-----------------------------------------  -----  ---------  --------  ----------  --------------  -------------------  ----------------------
/opt/airflow/dags/driven_data_pipeline.py                           1           0  0.16s           2025-07-01T21:10:07                      12
================================================================================
[2025-07-01T21:11:06.613+0000] {manager.py:997} INFO - 
================================================================================
DAG File Processing Stats

File Path                                  PID    Runtime      # DAGs    # Errors  Last Runtime    Last Run               Last # of DB Queries
-----------------------------------------  -----  ---------  --------  ----------  --------------  -------------------  ----------------------
/opt/airflow/dags/driven_data_pipeline.py                           1           0  0.25s           2025-07-01T21:10:37                      12
================================================================================
[2025-07-01T21:11:37.074+0000] {manager.py:997} INFO - 
================================================================================
DAG File Processing Stats

File Path                                  PID    Runtime      # DAGs    # Errors  Last Runtime    Last Run               Last # of DB Queries
-----------------------------------------  -----  ---------  --------  ----------  --------------  -------------------  ----------------------
/opt/airflow/dags/driven_data_pipeline.py                           1           0  0.19s           2025-07-01T21:11:07                      12
================================================================================
[2025-07-01T21:12:07.385+0000] {manager.py:997} INFO - 
================================================================================
DAG File Processing Stats

File Path                                  PID    Runtime      # DAGs    # Errors  Last Runtime    Last Run               Last # of DB Queries
-----------------------------------------  -----  ---------  --------  ----------  --------------  -------------------  ----------------------
/opt/airflow/dags/driven_data_pipeline.py                           1           0  0.17s           2025-07-01T21:11:38                      12
================================================================================
[2025-07-01T21:12:12.542+0000] {manager.py:821} INFO - Searching for files in /opt/airflow/dags
[2025-07-01T21:12:12.573+0000] {manager.py:824} INFO - There are 1 files in /opt/airflow/dags
[2025-07-01T21:12:37.850+0000] {manager.py:997} INFO - 
================================================================================
DAG File Processing Stats

File Path                                  PID    Runtime      # DAGs    # Errors  Last Runtime    Last Run               Last # of DB Queries
-----------------------------------------  -----  ---------  --------  ----------  --------------  -------------------  ----------------------
/opt/airflow/dags/driven_data_pipeline.py                           1           0  0.16s           2025-07-01T21:12:08                      12
================================================================================
[2025-07-01T21:13:08.176+0000] {manager.py:997} INFO - 
================================================================================
DAG File Processing Stats

File Path                                  PID    Runtime      # DAGs    # Errors  Last Runtime    Last Run               Last # of DB Queries
-----------------------------------------  -----  ---------  --------  ----------  --------------  -------------------  ----------------------
/opt/airflow/dags/driven_data_pipeline.py                           1           0  0.20s           2025-07-01T21:12:39                      12
================================================================================
[2025-07-01T21:13:38.638+0000] {manager.py:997} INFO - 
================================================================================
DAG File Processing Stats

File Path                                  PID    Runtime      # DAGs    # Errors  Last Runtime    Last Run               Last # of DB Queries
-----------------------------------------  -----  ---------  --------  ----------  --------------  -------------------  ----------------------
/opt/airflow/dags/driven_data_pipeline.py                           1           0  0.17s           2025-07-01T21:13:09                      12
================================================================================
[2025-07-01T21:14:08.978+0000] {manager.py:997} INFO - 
================================================================================
DAG File Processing Stats

File Path                                  PID    Runtime      # DAGs    # Errors  Last Runtime    Last Run               Last # of DB Queries
-----------------------------------------  -----  ---------  --------  ----------  --------------  -------------------  ----------------------
/opt/airflow/dags/driven_data_pipeline.py                           1           0  0.19s           2025-07-01T21:13:39                      12
================================================================================
[2025-07-01T21:14:39.415+0000] {manager.py:997} INFO - 
================================================================================
DAG File Processing Stats

File Path                                  PID    Runtime      # DAGs    # Errors  Last Runtime    Last Run               Last # of DB Queries
-----------------------------------------  -----  ---------  --------  ----------  --------------  -------------------  ----------------------
/opt/airflow/dags/driven_data_pipeline.py                           1           0  0.19s           2025-07-01T21:14:10                      12
================================================================================
[2025-07-01T21:15:09.730+0000] {manager.py:997} INFO - 
================================================================================
DAG File Processing Stats

File Path                                  PID    Runtime      # DAGs    # Errors  Last Runtime    Last Run               Last # of DB Queries
-----------------------------------------  -----  ---------  --------  ----------  --------------  -------------------  ----------------------
/opt/airflow/dags/driven_data_pipeline.py                           1           0  0.14s           2025-07-01T21:14:40                      12
================================================================================
[2025-07-01T21:15:40.184+0000] {manager.py:997} INFO - 
================================================================================
DAG File Processing Stats

File Path                                  PID    Runtime      # DAGs    # Errors  Last Runtime    Last Run               Last # of DB Queries
-----------------------------------------  -----  ---------  --------  ----------  --------------  -------------------  ----------------------
/opt/airflow/dags/driven_data_pipeline.py                           1           0  0.14s           2025-07-01T21:15:10                      12
================================================================================
[2025-07-01T21:16:10.504+0000] {manager.py:997} INFO - 
================================================================================
DAG File Processing Stats

File Path                                  PID    Runtime      # DAGs    # Errors  Last Runtime    Last Run               Last # of DB Queries
-----------------------------------------  -----  ---------  --------  ----------  --------------  -------------------  ----------------------
/opt/airflow/dags/driven_data_pipeline.py                           1           0  0.13s           2025-07-01T21:15:41                      12
================================================================================
[2025-07-01T21:16:40.857+0000] {manager.py:997} INFO - 
================================================================================
DAG File Processing Stats

File Path                                  PID    Runtime      # DAGs    # Errors  Last Runtime    Last Run               Last # of DB Queries
-----------------------------------------  -----  ---------  --------  ----------  --------------  -------------------  ----------------------
/opt/airflow/dags/driven_data_pipeline.py                           1           0  0.14s           2025-07-01T21:16:11                      12
================================================================================
[2025-07-01T21:17:11.218+0000] {manager.py:997} INFO - 
================================================================================
DAG File Processing Stats

File Path                                  PID    Runtime      # DAGs    # Errors  Last Runtime    Last Run               Last # of DB Queries
-----------------------------------------  -----  ---------  --------  ----------  --------------  -------------------  ----------------------
/opt/airflow/dags/driven_data_pipeline.py                           1           0  0.17s           2025-07-01T21:16:42                      12
================================================================================
[2025-07-01T21:17:13.321+0000] {manager.py:821} INFO - Searching for files in /opt/airflow/dags
[2025-07-01T21:17:13.353+0000] {manager.py:824} INFO - There are 1 files in /opt/airflow/dags
[2025-07-01T21:17:41.643+0000] {manager.py:997} INFO - 
================================================================================
DAG File Processing Stats

File Path                                  PID    Runtime      # DAGs    # Errors  Last Runtime    Last Run               Last # of DB Queries
-----------------------------------------  -----  ---------  --------  ----------  --------------  -------------------  ----------------------
/opt/airflow/dags/driven_data_pipeline.py                           1           0  0.20s           2025-07-01T21:17:12                      12
================================================================================
[2025-07-01T21:18:12.084+0000] {manager.py:997} INFO - 
================================================================================
DAG File Processing Stats

File Path                                  PID    Runtime      # DAGs    # Errors  Last Runtime    Last Run               Last # of DB Queries
-----------------------------------------  -----  ---------  --------  ----------  --------------  -------------------  ----------------------
/opt/airflow/dags/driven_data_pipeline.py                           1           0  0.25s           2025-07-01T21:17:42                      12
================================================================================
[2025-07-01T21:18:42.565+0000] {manager.py:997} INFO - 
================================================================================
DAG File Processing Stats

File Path                                  PID    Runtime      # DAGs    # Errors  Last Runtime    Last Run               Last # of DB Queries
-----------------------------------------  -----  ---------  --------  ----------  --------------  -------------------  ----------------------
/opt/airflow/dags/driven_data_pipeline.py                           1           0  0.22s           2025-07-01T21:18:13                      12
================================================================================
[2025-07-01T21:19:12.943+0000] {manager.py:997} INFO - 
================================================================================
DAG File Processing Stats

File Path                                  PID    Runtime      # DAGs    # Errors  Last Runtime    Last Run               Last # of DB Queries
-----------------------------------------  -----  ---------  --------  ----------  --------------  -------------------  ----------------------
/opt/airflow/dags/driven_data_pipeline.py                           1           0  0.17s           2025-07-01T21:18:43                      12
================================================================================
[2025-07-01T21:19:43.414+0000] {manager.py:997} INFO - 
================================================================================
DAG File Processing Stats

File Path                                  PID    Runtime      # DAGs    # Errors  Last Runtime    Last Run               Last # of DB Queries
-----------------------------------------  -----  ---------  --------  ----------  --------------  -------------------  ----------------------
/opt/airflow/dags/driven_data_pipeline.py                           1           0  0.18s           2025-07-01T21:19:14                      12
================================================================================
[2025-07-01T21:20:13.781+0000] {manager.py:997} INFO - 
================================================================================
DAG File Processing Stats

File Path                                  PID    Runtime      # DAGs    # Errors  Last Runtime    Last Run               Last # of DB Queries
-----------------------------------------  -----  ---------  --------  ----------  --------------  -------------------  ----------------------
/opt/airflow/dags/driven_data_pipeline.py                           1           0  0.20s           2025-07-01T21:19:44                      12
================================================================================
[2025-07-01T21:20:44.239+0000] {manager.py:997} INFO - 
================================================================================
DAG File Processing Stats

File Path                                  PID    Runtime      # DAGs    # Errors  Last Runtime    Last Run               Last # of DB Queries
-----------------------------------------  -----  ---------  --------  ----------  --------------  -------------------  ----------------------
/opt/airflow/dags/driven_data_pipeline.py                           1           0  0.21s           2025-07-01T21:20:15                      12
================================================================================
[2025-07-01T21:21:14.606+0000] {manager.py:997} INFO - 
================================================================================
DAG File Processing Stats

File Path                                  PID    Runtime      # DAGs    # Errors  Last Runtime    Last Run               Last # of DB Queries
-----------------------------------------  -----  ---------  --------  ----------  --------------  -------------------  ----------------------
/opt/airflow/dags/driven_data_pipeline.py                           1           0  0.22s           2025-07-01T21:20:45                      12
================================================================================
[2025-07-01T21:21:45.090+0000] {manager.py:997} INFO - 
================================================================================
DAG File Processing Stats

File Path                                  PID    Runtime      # DAGs    # Errors  Last Runtime    Last Run               Last # of DB Queries
-----------------------------------------  -----  ---------  --------  ----------  --------------  -------------------  ----------------------
/opt/airflow/dags/driven_data_pipeline.py                           1           0  0.17s           2025-07-01T21:21:15                      12
================================================================================
[2025-07-01T21:22:13.401+0000] {manager.py:821} INFO - Searching for files in /opt/airflow/dags
[2025-07-01T21:22:13.450+0000] {manager.py:824} INFO - There are 1 files in /opt/airflow/dags
[2025-07-01T21:22:15.497+0000] {manager.py:997} INFO - 
================================================================================
DAG File Processing Stats

File Path                                  PID    Runtime      # DAGs    # Errors  Last Runtime    Last Run               Last # of DB Queries
-----------------------------------------  -----  ---------  --------  ----------  --------------  -------------------  ----------------------
/opt/airflow/dags/driven_data_pipeline.py                           1           0  0.18s           2025-07-01T21:21:46                      12
================================================================================
[2025-07-01T21:22:45.948+0000] {manager.py:997} INFO - 
================================================================================
DAG File Processing Stats

File Path                                  PID    Runtime      # DAGs    # Errors  Last Runtime    Last Run               Last # of DB Queries
-----------------------------------------  -----  ---------  --------  ----------  --------------  -------------------  ----------------------
/opt/airflow/dags/driven_data_pipeline.py                           1           0  0.19s           2025-07-01T21:22:16                      12
================================================================================
[2025-07-01T21:23:16.547+0000] {manager.py:997} INFO - 
================================================================================
DAG File Processing Stats

File Path                                  PID    Runtime      # DAGs    # Errors  Last Runtime    Last Run               Last # of DB Queries
-----------------------------------------  -----  ---------  --------  ----------  --------------  -------------------  ----------------------
/opt/airflow/dags/driven_data_pipeline.py                           1           0  0.38s           2025-07-01T21:22:47                      12
================================================================================
[2025-07-01T21:23:47.326+0000] {manager.py:997} INFO - 
================================================================================
DAG File Processing Stats

File Path                                  PID    Runtime      # DAGs    # Errors  Last Runtime    Last Run               Last # of DB Queries
-----------------------------------------  -----  ---------  --------  ----------  --------------  -------------------  ----------------------
/opt/airflow/dags/driven_data_pipeline.py                           1           0  0.36s           2025-07-01T21:23:17                      12
================================================================================
[2025-07-01T21:24:18.037+0000] {manager.py:997} INFO - 
================================================================================
DAG File Processing Stats

File Path                                  PID    Runtime      # DAGs    # Errors  Last Runtime    Last Run               Last # of DB Queries
-----------------------------------------  -----  ---------  --------  ----------  --------------  -------------------  ----------------------
/opt/airflow/dags/driven_data_pipeline.py                           1           0  0.37s           2025-07-01T21:23:48                      12
================================================================================
[2025-07-01T21:24:48.889+0000] {manager.py:997} INFO - 
================================================================================
DAG File Processing Stats

File Path                                  PID    Runtime      # DAGs    # Errors  Last Runtime    Last Run               Last # of DB Queries
-----------------------------------------  -----  ---------  --------  ----------  --------------  -------------------  ----------------------
/opt/airflow/dags/driven_data_pipeline.py                           1           0  0.31s           2025-07-01T21:24:19                      12
================================================================================
[2025-07-01T21:25:19.593+0000] {manager.py:997} INFO - 
================================================================================
DAG File Processing Stats

File Path                                  PID    Runtime      # DAGs    # Errors  Last Runtime    Last Run               Last # of DB Queries
-----------------------------------------  -----  ---------  --------  ----------  --------------  -------------------  ----------------------
/opt/airflow/dags/driven_data_pipeline.py                           1           0  0.45s           2025-07-01T21:24:50                      12
================================================================================
[2025-07-01T21:25:49.756+0000] {manager.py:997} INFO - 
================================================================================
DAG File Processing Stats

File Path                                  PID    Runtime      # DAGs    # Errors  Last Runtime    Last Run               Last # of DB Queries
-----------------------------------------  -----  ---------  --------  ----------  --------------  -------------------  ----------------------
/opt/airflow/dags/driven_data_pipeline.py                           1           0  0.61s           2025-07-01T21:25:21                      12
================================================================================
[2025-07-01T21:26:20.286+0000] {manager.py:997} INFO - 
================================================================================
DAG File Processing Stats

File Path                                  PID    Runtime      # DAGs    # Errors  Last Runtime    Last Run               Last # of DB Queries
-----------------------------------------  -----  ---------  --------  ----------  --------------  -------------------  ----------------------
/opt/airflow/dags/driven_data_pipeline.py                           1           0  0.43s           2025-07-01T21:25:51                      12
================================================================================
[2025-07-01T21:26:50.915+0000] {manager.py:997} INFO - 
================================================================================
DAG File Processing Stats

File Path                                  PID    Runtime      # DAGs    # Errors  Last Runtime    Last Run               Last # of DB Queries
-----------------------------------------  -----  ---------  --------  ----------  --------------  -------------------  ----------------------
/opt/airflow/dags/driven_data_pipeline.py                           1           0  0.46s           2025-07-01T21:26:22                      12
================================================================================
[2025-07-01T21:27:13.733+0000] {manager.py:821} INFO - Searching for files in /opt/airflow/dags
[2025-07-01T21:27:13.853+0000] {manager.py:824} INFO - There are 1 files in /opt/airflow/dags
[2025-07-01T21:27:21.196+0000] {manager.py:997} INFO - 
================================================================================
DAG File Processing Stats

File Path                                  PID    Runtime      # DAGs    # Errors  Last Runtime    Last Run               Last # of DB Queries
-----------------------------------------  -----  ---------  --------  ----------  --------------  -------------------  ----------------------
/opt/airflow/dags/driven_data_pipeline.py                           1           0  0.55s           2025-07-01T21:26:53                      12
================================================================================
[2025-07-01T21:27:52.038+0000] {manager.py:997} INFO - 
================================================================================
DAG File Processing Stats

File Path                                  PID    Runtime      # DAGs    # Errors  Last Runtime    Last Run               Last # of DB Queries
-----------------------------------------  -----  ---------  --------  ----------  --------------  -------------------  ----------------------
/opt/airflow/dags/driven_data_pipeline.py                           1           0  0.95s           2025-07-01T21:27:25                      12
================================================================================
[2025-07-01T21:28:22.082+0000] {manager.py:997} INFO - 
================================================================================
DAG File Processing Stats

File Path                                  PID    Runtime      # DAGs    # Errors  Last Runtime    Last Run               Last # of DB Queries
-----------------------------------------  -----  ---------  --------  ----------  --------------  -------------------  ----------------------
/opt/airflow/dags/driven_data_pipeline.py                           1           0  0.37s           2025-07-01T21:27:56                      12
================================================================================
[2025-07-01T21:28:52.776+0000] {manager.py:997} INFO - 
================================================================================
DAG File Processing Stats

File Path                                  PID    Runtime      # DAGs    # Errors  Last Runtime    Last Run               Last # of DB Queries
-----------------------------------------  -----  ---------  --------  ----------  --------------  -------------------  ----------------------
/opt/airflow/dags/driven_data_pipeline.py                           1           0  0.40s           2025-07-01T21:28:27                      12
================================================================================
[2025-07-01T21:29:22.933+0000] {manager.py:997} INFO - 
================================================================================
DAG File Processing Stats

File Path                                  PID    Runtime      # DAGs    # Errors  Last Runtime    Last Run               Last # of DB Queries
-----------------------------------------  -----  ---------  --------  ----------  --------------  -------------------  ----------------------
/opt/airflow/dags/driven_data_pipeline.py                           1           0  0.58s           2025-07-01T21:28:58                      12
================================================================================
[2025-07-01T21:29:53.538+0000] {manager.py:997} INFO - 
================================================================================
DAG File Processing Stats

File Path                                  PID    Runtime      # DAGs    # Errors  Last Runtime    Last Run               Last # of DB Queries
-----------------------------------------  -----  ---------  --------  ----------  --------------  -------------------  ----------------------
/opt/airflow/dags/driven_data_pipeline.py                           1           0  0.45s           2025-07-01T21:29:29                      12
================================================================================
[2025-07-01T21:30:23.600+0000] {manager.py:997} INFO - 
================================================================================
DAG File Processing Stats

File Path                                  PID    Runtime      # DAGs    # Errors  Last Runtime    Last Run               Last # of DB Queries
-----------------------------------------  -----  ---------  --------  ----------  --------------  -------------------  ----------------------
/opt/airflow/dags/driven_data_pipeline.py                           1           0  0.44s           2025-07-01T21:30:00                      12
================================================================================
[2025-07-01T21:30:53.639+0000] {manager.py:997} INFO - 
================================================================================
DAG File Processing Stats

File Path                                  PID    Runtime      # DAGs    # Errors  Last Runtime    Last Run               Last # of DB Queries
-----------------------------------------  -----  ---------  --------  ----------  --------------  -------------------  ----------------------
/opt/airflow/dags/driven_data_pipeline.py                           1           0  0.65s           2025-07-01T21:30:31                      12
================================================================================
[2025-07-01T21:31:23.678+0000] {manager.py:997} INFO - 
================================================================================
DAG File Processing Stats

File Path                                  PID    Runtime      # DAGs    # Errors  Last Runtime    Last Run               Last # of DB Queries
-----------------------------------------  -----  ---------  --------  ----------  --------------  -------------------  ----------------------
/opt/airflow/dags/driven_data_pipeline.py                           1           0  0.63s           2025-07-01T21:31:02                      12
================================================================================
[2025-07-01T21:31:53.860+0000] {manager.py:997} INFO - 
================================================================================
DAG File Processing Stats

File Path                                  PID    Runtime      # DAGs    # Errors  Last Runtime    Last Run               Last # of DB Queries
-----------------------------------------  -----  ---------  --------  ----------  --------------  -------------------  ----------------------
/opt/airflow/dags/driven_data_pipeline.py                           1           0  0.44s           2025-07-01T21:31:33                      12
================================================================================
[2025-07-01T21:32:14.453+0000] {manager.py:821} INFO - Searching for files in /opt/airflow/dags
[2025-07-01T21:32:14.653+0000] {manager.py:824} INFO - There are 1 files in /opt/airflow/dags
[2025-07-01T21:32:24.144+0000] {manager.py:997} INFO - 
================================================================================
DAG File Processing Stats

File Path                                  PID    Runtime      # DAGs    # Errors  Last Runtime    Last Run               Last # of DB Queries
-----------------------------------------  -----  ---------  --------  ----------  --------------  -------------------  ----------------------
/opt/airflow/dags/driven_data_pipeline.py                           1           0  0.76s           2025-07-01T21:32:04                      12
================================================================================
[2025-07-01T21:32:54.517+0000] {manager.py:997} INFO - 
================================================================================
DAG File Processing Stats

File Path                                  PID    Runtime      # DAGs    # Errors  Last Runtime    Last Run               Last # of DB Queries
-----------------------------------------  -----  ---------  --------  ----------  --------------  -------------------  ----------------------
/opt/airflow/dags/driven_data_pipeline.py                           1           0  0.57s           2025-07-01T21:32:35                      12
================================================================================
[2025-07-01T21:33:25.036+0000] {manager.py:997} INFO - 
================================================================================
DAG File Processing Stats

File Path                                  PID    Runtime      # DAGs    # Errors  Last Runtime    Last Run               Last # of DB Queries
-----------------------------------------  -----  ---------  --------  ----------  --------------  -------------------  ----------------------
/opt/airflow/dags/driven_data_pipeline.py                           1           0  0.43s           2025-07-01T21:33:05                      12
================================================================================
[2025-07-01T21:33:55.594+0000] {manager.py:997} INFO - 
================================================================================
DAG File Processing Stats

File Path                                  PID    Runtime      # DAGs    # Errors  Last Runtime    Last Run               Last # of DB Queries
-----------------------------------------  -----  ---------  --------  ----------  --------------  -------------------  ----------------------
/opt/airflow/dags/driven_data_pipeline.py                           1           0  0.40s           2025-07-01T21:33:36                      12
================================================================================
[2025-07-01T21:34:25.870+0000] {manager.py:997} INFO - 
================================================================================
DAG File Processing Stats

File Path                                  PID    Runtime      # DAGs    # Errors  Last Runtime    Last Run               Last # of DB Queries
-----------------------------------------  -----  ---------  --------  ----------  --------------  -------------------  ----------------------
/opt/airflow/dags/driven_data_pipeline.py                           1           0  0.72s           2025-07-01T21:34:07                      12
================================================================================
[2025-07-01T21:34:56.078+0000] {manager.py:997} INFO - 
================================================================================
DAG File Processing Stats

File Path                                  PID    Runtime      # DAGs    # Errors  Last Runtime    Last Run               Last # of DB Queries
-----------------------------------------  -----  ---------  --------  ----------  --------------  -------------------  ----------------------
/opt/airflow/dags/driven_data_pipeline.py                           1           0  0.36s           2025-07-01T21:34:38                      12
================================================================================
[2025-07-01T21:35:26.983+0000] {manager.py:997} INFO - 
================================================================================
DAG File Processing Stats

File Path                                  PID    Runtime      # DAGs    # Errors  Last Runtime    Last Run               Last # of DB Queries
-----------------------------------------  -----  ---------  --------  ----------  --------------  -------------------  ----------------------
/opt/airflow/dags/driven_data_pipeline.py                           1           0  0.40s           2025-07-01T21:35:08                      12
================================================================================
[2025-07-01T21:35:57.136+0000] {manager.py:997} INFO - 
================================================================================
DAG File Processing Stats

File Path                                  PID    Runtime      # DAGs    # Errors  Last Runtime    Last Run               Last # of DB Queries
-----------------------------------------  -----  ---------  --------  ----------  --------------  -------------------  ----------------------
/opt/airflow/dags/driven_data_pipeline.py                           1           0  0.53s           2025-07-01T21:35:39                      12
================================================================================
[2025-07-01T21:36:27.416+0000] {manager.py:997} INFO - 
================================================================================
DAG File Processing Stats

File Path                                  PID    Runtime      # DAGs    # Errors  Last Runtime    Last Run               Last # of DB Queries
-----------------------------------------  -----  ---------  --------  ----------  --------------  -------------------  ----------------------
/opt/airflow/dags/driven_data_pipeline.py                           1           0  0.31s           2025-07-01T21:36:10                      12
================================================================================
[2025-07-01T21:36:57.950+0000] {manager.py:997} INFO - 
================================================================================
DAG File Processing Stats

File Path                                  PID    Runtime      # DAGs    # Errors  Last Runtime    Last Run               Last # of DB Queries
-----------------------------------------  -----  ---------  --------  ----------  --------------  -------------------  ----------------------
/opt/airflow/dags/driven_data_pipeline.py                           1           0  0.35s           2025-07-01T21:36:40                      12
================================================================================
[2025-07-01T21:37:14.624+0000] {manager.py:821} INFO - Searching for files in /opt/airflow/dags
[2025-07-01T21:37:14.709+0000] {manager.py:824} INFO - There are 1 files in /opt/airflow/dags
[2025-07-01T21:37:27.978+0000] {manager.py:997} INFO - 
================================================================================
DAG File Processing Stats

File Path                                  PID    Runtime      # DAGs    # Errors  Last Runtime    Last Run               Last # of DB Queries
-----------------------------------------  -----  ---------  --------  ----------  --------------  -------------------  ----------------------
/opt/airflow/dags/driven_data_pipeline.py                           1           0  0.36s           2025-07-01T21:37:11                      12
================================================================================
[2025-07-01T21:37:58.010+0000] {manager.py:997} INFO - 
================================================================================
DAG File Processing Stats

File Path                                  PID    Runtime      # DAGs    # Errors  Last Runtime    Last Run               Last # of DB Queries
-----------------------------------------  -----  ---------  --------  ----------  --------------  -------------------  ----------------------
/opt/airflow/dags/driven_data_pipeline.py                           1           0  0.34s           2025-07-01T21:37:42                      12
================================================================================
[2025-07-01T21:38:28.509+0000] {manager.py:997} INFO - 
================================================================================
DAG File Processing Stats

File Path                                  PID    Runtime      # DAGs    # Errors  Last Runtime    Last Run               Last # of DB Queries
-----------------------------------------  -----  ---------  --------  ----------  --------------  -------------------  ----------------------
/opt/airflow/dags/driven_data_pipeline.py                           1           0  0.17s           2025-07-01T21:38:12                      12
================================================================================
[2025-07-01T21:38:58.976+0000] {manager.py:997} INFO - 
================================================================================
DAG File Processing Stats

File Path                                  PID    Runtime      # DAGs    # Errors  Last Runtime    Last Run               Last # of DB Queries
-----------------------------------------  -----  ---------  --------  ----------  --------------  -------------------  ----------------------
/opt/airflow/dags/driven_data_pipeline.py                           1           0  0.27s           2025-07-01T21:38:42                      12
================================================================================
[2025-07-01T21:39:29.448+0000] {manager.py:997} INFO - 
================================================================================
DAG File Processing Stats

File Path                                  PID    Runtime      # DAGs    # Errors  Last Runtime    Last Run               Last # of DB Queries
-----------------------------------------  -----  ---------  --------  ----------  --------------  -------------------  ----------------------
/opt/airflow/dags/driven_data_pipeline.py                           1           0  0.19s           2025-07-01T21:39:13                      12
================================================================================
[2025-07-01T21:39:59.843+0000] {manager.py:997} INFO - 
================================================================================
DAG File Processing Stats

File Path                                  PID    Runtime      # DAGs    # Errors  Last Runtime    Last Run               Last # of DB Queries
-----------------------------------------  -----  ---------  --------  ----------  --------------  -------------------  ----------------------
/opt/airflow/dags/driven_data_pipeline.py                           1           0  0.18s           2025-07-01T21:39:43                      12
================================================================================
[2025-07-01T21:40:30.243+0000] {manager.py:997} INFO - 
================================================================================
DAG File Processing Stats

File Path                                  PID    Runtime      # DAGs    # Errors  Last Runtime    Last Run               Last # of DB Queries
-----------------------------------------  -----  ---------  --------  ----------  --------------  -------------------  ----------------------
/opt/airflow/dags/driven_data_pipeline.py                           1           0  0.21s           2025-07-01T21:40:14                      12
================================================================================
[2025-07-01T21:41:00.772+0000] {manager.py:997} INFO - 
================================================================================
DAG File Processing Stats

File Path                                  PID    Runtime      # DAGs    # Errors  Last Runtime    Last Run               Last # of DB Queries
-----------------------------------------  -----  ---------  --------  ----------  --------------  -------------------  ----------------------
/opt/airflow/dags/driven_data_pipeline.py                           1           0  0.19s           2025-07-01T21:40:44                      12
================================================================================
[2025-07-01T21:41:31.177+0000] {manager.py:997} INFO - 
================================================================================
DAG File Processing Stats

File Path                                  PID    Runtime      # DAGs    # Errors  Last Runtime    Last Run               Last # of DB Queries
-----------------------------------------  -----  ---------  --------  ----------  --------------  -------------------  ----------------------
/opt/airflow/dags/driven_data_pipeline.py                           1           0  0.21s           2025-07-01T21:41:15                      12
================================================================================
[2025-07-01T21:42:01.743+0000] {manager.py:997} INFO - 
================================================================================
DAG File Processing Stats

File Path                                  PID    Runtime      # DAGs    # Errors  Last Runtime    Last Run               Last # of DB Queries
-----------------------------------------  -----  ---------  --------  ----------  --------------  -------------------  ----------------------
/opt/airflow/dags/driven_data_pipeline.py                           1           0  0.18s           2025-07-01T21:41:45                      12
================================================================================
[2025-07-01T21:42:14.902+0000] {manager.py:821} INFO - Searching for files in /opt/airflow/dags
[2025-07-01T21:42:14.946+0000] {manager.py:824} INFO - There are 1 files in /opt/airflow/dags
[2025-07-01T21:42:32.210+0000] {manager.py:997} INFO - 
================================================================================
DAG File Processing Stats

File Path                                  PID    Runtime      # DAGs    # Errors  Last Runtime    Last Run               Last # of DB Queries
-----------------------------------------  -----  ---------  --------  ----------  --------------  -------------------  ----------------------
/opt/airflow/dags/driven_data_pipeline.py                           1           0  0.19s           2025-07-01T21:42:16                      12
================================================================================
[2025-07-01T21:43:02.735+0000] {manager.py:997} INFO - 
================================================================================
DAG File Processing Stats

File Path                                  PID    Runtime      # DAGs    # Errors  Last Runtime    Last Run               Last # of DB Queries
-----------------------------------------  -----  ---------  --------  ----------  --------------  -------------------  ----------------------
/opt/airflow/dags/driven_data_pipeline.py                           1           0  0.29s           2025-07-01T21:42:46                      12
================================================================================
[2025-07-01T21:43:33.111+0000] {manager.py:997} INFO - 
================================================================================
DAG File Processing Stats

File Path                                  PID    Runtime      # DAGs    # Errors  Last Runtime    Last Run               Last # of DB Queries
-----------------------------------------  -----  ---------  --------  ----------  --------------  -------------------  ----------------------
/opt/airflow/dags/driven_data_pipeline.py                           1           0  0.22s           2025-07-01T21:43:17                      12
================================================================================
[2025-07-01T21:44:03.576+0000] {manager.py:997} INFO - 
================================================================================
DAG File Processing Stats

File Path                                  PID    Runtime      # DAGs    # Errors  Last Runtime    Last Run               Last # of DB Queries
-----------------------------------------  -----  ---------  --------  ----------  --------------  -------------------  ----------------------
/opt/airflow/dags/driven_data_pipeline.py                           1           0  0.30s           2025-07-01T21:43:47                      12
================================================================================
[2025-07-01T21:44:34.092+0000] {manager.py:997} INFO - 
================================================================================
DAG File Processing Stats

File Path                                  PID    Runtime      # DAGs    # Errors  Last Runtime    Last Run               Last # of DB Queries
-----------------------------------------  -----  ---------  --------  ----------  --------------  -------------------  ----------------------
/opt/airflow/dags/driven_data_pipeline.py                           1           0  0.22s           2025-07-01T21:44:17                      12
================================================================================
[2025-07-01T21:45:04.466+0000] {manager.py:997} INFO - 
================================================================================
DAG File Processing Stats

File Path                                  PID    Runtime      # DAGs    # Errors  Last Runtime    Last Run               Last # of DB Queries
-----------------------------------------  -----  ---------  --------  ----------  --------------  -------------------  ----------------------
/opt/airflow/dags/driven_data_pipeline.py                           1           0  0.19s           2025-07-01T21:44:48                      12
================================================================================
[2025-07-01T21:45:34.952+0000] {manager.py:997} INFO - 
================================================================================
DAG File Processing Stats

File Path                                  PID    Runtime      # DAGs    # Errors  Last Runtime    Last Run               Last # of DB Queries
-----------------------------------------  -----  ---------  --------  ----------  --------------  -------------------  ----------------------
/opt/airflow/dags/driven_data_pipeline.py                           1           0  0.19s           2025-07-01T21:45:18                      12
================================================================================
[2025-07-01T21:46:05.373+0000] {manager.py:997} INFO - 
================================================================================
DAG File Processing Stats

File Path                                  PID    Runtime      # DAGs    # Errors  Last Runtime    Last Run               Last # of DB Queries
-----------------------------------------  -----  ---------  --------  ----------  --------------  -------------------  ----------------------
/opt/airflow/dags/driven_data_pipeline.py                           1           0  0.24s           2025-07-01T21:45:49                      12
================================================================================
[2025-07-01T21:46:35.815+0000] {manager.py:997} INFO - 
================================================================================
DAG File Processing Stats

File Path                                  PID    Runtime      # DAGs    # Errors  Last Runtime    Last Run               Last # of DB Queries
-----------------------------------------  -----  ---------  --------  ----------  --------------  -------------------  ----------------------
/opt/airflow/dags/driven_data_pipeline.py                           1           0  0.22s           2025-07-01T21:46:19                      12
================================================================================
[2025-07-01T21:47:06.164+0000] {manager.py:997} INFO - 
================================================================================
DAG File Processing Stats

File Path                                  PID    Runtime      # DAGs    # Errors  Last Runtime    Last Run               Last # of DB Queries
-----------------------------------------  -----  ---------  --------  ----------  --------------  -------------------  ----------------------
/opt/airflow/dags/driven_data_pipeline.py                           1           0  0.16s           2025-07-01T21:46:50                      12
================================================================================
[2025-07-01T21:47:15.244+0000] {manager.py:821} INFO - Searching for files in /opt/airflow/dags
[2025-07-01T21:47:15.303+0000] {manager.py:824} INFO - There are 1 files in /opt/airflow/dags
[2025-07-01T21:47:36.602+0000] {manager.py:997} INFO - 
================================================================================
DAG File Processing Stats

File Path                                  PID    Runtime      # DAGs    # Errors  Last Runtime    Last Run               Last # of DB Queries
-----------------------------------------  -----  ---------  --------  ----------  --------------  -------------------  ----------------------
/opt/airflow/dags/driven_data_pipeline.py                           1           0  0.17s           2025-07-01T21:47:20                      12
================================================================================
[2025-07-01T21:48:07.085+0000] {manager.py:997} INFO - 
================================================================================
DAG File Processing Stats

File Path                                  PID    Runtime      # DAGs    # Errors  Last Runtime    Last Run               Last # of DB Queries
-----------------------------------------  -----  ---------  --------  ----------  --------------  -------------------  ----------------------
/opt/airflow/dags/driven_data_pipeline.py                           1           0  0.29s           2025-07-01T21:47:51                      12
================================================================================
[2025-07-01T21:48:37.678+0000] {manager.py:997} INFO - 
================================================================================
DAG File Processing Stats

File Path                                  PID    Runtime      # DAGs    # Errors  Last Runtime    Last Run               Last # of DB Queries
-----------------------------------------  -----  ---------  --------  ----------  --------------  -------------------  ----------------------
/opt/airflow/dags/driven_data_pipeline.py                           1           0  0.23s           2025-07-01T21:48:21                      12
================================================================================
[2025-07-01T21:49:08.230+0000] {manager.py:997} INFO - 
================================================================================
DAG File Processing Stats

File Path                                  PID    Runtime      # DAGs    # Errors  Last Runtime    Last Run               Last # of DB Queries
-----------------------------------------  -----  ---------  --------  ----------  --------------  -------------------  ----------------------
/opt/airflow/dags/driven_data_pipeline.py                           1           0  0.36s           2025-07-01T21:48:52                      12
================================================================================
[2025-07-01T21:49:38.574+0000] {manager.py:997} INFO - 
================================================================================
DAG File Processing Stats

File Path                                  PID    Runtime      # DAGs    # Errors  Last Runtime    Last Run               Last # of DB Queries
-----------------------------------------  -----  ---------  --------  ----------  --------------  -------------------  ----------------------
/opt/airflow/dags/driven_data_pipeline.py                           1           0  0.18s           2025-07-01T21:49:22                      12
================================================================================
[2025-07-01T21:50:09.137+0000] {manager.py:997} INFO - 
================================================================================
DAG File Processing Stats

File Path                                  PID    Runtime      # DAGs    # Errors  Last Runtime    Last Run               Last # of DB Queries
-----------------------------------------  -----  ---------  --------  ----------  --------------  -------------------  ----------------------
/opt/airflow/dags/driven_data_pipeline.py                           1           0  0.17s           2025-07-01T21:49:52                      12
================================================================================
[2025-07-01T21:50:39.465+0000] {manager.py:997} INFO - 
================================================================================
DAG File Processing Stats

File Path                                  PID    Runtime      # DAGs    # Errors  Last Runtime    Last Run               Last # of DB Queries
-----------------------------------------  -----  ---------  --------  ----------  --------------  -------------------  ----------------------
/opt/airflow/dags/driven_data_pipeline.py                           1           0  0.16s           2025-07-01T21:50:23                      12
================================================================================
[2025-07-01T21:51:09.901+0000] {manager.py:997} INFO - 
================================================================================
DAG File Processing Stats

File Path                                  PID    Runtime      # DAGs    # Errors  Last Runtime    Last Run               Last # of DB Queries
-----------------------------------------  -----  ---------  --------  ----------  --------------  -------------------  ----------------------
/opt/airflow/dags/driven_data_pipeline.py                           1           0  0.16s           2025-07-01T21:50:53                      12
================================================================================
[2025-07-01T21:51:40.232+0000] {manager.py:997} INFO - 
================================================================================
DAG File Processing Stats

File Path                                  PID    Runtime      # DAGs    # Errors  Last Runtime    Last Run               Last # of DB Queries
-----------------------------------------  -----  ---------  --------  ----------  --------------  -------------------  ----------------------
/opt/airflow/dags/driven_data_pipeline.py                           1           0  0.22s           2025-07-01T21:51:24                      12
================================================================================
[2025-07-01T21:52:10.544+0000] {manager.py:997} INFO - 
================================================================================
DAG File Processing Stats

File Path                                  PID    Runtime      # DAGs    # Errors  Last Runtime    Last Run               Last # of DB Queries
-----------------------------------------  -----  ---------  --------  ----------  --------------  -------------------  ----------------------
/opt/airflow/dags/driven_data_pipeline.py                           1           0  0.17s           2025-07-01T21:51:54                      12
================================================================================
[2025-07-01T21:52:15.590+0000] {manager.py:821} INFO - Searching for files in /opt/airflow/dags
[2025-07-01T21:52:15.624+0000] {manager.py:824} INFO - There are 1 files in /opt/airflow/dags
[2025-07-01T21:52:40.981+0000] {manager.py:997} INFO - 
================================================================================
DAG File Processing Stats

File Path                                  PID    Runtime      # DAGs    # Errors  Last Runtime    Last Run               Last # of DB Queries
-----------------------------------------  -----  ---------  --------  ----------  --------------  -------------------  ----------------------
/opt/airflow/dags/driven_data_pipeline.py                           1           0  0.16s           2025-07-01T21:52:24                      12
================================================================================
[2025-07-01T21:53:11.397+0000] {manager.py:997} INFO - 
================================================================================
DAG File Processing Stats

File Path                                  PID    Runtime      # DAGs    # Errors  Last Runtime    Last Run               Last # of DB Queries
-----------------------------------------  -----  ---------  --------  ----------  --------------  -------------------  ----------------------
/opt/airflow/dags/driven_data_pipeline.py                           1           0  0.21s           2025-07-01T21:52:55                      12
================================================================================
[2025-07-01T21:53:41.914+0000] {manager.py:997} INFO - 
================================================================================
DAG File Processing Stats

File Path                                  PID    Runtime      # DAGs    # Errors  Last Runtime    Last Run               Last # of DB Queries
-----------------------------------------  -----  ---------  --------  ----------  --------------  -------------------  ----------------------
/opt/airflow/dags/driven_data_pipeline.py                           1           0  0.17s           2025-07-01T21:53:25                      12
================================================================================
[2025-07-01T21:54:12.557+0000] {manager.py:997} INFO - 
================================================================================
DAG File Processing Stats

File Path                                  PID    Runtime      # DAGs    # Errors  Last Runtime    Last Run               Last # of DB Queries
-----------------------------------------  -----  ---------  --------  ----------  --------------  -------------------  ----------------------
/opt/airflow/dags/driven_data_pipeline.py                           1           0  0.17s           2025-07-01T21:53:56                      12
================================================================================
[2025-07-01T21:54:43.068+0000] {manager.py:997} INFO - 
================================================================================
DAG File Processing Stats

File Path                                  PID    Runtime      # DAGs    # Errors  Last Runtime    Last Run               Last # of DB Queries
-----------------------------------------  -----  ---------  --------  ----------  --------------  -------------------  ----------------------
/opt/airflow/dags/driven_data_pipeline.py                           1           0  0.17s           2025-07-01T21:54:26                      12
================================================================================
[2025-07-01T21:55:13.442+0000] {manager.py:997} INFO - 
================================================================================
DAG File Processing Stats

File Path                                  PID    Runtime      # DAGs    # Errors  Last Runtime    Last Run               Last # of DB Queries
-----------------------------------------  -----  ---------  --------  ----------  --------------  -------------------  ----------------------
/opt/airflow/dags/driven_data_pipeline.py                           1           0  0.19s           2025-07-01T21:54:57                      12
================================================================================
[2025-07-01T21:55:43.999+0000] {manager.py:997} INFO - 
================================================================================
DAG File Processing Stats

File Path                                  PID    Runtime      # DAGs    # Errors  Last Runtime    Last Run               Last # of DB Queries
-----------------------------------------  -----  ---------  --------  ----------  --------------  -------------------  ----------------------
/opt/airflow/dags/driven_data_pipeline.py                           1           0  0.20s           2025-07-01T21:55:27                      12
================================================================================
[2025-07-01T21:56:14.471+0000] {manager.py:997} INFO - 
================================================================================
DAG File Processing Stats

File Path                                  PID    Runtime      # DAGs    # Errors  Last Runtime    Last Run               Last # of DB Queries
-----------------------------------------  -----  ---------  --------  ----------  --------------  -------------------  ----------------------
/opt/airflow/dags/driven_data_pipeline.py                           1           0  0.37s           2025-07-01T21:55:58                      12
================================================================================
[2025-07-01T21:56:44.814+0000] {manager.py:997} INFO - 
================================================================================
DAG File Processing Stats

File Path                                  PID    Runtime      # DAGs    # Errors  Last Runtime    Last Run               Last # of DB Queries
-----------------------------------------  -----  ---------  --------  ----------  --------------  -------------------  ----------------------
/opt/airflow/dags/driven_data_pipeline.py                           1           0  0.16s           2025-07-01T21:56:28                      12
================================================================================
[2025-07-01T21:57:15.274+0000] {manager.py:997} INFO - 
================================================================================
DAG File Processing Stats

File Path                                  PID    Runtime      # DAGs    # Errors  Last Runtime    Last Run               Last # of DB Queries
-----------------------------------------  -----  ---------  --------  ----------  --------------  -------------------  ----------------------
/opt/airflow/dags/driven_data_pipeline.py                           1           0  0.19s           2025-07-01T21:56:59                      12
================================================================================
[2025-07-01T21:57:16.283+0000] {manager.py:821} INFO - Searching for files in /opt/airflow/dags
[2025-07-01T21:57:16.320+0000] {manager.py:824} INFO - There are 1 files in /opt/airflow/dags
[2025-07-01T21:57:45.736+0000] {manager.py:997} INFO - 
================================================================================
DAG File Processing Stats

File Path                                  PID    Runtime      # DAGs    # Errors  Last Runtime    Last Run               Last # of DB Queries
-----------------------------------------  -----  ---------  --------  ----------  --------------  -------------------  ----------------------
/opt/airflow/dags/driven_data_pipeline.py                           1           0  0.18s           2025-07-01T21:57:29                      12
================================================================================
[2025-07-01T21:58:16.138+0000] {manager.py:997} INFO - 
================================================================================
DAG File Processing Stats

File Path                                  PID    Runtime      # DAGs    # Errors  Last Runtime    Last Run               Last # of DB Queries
-----------------------------------------  -----  ---------  --------  ----------  --------------  -------------------  ----------------------
/opt/airflow/dags/driven_data_pipeline.py                           1           0  0.21s           2025-07-01T21:58:00                      12
================================================================================
[2025-07-01T21:58:46.576+0000] {manager.py:997} INFO - 
================================================================================
DAG File Processing Stats

File Path                                  PID    Runtime      # DAGs    # Errors  Last Runtime    Last Run               Last # of DB Queries
-----------------------------------------  -----  ---------  --------  ----------  --------------  -------------------  ----------------------
/opt/airflow/dags/driven_data_pipeline.py                           1           0  0.17s           2025-07-01T21:58:30                      12
================================================================================
[2025-07-01T21:59:16.987+0000] {manager.py:997} INFO - 
================================================================================
DAG File Processing Stats

File Path                                  PID    Runtime      # DAGs    # Errors  Last Runtime    Last Run               Last # of DB Queries
-----------------------------------------  -----  ---------  --------  ----------  --------------  -------------------  ----------------------
/opt/airflow/dags/driven_data_pipeline.py                           1           0  0.20s           2025-07-01T21:59:00                      12
================================================================================
[2025-07-01T21:59:47.479+0000] {manager.py:997} INFO - 
================================================================================
DAG File Processing Stats

File Path                                  PID    Runtime      # DAGs    # Errors  Last Runtime    Last Run               Last # of DB Queries
-----------------------------------------  -----  ---------  --------  ----------  --------------  -------------------  ----------------------
/opt/airflow/dags/driven_data_pipeline.py                           1           0  0.28s           2025-07-01T21:59:31                      12
================================================================================
[2025-07-01T22:00:17.817+0000] {manager.py:997} INFO - 
================================================================================
DAG File Processing Stats

File Path                                  PID    Runtime      # DAGs    # Errors  Last Runtime    Last Run               Last # of DB Queries
-----------------------------------------  -----  ---------  --------  ----------  --------------  -------------------  ----------------------
/opt/airflow/dags/driven_data_pipeline.py                           1           0  0.20s           2025-07-01T22:00:01                      12
================================================================================
[2025-07-01T22:00:48.310+0000] {manager.py:997} INFO - 
================================================================================
DAG File Processing Stats

File Path                                  PID    Runtime      # DAGs    # Errors  Last Runtime    Last Run               Last # of DB Queries
-----------------------------------------  -----  ---------  --------  ----------  --------------  -------------------  ----------------------
/opt/airflow/dags/driven_data_pipeline.py                           1           0  0.19s           2025-07-01T22:00:32                      12
================================================================================
[2025-07-01T22:01:18.686+0000] {manager.py:997} INFO - 
================================================================================
DAG File Processing Stats

File Path                                  PID    Runtime      # DAGs    # Errors  Last Runtime    Last Run               Last # of DB Queries
-----------------------------------------  -----  ---------  --------  ----------  --------------  -------------------  ----------------------
/opt/airflow/dags/driven_data_pipeline.py                           1           0  0.24s           2025-07-01T22:01:02                      12
================================================================================
[2025-07-01T22:01:49.014+0000] {manager.py:997} INFO - 
================================================================================
DAG File Processing Stats

File Path                                  PID    Runtime      # DAGs    # Errors  Last Runtime    Last Run               Last # of DB Queries
-----------------------------------------  -----  ---------  --------  ----------  --------------  -------------------  ----------------------
/opt/airflow/dags/driven_data_pipeline.py                           1           0  0.19s           2025-07-01T22:01:33                      12
================================================================================
[2025-07-01T22:02:16.444+0000] {manager.py:821} INFO - Searching for files in /opt/airflow/dags
[2025-07-01T22:02:16.485+0000] {manager.py:824} INFO - There are 1 files in /opt/airflow/dags
[2025-07-01T22:02:19.534+0000] {manager.py:997} INFO - 
================================================================================
DAG File Processing Stats

File Path                                  PID    Runtime      # DAGs    # Errors  Last Runtime    Last Run               Last # of DB Queries
-----------------------------------------  -----  ---------  --------  ----------  --------------  -------------------  ----------------------
/opt/airflow/dags/driven_data_pipeline.py                           1           0  0.17s           2025-07-01T22:02:03                      12
================================================================================
[2025-07-01T22:02:49.907+0000] {manager.py:997} INFO - 
================================================================================
DAG File Processing Stats

File Path                                  PID    Runtime      # DAGs    # Errors  Last Runtime    Last Run               Last # of DB Queries
-----------------------------------------  -----  ---------  --------  ----------  --------------  -------------------  ----------------------
/opt/airflow/dags/driven_data_pipeline.py                           1           0  0.33s           2025-07-01T22:02:34                      12
================================================================================
[2025-07-01T22:03:20.249+0000] {manager.py:997} INFO - 
================================================================================
DAG File Processing Stats

File Path                                  PID    Runtime      # DAGs    # Errors  Last Runtime    Last Run               Last # of DB Queries
-----------------------------------------  -----  ---------  --------  ----------  --------------  -------------------  ----------------------
/opt/airflow/dags/driven_data_pipeline.py                           1           0  0.19s           2025-07-01T22:03:04                      12
================================================================================
[2025-07-01T22:03:50.691+0000] {manager.py:997} INFO - 
================================================================================
DAG File Processing Stats

File Path                                  PID    Runtime      # DAGs    # Errors  Last Runtime    Last Run               Last # of DB Queries
-----------------------------------------  -----  ---------  --------  ----------  --------------  -------------------  ----------------------
/opt/airflow/dags/driven_data_pipeline.py                           1           0  0.24s           2025-07-01T22:03:34                      12
================================================================================
[2025-07-01T22:04:21.155+0000] {manager.py:997} INFO - 
================================================================================
DAG File Processing Stats

File Path                                  PID    Runtime      # DAGs    # Errors  Last Runtime    Last Run               Last # of DB Queries
-----------------------------------------  -----  ---------  --------  ----------  --------------  -------------------  ----------------------
/opt/airflow/dags/driven_data_pipeline.py                           1           0  0.18s           2025-07-01T22:04:05                      12
================================================================================
[2025-07-01T22:04:51.516+0000] {manager.py:997} INFO - 
================================================================================
DAG File Processing Stats

File Path                                  PID    Runtime      # DAGs    # Errors  Last Runtime    Last Run               Last # of DB Queries
-----------------------------------------  -----  ---------  --------  ----------  --------------  -------------------  ----------------------
/opt/airflow/dags/driven_data_pipeline.py                           1           0  0.17s           2025-07-01T22:04:35                      12
================================================================================
[2025-07-01T22:05:21.949+0000] {manager.py:997} INFO - 
================================================================================
DAG File Processing Stats

File Path                                  PID    Runtime      # DAGs    # Errors  Last Runtime    Last Run               Last # of DB Queries
-----------------------------------------  -----  ---------  --------  ----------  --------------  -------------------  ----------------------
/opt/airflow/dags/driven_data_pipeline.py                           1           0  0.18s           2025-07-01T22:05:05                      12
================================================================================
[2025-07-01T22:05:52.371+0000] {manager.py:997} INFO - 
================================================================================
DAG File Processing Stats

File Path                                  PID    Runtime      # DAGs    # Errors  Last Runtime    Last Run               Last # of DB Queries
-----------------------------------------  -----  ---------  --------  ----------  --------------  -------------------  ----------------------
/opt/airflow/dags/driven_data_pipeline.py                           1           0  0.17s           2025-07-01T22:05:36                      12
================================================================================
[2025-07-01T22:06:22.758+0000] {manager.py:997} INFO - 
================================================================================
DAG File Processing Stats

File Path                                  PID    Runtime      # DAGs    # Errors  Last Runtime    Last Run               Last # of DB Queries
-----------------------------------------  -----  ---------  --------  ----------  --------------  -------------------  ----------------------
/opt/airflow/dags/driven_data_pipeline.py                           1           0  0.19s           2025-07-01T22:06:06                      12
================================================================================
[2025-07-01T22:06:53.227+0000] {manager.py:997} INFO - 
================================================================================
DAG File Processing Stats

File Path                                  PID    Runtime      # DAGs    # Errors  Last Runtime    Last Run               Last # of DB Queries
-----------------------------------------  -----  ---------  --------  ----------  --------------  -------------------  ----------------------
/opt/airflow/dags/driven_data_pipeline.py                           1           0  0.18s           2025-07-01T22:06:37                      12
================================================================================
[2025-07-01T22:07:16.519+0000] {manager.py:821} INFO - Searching for files in /opt/airflow/dags
[2025-07-01T22:07:16.556+0000] {manager.py:824} INFO - There are 1 files in /opt/airflow/dags
[2025-07-01T22:07:23.642+0000] {manager.py:997} INFO - 
================================================================================
DAG File Processing Stats

File Path                                  PID    Runtime      # DAGs    # Errors  Last Runtime    Last Run               Last # of DB Queries
-----------------------------------------  -----  ---------  --------  ----------  --------------  -------------------  ----------------------
/opt/airflow/dags/driven_data_pipeline.py                           1           0  0.17s           2025-07-01T22:07:07                      12
================================================================================
[2025-07-01T22:07:54.005+0000] {manager.py:997} INFO - 
================================================================================
DAG File Processing Stats

File Path                                  PID    Runtime      # DAGs    # Errors  Last Runtime    Last Run               Last # of DB Queries
-----------------------------------------  -----  ---------  --------  ----------  --------------  -------------------  ----------------------
/opt/airflow/dags/driven_data_pipeline.py                           1           0  0.19s           2025-07-01T22:07:37                      12
================================================================================
[2025-07-01T22:08:24.442+0000] {manager.py:997} INFO - 
================================================================================
DAG File Processing Stats

File Path                                  PID    Runtime      # DAGs    # Errors  Last Runtime    Last Run               Last # of DB Queries
-----------------------------------------  -----  ---------  --------  ----------  --------------  -------------------  ----------------------
/opt/airflow/dags/driven_data_pipeline.py                           1           0  0.19s           2025-07-01T22:08:08                      12
================================================================================
[2025-07-01T22:08:54.983+0000] {manager.py:997} INFO - 
================================================================================
DAG File Processing Stats

File Path                                  PID    Runtime      # DAGs    # Errors  Last Runtime    Last Run               Last # of DB Queries
-----------------------------------------  -----  ---------  --------  ----------  --------------  -------------------  ----------------------
/opt/airflow/dags/driven_data_pipeline.py                           1           0  0.30s           2025-07-01T22:08:39                      12
================================================================================
[2025-07-01T22:09:25.545+0000] {manager.py:997} INFO - 
================================================================================
DAG File Processing Stats

File Path                                  PID    Runtime      # DAGs    # Errors  Last Runtime    Last Run               Last # of DB Queries
-----------------------------------------  -----  ---------  --------  ----------  --------------  -------------------  ----------------------
/opt/airflow/dags/driven_data_pipeline.py                           1           0  0.22s           2025-07-01T22:09:09                      12
================================================================================
[2025-07-01T22:09:55.900+0000] {manager.py:997} INFO - 
================================================================================
DAG File Processing Stats

File Path                                  PID    Runtime      # DAGs    # Errors  Last Runtime    Last Run               Last # of DB Queries
-----------------------------------------  -----  ---------  --------  ----------  --------------  -------------------  ----------------------
/opt/airflow/dags/driven_data_pipeline.py                           1           0  0.23s           2025-07-01T22:09:39                      12
================================================================================
[2025-07-01T22:10:26.520+0000] {manager.py:997} INFO - 
================================================================================
DAG File Processing Stats

File Path                                  PID    Runtime      # DAGs    # Errors  Last Runtime    Last Run               Last # of DB Queries
-----------------------------------------  -----  ---------  --------  ----------  --------------  -------------------  ----------------------
/opt/airflow/dags/driven_data_pipeline.py                           1           0  0.18s           2025-07-01T22:10:10                      12
================================================================================
[2025-07-01T22:10:57.059+0000] {manager.py:997} INFO - 
================================================================================
DAG File Processing Stats

File Path                                  PID    Runtime      # DAGs    # Errors  Last Runtime    Last Run               Last # of DB Queries
-----------------------------------------  -----  ---------  --------  ----------  --------------  -------------------  ----------------------
/opt/airflow/dags/driven_data_pipeline.py                           1           0  0.40s           2025-07-01T22:10:41                      12
================================================================================
[2025-07-01T22:11:27.568+0000] {manager.py:997} INFO - 
================================================================================
DAG File Processing Stats

File Path                                  PID    Runtime      # DAGs    # Errors  Last Runtime    Last Run               Last # of DB Queries
-----------------------------------------  -----  ---------  --------  ----------  --------------  -------------------  ----------------------
/opt/airflow/dags/driven_data_pipeline.py                           1           0  0.25s           2025-07-01T22:11:11                      12
================================================================================
[2025-07-01T22:11:57.940+0000] {manager.py:997} INFO - 
================================================================================
DAG File Processing Stats

File Path                                  PID    Runtime      # DAGs    # Errors  Last Runtime    Last Run               Last # of DB Queries
-----------------------------------------  -----  ---------  --------  ----------  --------------  -------------------  ----------------------
/opt/airflow/dags/driven_data_pipeline.py                           1           0  0.19s           2025-07-01T22:11:41                      12
================================================================================
[2025-07-01T22:12:17.208+0000] {manager.py:821} INFO - Searching for files in /opt/airflow/dags
[2025-07-01T22:12:17.265+0000] {manager.py:824} INFO - There are 1 files in /opt/airflow/dags
[2025-07-01T22:12:28.419+0000] {manager.py:997} INFO - 
================================================================================
DAG File Processing Stats

File Path                                  PID    Runtime      # DAGs    # Errors  Last Runtime    Last Run               Last # of DB Queries
-----------------------------------------  -----  ---------  --------  ----------  --------------  -------------------  ----------------------
/opt/airflow/dags/driven_data_pipeline.py                           1           0  0.21s           2025-07-01T22:12:12                      12
================================================================================
[2025-07-01T22:12:58.838+0000] {manager.py:997} INFO - 
================================================================================
DAG File Processing Stats

File Path                                  PID    Runtime      # DAGs    # Errors  Last Runtime    Last Run               Last # of DB Queries
-----------------------------------------  -----  ---------  --------  ----------  --------------  -------------------  ----------------------
/opt/airflow/dags/driven_data_pipeline.py                           1           0  0.22s           2025-07-01T22:12:42                      12
================================================================================
[2025-07-01T22:13:29.260+0000] {manager.py:997} INFO - 
================================================================================
DAG File Processing Stats

File Path                                  PID    Runtime      # DAGs    # Errors  Last Runtime    Last Run               Last # of DB Queries
-----------------------------------------  -----  ---------  --------  ----------  --------------  -------------------  ----------------------
/opt/airflow/dags/driven_data_pipeline.py                           1           0  0.21s           2025-07-01T22:13:13                      12
================================================================================
[2025-07-01T22:13:59.681+0000] {manager.py:997} INFO - 
================================================================================
DAG File Processing Stats

File Path                                  PID    Runtime      # DAGs    # Errors  Last Runtime    Last Run               Last # of DB Queries
-----------------------------------------  -----  ---------  --------  ----------  --------------  -------------------  ----------------------
/opt/airflow/dags/driven_data_pipeline.py                           1           0  0.18s           2025-07-01T22:13:43                      12
================================================================================
[2025-07-01T22:14:01.805+0000] {manager.py:465} INFO - Exiting gracefully upon receiving signal 15
[2025-07-01T22:17:44.958+0000] {manager.py:483} INFO - Processing files using up to 2 processes at a time 
[2025-07-01T22:17:44.968+0000] {manager.py:484} INFO - Process each file at most once every 30 seconds
[2025-07-01T22:17:44.970+0000] {manager.py:485} INFO - Checking for new files in /opt/airflow/dags every 300 seconds
[2025-07-01T22:17:44.971+0000] {manager.py:821} INFO - Searching for files in /opt/airflow/dags
[2025-07-01T22:17:45.073+0000] {manager.py:824} INFO - There are 1 files in /opt/airflow/dags
[2025-07-01T22:17:45.536+0000] {manager.py:997} INFO - 
================================================================================
DAG File Processing Stats

File Path                                    PID  Runtime      # DAGs    # Errors  Last Runtime    Last Run      Last # of DB Queries
-----------------------------------------  -----  ---------  --------  ----------  --------------  ----------  ----------------------
/opt/airflow/dags/driven_data_pipeline.py     70  0.07s             0           0                                                   0
================================================================================
[2025-07-01T22:18:15.932+0000] {manager.py:997} INFO - 
================================================================================
DAG File Processing Stats

File Path                                  PID    Runtime      # DAGs    # Errors  Last Runtime    Last Run               Last # of DB Queries
-----------------------------------------  -----  ---------  --------  ----------  --------------  -------------------  ----------------------
/opt/airflow/dags/driven_data_pipeline.py                           1           0  1.57s           2025-07-01T22:17:47                      45
================================================================================
[2025-07-01T22:18:46.740+0000] {manager.py:997} INFO - 
================================================================================
DAG File Processing Stats

File Path                                  PID    Runtime      # DAGs    # Errors  Last Runtime    Last Run               Last # of DB Queries
-----------------------------------------  -----  ---------  --------  ----------  --------------  -------------------  ----------------------
/opt/airflow/dags/driven_data_pipeline.py                           1           0  0.21s           2025-07-01T22:18:17                      12
================================================================================
[2025-07-01T22:19:17.253+0000] {manager.py:997} INFO - 
================================================================================
DAG File Processing Stats

File Path                                  PID    Runtime      # DAGs    # Errors  Last Runtime    Last Run               Last # of DB Queries
-----------------------------------------  -----  ---------  --------  ----------  --------------  -------------------  ----------------------
/opt/airflow/dags/driven_data_pipeline.py                           1           0  0.33s           2025-07-01T22:18:48                      12
================================================================================
[2025-07-01T22:19:47.784+0000] {manager.py:997} INFO - 
================================================================================
DAG File Processing Stats

File Path                                  PID    Runtime      # DAGs    # Errors  Last Runtime    Last Run               Last # of DB Queries
-----------------------------------------  -----  ---------  --------  ----------  --------------  -------------------  ----------------------
/opt/airflow/dags/driven_data_pipeline.py                           1           0  1.04s           2025-07-01T22:19:19                      12
================================================================================
[2025-07-01T22:20:18.141+0000] {manager.py:997} INFO - 
================================================================================
DAG File Processing Stats

File Path                                  PID    Runtime      # DAGs    # Errors  Last Runtime    Last Run               Last # of DB Queries
-----------------------------------------  -----  ---------  --------  ----------  --------------  -------------------  ----------------------
/opt/airflow/dags/driven_data_pipeline.py                           1           0  0.30s           2025-07-01T22:19:50                      12
================================================================================
[2025-07-01T22:20:48.480+0000] {manager.py:997} INFO - 
================================================================================
DAG File Processing Stats

File Path                                  PID    Runtime      # DAGs    # Errors  Last Runtime    Last Run               Last # of DB Queries
-----------------------------------------  -----  ---------  --------  ----------  --------------  -------------------  ----------------------
/opt/airflow/dags/driven_data_pipeline.py                           1           0  0.18s           2025-07-01T22:20:20                      12
================================================================================
[2025-07-01T22:21:18.935+0000] {manager.py:997} INFO - 
================================================================================
DAG File Processing Stats

File Path                                  PID    Runtime      # DAGs    # Errors  Last Runtime    Last Run               Last # of DB Queries
-----------------------------------------  -----  ---------  --------  ----------  --------------  -------------------  ----------------------
/opt/airflow/dags/driven_data_pipeline.py                           1           0  0.17s           2025-07-01T22:20:50                      12
================================================================================
[2025-07-01T22:21:49.300+0000] {manager.py:997} INFO - 
================================================================================
DAG File Processing Stats

File Path                                  PID    Runtime      # DAGs    # Errors  Last Runtime    Last Run               Last # of DB Queries
-----------------------------------------  -----  ---------  --------  ----------  --------------  -------------------  ----------------------
/opt/airflow/dags/driven_data_pipeline.py                           1           0  0.23s           2025-07-01T22:21:21                      12
================================================================================
[2025-07-01T22:22:19.780+0000] {manager.py:997} INFO - 
================================================================================
DAG File Processing Stats

File Path                                  PID    Runtime      # DAGs    # Errors  Last Runtime    Last Run               Last # of DB Queries
-----------------------------------------  -----  ---------  --------  ----------  --------------  -------------------  ----------------------
/opt/airflow/dags/driven_data_pipeline.py                           1           0  0.36s           2025-07-01T22:21:51                      12
================================================================================
[2025-07-01T22:22:45.181+0000] {manager.py:821} INFO - Searching for files in /opt/airflow/dags
[2025-07-01T22:22:45.219+0000] {manager.py:824} INFO - There are 1 files in /opt/airflow/dags
[2025-07-01T22:22:50.280+0000] {manager.py:997} INFO - 
================================================================================
DAG File Processing Stats

File Path                                  PID    Runtime      # DAGs    # Errors  Last Runtime    Last Run               Last # of DB Queries
-----------------------------------------  -----  ---------  --------  ----------  --------------  -------------------  ----------------------
/opt/airflow/dags/driven_data_pipeline.py                           1           0  0.33s           2025-07-01T22:22:22                      12
================================================================================
[2025-07-01T22:23:20.739+0000] {manager.py:997} INFO - 
================================================================================
DAG File Processing Stats

File Path                                  PID    Runtime      # DAGs    # Errors  Last Runtime    Last Run               Last # of DB Queries
-----------------------------------------  -----  ---------  --------  ----------  --------------  -------------------  ----------------------
/opt/airflow/dags/driven_data_pipeline.py                           1           0  0.31s           2025-07-01T22:22:52                      12
================================================================================
[2025-07-01T22:23:51.192+0000] {manager.py:997} INFO - 
================================================================================
DAG File Processing Stats

File Path                                  PID    Runtime      # DAGs    # Errors  Last Runtime    Last Run               Last # of DB Queries
-----------------------------------------  -----  ---------  --------  ----------  --------------  -------------------  ----------------------
/opt/airflow/dags/driven_data_pipeline.py                           1           0  0.17s           2025-07-01T22:23:22                      12
================================================================================
[2025-07-01T22:24:21.541+0000] {manager.py:997} INFO - 
================================================================================
DAG File Processing Stats

File Path                                  PID    Runtime      # DAGs    # Errors  Last Runtime    Last Run               Last # of DB Queries
-----------------------------------------  -----  ---------  --------  ----------  --------------  -------------------  ----------------------
/opt/airflow/dags/driven_data_pipeline.py                           1           0  0.16s           2025-07-01T22:23:53                      12
================================================================================
[2025-07-01T22:24:51.927+0000] {manager.py:997} INFO - 
================================================================================
DAG File Processing Stats

File Path                                  PID    Runtime      # DAGs    # Errors  Last Runtime    Last Run               Last # of DB Queries
-----------------------------------------  -----  ---------  --------  ----------  --------------  -------------------  ----------------------
/opt/airflow/dags/driven_data_pipeline.py                           1           0  0.50s           2025-07-01T22:24:24                      12
================================================================================
[2025-07-01T22:25:21.959+0000] {manager.py:997} INFO - 
================================================================================
DAG File Processing Stats

File Path                                  PID    Runtime      # DAGs    # Errors  Last Runtime    Last Run               Last # of DB Queries
-----------------------------------------  -----  ---------  --------  ----------  --------------  -------------------  ----------------------
/opt/airflow/dags/driven_data_pipeline.py                           1           0  0.33s           2025-07-01T22:24:54                      12
================================================================================
[2025-07-01T22:25:52.273+0000] {manager.py:997} INFO - 
================================================================================
DAG File Processing Stats

File Path                                  PID    Runtime      # DAGs    # Errors  Last Runtime    Last Run               Last # of DB Queries
-----------------------------------------  -----  ---------  --------  ----------  --------------  -------------------  ----------------------
/opt/airflow/dags/driven_data_pipeline.py                           1           0  0.39s           2025-07-01T22:25:25                      12
================================================================================
[2025-07-01T22:26:22.957+0000] {manager.py:997} INFO - 
================================================================================
DAG File Processing Stats

File Path                                  PID    Runtime      # DAGs    # Errors  Last Runtime    Last Run               Last # of DB Queries
-----------------------------------------  -----  ---------  --------  ----------  --------------  -------------------  ----------------------
/opt/airflow/dags/driven_data_pipeline.py                           1           0  0.19s           2025-07-01T22:25:55                      12
================================================================================
[2025-07-01T22:26:53.391+0000] {manager.py:997} INFO - 
================================================================================
DAG File Processing Stats

File Path                                  PID    Runtime      # DAGs    # Errors  Last Runtime    Last Run               Last # of DB Queries
-----------------------------------------  -----  ---------  --------  ----------  --------------  -------------------  ----------------------
/opt/airflow/dags/driven_data_pipeline.py                           1           0  0.19s           2025-07-01T22:26:26                      12
================================================================================
[2025-07-01T22:27:23.731+0000] {manager.py:997} INFO - 
================================================================================
DAG File Processing Stats

File Path                                  PID    Runtime      # DAGs    # Errors  Last Runtime    Last Run               Last # of DB Queries
-----------------------------------------  -----  ---------  --------  ----------  --------------  -------------------  ----------------------
/opt/airflow/dags/driven_data_pipeline.py                           1           0  0.16s           2025-07-01T22:26:56                      12
================================================================================
[2025-07-01T22:27:45.247+0000] {manager.py:821} INFO - Searching for files in /opt/airflow/dags
[2025-07-01T22:27:45.285+0000] {manager.py:824} INFO - There are 1 files in /opt/airflow/dags
[2025-07-01T22:27:54.074+0000] {manager.py:997} INFO - 
================================================================================
DAG File Processing Stats

File Path                                  PID    Runtime      # DAGs    # Errors  Last Runtime    Last Run               Last # of DB Queries
-----------------------------------------  -----  ---------  --------  ----------  --------------  -------------------  ----------------------
/opt/airflow/dags/driven_data_pipeline.py                           1           0  0.32s           2025-07-01T22:27:27                      12
================================================================================
[2025-07-01T22:28:24.641+0000] {manager.py:997} INFO - 
================================================================================
DAG File Processing Stats

File Path                                  PID    Runtime      # DAGs    # Errors  Last Runtime    Last Run               Last # of DB Queries
-----------------------------------------  -----  ---------  --------  ----------  --------------  -------------------  ----------------------
/opt/airflow/dags/driven_data_pipeline.py                           1           0  0.35s           2025-07-01T22:27:57                      12
================================================================================
[2025-07-01T22:28:55.010+0000] {manager.py:997} INFO - 
================================================================================
DAG File Processing Stats

File Path                                  PID    Runtime      # DAGs    # Errors  Last Runtime    Last Run               Last # of DB Queries
-----------------------------------------  -----  ---------  --------  ----------  --------------  -------------------  ----------------------
/opt/airflow/dags/driven_data_pipeline.py                           1           0  0.33s           2025-07-01T22:28:28                      12
================================================================================
[2025-07-01T22:29:25.293+0000] {manager.py:997} INFO - 
================================================================================
DAG File Processing Stats

File Path                                  PID    Runtime      # DAGs    # Errors  Last Runtime    Last Run               Last # of DB Queries
-----------------------------------------  -----  ---------  --------  ----------  --------------  -------------------  ----------------------
/opt/airflow/dags/driven_data_pipeline.py                           1           0  0.19s           2025-07-01T22:28:58                      12
================================================================================
[2025-07-01T22:29:55.720+0000] {manager.py:997} INFO - 
================================================================================
DAG File Processing Stats

File Path                                  PID    Runtime      # DAGs    # Errors  Last Runtime    Last Run               Last # of DB Queries
-----------------------------------------  -----  ---------  --------  ----------  --------------  -------------------  ----------------------
/opt/airflow/dags/driven_data_pipeline.py                           1           0  0.39s           2025-07-01T22:29:28                      12
================================================================================
[2025-07-01T22:30:26.322+0000] {manager.py:997} INFO - 
================================================================================
DAG File Processing Stats

File Path                                  PID    Runtime      # DAGs    # Errors  Last Runtime    Last Run               Last # of DB Queries
-----------------------------------------  -----  ---------  --------  ----------  --------------  -------------------  ----------------------
/opt/airflow/dags/driven_data_pipeline.py                           1           0  0.35s           2025-07-01T22:29:59                      12
================================================================================
[2025-07-01T22:30:44.180+0000] {manager.py:465} INFO - Exiting gracefully upon receiving signal 15
[2025-07-01T22:32:52.842+0000] {manager.py:483} INFO - Processing files using up to 2 processes at a time 
[2025-07-01T22:32:52.845+0000] {manager.py:484} INFO - Process each file at most once every 30 seconds
[2025-07-01T22:32:52.846+0000] {manager.py:485} INFO - Checking for new files in /opt/airflow/dags every 300 seconds
[2025-07-01T22:32:52.847+0000] {manager.py:821} INFO - Searching for files in /opt/airflow/dags
[2025-07-01T22:32:52.894+0000] {manager.py:824} INFO - There are 1 files in /opt/airflow/dags
[2025-07-01T22:32:53.201+0000] {manager.py:997} INFO - 
================================================================================
DAG File Processing Stats

File Path                                    PID  Runtime      # DAGs    # Errors  Last Runtime    Last Run      Last # of DB Queries
-----------------------------------------  -----  ---------  --------  ----------  --------------  ----------  ----------------------
/opt/airflow/dags/driven_data_pipeline.py     66  0.06s             0           0                                                   0
================================================================================
[2025-07-01T22:33:23.617+0000] {manager.py:997} INFO - 
================================================================================
DAG File Processing Stats

File Path                                  PID    Runtime      # DAGs    # Errors  Last Runtime    Last Run               Last # of DB Queries
-----------------------------------------  -----  ---------  --------  ----------  --------------  -------------------  ----------------------
/opt/airflow/dags/driven_data_pipeline.py                           1           0  1.06s           2025-07-01T22:32:54                      45
================================================================================
[2025-07-01T22:33:53.930+0000] {manager.py:997} INFO - 
================================================================================
DAG File Processing Stats

File Path                                  PID    Runtime      # DAGs    # Errors  Last Runtime    Last Run               Last # of DB Queries
-----------------------------------------  -----  ---------  --------  ----------  --------------  -------------------  ----------------------
/opt/airflow/dags/driven_data_pipeline.py                           1           0  0.17s           2025-07-01T22:33:24                      12
================================================================================
[2025-07-01T22:34:24.446+0000] {manager.py:997} INFO - 
================================================================================
DAG File Processing Stats

File Path                                  PID    Runtime      # DAGs    # Errors  Last Runtime    Last Run               Last # of DB Queries
-----------------------------------------  -----  ---------  --------  ----------  --------------  -------------------  ----------------------
/opt/airflow/dags/driven_data_pipeline.py                           1           0  0.23s           2025-07-01T22:33:55                      12
================================================================================
[2025-07-01T22:34:54.951+0000] {manager.py:997} INFO - 
================================================================================
DAG File Processing Stats

File Path                                  PID    Runtime      # DAGs    # Errors  Last Runtime    Last Run               Last # of DB Queries
-----------------------------------------  -----  ---------  --------  ----------  --------------  -------------------  ----------------------
/opt/airflow/dags/driven_data_pipeline.py                           1           0  0.22s           2025-07-01T22:34:25                      12
================================================================================
[2025-07-01T22:35:25.277+0000] {manager.py:997} INFO - 
================================================================================
DAG File Processing Stats

File Path                                  PID    Runtime      # DAGs    # Errors  Last Runtime    Last Run               Last # of DB Queries
-----------------------------------------  -----  ---------  --------  ----------  --------------  -------------------  ----------------------
/opt/airflow/dags/driven_data_pipeline.py                           1           0  0.26s           2025-07-01T22:34:56                      12
================================================================================
[2025-07-01T22:35:55.611+0000] {manager.py:997} INFO - 
================================================================================
DAG File Processing Stats

File Path                                  PID    Runtime      # DAGs    # Errors  Last Runtime    Last Run               Last # of DB Queries
-----------------------------------------  -----  ---------  --------  ----------  --------------  -------------------  ----------------------
/opt/airflow/dags/driven_data_pipeline.py                           1           0  0.19s           2025-07-01T22:35:26                      12
================================================================================
[2025-07-01T22:36:26.057+0000] {manager.py:997} INFO - 
================================================================================
DAG File Processing Stats

File Path                                  PID    Runtime      # DAGs    # Errors  Last Runtime    Last Run               Last # of DB Queries
-----------------------------------------  -----  ---------  --------  ----------  --------------  -------------------  ----------------------
/opt/airflow/dags/driven_data_pipeline.py                           1           0  0.46s           2025-07-01T22:36:11                      34
================================================================================
[2025-07-01T22:36:56.278+0000] {manager.py:997} INFO - 
================================================================================
DAG File Processing Stats

File Path                                  PID    Runtime      # DAGs    # Errors  Last Runtime    Last Run               Last # of DB Queries
-----------------------------------------  -----  ---------  --------  ----------  --------------  -------------------  ----------------------
/opt/airflow/dags/driven_data_pipeline.py                           1           0  0.39s           2025-07-01T22:36:42                      12
================================================================================
[2025-07-01T22:37:26.525+0000] {manager.py:997} INFO - 
================================================================================
DAG File Processing Stats

File Path                                  PID    Runtime      # DAGs    # Errors  Last Runtime    Last Run               Last # of DB Queries
-----------------------------------------  -----  ---------  --------  ----------  --------------  -------------------  ----------------------
/opt/airflow/dags/driven_data_pipeline.py                           1           0  0.86s           2025-07-01T22:37:13                      12
================================================================================
[2025-07-01T22:37:53.175+0000] {manager.py:821} INFO - Searching for files in /opt/airflow/dags
[2025-07-01T22:37:53.210+0000] {manager.py:824} INFO - There are 1 files in /opt/airflow/dags
[2025-07-01T22:37:56.820+0000] {manager.py:997} INFO - 
================================================================================
DAG File Processing Stats

File Path                                  PID    Runtime      # DAGs    # Errors  Last Runtime    Last Run               Last # of DB Queries
-----------------------------------------  -----  ---------  --------  ----------  --------------  -------------------  ----------------------
/opt/airflow/dags/driven_data_pipeline.py                           1           0  0.39s           2025-07-01T22:37:44                      12
================================================================================
[2025-07-01T22:38:27.595+0000] {manager.py:997} INFO - 
================================================================================
DAG File Processing Stats

File Path                                  PID    Runtime      # DAGs    # Errors  Last Runtime    Last Run               Last # of DB Queries
-----------------------------------------  -----  ---------  --------  ----------  --------------  -------------------  ----------------------
/opt/airflow/dags/driven_data_pipeline.py                           1           0  0.22s           2025-07-01T22:38:14                      12
================================================================================
[2025-07-01T22:38:54.920+0000] {manager.py:465} INFO - Exiting gracefully upon receiving signal 15
[2025-07-01T22:41:37.906+0000] {manager.py:483} INFO - Processing files using up to 2 processes at a time 
[2025-07-01T22:41:37.908+0000] {manager.py:484} INFO - Process each file at most once every 30 seconds
[2025-07-01T22:41:37.909+0000] {manager.py:485} INFO - Checking for new files in /opt/airflow/dags every 300 seconds
[2025-07-01T22:41:37.910+0000] {manager.py:821} INFO - Searching for files in /opt/airflow/dags
[2025-07-01T22:41:37.988+0000] {manager.py:824} INFO - There are 1 files in /opt/airflow/dags
[2025-07-01T22:41:38.323+0000] {manager.py:997} INFO - 
================================================================================
DAG File Processing Stats

File Path                                    PID  Runtime      # DAGs    # Errors  Last Runtime    Last Run      Last # of DB Queries
-----------------------------------------  -----  ---------  --------  ----------  --------------  ----------  ----------------------
/opt/airflow/dags/driven_data_pipeline.py     64  0.05s             0           0                                                   0
================================================================================
[2025-07-01T22:42:08.747+0000] {manager.py:997} INFO - 
================================================================================
DAG File Processing Stats

File Path                                  PID    Runtime      # DAGs    # Errors  Last Runtime    Last Run               Last # of DB Queries
-----------------------------------------  -----  ---------  --------  ----------  --------------  -------------------  ----------------------
/opt/airflow/dags/driven_data_pipeline.py                           1           0  1.05s           2025-07-01T22:41:39                      45
================================================================================
[2025-07-01T22:42:39.190+0000] {manager.py:997} INFO - 
================================================================================
DAG File Processing Stats

File Path                                  PID    Runtime      # DAGs    # Errors  Last Runtime    Last Run               Last # of DB Queries
-----------------------------------------  -----  ---------  --------  ----------  --------------  -------------------  ----------------------
/opt/airflow/dags/driven_data_pipeline.py                           1           0  0.19s           2025-07-01T22:42:09                      12
================================================================================
[2025-07-01T22:43:09.657+0000] {manager.py:997} INFO - 
================================================================================
DAG File Processing Stats

File Path                                  PID    Runtime      # DAGs    # Errors  Last Runtime    Last Run               Last # of DB Queries
-----------------------------------------  -----  ---------  --------  ----------  --------------  -------------------  ----------------------
/opt/airflow/dags/driven_data_pipeline.py                           1           0  0.23s           2025-07-01T22:42:40                      12
================================================================================
[2025-07-01T22:43:40.131+0000] {manager.py:997} INFO - 
================================================================================
DAG File Processing Stats

File Path                                  PID    Runtime      # DAGs    # Errors  Last Runtime    Last Run               Last # of DB Queries
-----------------------------------------  -----  ---------  --------  ----------  --------------  -------------------  ----------------------
/opt/airflow/dags/driven_data_pipeline.py                           1           0  0.21s           2025-07-01T22:43:10                      12
================================================================================
[2025-07-01T22:44:10.617+0000] {manager.py:997} INFO - 
================================================================================
DAG File Processing Stats

File Path                                  PID    Runtime      # DAGs    # Errors  Last Runtime    Last Run               Last # of DB Queries
-----------------------------------------  -----  ---------  --------  ----------  --------------  -------------------  ----------------------
/opt/airflow/dags/driven_data_pipeline.py                           1           0  0.40s           2025-07-01T22:43:41                      12
================================================================================
[2025-07-01T22:44:41.005+0000] {manager.py:997} INFO - 
================================================================================
DAG File Processing Stats

File Path                                  PID    Runtime      # DAGs    # Errors  Last Runtime    Last Run               Last # of DB Queries
-----------------------------------------  -----  ---------  --------  ----------  --------------  -------------------  ----------------------
/opt/airflow/dags/driven_data_pipeline.py                           1           0  0.24s           2025-07-01T22:44:11                      12
================================================================================
[2025-07-01T22:45:11.573+0000] {manager.py:997} INFO - 
================================================================================
DAG File Processing Stats

File Path                                  PID    Runtime      # DAGs    # Errors  Last Runtime    Last Run               Last # of DB Queries
-----------------------------------------  -----  ---------  --------  ----------  --------------  -------------------  ----------------------
/opt/airflow/dags/driven_data_pipeline.py                           1           0  0.27s           2025-07-01T22:44:42                      12
================================================================================
[2025-07-01T22:45:42.085+0000] {manager.py:997} INFO - 
================================================================================
DAG File Processing Stats

File Path                                  PID    Runtime      # DAGs    # Errors  Last Runtime    Last Run               Last # of DB Queries
-----------------------------------------  -----  ---------  --------  ----------  --------------  -------------------  ----------------------
/opt/airflow/dags/driven_data_pipeline.py                           1           0  0.24s           2025-07-01T22:45:12                      12
================================================================================
[2025-07-01T22:46:12.574+0000] {manager.py:997} INFO - 
================================================================================
DAG File Processing Stats

File Path                                  PID    Runtime      # DAGs    # Errors  Last Runtime    Last Run               Last # of DB Queries
-----------------------------------------  -----  ---------  --------  ----------  --------------  -------------------  ----------------------
/opt/airflow/dags/driven_data_pipeline.py                           1           0  0.47s           2025-07-01T22:45:43                      12
================================================================================
[2025-07-01T22:46:38.230+0000] {manager.py:821} INFO - Searching for files in /opt/airflow/dags
[2025-07-01T22:46:38.286+0000] {manager.py:824} INFO - There are 1 files in /opt/airflow/dags
[2025-07-01T22:46:42.804+0000] {manager.py:997} INFO - 
================================================================================
DAG File Processing Stats

File Path                                  PID    Runtime      # DAGs    # Errors  Last Runtime    Last Run               Last # of DB Queries
-----------------------------------------  -----  ---------  --------  ----------  --------------  -------------------  ----------------------
/opt/airflow/dags/driven_data_pipeline.py                           1           0  0.53s           2025-07-01T22:46:14                      12
================================================================================
[2025-07-01T22:47:13.186+0000] {manager.py:997} INFO - 
================================================================================
DAG File Processing Stats

File Path                                  PID    Runtime      # DAGs    # Errors  Last Runtime    Last Run               Last # of DB Queries
-----------------------------------------  -----  ---------  --------  ----------  --------------  -------------------  ----------------------
/opt/airflow/dags/driven_data_pipeline.py                           1           0  0.45s           2025-07-01T22:46:45                      12
================================================================================
[2025-07-01T22:47:43.262+0000] {manager.py:997} INFO - 
================================================================================
DAG File Processing Stats

File Path                                  PID    Runtime      # DAGs    # Errors  Last Runtime    Last Run               Last # of DB Queries
-----------------------------------------  -----  ---------  --------  ----------  --------------  -------------------  ----------------------
/opt/airflow/dags/driven_data_pipeline.py                           1           0  0.26s           2025-07-01T22:47:15                      12
================================================================================
[2025-07-01T22:48:13.627+0000] {manager.py:997} INFO - 
================================================================================
DAG File Processing Stats

File Path                                  PID    Runtime      # DAGs    # Errors  Last Runtime    Last Run               Last # of DB Queries
-----------------------------------------  -----  ---------  --------  ----------  --------------  -------------------  ----------------------
/opt/airflow/dags/driven_data_pipeline.py                           1           0  0.23s           2025-07-01T22:47:46                      12
================================================================================
[2025-07-01T22:48:44.050+0000] {manager.py:997} INFO - 
================================================================================
DAG File Processing Stats

File Path                                  PID    Runtime      # DAGs    # Errors  Last Runtime    Last Run               Last # of DB Queries
-----------------------------------------  -----  ---------  --------  ----------  --------------  -------------------  ----------------------
/opt/airflow/dags/driven_data_pipeline.py                           1           0  0.45s           2025-07-01T22:48:17                      12
================================================================================
[2025-07-01T22:49:14.435+0000] {manager.py:997} INFO - 
================================================================================
DAG File Processing Stats

File Path                                  PID    Runtime      # DAGs    # Errors  Last Runtime    Last Run               Last # of DB Queries
-----------------------------------------  -----  ---------  --------  ----------  --------------  -------------------  ----------------------
/opt/airflow/dags/driven_data_pipeline.py                           1           0  0.58s           2025-07-01T22:48:48                      12
================================================================================
[2025-07-01T22:49:44.864+0000] {manager.py:997} INFO - 
================================================================================
DAG File Processing Stats

File Path                                  PID    Runtime      # DAGs    # Errors  Last Runtime    Last Run               Last # of DB Queries
-----------------------------------------  -----  ---------  --------  ----------  --------------  -------------------  ----------------------
/opt/airflow/dags/driven_data_pipeline.py                           1           0  0.47s           2025-07-01T22:49:18                      12
================================================================================
[2025-07-01T22:50:14.887+0000] {manager.py:997} INFO - 
================================================================================
DAG File Processing Stats

File Path                                  PID    Runtime      # DAGs    # Errors  Last Runtime    Last Run               Last # of DB Queries
-----------------------------------------  -----  ---------  --------  ----------  --------------  -------------------  ----------------------
/opt/airflow/dags/driven_data_pipeline.py                           1           0  0.22s           2025-07-01T22:49:49                      12
================================================================================
[2025-07-01T22:50:45.271+0000] {manager.py:997} INFO - 
================================================================================
DAG File Processing Stats

File Path                                  PID    Runtime      # DAGs    # Errors  Last Runtime    Last Run               Last # of DB Queries
-----------------------------------------  -----  ---------  --------  ----------  --------------  -------------------  ----------------------
/opt/airflow/dags/driven_data_pipeline.py                           1           0  0.26s           2025-07-01T22:50:20                      12
================================================================================
[2025-07-01T22:51:15.701+0000] {manager.py:997} INFO - 
================================================================================
DAG File Processing Stats

File Path                                  PID    Runtime      # DAGs    # Errors  Last Runtime    Last Run               Last # of DB Queries
-----------------------------------------  -----  ---------  --------  ----------  --------------  -------------------  ----------------------
/opt/airflow/dags/driven_data_pipeline.py                           1           0  0.45s           2025-07-01T22:50:50                      12
================================================================================
[2025-07-01T22:51:38.973+0000] {manager.py:821} INFO - Searching for files in /opt/airflow/dags
[2025-07-01T22:51:39.032+0000] {manager.py:824} INFO - There are 1 files in /opt/airflow/dags
[2025-07-01T22:51:46.160+0000] {manager.py:997} INFO - 
================================================================================
DAG File Processing Stats

File Path                                  PID    Runtime      # DAGs    # Errors  Last Runtime    Last Run               Last # of DB Queries
-----------------------------------------  -----  ---------  --------  ----------  --------------  -------------------  ----------------------
/opt/airflow/dags/driven_data_pipeline.py                           1           0  0.72s           2025-07-01T22:51:21                      12
================================================================================
[2025-07-01T22:52:16.633+0000] {manager.py:997} INFO - 
================================================================================
DAG File Processing Stats

File Path                                  PID    Runtime      # DAGs    # Errors  Last Runtime    Last Run               Last # of DB Queries
-----------------------------------------  -----  ---------  --------  ----------  --------------  -------------------  ----------------------
/opt/airflow/dags/driven_data_pipeline.py                           1           0  0.40s           2025-07-01T22:51:52                      12
================================================================================
[2025-07-01T22:52:47.035+0000] {manager.py:997} INFO - 
================================================================================
DAG File Processing Stats

File Path                                  PID    Runtime      # DAGs    # Errors  Last Runtime    Last Run               Last # of DB Queries
-----------------------------------------  -----  ---------  --------  ----------  --------------  -------------------  ----------------------
/opt/airflow/dags/driven_data_pipeline.py                           1           0  0.22s           2025-07-01T22:52:22                      12
================================================================================
[2025-07-01T22:53:17.603+0000] {manager.py:997} INFO - 
================================================================================
DAG File Processing Stats

File Path                                  PID    Runtime      # DAGs    # Errors  Last Runtime    Last Run               Last # of DB Queries
-----------------------------------------  -----  ---------  --------  ----------  --------------  -------------------  ----------------------
/opt/airflow/dags/driven_data_pipeline.py                           1           0  0.23s           2025-07-01T22:52:53                      12
================================================================================
[2025-07-01T22:53:48.018+0000] {manager.py:997} INFO - 
================================================================================
DAG File Processing Stats

File Path                                  PID    Runtime      # DAGs    # Errors  Last Runtime    Last Run               Last # of DB Queries
-----------------------------------------  -----  ---------  --------  ----------  --------------  -------------------  ----------------------
/opt/airflow/dags/driven_data_pipeline.py                           1           0  0.43s           2025-07-01T22:53:24                      12
================================================================================
[2025-07-01T22:54:18.333+0000] {manager.py:997} INFO - 
================================================================================
DAG File Processing Stats

File Path                                  PID    Runtime      # DAGs    # Errors  Last Runtime    Last Run               Last # of DB Queries
-----------------------------------------  -----  ---------  --------  ----------  --------------  -------------------  ----------------------
/opt/airflow/dags/driven_data_pipeline.py                           1           0  0.57s           2025-07-01T22:53:55                      12
================================================================================
[2025-07-01T22:54:48.400+0000] {manager.py:997} INFO - 
================================================================================
DAG File Processing Stats

File Path                                  PID    Runtime      # DAGs    # Errors  Last Runtime    Last Run               Last # of DB Queries
-----------------------------------------  -----  ---------  --------  ----------  --------------  -------------------  ----------------------
/opt/airflow/dags/driven_data_pipeline.py                           1           0  0.68s           2025-07-01T22:54:26                      12
================================================================================
[2025-07-01T22:55:18.784+0000] {manager.py:997} INFO - 
================================================================================
DAG File Processing Stats

File Path                                  PID    Runtime      # DAGs    # Errors  Last Runtime    Last Run               Last # of DB Queries
-----------------------------------------  -----  ---------  --------  ----------  --------------  -------------------  ----------------------
/opt/airflow/dags/driven_data_pipeline.py                           1           0  0.49s           2025-07-01T22:54:56                      12
================================================================================
[2025-07-01T22:55:49.223+0000] {manager.py:997} INFO - 
================================================================================
DAG File Processing Stats

File Path                                  PID    Runtime      # DAGs    # Errors  Last Runtime    Last Run               Last # of DB Queries
-----------------------------------------  -----  ---------  --------  ----------  --------------  -------------------  ----------------------
/opt/airflow/dags/driven_data_pipeline.py                           1           0  0.24s           2025-07-01T22:55:27                      12
================================================================================
[2025-07-01T22:56:19.750+0000] {manager.py:997} INFO - 
================================================================================
DAG File Processing Stats

File Path                                  PID    Runtime      # DAGs    # Errors  Last Runtime    Last Run               Last # of DB Queries
-----------------------------------------  -----  ---------  --------  ----------  --------------  -------------------  ----------------------
/opt/airflow/dags/driven_data_pipeline.py                           1           0  0.25s           2025-07-01T22:55:57                      12
================================================================================
[2025-07-01T22:56:39.095+0000] {manager.py:821} INFO - Searching for files in /opt/airflow/dags
[2025-07-01T22:56:39.146+0000] {manager.py:824} INFO - There are 1 files in /opt/airflow/dags
[2025-07-01T22:56:50.328+0000] {manager.py:997} INFO - 
================================================================================
DAG File Processing Stats

File Path                                  PID    Runtime      # DAGs    # Errors  Last Runtime    Last Run               Last # of DB Queries
-----------------------------------------  -----  ---------  --------  ----------  --------------  -------------------  ----------------------
/opt/airflow/dags/driven_data_pipeline.py                           1           0  0.43s           2025-07-01T22:56:28                      12
================================================================================
[2025-07-01T22:57:20.937+0000] {manager.py:997} INFO - 
================================================================================
DAG File Processing Stats

File Path                                  PID    Runtime      # DAGs    # Errors  Last Runtime    Last Run               Last # of DB Queries
-----------------------------------------  -----  ---------  --------  ----------  --------------  -------------------  ----------------------
/opt/airflow/dags/driven_data_pipeline.py                           1           0  0.45s           2025-07-01T22:56:58                      12
================================================================================
[2025-07-01T22:57:51.552+0000] {manager.py:997} INFO - 
================================================================================
DAG File Processing Stats

File Path                                  PID    Runtime      # DAGs    # Errors  Last Runtime    Last Run               Last # of DB Queries
-----------------------------------------  -----  ---------  --------  ----------  --------------  -------------------  ----------------------
/opt/airflow/dags/driven_data_pipeline.py                           1           0  0.41s           2025-07-01T22:57:29                      12
================================================================================
[2025-07-01T22:58:22.060+0000] {manager.py:997} INFO - 
================================================================================
DAG File Processing Stats

File Path                                  PID    Runtime      # DAGs    # Errors  Last Runtime    Last Run               Last # of DB Queries
-----------------------------------------  -----  ---------  --------  ----------  --------------  -------------------  ----------------------
/opt/airflow/dags/driven_data_pipeline.py                           1           0  0.41s           2025-07-01T22:58:00                      12
================================================================================
[2025-07-01T22:58:52.445+0000] {manager.py:997} INFO - 
================================================================================
DAG File Processing Stats

File Path                                  PID    Runtime      # DAGs    # Errors  Last Runtime    Last Run               Last # of DB Queries
-----------------------------------------  -----  ---------  --------  ----------  --------------  -------------------  ----------------------
/opt/airflow/dags/driven_data_pipeline.py                           1           0  0.37s           2025-07-01T22:58:30                      12
================================================================================
[2025-07-01T22:59:22.811+0000] {manager.py:997} INFO - 
================================================================================
DAG File Processing Stats

File Path                                  PID    Runtime      # DAGs    # Errors  Last Runtime    Last Run               Last # of DB Queries
-----------------------------------------  -----  ---------  --------  ----------  --------------  -------------------  ----------------------
/opt/airflow/dags/driven_data_pipeline.py                           1           0  0.22s           2025-07-01T22:59:00                      12
================================================================================
[2025-07-01T22:59:53.417+0000] {manager.py:997} INFO - 
================================================================================
DAG File Processing Stats

File Path                                  PID    Runtime      # DAGs    # Errors  Last Runtime    Last Run               Last # of DB Queries
-----------------------------------------  -----  ---------  --------  ----------  --------------  -------------------  ----------------------
/opt/airflow/dags/driven_data_pipeline.py                           1           0  0.57s           2025-07-01T22:59:31                      12
================================================================================
[2025-07-01T23:00:23.793+0000] {manager.py:997} INFO - 
================================================================================
DAG File Processing Stats

File Path                                  PID    Runtime      # DAGs    # Errors  Last Runtime    Last Run               Last # of DB Queries
-----------------------------------------  -----  ---------  --------  ----------  --------------  -------------------  ----------------------
/opt/airflow/dags/driven_data_pipeline.py                           1           0  0.24s           2025-07-01T23:00:01                      12
================================================================================
[2025-07-01T23:00:54.438+0000] {manager.py:997} INFO - 
================================================================================
DAG File Processing Stats

File Path                                  PID    Runtime      # DAGs    # Errors  Last Runtime    Last Run               Last # of DB Queries
-----------------------------------------  -----  ---------  --------  ----------  --------------  -------------------  ----------------------
/opt/airflow/dags/driven_data_pipeline.py                           1           0  0.57s           2025-07-01T23:00:32                      12
================================================================================
[2025-07-01T23:01:24.825+0000] {manager.py:997} INFO - 
================================================================================
DAG File Processing Stats

File Path                                  PID    Runtime      # DAGs    # Errors  Last Runtime    Last Run               Last # of DB Queries
-----------------------------------------  -----  ---------  --------  ----------  --------------  -------------------  ----------------------
/opt/airflow/dags/driven_data_pipeline.py                           1           0  0.27s           2025-07-01T23:01:02                      12
================================================================================
[2025-07-01T23:01:39.250+0000] {manager.py:821} INFO - Searching for files in /opt/airflow/dags
[2025-07-01T23:01:39.339+0000] {manager.py:824} INFO - There are 1 files in /opt/airflow/dags
[2025-07-01T23:01:55.199+0000] {manager.py:997} INFO - 
================================================================================
DAG File Processing Stats

File Path                                  PID    Runtime      # DAGs    # Errors  Last Runtime    Last Run               Last # of DB Queries
-----------------------------------------  -----  ---------  --------  ----------  --------------  -------------------  ----------------------
/opt/airflow/dags/driven_data_pipeline.py                           1           0  0.23s           2025-07-01T23:01:33                      12
================================================================================
[2025-07-01T23:02:25.590+0000] {manager.py:997} INFO - 
================================================================================
DAG File Processing Stats

File Path                                  PID    Runtime      # DAGs    # Errors  Last Runtime    Last Run               Last # of DB Queries
-----------------------------------------  -----  ---------  --------  ----------  --------------  -------------------  ----------------------
/opt/airflow/dags/driven_data_pipeline.py                           1           0  0.27s           2025-07-01T23:02:03                      12
================================================================================
[2025-07-01T23:02:56.193+0000] {manager.py:997} INFO - 
================================================================================
DAG File Processing Stats

File Path                                  PID    Runtime      # DAGs    # Errors  Last Runtime    Last Run               Last # of DB Queries
-----------------------------------------  -----  ---------  --------  ----------  --------------  -------------------  ----------------------
/opt/airflow/dags/driven_data_pipeline.py                           1           0  0.24s           2025-07-01T23:02:33                      12
================================================================================
[2025-07-01T23:03:26.605+0000] {manager.py:997} INFO - 
================================================================================
DAG File Processing Stats

File Path                                  PID    Runtime      # DAGs    # Errors  Last Runtime    Last Run               Last # of DB Queries
-----------------------------------------  -----  ---------  --------  ----------  --------------  -------------------  ----------------------
/opt/airflow/dags/driven_data_pipeline.py                           1           0  0.22s           2025-07-01T23:03:04                      12
================================================================================
[2025-07-01T23:03:57.156+0000] {manager.py:997} INFO - 
================================================================================
DAG File Processing Stats

File Path                                  PID    Runtime      # DAGs    # Errors  Last Runtime    Last Run               Last # of DB Queries
-----------------------------------------  -----  ---------  --------  ----------  --------------  -------------------  ----------------------
/opt/airflow/dags/driven_data_pipeline.py                           1           0  0.19s           2025-07-01T23:03:34                      12
================================================================================
[2025-07-01T23:04:27.560+0000] {manager.py:997} INFO - 
================================================================================
DAG File Processing Stats

File Path                                  PID    Runtime      # DAGs    # Errors  Last Runtime    Last Run               Last # of DB Queries
-----------------------------------------  -----  ---------  --------  ----------  --------------  -------------------  ----------------------
/opt/airflow/dags/driven_data_pipeline.py                           1           0  0.29s           2025-07-01T23:04:05                      12
================================================================================
[2025-07-01T23:04:57.918+0000] {manager.py:997} INFO - 
================================================================================
DAG File Processing Stats

File Path                                  PID    Runtime      # DAGs    # Errors  Last Runtime    Last Run               Last # of DB Queries
-----------------------------------------  -----  ---------  --------  ----------  --------------  -------------------  ----------------------
/opt/airflow/dags/driven_data_pipeline.py                           1           0  0.24s           2025-07-01T23:04:35                      12
================================================================================
[2025-07-01T23:05:28.279+0000] {manager.py:997} INFO - 
================================================================================
DAG File Processing Stats

File Path                                  PID    Runtime      # DAGs    # Errors  Last Runtime    Last Run               Last # of DB Queries
-----------------------------------------  -----  ---------  --------  ----------  --------------  -------------------  ----------------------
/opt/airflow/dags/driven_data_pipeline.py                           1           0  0.18s           2025-07-01T23:05:06                      12
================================================================================
[2025-07-01T23:05:58.793+0000] {manager.py:997} INFO - 
================================================================================
DAG File Processing Stats

File Path                                  PID    Runtime      # DAGs    # Errors  Last Runtime    Last Run               Last # of DB Queries
-----------------------------------------  -----  ---------  --------  ----------  --------------  -------------------  ----------------------
/opt/airflow/dags/driven_data_pipeline.py                           1           0  0.21s           2025-07-01T23:05:36                      12
================================================================================
[2025-07-01T23:06:29.197+0000] {manager.py:997} INFO - 
================================================================================
DAG File Processing Stats

File Path                                  PID    Runtime      # DAGs    # Errors  Last Runtime    Last Run               Last # of DB Queries
-----------------------------------------  -----  ---------  --------  ----------  --------------  -------------------  ----------------------
/opt/airflow/dags/driven_data_pipeline.py                           1           0  0.21s           2025-07-01T23:06:07                      12
================================================================================
[2025-07-01T23:06:39.461+0000] {manager.py:821} INFO - Searching for files in /opt/airflow/dags
[2025-07-01T23:06:39.504+0000] {manager.py:824} INFO - There are 1 files in /opt/airflow/dags
[2025-07-01T23:06:59.757+0000] {manager.py:997} INFO - 
================================================================================
DAG File Processing Stats

File Path                                  PID    Runtime      # DAGs    # Errors  Last Runtime    Last Run               Last # of DB Queries
-----------------------------------------  -----  ---------  --------  ----------  --------------  -------------------  ----------------------
/opt/airflow/dags/driven_data_pipeline.py                           1           0  0.19s           2025-07-01T23:06:37                      12
================================================================================
[2025-07-01T23:07:30.170+0000] {manager.py:997} INFO - 
================================================================================
DAG File Processing Stats

File Path                                  PID    Runtime      # DAGs    # Errors  Last Runtime    Last Run               Last # of DB Queries
-----------------------------------------  -----  ---------  --------  ----------  --------------  -------------------  ----------------------
/opt/airflow/dags/driven_data_pipeline.py                           1           0  0.26s           2025-07-01T23:07:08                      12
================================================================================
[2025-07-01T23:08:00.541+0000] {manager.py:997} INFO - 
================================================================================
DAG File Processing Stats

File Path                                  PID    Runtime      # DAGs    # Errors  Last Runtime    Last Run               Last # of DB Queries
-----------------------------------------  -----  ---------  --------  ----------  --------------  -------------------  ----------------------
/opt/airflow/dags/driven_data_pipeline.py                           1           0  0.18s           2025-07-01T23:07:38                      12
================================================================================
[2025-07-01T23:08:31.056+0000] {manager.py:997} INFO - 
================================================================================
DAG File Processing Stats

File Path                                  PID    Runtime      # DAGs    # Errors  Last Runtime    Last Run               Last # of DB Queries
-----------------------------------------  -----  ---------  --------  ----------  --------------  -------------------  ----------------------
/opt/airflow/dags/driven_data_pipeline.py                           1           0  0.28s           2025-07-01T23:08:08                      12
================================================================================
[2025-07-01T23:09:01.477+0000] {manager.py:997} INFO - 
================================================================================
DAG File Processing Stats

File Path                                  PID    Runtime      # DAGs    # Errors  Last Runtime    Last Run               Last # of DB Queries
-----------------------------------------  -----  ---------  --------  ----------  --------------  -------------------  ----------------------
/opt/airflow/dags/driven_data_pipeline.py                           1           0  0.35s           2025-07-01T23:08:39                      12
================================================================================
[2025-07-01T23:09:32.088+0000] {manager.py:997} INFO - 
================================================================================
DAG File Processing Stats

File Path                                  PID    Runtime      # DAGs    # Errors  Last Runtime    Last Run               Last # of DB Queries
-----------------------------------------  -----  ---------  --------  ----------  --------------  -------------------  ----------------------
/opt/airflow/dags/driven_data_pipeline.py                           1           0  0.25s           2025-07-01T23:09:09                      12
================================================================================
[2025-07-01T23:10:02.483+0000] {manager.py:997} INFO - 
================================================================================
DAG File Processing Stats

File Path                                  PID    Runtime      # DAGs    # Errors  Last Runtime    Last Run               Last # of DB Queries
-----------------------------------------  -----  ---------  --------  ----------  --------------  -------------------  ----------------------
/opt/airflow/dags/driven_data_pipeline.py                           1           0  0.25s           2025-07-01T23:09:40                      12
================================================================================
[2025-07-01T23:10:33.007+0000] {manager.py:997} INFO - 
================================================================================
DAG File Processing Stats

File Path                                  PID    Runtime      # DAGs    # Errors  Last Runtime    Last Run               Last # of DB Queries
-----------------------------------------  -----  ---------  --------  ----------  --------------  -------------------  ----------------------
/opt/airflow/dags/driven_data_pipeline.py                           1           0  0.21s           2025-07-01T23:10:10                      12
================================================================================
[2025-07-01T23:11:03.383+0000] {manager.py:997} INFO - 
================================================================================
DAG File Processing Stats

File Path                                  PID    Runtime      # DAGs    # Errors  Last Runtime    Last Run               Last # of DB Queries
-----------------------------------------  -----  ---------  --------  ----------  --------------  -------------------  ----------------------
/opt/airflow/dags/driven_data_pipeline.py                           1           0  0.23s           2025-07-01T23:10:41                      12
================================================================================
[2025-07-01T23:11:33.898+0000] {manager.py:997} INFO - 
================================================================================
DAG File Processing Stats

File Path                                  PID    Runtime      # DAGs    # Errors  Last Runtime    Last Run               Last # of DB Queries
-----------------------------------------  -----  ---------  --------  ----------  --------------  -------------------  ----------------------
/opt/airflow/dags/driven_data_pipeline.py                           1           0  0.18s           2025-07-01T23:11:11                      12
================================================================================
[2025-07-01T23:11:39.969+0000] {manager.py:821} INFO - Searching for files in /opt/airflow/dags
[2025-07-01T23:11:40.027+0000] {manager.py:824} INFO - There are 1 files in /opt/airflow/dags
[2025-07-01T23:12:04.344+0000] {manager.py:997} INFO - 
================================================================================
DAG File Processing Stats

File Path                                  PID    Runtime      # DAGs    # Errors  Last Runtime    Last Run               Last # of DB Queries
-----------------------------------------  -----  ---------  --------  ----------  --------------  -------------------  ----------------------
/opt/airflow/dags/driven_data_pipeline.py                           1           0  0.18s           2025-07-01T23:11:42                      12
================================================================================
[2025-07-01T23:12:34.815+0000] {manager.py:997} INFO - 
================================================================================
DAG File Processing Stats

File Path                                  PID    Runtime      # DAGs    # Errors  Last Runtime    Last Run               Last # of DB Queries
-----------------------------------------  -----  ---------  --------  ----------  --------------  -------------------  ----------------------
/opt/airflow/dags/driven_data_pipeline.py                           1           0  0.18s           2025-07-01T23:12:12                      12
================================================================================
[2025-07-01T23:13:05.208+0000] {manager.py:997} INFO - 
================================================================================
DAG File Processing Stats

File Path                                  PID    Runtime      # DAGs    # Errors  Last Runtime    Last Run               Last # of DB Queries
-----------------------------------------  -----  ---------  --------  ----------  --------------  -------------------  ----------------------
/opt/airflow/dags/driven_data_pipeline.py                           1           0  0.25s           2025-07-01T23:12:43                      12
================================================================================
[2025-07-01T23:13:35.750+0000] {manager.py:997} INFO - 
================================================================================
DAG File Processing Stats

File Path                                  PID    Runtime      # DAGs    # Errors  Last Runtime    Last Run               Last # of DB Queries
-----------------------------------------  -----  ---------  --------  ----------  --------------  -------------------  ----------------------
/opt/airflow/dags/driven_data_pipeline.py                           1           0  0.18s           2025-07-01T23:13:13                      12
================================================================================
[2025-07-01T23:14:06.141+0000] {manager.py:997} INFO - 
================================================================================
DAG File Processing Stats

File Path                                  PID    Runtime      # DAGs    # Errors  Last Runtime    Last Run               Last # of DB Queries
-----------------------------------------  -----  ---------  --------  ----------  --------------  -------------------  ----------------------
/opt/airflow/dags/driven_data_pipeline.py                           1           0  0.22s           2025-07-01T23:13:44                      12
================================================================================
[2025-07-01T23:14:36.699+0000] {manager.py:997} INFO - 
================================================================================
DAG File Processing Stats

File Path                                  PID    Runtime      # DAGs    # Errors  Last Runtime    Last Run               Last # of DB Queries
-----------------------------------------  -----  ---------  --------  ----------  --------------  -------------------  ----------------------
/opt/airflow/dags/driven_data_pipeline.py                           1           0  0.18s           2025-07-01T23:14:14                      12
================================================================================
[2025-07-01T23:15:07.066+0000] {manager.py:997} INFO - 
================================================================================
DAG File Processing Stats

File Path                                  PID    Runtime      # DAGs    # Errors  Last Runtime    Last Run               Last # of DB Queries
-----------------------------------------  -----  ---------  --------  ----------  --------------  -------------------  ----------------------
/opt/airflow/dags/driven_data_pipeline.py                           1           0  0.19s           2025-07-01T23:14:44                      12
================================================================================
[2025-07-01T23:15:37.598+0000] {manager.py:997} INFO - 
================================================================================
DAG File Processing Stats

File Path                                  PID    Runtime      # DAGs    # Errors  Last Runtime    Last Run               Last # of DB Queries
-----------------------------------------  -----  ---------  --------  ----------  --------------  -------------------  ----------------------
/opt/airflow/dags/driven_data_pipeline.py                           1           0  0.23s           2025-07-01T23:15:15                      12
================================================================================
[2025-07-01T23:16:07.999+0000] {manager.py:997} INFO - 
================================================================================
DAG File Processing Stats

File Path                                  PID    Runtime      # DAGs    # Errors  Last Runtime    Last Run               Last # of DB Queries
-----------------------------------------  -----  ---------  --------  ----------  --------------  -------------------  ----------------------
/opt/airflow/dags/driven_data_pipeline.py                           1           0  0.30s           2025-07-01T23:15:46                      12
================================================================================
[2025-07-01T23:16:38.394+0000] {manager.py:997} INFO - 
================================================================================
DAG File Processing Stats

File Path                                  PID    Runtime      # DAGs    # Errors  Last Runtime    Last Run               Last # of DB Queries
-----------------------------------------  -----  ---------  --------  ----------  --------------  -------------------  ----------------------
/opt/airflow/dags/driven_data_pipeline.py                           1           0  0.25s           2025-07-01T23:16:16                      12
================================================================================
[2025-07-01T23:16:40.412+0000] {manager.py:821} INFO - Searching for files in /opt/airflow/dags
[2025-07-01T23:16:40.449+0000] {manager.py:824} INFO - There are 1 files in /opt/airflow/dags
[2025-07-01T23:17:08.942+0000] {manager.py:997} INFO - 
================================================================================
DAG File Processing Stats

File Path                                  PID    Runtime      # DAGs    # Errors  Last Runtime    Last Run               Last # of DB Queries
-----------------------------------------  -----  ---------  --------  ----------  --------------  -------------------  ----------------------
/opt/airflow/dags/driven_data_pipeline.py                           1           0  0.18s           2025-07-01T23:16:46                      12
================================================================================
[2025-07-01T23:17:39.312+0000] {manager.py:997} INFO - 
================================================================================
DAG File Processing Stats

File Path                                  PID    Runtime      # DAGs    # Errors  Last Runtime    Last Run               Last # of DB Queries
-----------------------------------------  -----  ---------  --------  ----------  --------------  -------------------  ----------------------
/opt/airflow/dags/driven_data_pipeline.py                           1           0  0.21s           2025-07-01T23:17:17                      12
================================================================================
[2025-07-01T23:18:09.841+0000] {manager.py:997} INFO - 
================================================================================
DAG File Processing Stats

File Path                                  PID    Runtime      # DAGs    # Errors  Last Runtime    Last Run               Last # of DB Queries
-----------------------------------------  -----  ---------  --------  ----------  --------------  -------------------  ----------------------
/opt/airflow/dags/driven_data_pipeline.py                           1           0  0.23s           2025-07-01T23:17:47                      12
================================================================================
[2025-07-01T23:18:40.218+0000] {manager.py:997} INFO - 
================================================================================
DAG File Processing Stats

File Path                                  PID    Runtime      # DAGs    # Errors  Last Runtime    Last Run               Last # of DB Queries
-----------------------------------------  -----  ---------  --------  ----------  --------------  -------------------  ----------------------
/opt/airflow/dags/driven_data_pipeline.py                           1           0  0.21s           2025-07-01T23:18:18                      12
================================================================================
[2025-07-01T23:19:10.771+0000] {manager.py:997} INFO - 
================================================================================
DAG File Processing Stats

File Path                                  PID    Runtime      # DAGs    # Errors  Last Runtime    Last Run               Last # of DB Queries
-----------------------------------------  -----  ---------  --------  ----------  --------------  -------------------  ----------------------
/opt/airflow/dags/driven_data_pipeline.py                           1           0  0.19s           2025-07-01T23:18:48                      12
================================================================================
[2025-07-01T23:19:41.146+0000] {manager.py:997} INFO - 
================================================================================
DAG File Processing Stats

File Path                                  PID    Runtime      # DAGs    # Errors  Last Runtime    Last Run               Last # of DB Queries
-----------------------------------------  -----  ---------  --------  ----------  --------------  -------------------  ----------------------
/opt/airflow/dags/driven_data_pipeline.py                           1           0  0.22s           2025-07-01T23:19:19                      12
================================================================================
[2025-07-01T23:20:11.695+0000] {manager.py:997} INFO - 
================================================================================
DAG File Processing Stats

File Path                                  PID    Runtime      # DAGs    # Errors  Last Runtime    Last Run               Last # of DB Queries
-----------------------------------------  -----  ---------  --------  ----------  --------------  -------------------  ----------------------
/opt/airflow/dags/driven_data_pipeline.py                           1           0  0.24s           2025-07-01T23:19:49                      12
================================================================================
[2025-07-01T23:20:42.114+0000] {manager.py:997} INFO - 
================================================================================
DAG File Processing Stats

File Path                                  PID    Runtime      # DAGs    # Errors  Last Runtime    Last Run               Last # of DB Queries
-----------------------------------------  -----  ---------  --------  ----------  --------------  -------------------  ----------------------
/opt/airflow/dags/driven_data_pipeline.py                           1           0  0.25s           2025-07-01T23:20:20                      12
================================================================================
[2025-07-01T23:21:12.621+0000] {manager.py:997} INFO - 
================================================================================
DAG File Processing Stats

File Path                                  PID    Runtime      # DAGs    # Errors  Last Runtime    Last Run               Last # of DB Queries
-----------------------------------------  -----  ---------  --------  ----------  --------------  -------------------  ----------------------
/opt/airflow/dags/driven_data_pipeline.py                           1           0  0.21s           2025-07-01T23:20:50                      12
================================================================================
[2025-07-01T23:21:40.933+0000] {manager.py:821} INFO - Searching for files in /opt/airflow/dags
[2025-07-01T23:21:40.963+0000] {manager.py:824} INFO - There are 1 files in /opt/airflow/dags
[2025-07-01T23:21:43.004+0000] {manager.py:997} INFO - 
================================================================================
DAG File Processing Stats

File Path                                  PID    Runtime      # DAGs    # Errors  Last Runtime    Last Run               Last # of DB Queries
-----------------------------------------  -----  ---------  --------  ----------  --------------  -------------------  ----------------------
/opt/airflow/dags/driven_data_pipeline.py                           1           0  0.20s           2025-07-01T23:21:20                      12
================================================================================
[2025-07-01T23:22:13.426+0000] {manager.py:997} INFO - 
================================================================================
DAG File Processing Stats

File Path                                  PID    Runtime      # DAGs    # Errors  Last Runtime    Last Run               Last # of DB Queries
-----------------------------------------  -----  ---------  --------  ----------  --------------  -------------------  ----------------------
/opt/airflow/dags/driven_data_pipeline.py                           1           0  0.17s           2025-07-01T23:21:51                      12
================================================================================
[2025-07-01T23:22:43.772+0000] {manager.py:997} INFO - 
================================================================================
DAG File Processing Stats

File Path                                  PID    Runtime      # DAGs    # Errors  Last Runtime    Last Run               Last # of DB Queries
-----------------------------------------  -----  ---------  --------  ----------  --------------  -------------------  ----------------------
/opt/airflow/dags/driven_data_pipeline.py                           1           0  0.20s           2025-07-01T23:22:21                      12
================================================================================
[2025-07-01T23:23:14.169+0000] {manager.py:997} INFO - 
================================================================================
DAG File Processing Stats

File Path                                  PID    Runtime      # DAGs    # Errors  Last Runtime    Last Run               Last # of DB Queries
-----------------------------------------  -----  ---------  --------  ----------  --------------  -------------------  ----------------------
/opt/airflow/dags/driven_data_pipeline.py                           1           0  0.15s           2025-07-01T23:22:52                      12
================================================================================
[2025-07-01T23:23:44.504+0000] {manager.py:997} INFO - 
================================================================================
DAG File Processing Stats

File Path                                  PID    Runtime      # DAGs    # Errors  Last Runtime    Last Run               Last # of DB Queries
-----------------------------------------  -----  ---------  --------  ----------  --------------  -------------------  ----------------------
/opt/airflow/dags/driven_data_pipeline.py                           1           0  0.19s           2025-07-01T23:23:22                      12
================================================================================
[2025-07-01T23:24:14.967+0000] {manager.py:997} INFO - 
================================================================================
DAG File Processing Stats

File Path                                  PID    Runtime      # DAGs    # Errors  Last Runtime    Last Run               Last # of DB Queries
-----------------------------------------  -----  ---------  --------  ----------  --------------  -------------------  ----------------------
/opt/airflow/dags/driven_data_pipeline.py                           1           0  0.21s           2025-07-01T23:23:52                      12
================================================================================
[2025-07-01T23:24:45.295+0000] {manager.py:997} INFO - 
================================================================================
DAG File Processing Stats

File Path                                  PID    Runtime      # DAGs    # Errors  Last Runtime    Last Run               Last # of DB Queries
-----------------------------------------  -----  ---------  --------  ----------  --------------  -------------------  ----------------------
/opt/airflow/dags/driven_data_pipeline.py                           1           0  0.28s           2025-07-01T23:24:23                      12
================================================================================
[2025-07-01T23:25:15.804+0000] {manager.py:997} INFO - 
================================================================================
DAG File Processing Stats

File Path                                  PID    Runtime      # DAGs    # Errors  Last Runtime    Last Run               Last # of DB Queries
-----------------------------------------  -----  ---------  --------  ----------  --------------  -------------------  ----------------------
/opt/airflow/dags/driven_data_pipeline.py                           1           0  0.27s           2025-07-01T23:24:53                      12
================================================================================
[2025-07-01T23:53:26.279+0000] {manager.py:821} INFO - Searching for files in /opt/airflow/dags
[2025-07-01T23:53:26.399+0000] {manager.py:824} INFO - There are 1 files in /opt/airflow/dags
[2025-07-02T00:23:51.196+0000] {manager.py:821} INFO - Searching for files in /opt/airflow/dags
[2025-07-02T00:23:51.586+0000] {manager.py:824} INFO - There are 1 files in /opt/airflow/dags
[2025-07-02T00:23:51.776+0000] {manager.py:1366} ERROR - Processor for /opt/airflow/dags/driven_data_pipeline.py with PID 694 started at 2025-07-01T23:53:26.544973+00:00 has timed out, killing it.
[2025-07-02T01:33:32.531+0000] {manager.py:821} INFO - Searching for files in /opt/airflow/dags
[2025-07-02T01:33:34.760+0000] {manager.py:824} INFO - There are 1 files in /opt/airflow/dags
[2025-07-02T01:33:41.201+0000] {manager.py:997} INFO - 
================================================================================
DAG File Processing Stats

File Path                                  PID    Runtime      # DAGs    # Errors  Last Runtime    Last Run               Last # of DB Queries
-----------------------------------------  -----  ---------  --------  ----------  --------------  -------------------  ----------------------
/opt/airflow/dags/driven_data_pipeline.py                           1           0  3.89s           2025-07-02T01:33:39                      34
================================================================================
[2025-07-02T01:34:11.622+0000] {manager.py:997} INFO - 
================================================================================
DAG File Processing Stats

File Path                                  PID    Runtime      # DAGs    # Errors  Last Runtime    Last Run               Last # of DB Queries
-----------------------------------------  -----  ---------  --------  ----------  --------------  -------------------  ----------------------
/opt/airflow/dags/driven_data_pipeline.py                           1           0  0.19s           2025-07-02T01:34:09                      12
================================================================================
[2025-07-02T01:34:41.934+0000] {manager.py:997} INFO - 
================================================================================
DAG File Processing Stats

File Path                                  PID    Runtime      # DAGs    # Errors  Last Runtime    Last Run               Last # of DB Queries
-----------------------------------------  -----  ---------  --------  ----------  --------------  -------------------  ----------------------
/opt/airflow/dags/driven_data_pipeline.py                           1           0  0.19s           2025-07-02T01:34:40                      12
================================================================================
[2025-07-02T01:35:12.415+0000] {manager.py:997} INFO - 
================================================================================
DAG File Processing Stats

File Path                                  PID    Runtime      # DAGs    # Errors  Last Runtime    Last Run               Last # of DB Queries
-----------------------------------------  -----  ---------  --------  ----------  --------------  -------------------  ----------------------
/opt/airflow/dags/driven_data_pipeline.py                           1           0  0.20s           2025-07-02T01:35:10                      12
================================================================================
[2025-07-02T01:35:42.778+0000] {manager.py:997} INFO - 
================================================================================
DAG File Processing Stats

File Path                                  PID    Runtime      # DAGs    # Errors  Last Runtime    Last Run               Last # of DB Queries
-----------------------------------------  -----  ---------  --------  ----------  --------------  -------------------  ----------------------
/opt/airflow/dags/driven_data_pipeline.py                           1           0  0.19s           2025-07-02T01:35:40                      12
================================================================================
[2025-07-02T01:36:13.227+0000] {manager.py:997} INFO - 
================================================================================
DAG File Processing Stats

File Path                                  PID    Runtime      # DAGs    # Errors  Last Runtime    Last Run               Last # of DB Queries
-----------------------------------------  -----  ---------  --------  ----------  --------------  -------------------  ----------------------
/opt/airflow/dags/driven_data_pipeline.py                           1           0  0.24s           2025-07-02T01:36:11                      12
================================================================================
[2025-07-02T01:36:43.622+0000] {manager.py:997} INFO - 
================================================================================
DAG File Processing Stats

File Path                                  PID    Runtime      # DAGs    # Errors  Last Runtime    Last Run               Last # of DB Queries
-----------------------------------------  -----  ---------  --------  ----------  --------------  -------------------  ----------------------
/opt/airflow/dags/driven_data_pipeline.py                           1           0  0.14s           2025-07-02T01:36:41                      12
================================================================================
[2025-07-02T01:37:13.960+0000] {manager.py:997} INFO - 
================================================================================
DAG File Processing Stats

File Path                                  PID    Runtime      # DAGs    # Errors  Last Runtime    Last Run               Last # of DB Queries
-----------------------------------------  -----  ---------  --------  ----------  --------------  -------------------  ----------------------
/opt/airflow/dags/driven_data_pipeline.py                           1           0  0.16s           2025-07-02T01:37:12                      12
================================================================================
[2025-07-02T01:37:44.394+0000] {manager.py:997} INFO - 
================================================================================
DAG File Processing Stats

File Path                                  PID    Runtime      # DAGs    # Errors  Last Runtime    Last Run               Last # of DB Queries
-----------------------------------------  -----  ---------  --------  ----------  --------------  -------------------  ----------------------
/opt/airflow/dags/driven_data_pipeline.py                           1           0  0.13s           2025-07-02T01:37:42                      12
================================================================================
[2025-07-02T01:38:14.767+0000] {manager.py:997} INFO - 
================================================================================
DAG File Processing Stats

File Path                                  PID    Runtime      # DAGs    # Errors  Last Runtime    Last Run               Last # of DB Queries
-----------------------------------------  -----  ---------  --------  ----------  --------------  -------------------  ----------------------
/opt/airflow/dags/driven_data_pipeline.py                           1           0  0.14s           2025-07-02T01:38:12                      12
================================================================================
[2025-07-02T01:38:32.980+0000] {manager.py:821} INFO - Searching for files in /opt/airflow/dags
[2025-07-02T01:38:33.024+0000] {manager.py:824} INFO - There are 1 files in /opt/airflow/dags
[2025-07-02T01:38:45.217+0000] {manager.py:997} INFO - 
================================================================================
DAG File Processing Stats

File Path                                  PID    Runtime      # DAGs    # Errors  Last Runtime    Last Run               Last # of DB Queries
-----------------------------------------  -----  ---------  --------  ----------  --------------  -------------------  ----------------------
/opt/airflow/dags/driven_data_pipeline.py                           1           0  0.14s           2025-07-02T01:38:43                      12
================================================================================
[2025-07-02T01:39:15.650+0000] {manager.py:997} INFO - 
================================================================================
DAG File Processing Stats

File Path                                  PID    Runtime      # DAGs    # Errors  Last Runtime    Last Run               Last # of DB Queries
-----------------------------------------  -----  ---------  --------  ----------  --------------  -------------------  ----------------------
/opt/airflow/dags/driven_data_pipeline.py                           1           0  0.13s           2025-07-02T01:39:13                      12
================================================================================
[2025-07-02T01:39:46.017+0000] {manager.py:997} INFO - 
================================================================================
DAG File Processing Stats

File Path                                  PID    Runtime      # DAGs    # Errors  Last Runtime    Last Run               Last # of DB Queries
-----------------------------------------  -----  ---------  --------  ----------  --------------  -------------------  ----------------------
/opt/airflow/dags/driven_data_pipeline.py                           1           0  0.16s           2025-07-02T01:39:44                      12
================================================================================
[2025-07-02T01:40:16.497+0000] {manager.py:997} INFO - 
================================================================================
DAG File Processing Stats

File Path                                  PID    Runtime      # DAGs    # Errors  Last Runtime    Last Run               Last # of DB Queries
-----------------------------------------  -----  ---------  --------  ----------  --------------  -------------------  ----------------------
/opt/airflow/dags/driven_data_pipeline.py                           1           0  0.16s           2025-07-02T01:40:14                      12
================================================================================
[2025-07-02T01:40:46.885+0000] {manager.py:997} INFO - 
================================================================================
DAG File Processing Stats

File Path                                  PID    Runtime      # DAGs    # Errors  Last Runtime    Last Run               Last # of DB Queries
-----------------------------------------  -----  ---------  --------  ----------  --------------  -------------------  ----------------------
/opt/airflow/dags/driven_data_pipeline.py                           1           0  0.14s           2025-07-02T01:40:44                      12
================================================================================
[2025-07-02T01:41:17.354+0000] {manager.py:997} INFO - 
================================================================================
DAG File Processing Stats

File Path                                  PID    Runtime      # DAGs    # Errors  Last Runtime    Last Run               Last # of DB Queries
-----------------------------------------  -----  ---------  --------  ----------  --------------  -------------------  ----------------------
/opt/airflow/dags/driven_data_pipeline.py                           1           0  0.16s           2025-07-02T01:41:15                      12
================================================================================
[2025-07-02T01:41:47.805+0000] {manager.py:997} INFO - 
================================================================================
DAG File Processing Stats

File Path                                  PID    Runtime      # DAGs    # Errors  Last Runtime    Last Run               Last # of DB Queries
-----------------------------------------  -----  ---------  --------  ----------  --------------  -------------------  ----------------------
/opt/airflow/dags/driven_data_pipeline.py                           1           0  0.24s           2025-07-02T01:41:45                      12
================================================================================
[2025-07-02T01:42:18.358+0000] {manager.py:997} INFO - 
================================================================================
DAG File Processing Stats

File Path                                  PID    Runtime      # DAGs    # Errors  Last Runtime    Last Run               Last # of DB Queries
-----------------------------------------  -----  ---------  --------  ----------  --------------  -------------------  ----------------------
/opt/airflow/dags/driven_data_pipeline.py                           1           0  0.21s           2025-07-02T01:42:16                      12
================================================================================
[2025-07-02T01:42:48.796+0000] {manager.py:997} INFO - 
================================================================================
DAG File Processing Stats

File Path                                  PID    Runtime      # DAGs    # Errors  Last Runtime    Last Run               Last # of DB Queries
-----------------------------------------  -----  ---------  --------  ----------  --------------  -------------------  ----------------------
/opt/airflow/dags/driven_data_pipeline.py                           1           0  0.19s           2025-07-02T01:42:46                      12
================================================================================
[2025-07-02T01:43:19.295+0000] {manager.py:997} INFO - 
================================================================================
DAG File Processing Stats

File Path                                  PID    Runtime      # DAGs    # Errors  Last Runtime    Last Run               Last # of DB Queries
-----------------------------------------  -----  ---------  --------  ----------  --------------  -------------------  ----------------------
/opt/airflow/dags/driven_data_pipeline.py                           1           0  0.15s           2025-07-02T01:43:17                      12
================================================================================
[2025-07-02T01:43:33.438+0000] {manager.py:821} INFO - Searching for files in /opt/airflow/dags
[2025-07-02T01:43:33.479+0000] {manager.py:824} INFO - There are 1 files in /opt/airflow/dags
[2025-07-02T01:43:49.699+0000] {manager.py:997} INFO - 
================================================================================
DAG File Processing Stats

File Path                                  PID    Runtime      # DAGs    # Errors  Last Runtime    Last Run               Last # of DB Queries
-----------------------------------------  -----  ---------  --------  ----------  --------------  -------------------  ----------------------
/opt/airflow/dags/driven_data_pipeline.py                           1           0  0.21s           2025-07-02T01:43:47                      12
================================================================================
[2025-07-02T01:44:20.182+0000] {manager.py:997} INFO - 
================================================================================
DAG File Processing Stats

File Path                                  PID    Runtime      # DAGs    # Errors  Last Runtime    Last Run               Last # of DB Queries
-----------------------------------------  -----  ---------  --------  ----------  --------------  -------------------  ----------------------
/opt/airflow/dags/driven_data_pipeline.py                           1           0  0.19s           2025-07-02T01:44:18                      12
================================================================================
[2025-07-02T01:44:50.532+0000] {manager.py:997} INFO - 
================================================================================
DAG File Processing Stats

File Path                                  PID    Runtime      # DAGs    # Errors  Last Runtime    Last Run               Last # of DB Queries
-----------------------------------------  -----  ---------  --------  ----------  --------------  -------------------  ----------------------
/opt/airflow/dags/driven_data_pipeline.py                           1           0  0.16s           2025-07-02T01:44:48                      12
================================================================================
[2025-07-02T01:45:21.001+0000] {manager.py:997} INFO - 
================================================================================
DAG File Processing Stats

File Path                                  PID    Runtime      # DAGs    # Errors  Last Runtime    Last Run               Last # of DB Queries
-----------------------------------------  -----  ---------  --------  ----------  --------------  -------------------  ----------------------
/opt/airflow/dags/driven_data_pipeline.py                           1           0  0.15s           2025-07-02T01:45:19                      12
================================================================================
[2025-07-02T01:45:51.387+0000] {manager.py:997} INFO - 
================================================================================
DAG File Processing Stats

File Path                                  PID    Runtime      # DAGs    # Errors  Last Runtime    Last Run               Last # of DB Queries
-----------------------------------------  -----  ---------  --------  ----------  --------------  -------------------  ----------------------
/opt/airflow/dags/driven_data_pipeline.py                           1           0  0.16s           2025-07-02T01:45:49                      12
================================================================================
[2025-07-02T01:46:21.863+0000] {manager.py:997} INFO - 
================================================================================
DAG File Processing Stats

File Path                                  PID    Runtime      # DAGs    # Errors  Last Runtime    Last Run               Last # of DB Queries
-----------------------------------------  -----  ---------  --------  ----------  --------------  -------------------  ----------------------
/opt/airflow/dags/driven_data_pipeline.py                           1           0  0.13s           2025-07-02T01:46:19                      12
================================================================================
[2025-07-02T01:46:52.233+0000] {manager.py:997} INFO - 
================================================================================
DAG File Processing Stats

File Path                                  PID    Runtime      # DAGs    # Errors  Last Runtime    Last Run               Last # of DB Queries
-----------------------------------------  -----  ---------  --------  ----------  --------------  -------------------  ----------------------
/opt/airflow/dags/driven_data_pipeline.py                           1           0  0.16s           2025-07-02T01:46:50                      12
================================================================================
[2025-07-02T01:47:22.694+0000] {manager.py:997} INFO - 
================================================================================
DAG File Processing Stats

File Path                                  PID    Runtime      # DAGs    # Errors  Last Runtime    Last Run               Last # of DB Queries
-----------------------------------------  -----  ---------  --------  ----------  --------------  -------------------  ----------------------
/opt/airflow/dags/driven_data_pipeline.py                           1           0  0.16s           2025-07-02T01:47:20                      12
================================================================================
[2025-07-02T01:47:53.099+0000] {manager.py:997} INFO - 
================================================================================
DAG File Processing Stats

File Path                                  PID    Runtime      # DAGs    # Errors  Last Runtime    Last Run               Last # of DB Queries
-----------------------------------------  -----  ---------  --------  ----------  --------------  -------------------  ----------------------
/opt/airflow/dags/driven_data_pipeline.py                           1           0  0.18s           2025-07-02T01:47:51                      12
================================================================================
[2025-07-02T01:48:23.572+0000] {manager.py:997} INFO - 
================================================================================
DAG File Processing Stats

File Path                                  PID    Runtime      # DAGs    # Errors  Last Runtime    Last Run               Last # of DB Queries
-----------------------------------------  -----  ---------  --------  ----------  --------------  -------------------  ----------------------
/opt/airflow/dags/driven_data_pipeline.py                           1           0  0.22s           2025-07-02T01:48:21                      12
================================================================================
[2025-07-02T01:48:33.678+0000] {manager.py:821} INFO - Searching for files in /opt/airflow/dags
[2025-07-02T01:48:33.716+0000] {manager.py:824} INFO - There are 1 files in /opt/airflow/dags
[2025-07-02T01:48:53.997+0000] {manager.py:997} INFO - 
================================================================================
DAG File Processing Stats

File Path                                  PID    Runtime      # DAGs    # Errors  Last Runtime    Last Run               Last # of DB Queries
-----------------------------------------  -----  ---------  --------  ----------  --------------  -------------------  ----------------------
/opt/airflow/dags/driven_data_pipeline.py                           1           0  0.16s           2025-07-02T01:48:52                      12
================================================================================
[2025-07-02T01:49:24.464+0000] {manager.py:997} INFO - 
================================================================================
DAG File Processing Stats

File Path                                  PID    Runtime      # DAGs    # Errors  Last Runtime    Last Run               Last # of DB Queries
-----------------------------------------  -----  ---------  --------  ----------  --------------  -------------------  ----------------------
/opt/airflow/dags/driven_data_pipeline.py                           1           0  0.13s           2025-07-02T01:49:22                      12
================================================================================
[2025-07-02T01:49:54.862+0000] {manager.py:997} INFO - 
================================================================================
DAG File Processing Stats

File Path                                  PID    Runtime      # DAGs    # Errors  Last Runtime    Last Run               Last # of DB Queries
-----------------------------------------  -----  ---------  --------  ----------  --------------  -------------------  ----------------------
/opt/airflow/dags/driven_data_pipeline.py                           1           0  0.14s           2025-07-02T01:49:52                      12
================================================================================
[2025-07-02T01:50:25.320+0000] {manager.py:997} INFO - 
================================================================================
DAG File Processing Stats

File Path                                  PID    Runtime      # DAGs    # Errors  Last Runtime    Last Run               Last # of DB Queries
-----------------------------------------  -----  ---------  --------  ----------  --------------  -------------------  ----------------------
/opt/airflow/dags/driven_data_pipeline.py                           1           0  0.22s           2025-07-02T01:50:23                      12
================================================================================
[2025-07-02T01:50:55.817+0000] {manager.py:997} INFO - 
================================================================================
DAG File Processing Stats

File Path                                  PID    Runtime      # DAGs    # Errors  Last Runtime    Last Run               Last # of DB Queries
-----------------------------------------  -----  ---------  --------  ----------  --------------  -------------------  ----------------------
/opt/airflow/dags/driven_data_pipeline.py                           1           0  0.15s           2025-07-02T01:50:53                      12
================================================================================
[2025-07-02T01:51:26.191+0000] {manager.py:997} INFO - 
================================================================================
DAG File Processing Stats

File Path                                  PID    Runtime      # DAGs    # Errors  Last Runtime    Last Run               Last # of DB Queries
-----------------------------------------  -----  ---------  --------  ----------  --------------  -------------------  ----------------------
/opt/airflow/dags/driven_data_pipeline.py                           1           0  0.16s           2025-07-02T01:51:24                      12
================================================================================
[2025-07-02T01:51:56.653+0000] {manager.py:997} INFO - 
================================================================================
DAG File Processing Stats

File Path                                  PID    Runtime      # DAGs    # Errors  Last Runtime    Last Run               Last # of DB Queries
-----------------------------------------  -----  ---------  --------  ----------  --------------  -------------------  ----------------------
/opt/airflow/dags/driven_data_pipeline.py                           1           0  0.14s           2025-07-02T01:51:54                      12
================================================================================
[2025-07-02T01:52:27.042+0000] {manager.py:997} INFO - 
================================================================================
DAG File Processing Stats

File Path                                  PID    Runtime      # DAGs    # Errors  Last Runtime    Last Run               Last # of DB Queries
-----------------------------------------  -----  ---------  --------  ----------  --------------  -------------------  ----------------------
/opt/airflow/dags/driven_data_pipeline.py                           1           0  0.18s           2025-07-02T01:52:25                      12
================================================================================
[2025-07-02T01:52:57.506+0000] {manager.py:997} INFO - 
================================================================================
DAG File Processing Stats

File Path                                  PID    Runtime      # DAGs    # Errors  Last Runtime    Last Run               Last # of DB Queries
-----------------------------------------  -----  ---------  --------  ----------  --------------  -------------------  ----------------------
/opt/airflow/dags/driven_data_pipeline.py                           1           0  0.14s           2025-07-02T01:52:55                      12
================================================================================
[2025-07-02T01:53:27.882+0000] {manager.py:997} INFO - 
================================================================================
DAG File Processing Stats

File Path                                  PID    Runtime      # DAGs    # Errors  Last Runtime    Last Run               Last # of DB Queries
-----------------------------------------  -----  ---------  --------  ----------  --------------  -------------------  ----------------------
/opt/airflow/dags/driven_data_pipeline.py                           1           0  0.14s           2025-07-02T01:53:25                      12
================================================================================
[2025-07-02T01:53:33.955+0000] {manager.py:821} INFO - Searching for files in /opt/airflow/dags
[2025-07-02T01:53:34.011+0000] {manager.py:824} INFO - There are 1 files in /opt/airflow/dags
[2025-07-02T01:53:58.357+0000] {manager.py:997} INFO - 
================================================================================
DAG File Processing Stats

File Path                                  PID    Runtime      # DAGs    # Errors  Last Runtime    Last Run               Last # of DB Queries
-----------------------------------------  -----  ---------  --------  ----------  --------------  -------------------  ----------------------
/opt/airflow/dags/driven_data_pipeline.py                           1           0  0.13s           2025-07-02T01:53:56                      12
================================================================================
[2025-07-02T01:54:28.808+0000] {manager.py:997} INFO - 
================================================================================
DAG File Processing Stats

File Path                                  PID    Runtime      # DAGs    # Errors  Last Runtime    Last Run               Last # of DB Queries
-----------------------------------------  -----  ---------  --------  ----------  --------------  -------------------  ----------------------
/opt/airflow/dags/driven_data_pipeline.py                           1           0  0.18s           2025-07-02T01:54:26                      12
================================================================================
[2025-07-02T01:54:59.213+0000] {manager.py:997} INFO - 
================================================================================
DAG File Processing Stats

File Path                                  PID    Runtime      # DAGs    # Errors  Last Runtime    Last Run               Last # of DB Queries
-----------------------------------------  -----  ---------  --------  ----------  --------------  -------------------  ----------------------
/opt/airflow/dags/driven_data_pipeline.py                           1           0  0.14s           2025-07-02T01:54:57                      12
================================================================================
[2025-07-02T01:55:29.622+0000] {manager.py:997} INFO - 
================================================================================
DAG File Processing Stats

File Path                                  PID    Runtime      # DAGs    # Errors  Last Runtime    Last Run               Last # of DB Queries
-----------------------------------------  -----  ---------  --------  ----------  --------------  -------------------  ----------------------
/opt/airflow/dags/driven_data_pipeline.py                           1           0  0.13s           2025-07-02T01:55:27                      12
================================================================================
[2025-07-02T01:56:00.047+0000] {manager.py:997} INFO - 
================================================================================
DAG File Processing Stats

File Path                                  PID    Runtime      # DAGs    # Errors  Last Runtime    Last Run               Last # of DB Queries
-----------------------------------------  -----  ---------  --------  ----------  --------------  -------------------  ----------------------
/opt/airflow/dags/driven_data_pipeline.py                           1           0  0.14s           2025-07-02T01:55:58                      12
================================================================================
[2025-07-02T01:56:30.434+0000] {manager.py:997} INFO - 
================================================================================
DAG File Processing Stats

File Path                                  PID    Runtime      # DAGs    # Errors  Last Runtime    Last Run               Last # of DB Queries
-----------------------------------------  -----  ---------  --------  ----------  --------------  -------------------  ----------------------
/opt/airflow/dags/driven_data_pipeline.py                           1           0  0.20s           2025-07-02T01:56:28                      12
================================================================================
[2025-07-02T01:57:00.777+0000] {manager.py:997} INFO - 
================================================================================
DAG File Processing Stats

File Path                                  PID    Runtime      # DAGs    # Errors  Last Runtime    Last Run               Last # of DB Queries
-----------------------------------------  -----  ---------  --------  ----------  --------------  -------------------  ----------------------
/opt/airflow/dags/driven_data_pipeline.py                           1           0  0.14s           2025-07-02T01:56:58                      12
================================================================================
[2025-07-02T02:00:41.277+0000] {manager.py:821} INFO - Searching for files in /opt/airflow/dags
[2025-07-02T02:00:41.334+0000] {manager.py:824} INFO - There are 1 files in /opt/airflow/dags
[2025-07-02T02:00:49.539+0000] {manager.py:997} INFO - 
================================================================================
DAG File Processing Stats

File Path                                  PID    Runtime      # DAGs    # Errors  Last Runtime    Last Run               Last # of DB Queries
-----------------------------------------  -----  ---------  --------  ----------  --------------  -------------------  ----------------------
/opt/airflow/dags/driven_data_pipeline.py                           1           0  0.22s           2025-07-02T02:00:41                      12
================================================================================
[2025-07-02T02:01:19.960+0000] {manager.py:997} INFO - 
================================================================================
DAG File Processing Stats

File Path                                  PID    Runtime      # DAGs    # Errors  Last Runtime    Last Run               Last # of DB Queries
-----------------------------------------  -----  ---------  --------  ----------  --------------  -------------------  ----------------------
/opt/airflow/dags/driven_data_pipeline.py                           1           0  0.16s           2025-07-02T02:01:11                      12
================================================================================
[2025-07-02T02:01:50.323+0000] {manager.py:997} INFO - 
================================================================================
DAG File Processing Stats

File Path                                  PID    Runtime      # DAGs    # Errors  Last Runtime    Last Run               Last # of DB Queries
-----------------------------------------  -----  ---------  --------  ----------  --------------  -------------------  ----------------------
/opt/airflow/dags/driven_data_pipeline.py                           1           0  0.18s           2025-07-02T02:01:42                      12
================================================================================
[2025-07-02T02:02:20.779+0000] {manager.py:997} INFO - 
================================================================================
DAG File Processing Stats

File Path                                  PID    Runtime      # DAGs    # Errors  Last Runtime    Last Run               Last # of DB Queries
-----------------------------------------  -----  ---------  --------  ----------  --------------  -------------------  ----------------------
/opt/airflow/dags/driven_data_pipeline.py                           1           0  0.15s           2025-07-02T02:02:12                      12
================================================================================
[2025-07-02T02:02:51.131+0000] {manager.py:997} INFO - 
================================================================================
DAG File Processing Stats

File Path                                  PID    Runtime      # DAGs    # Errors  Last Runtime    Last Run               Last # of DB Queries
-----------------------------------------  -----  ---------  --------  ----------  --------------  -------------------  ----------------------
/opt/airflow/dags/driven_data_pipeline.py                           1           0  0.16s           2025-07-02T02:02:43                      12
================================================================================
[2025-07-02T02:03:21.595+0000] {manager.py:997} INFO - 
================================================================================
DAG File Processing Stats

File Path                                  PID    Runtime      # DAGs    # Errors  Last Runtime    Last Run               Last # of DB Queries
-----------------------------------------  -----  ---------  --------  ----------  --------------  -------------------  ----------------------
/opt/airflow/dags/driven_data_pipeline.py                           1           0  0.15s           2025-07-02T02:03:13                      12
================================================================================
[2025-07-02T02:03:51.932+0000] {manager.py:997} INFO - 
================================================================================
DAG File Processing Stats

File Path                                  PID    Runtime      # DAGs    # Errors  Last Runtime    Last Run               Last # of DB Queries
-----------------------------------------  -----  ---------  --------  ----------  --------------  -------------------  ----------------------
/opt/airflow/dags/driven_data_pipeline.py                           1           0  0.13s           2025-07-02T02:03:43                      12
================================================================================
[2025-07-02T02:04:22.359+0000] {manager.py:997} INFO - 
================================================================================
DAG File Processing Stats

File Path                                  PID    Runtime      # DAGs    # Errors  Last Runtime    Last Run               Last # of DB Queries
-----------------------------------------  -----  ---------  --------  ----------  --------------  -------------------  ----------------------
/opt/airflow/dags/driven_data_pipeline.py                           1           0  0.21s           2025-07-02T02:04:14                      12
================================================================================
[2025-07-02T02:04:52.806+0000] {manager.py:997} INFO - 
================================================================================
DAG File Processing Stats

File Path                                  PID    Runtime      # DAGs    # Errors  Last Runtime    Last Run               Last # of DB Queries
-----------------------------------------  -----  ---------  --------  ----------  --------------  -------------------  ----------------------
/opt/airflow/dags/driven_data_pipeline.py                           1           0  0.15s           2025-07-02T02:04:44                      12
================================================================================
[2025-07-02T02:05:23.183+0000] {manager.py:997} INFO - 
================================================================================
DAG File Processing Stats

File Path                                  PID    Runtime      # DAGs    # Errors  Last Runtime    Last Run               Last # of DB Queries
-----------------------------------------  -----  ---------  --------  ----------  --------------  -------------------  ----------------------
/opt/airflow/dags/driven_data_pipeline.py                           1           0  0.19s           2025-07-02T02:05:15                      12
================================================================================
[2025-07-02T02:05:41.368+0000] {manager.py:821} INFO - Searching for files in /opt/airflow/dags
[2025-07-02T02:05:41.407+0000] {manager.py:824} INFO - There are 1 files in /opt/airflow/dags
[2025-07-02T02:05:53.624+0000] {manager.py:997} INFO - 
================================================================================
DAG File Processing Stats

File Path                                  PID    Runtime      # DAGs    # Errors  Last Runtime    Last Run               Last # of DB Queries
-----------------------------------------  -----  ---------  --------  ----------  --------------  -------------------  ----------------------
/opt/airflow/dags/driven_data_pipeline.py                           1           0  0.15s           2025-07-02T02:05:45                      12
================================================================================
[2025-07-02T02:06:23.997+0000] {manager.py:997} INFO - 
================================================================================
DAG File Processing Stats

File Path                                  PID    Runtime      # DAGs    # Errors  Last Runtime    Last Run               Last # of DB Queries
-----------------------------------------  -----  ---------  --------  ----------  --------------  -------------------  ----------------------
/opt/airflow/dags/driven_data_pipeline.py                           1           0  0.14s           2025-07-02T02:06:16                      12
================================================================================
[2025-07-02T02:06:54.464+0000] {manager.py:997} INFO - 
================================================================================
DAG File Processing Stats

File Path                                  PID    Runtime      # DAGs    # Errors  Last Runtime    Last Run               Last # of DB Queries
-----------------------------------------  -----  ---------  --------  ----------  --------------  -------------------  ----------------------
/opt/airflow/dags/driven_data_pipeline.py                           1           0  0.15s           2025-07-02T02:06:46                      12
================================================================================
[2025-07-02T02:07:24.829+0000] {manager.py:997} INFO - 
================================================================================
DAG File Processing Stats

File Path                                  PID    Runtime      # DAGs    # Errors  Last Runtime    Last Run               Last # of DB Queries
-----------------------------------------  -----  ---------  --------  ----------  --------------  -------------------  ----------------------
/opt/airflow/dags/driven_data_pipeline.py                           1           0  0.20s           2025-07-02T02:07:16                      12
================================================================================
[2025-07-02T02:07:55.147+0000] {manager.py:997} INFO - 
================================================================================
DAG File Processing Stats

File Path                                  PID    Runtime      # DAGs    # Errors  Last Runtime    Last Run               Last # of DB Queries
-----------------------------------------  -----  ---------  --------  ----------  --------------  -------------------  ----------------------
/opt/airflow/dags/driven_data_pipeline.py                           1           0  0.18s           2025-07-02T02:07:47                      12
================================================================================
[2025-07-02T02:08:25.632+0000] {manager.py:997} INFO - 
================================================================================
DAG File Processing Stats

File Path                                  PID    Runtime      # DAGs    # Errors  Last Runtime    Last Run               Last # of DB Queries
-----------------------------------------  -----  ---------  --------  ----------  --------------  -------------------  ----------------------
/opt/airflow/dags/driven_data_pipeline.py                           1           0  0.18s           2025-07-02T02:08:17                      12
================================================================================
[2025-07-02T02:08:55.959+0000] {manager.py:997} INFO - 
================================================================================
DAG File Processing Stats

File Path                                  PID    Runtime      # DAGs    # Errors  Last Runtime    Last Run               Last # of DB Queries
-----------------------------------------  -----  ---------  --------  ----------  --------------  -------------------  ----------------------
/opt/airflow/dags/driven_data_pipeline.py                           1           0  0.13s           2025-07-02T02:08:48                      12
================================================================================
[2025-07-02T02:09:26.366+0000] {manager.py:997} INFO - 
================================================================================
DAG File Processing Stats

File Path                                  PID    Runtime      # DAGs    # Errors  Last Runtime    Last Run               Last # of DB Queries
-----------------------------------------  -----  ---------  --------  ----------  --------------  -------------------  ----------------------
/opt/airflow/dags/driven_data_pipeline.py                           1           0  0.18s           2025-07-02T02:09:18                      12
================================================================================
[2025-07-02T02:09:56.779+0000] {manager.py:997} INFO - 
================================================================================
DAG File Processing Stats

File Path                                  PID    Runtime      # DAGs    # Errors  Last Runtime    Last Run               Last # of DB Queries
-----------------------------------------  -----  ---------  --------  ----------  --------------  -------------------  ----------------------
/opt/airflow/dags/driven_data_pipeline.py                           1           0  0.18s           2025-07-02T02:09:48                      12
================================================================================
[2025-07-02T02:10:27.148+0000] {manager.py:997} INFO - 
================================================================================
DAG File Processing Stats

File Path                                  PID    Runtime      # DAGs    # Errors  Last Runtime    Last Run               Last # of DB Queries
-----------------------------------------  -----  ---------  --------  ----------  --------------  -------------------  ----------------------
/opt/airflow/dags/driven_data_pipeline.py                           1           0  0.15s           2025-07-02T02:10:19                      12
================================================================================
[2025-07-02T02:10:42.321+0000] {manager.py:821} INFO - Searching for files in /opt/airflow/dags
[2025-07-02T02:10:42.366+0000] {manager.py:824} INFO - There are 1 files in /opt/airflow/dags
[2025-07-02T02:10:57.608+0000] {manager.py:997} INFO - 
================================================================================
DAG File Processing Stats

File Path                                  PID    Runtime      # DAGs    # Errors  Last Runtime    Last Run               Last # of DB Queries
-----------------------------------------  -----  ---------  --------  ----------  --------------  -------------------  ----------------------
/opt/airflow/dags/driven_data_pipeline.py                           1           0  0.19s           2025-07-02T02:10:49                      12
================================================================================
[2025-07-02T02:11:28.051+0000] {manager.py:997} INFO - 
================================================================================
DAG File Processing Stats

File Path                                  PID    Runtime      # DAGs    # Errors  Last Runtime    Last Run               Last # of DB Queries
-----------------------------------------  -----  ---------  --------  ----------  --------------  -------------------  ----------------------
/opt/airflow/dags/driven_data_pipeline.py                           1           0  0.17s           2025-07-02T02:11:20                      12
================================================================================
[2025-07-02T02:11:58.403+0000] {manager.py:997} INFO - 
================================================================================
DAG File Processing Stats

File Path                                  PID    Runtime      # DAGs    # Errors  Last Runtime    Last Run               Last # of DB Queries
-----------------------------------------  -----  ---------  --------  ----------  --------------  -------------------  ----------------------
/opt/airflow/dags/driven_data_pipeline.py                           1           0  0.24s           2025-07-02T02:11:50                      12
================================================================================
[2025-07-02T02:12:28.738+0000] {manager.py:997} INFO - 
================================================================================
DAG File Processing Stats

File Path                                  PID    Runtime      # DAGs    # Errors  Last Runtime    Last Run               Last # of DB Queries
-----------------------------------------  -----  ---------  --------  ----------  --------------  -------------------  ----------------------
/opt/airflow/dags/driven_data_pipeline.py                           1           0  0.16s           2025-07-02T02:12:20                      12
================================================================================
[2025-07-02T02:12:59.167+0000] {manager.py:997} INFO - 
================================================================================
DAG File Processing Stats

File Path                                  PID    Runtime      # DAGs    # Errors  Last Runtime    Last Run               Last # of DB Queries
-----------------------------------------  -----  ---------  --------  ----------  --------------  -------------------  ----------------------
/opt/airflow/dags/driven_data_pipeline.py                           1           0  0.20s           2025-07-02T02:12:51                      12
================================================================================
[2025-07-02T02:13:29.544+0000] {manager.py:997} INFO - 
================================================================================
DAG File Processing Stats

File Path                                  PID    Runtime      # DAGs    # Errors  Last Runtime    Last Run               Last # of DB Queries
-----------------------------------------  -----  ---------  --------  ----------  --------------  -------------------  ----------------------
/opt/airflow/dags/driven_data_pipeline.py                           1           0  0.13s           2025-07-02T02:13:21                      12
================================================================================
[2025-07-02T02:13:59.932+0000] {manager.py:997} INFO - 
================================================================================
DAG File Processing Stats

File Path                                  PID    Runtime      # DAGs    # Errors  Last Runtime    Last Run               Last # of DB Queries
-----------------------------------------  -----  ---------  --------  ----------  --------------  -------------------  ----------------------
/opt/airflow/dags/driven_data_pipeline.py                           1           0  0.19s           2025-07-02T02:13:51                      12
================================================================================
[2025-07-02T02:14:30.340+0000] {manager.py:997} INFO - 
================================================================================
DAG File Processing Stats

File Path                                  PID    Runtime      # DAGs    # Errors  Last Runtime    Last Run               Last # of DB Queries
-----------------------------------------  -----  ---------  --------  ----------  --------------  -------------------  ----------------------
/opt/airflow/dags/driven_data_pipeline.py                           1           0  0.14s           2025-07-02T02:14:22                      12
================================================================================
[2025-07-02T02:15:00.713+0000] {manager.py:997} INFO - 
================================================================================
DAG File Processing Stats

File Path                                  PID    Runtime      # DAGs    # Errors  Last Runtime    Last Run               Last # of DB Queries
-----------------------------------------  -----  ---------  --------  ----------  --------------  -------------------  ----------------------
/opt/airflow/dags/driven_data_pipeline.py                           1           0  0.16s           2025-07-02T02:14:52                      12
================================================================================
[2025-07-02T02:15:31.147+0000] {manager.py:997} INFO - 
================================================================================
DAG File Processing Stats

File Path                                  PID    Runtime      # DAGs    # Errors  Last Runtime    Last Run               Last # of DB Queries
-----------------------------------------  -----  ---------  --------  ----------  --------------  -------------------  ----------------------
/opt/airflow/dags/driven_data_pipeline.py                           1           0  0.15s           2025-07-02T02:15:23                      12
================================================================================
[2025-07-02T02:15:43.266+0000] {manager.py:821} INFO - Searching for files in /opt/airflow/dags
[2025-07-02T02:15:43.297+0000] {manager.py:824} INFO - There are 1 files in /opt/airflow/dags
[2025-07-02T02:16:01.541+0000] {manager.py:997} INFO - 
================================================================================
DAG File Processing Stats

File Path                                  PID    Runtime      # DAGs    # Errors  Last Runtime    Last Run               Last # of DB Queries
-----------------------------------------  -----  ---------  --------  ----------  --------------  -------------------  ----------------------
/opt/airflow/dags/driven_data_pipeline.py                           1           0  0.19s           2025-07-02T02:15:53                      12
================================================================================
[2025-07-02T02:16:32.000+0000] {manager.py:997} INFO - 
================================================================================
DAG File Processing Stats

File Path                                  PID    Runtime      # DAGs    # Errors  Last Runtime    Last Run               Last # of DB Queries
-----------------------------------------  -----  ---------  --------  ----------  --------------  -------------------  ----------------------
/opt/airflow/dags/driven_data_pipeline.py                           1           0  0.14s           2025-07-02T02:16:23                      12
================================================================================
[2025-07-02T02:17:02.357+0000] {manager.py:997} INFO - 
================================================================================
DAG File Processing Stats

File Path                                  PID    Runtime      # DAGs    # Errors  Last Runtime    Last Run               Last # of DB Queries
-----------------------------------------  -----  ---------  --------  ----------  --------------  -------------------  ----------------------
/opt/airflow/dags/driven_data_pipeline.py                           1           0  0.15s           2025-07-02T02:16:54                      12
================================================================================
[2025-07-02T02:17:02.624+0000] {manager.py:465} INFO - Exiting gracefully upon receiving signal 15
