[2025-07-01T02:45:04.575+0000] {processor.py:186} INFO - Started process (PID=1323) to work on /opt/airflow/dags/driven_data_pipeline.py
[2025-07-01T02:45:04.577+0000] {processor.py:914} INFO - Processing file /opt/airflow/dags/driven_data_pipeline.py for tasks to queue
[2025-07-01T02:45:04.582+0000] {logging_mixin.py:190} INFO - [2025-07-01T02:45:04.582+0000] {dagbag.py:588} INFO - Filling up the DagBag from /opt/airflow/dags/driven_data_pipeline.py
[2025-07-01T02:45:04.635+0000] {logging_mixin.py:190} INFO - [2025-07-01T02:45:04.626+0000] {dagbag.py:387} ERROR - Failed to import: /opt/airflow/dags/driven_data_pipeline.py
Traceback (most recent call last):
  File "/home/airflow/.local/lib/python3.12/site-packages/airflow/models/dagbag.py", line 383, in parse
    loader.exec_module(new_module)
  File "<frozen importlib._bootstrap_external>", line 995, in exec_module
  File "<frozen importlib._bootstrap>", line 488, in _call_with_frames_removed
  File "/opt/airflow/dags/driven_data_pipeline.py", line 8, in <module>
    dag = DAG(
          ^^^
NameError: name 'DAG' is not defined
[2025-07-01T02:45:04.639+0000] {processor.py:927} WARNING - No viable dags retrieved from /opt/airflow/dags/driven_data_pipeline.py
[2025-07-01T02:45:04.674+0000] {processor.py:208} INFO - Processing /opt/airflow/dags/driven_data_pipeline.py took 0.111 seconds
[2025-07-01T02:45:34.904+0000] {processor.py:186} INFO - Started process (PID=1330) to work on /opt/airflow/dags/driven_data_pipeline.py
[2025-07-01T02:45:34.906+0000] {processor.py:914} INFO - Processing file /opt/airflow/dags/driven_data_pipeline.py for tasks to queue
[2025-07-01T02:45:34.909+0000] {logging_mixin.py:190} INFO - [2025-07-01T02:45:34.909+0000] {dagbag.py:588} INFO - Filling up the DagBag from /opt/airflow/dags/driven_data_pipeline.py
[2025-07-01T02:45:34.946+0000] {logging_mixin.py:190} INFO - [2025-07-01T02:45:34.938+0000] {dagbag.py:387} ERROR - Failed to import: /opt/airflow/dags/driven_data_pipeline.py
Traceback (most recent call last):
  File "/home/airflow/.local/lib/python3.12/site-packages/airflow/models/dagbag.py", line 383, in parse
    loader.exec_module(new_module)
  File "<frozen importlib._bootstrap_external>", line 995, in exec_module
  File "<frozen importlib._bootstrap>", line 488, in _call_with_frames_removed
  File "/opt/airflow/dags/driven_data_pipeline.py", line 8, in <module>
    dag = DAG(
          ^^^
NameError: name 'DAG' is not defined
[2025-07-01T02:45:34.949+0000] {processor.py:927} WARNING - No viable dags retrieved from /opt/airflow/dags/driven_data_pipeline.py
[2025-07-01T02:45:34.973+0000] {processor.py:208} INFO - Processing /opt/airflow/dags/driven_data_pipeline.py took 0.077 seconds
[2025-07-01T02:46:05.313+0000] {processor.py:186} INFO - Started process (PID=1337) to work on /opt/airflow/dags/driven_data_pipeline.py
[2025-07-01T02:46:05.315+0000] {processor.py:914} INFO - Processing file /opt/airflow/dags/driven_data_pipeline.py for tasks to queue
[2025-07-01T02:46:05.319+0000] {logging_mixin.py:190} INFO - [2025-07-01T02:46:05.318+0000] {dagbag.py:588} INFO - Filling up the DagBag from /opt/airflow/dags/driven_data_pipeline.py
[2025-07-01T02:46:05.334+0000] {logging_mixin.py:190} INFO - [2025-07-01T02:46:05.330+0000] {dagbag.py:387} ERROR - Failed to import: /opt/airflow/dags/driven_data_pipeline.py
Traceback (most recent call last):
  File "/home/airflow/.local/lib/python3.12/site-packages/airflow/models/dagbag.py", line 383, in parse
    loader.exec_module(new_module)
  File "<frozen importlib._bootstrap_external>", line 995, in exec_module
  File "<frozen importlib._bootstrap>", line 488, in _call_with_frames_removed
  File "/opt/airflow/dags/driven_data_pipeline.py", line 8, in <module>
    dag = DAG(
          ^^^
NameError: name 'DAG' is not defined
[2025-07-01T02:46:05.336+0000] {processor.py:927} WARNING - No viable dags retrieved from /opt/airflow/dags/driven_data_pipeline.py
[2025-07-01T02:46:05.360+0000] {processor.py:208} INFO - Processing /opt/airflow/dags/driven_data_pipeline.py took 0.056 seconds
[2025-07-01T02:46:35.646+0000] {processor.py:186} INFO - Started process (PID=1344) to work on /opt/airflow/dags/driven_data_pipeline.py
[2025-07-01T02:46:35.649+0000] {processor.py:914} INFO - Processing file /opt/airflow/dags/driven_data_pipeline.py for tasks to queue
[2025-07-01T02:46:35.654+0000] {logging_mixin.py:190} INFO - [2025-07-01T02:46:35.653+0000] {dagbag.py:588} INFO - Filling up the DagBag from /opt/airflow/dags/driven_data_pipeline.py
[2025-07-01T02:46:35.694+0000] {logging_mixin.py:190} INFO - [2025-07-01T02:46:35.683+0000] {dagbag.py:387} ERROR - Failed to import: /opt/airflow/dags/driven_data_pipeline.py
Traceback (most recent call last):
  File "/home/airflow/.local/lib/python3.12/site-packages/airflow/models/dagbag.py", line 383, in parse
    loader.exec_module(new_module)
  File "<frozen importlib._bootstrap_external>", line 995, in exec_module
  File "<frozen importlib._bootstrap>", line 488, in _call_with_frames_removed
  File "/opt/airflow/dags/driven_data_pipeline.py", line 8, in <module>
    dag = DAG(
          ^^^
NameError: name 'DAG' is not defined
[2025-07-01T02:46:35.701+0000] {processor.py:927} WARNING - No viable dags retrieved from /opt/airflow/dags/driven_data_pipeline.py
[2025-07-01T02:46:35.741+0000] {processor.py:208} INFO - Processing /opt/airflow/dags/driven_data_pipeline.py took 0.111 seconds
[2025-07-01T02:47:06.037+0000] {processor.py:186} INFO - Started process (PID=1351) to work on /opt/airflow/dags/driven_data_pipeline.py
[2025-07-01T02:47:06.040+0000] {processor.py:914} INFO - Processing file /opt/airflow/dags/driven_data_pipeline.py for tasks to queue
[2025-07-01T02:47:06.048+0000] {logging_mixin.py:190} INFO - [2025-07-01T02:47:06.047+0000] {dagbag.py:588} INFO - Filling up the DagBag from /opt/airflow/dags/driven_data_pipeline.py
[2025-07-01T02:47:06.108+0000] {logging_mixin.py:190} INFO - [2025-07-01T02:47:06.090+0000] {dagbag.py:387} ERROR - Failed to import: /opt/airflow/dags/driven_data_pipeline.py
Traceback (most recent call last):
  File "/home/airflow/.local/lib/python3.12/site-packages/airflow/models/dagbag.py", line 383, in parse
    loader.exec_module(new_module)
  File "<frozen importlib._bootstrap_external>", line 995, in exec_module
  File "<frozen importlib._bootstrap>", line 488, in _call_with_frames_removed
  File "/opt/airflow/dags/driven_data_pipeline.py", line 8, in <module>
    dag = DAG(
          ^^^
NameError: name 'DAG' is not defined
[2025-07-01T02:47:06.116+0000] {processor.py:927} WARNING - No viable dags retrieved from /opt/airflow/dags/driven_data_pipeline.py
[2025-07-01T02:47:06.158+0000] {processor.py:208} INFO - Processing /opt/airflow/dags/driven_data_pipeline.py took 0.129 seconds
[2025-07-01T02:47:36.451+0000] {processor.py:186} INFO - Started process (PID=1358) to work on /opt/airflow/dags/driven_data_pipeline.py
[2025-07-01T02:47:36.453+0000] {processor.py:914} INFO - Processing file /opt/airflow/dags/driven_data_pipeline.py for tasks to queue
[2025-07-01T02:47:36.460+0000] {logging_mixin.py:190} INFO - [2025-07-01T02:47:36.459+0000] {dagbag.py:588} INFO - Filling up the DagBag from /opt/airflow/dags/driven_data_pipeline.py
[2025-07-01T02:47:36.508+0000] {logging_mixin.py:190} INFO - [2025-07-01T02:47:36.496+0000] {dagbag.py:387} ERROR - Failed to import: /opt/airflow/dags/driven_data_pipeline.py
Traceback (most recent call last):
  File "/home/airflow/.local/lib/python3.12/site-packages/airflow/models/dagbag.py", line 383, in parse
    loader.exec_module(new_module)
  File "<frozen importlib._bootstrap_external>", line 995, in exec_module
  File "<frozen importlib._bootstrap>", line 488, in _call_with_frames_removed
  File "/opt/airflow/dags/driven_data_pipeline.py", line 8, in <module>
    dag = DAG(
          ^^^
NameError: name 'DAG' is not defined
[2025-07-01T02:47:36.548+0000] {processor.py:927} WARNING - No viable dags retrieved from /opt/airflow/dags/driven_data_pipeline.py
[2025-07-01T02:47:36.604+0000] {processor.py:208} INFO - Processing /opt/airflow/dags/driven_data_pipeline.py took 0.168 seconds
[2025-07-01T02:48:06.847+0000] {processor.py:186} INFO - Started process (PID=1365) to work on /opt/airflow/dags/driven_data_pipeline.py
[2025-07-01T02:48:06.849+0000] {processor.py:914} INFO - Processing file /opt/airflow/dags/driven_data_pipeline.py for tasks to queue
[2025-07-01T02:48:06.858+0000] {logging_mixin.py:190} INFO - [2025-07-01T02:48:06.857+0000] {dagbag.py:588} INFO - Filling up the DagBag from /opt/airflow/dags/driven_data_pipeline.py
[2025-07-01T02:48:06.893+0000] {logging_mixin.py:190} INFO - [2025-07-01T02:48:06.884+0000] {dagbag.py:387} ERROR - Failed to import: /opt/airflow/dags/driven_data_pipeline.py
Traceback (most recent call last):
  File "/home/airflow/.local/lib/python3.12/site-packages/airflow/models/dagbag.py", line 383, in parse
    loader.exec_module(new_module)
  File "<frozen importlib._bootstrap_external>", line 995, in exec_module
  File "<frozen importlib._bootstrap>", line 488, in _call_with_frames_removed
  File "/opt/airflow/dags/driven_data_pipeline.py", line 8, in <module>
    dag = DAG(
          ^^^
NameError: name 'DAG' is not defined
[2025-07-01T02:48:06.897+0000] {processor.py:927} WARNING - No viable dags retrieved from /opt/airflow/dags/driven_data_pipeline.py
[2025-07-01T02:48:06.935+0000] {processor.py:208} INFO - Processing /opt/airflow/dags/driven_data_pipeline.py took 0.101 seconds
[2025-07-01T02:48:37.277+0000] {processor.py:186} INFO - Started process (PID=1372) to work on /opt/airflow/dags/driven_data_pipeline.py
[2025-07-01T02:48:37.278+0000] {processor.py:914} INFO - Processing file /opt/airflow/dags/driven_data_pipeline.py for tasks to queue
[2025-07-01T02:48:37.282+0000] {logging_mixin.py:190} INFO - [2025-07-01T02:48:37.282+0000] {dagbag.py:588} INFO - Filling up the DagBag from /opt/airflow/dags/driven_data_pipeline.py
[2025-07-01T02:48:37.303+0000] {logging_mixin.py:190} INFO - [2025-07-01T02:48:37.297+0000] {dagbag.py:387} ERROR - Failed to import: /opt/airflow/dags/driven_data_pipeline.py
Traceback (most recent call last):
  File "/home/airflow/.local/lib/python3.12/site-packages/airflow/models/dagbag.py", line 383, in parse
    loader.exec_module(new_module)
  File "<frozen importlib._bootstrap_external>", line 995, in exec_module
  File "<frozen importlib._bootstrap>", line 488, in _call_with_frames_removed
  File "/opt/airflow/dags/driven_data_pipeline.py", line 8, in <module>
    dag = DAG(
          ^^^
NameError: name 'DAG' is not defined
[2025-07-01T02:48:37.306+0000] {processor.py:927} WARNING - No viable dags retrieved from /opt/airflow/dags/driven_data_pipeline.py
[2025-07-01T02:48:37.329+0000] {processor.py:208} INFO - Processing /opt/airflow/dags/driven_data_pipeline.py took 0.059 seconds
[2025-07-01T02:49:07.671+0000] {processor.py:186} INFO - Started process (PID=1379) to work on /opt/airflow/dags/driven_data_pipeline.py
[2025-07-01T02:49:07.673+0000] {processor.py:914} INFO - Processing file /opt/airflow/dags/driven_data_pipeline.py for tasks to queue
[2025-07-01T02:49:07.677+0000] {logging_mixin.py:190} INFO - [2025-07-01T02:49:07.676+0000] {dagbag.py:588} INFO - Filling up the DagBag from /opt/airflow/dags/driven_data_pipeline.py
[2025-07-01T02:49:07.710+0000] {logging_mixin.py:190} INFO - [2025-07-01T02:49:07.703+0000] {dagbag.py:387} ERROR - Failed to import: /opt/airflow/dags/driven_data_pipeline.py
Traceback (most recent call last):
  File "/home/airflow/.local/lib/python3.12/site-packages/airflow/models/dagbag.py", line 383, in parse
    loader.exec_module(new_module)
  File "<frozen importlib._bootstrap_external>", line 995, in exec_module
  File "<frozen importlib._bootstrap>", line 488, in _call_with_frames_removed
  File "/opt/airflow/dags/driven_data_pipeline.py", line 8, in <module>
    dag = DAG(
          ^^^
NameError: name 'DAG' is not defined
[2025-07-01T02:49:07.713+0000] {processor.py:927} WARNING - No viable dags retrieved from /opt/airflow/dags/driven_data_pipeline.py
[2025-07-01T02:49:07.733+0000] {processor.py:208} INFO - Processing /opt/airflow/dags/driven_data_pipeline.py took 0.068 seconds
[2025-07-01T02:49:38.052+0000] {processor.py:186} INFO - Started process (PID=1386) to work on /opt/airflow/dags/driven_data_pipeline.py
[2025-07-01T02:49:38.055+0000] {processor.py:914} INFO - Processing file /opt/airflow/dags/driven_data_pipeline.py for tasks to queue
[2025-07-01T02:49:38.062+0000] {logging_mixin.py:190} INFO - [2025-07-01T02:49:38.061+0000] {dagbag.py:588} INFO - Filling up the DagBag from /opt/airflow/dags/driven_data_pipeline.py
[2025-07-01T02:49:38.109+0000] {logging_mixin.py:190} INFO - [2025-07-01T02:49:38.098+0000] {dagbag.py:387} ERROR - Failed to import: /opt/airflow/dags/driven_data_pipeline.py
Traceback (most recent call last):
  File "/home/airflow/.local/lib/python3.12/site-packages/airflow/models/dagbag.py", line 383, in parse
    loader.exec_module(new_module)
  File "<frozen importlib._bootstrap_external>", line 995, in exec_module
  File "<frozen importlib._bootstrap>", line 488, in _call_with_frames_removed
  File "/opt/airflow/dags/driven_data_pipeline.py", line 8, in <module>
    dag = DAG(
          ^^^
NameError: name 'DAG' is not defined
[2025-07-01T02:49:38.116+0000] {processor.py:927} WARNING - No viable dags retrieved from /opt/airflow/dags/driven_data_pipeline.py
[2025-07-01T02:49:38.162+0000] {processor.py:208} INFO - Processing /opt/airflow/dags/driven_data_pipeline.py took 0.121 seconds
[2025-07-01T02:50:08.779+0000] {processor.py:186} INFO - Started process (PID=1394) to work on /opt/airflow/dags/driven_data_pipeline.py
[2025-07-01T02:50:08.782+0000] {processor.py:914} INFO - Processing file /opt/airflow/dags/driven_data_pipeline.py for tasks to queue
[2025-07-01T02:50:08.790+0000] {logging_mixin.py:190} INFO - [2025-07-01T02:50:08.789+0000] {dagbag.py:588} INFO - Filling up the DagBag from /opt/airflow/dags/driven_data_pipeline.py
[2025-07-01T02:50:08.834+0000] {logging_mixin.py:190} INFO - [2025-07-01T02:50:08.823+0000] {dagbag.py:387} ERROR - Failed to import: /opt/airflow/dags/driven_data_pipeline.py
Traceback (most recent call last):
  File "/home/airflow/.local/lib/python3.12/site-packages/airflow/models/dagbag.py", line 383, in parse
    loader.exec_module(new_module)
  File "<frozen importlib._bootstrap_external>", line 995, in exec_module
  File "<frozen importlib._bootstrap>", line 488, in _call_with_frames_removed
  File "/opt/airflow/dags/driven_data_pipeline.py", line 8, in <module>
    dag = DAG(
          ^^^
NameError: name 'DAG' is not defined
[2025-07-01T02:50:08.840+0000] {processor.py:927} WARNING - No viable dags retrieved from /opt/airflow/dags/driven_data_pipeline.py
[2025-07-01T02:50:08.880+0000] {processor.py:208} INFO - Processing /opt/airflow/dags/driven_data_pipeline.py took 0.115 seconds
[2025-07-01T02:50:39.201+0000] {processor.py:186} INFO - Started process (PID=1401) to work on /opt/airflow/dags/driven_data_pipeline.py
[2025-07-01T02:50:39.208+0000] {processor.py:914} INFO - Processing file /opt/airflow/dags/driven_data_pipeline.py for tasks to queue
[2025-07-01T02:50:39.216+0000] {logging_mixin.py:190} INFO - [2025-07-01T02:50:39.215+0000] {dagbag.py:588} INFO - Filling up the DagBag from /opt/airflow/dags/driven_data_pipeline.py
[2025-07-01T02:50:39.252+0000] {logging_mixin.py:190} INFO - [2025-07-01T02:50:39.243+0000] {dagbag.py:387} ERROR - Failed to import: /opt/airflow/dags/driven_data_pipeline.py
Traceback (most recent call last):
  File "/home/airflow/.local/lib/python3.12/site-packages/airflow/models/dagbag.py", line 383, in parse
    loader.exec_module(new_module)
  File "<frozen importlib._bootstrap_external>", line 995, in exec_module
  File "<frozen importlib._bootstrap>", line 488, in _call_with_frames_removed
  File "/opt/airflow/dags/driven_data_pipeline.py", line 8, in <module>
    dag = DAG(
          ^^^
NameError: name 'DAG' is not defined
[2025-07-01T02:50:39.256+0000] {processor.py:927} WARNING - No viable dags retrieved from /opt/airflow/dags/driven_data_pipeline.py
[2025-07-01T02:50:39.307+0000] {processor.py:208} INFO - Processing /opt/airflow/dags/driven_data_pipeline.py took 0.119 seconds
[2025-07-01T02:51:09.577+0000] {processor.py:186} INFO - Started process (PID=1408) to work on /opt/airflow/dags/driven_data_pipeline.py
[2025-07-01T02:51:09.578+0000] {processor.py:914} INFO - Processing file /opt/airflow/dags/driven_data_pipeline.py for tasks to queue
[2025-07-01T02:51:09.583+0000] {logging_mixin.py:190} INFO - [2025-07-01T02:51:09.582+0000] {dagbag.py:588} INFO - Filling up the DagBag from /opt/airflow/dags/driven_data_pipeline.py
[2025-07-01T02:51:09.614+0000] {logging_mixin.py:190} INFO - [2025-07-01T02:51:09.606+0000] {dagbag.py:387} ERROR - Failed to import: /opt/airflow/dags/driven_data_pipeline.py
Traceback (most recent call last):
  File "/home/airflow/.local/lib/python3.12/site-packages/airflow/models/dagbag.py", line 383, in parse
    loader.exec_module(new_module)
  File "<frozen importlib._bootstrap_external>", line 995, in exec_module
  File "<frozen importlib._bootstrap>", line 488, in _call_with_frames_removed
  File "/opt/airflow/dags/driven_data_pipeline.py", line 8, in <module>
    dag = DAG(
          ^^^
NameError: name 'DAG' is not defined
[2025-07-01T02:51:09.618+0000] {processor.py:927} WARNING - No viable dags retrieved from /opt/airflow/dags/driven_data_pipeline.py
[2025-07-01T02:51:09.649+0000] {processor.py:208} INFO - Processing /opt/airflow/dags/driven_data_pipeline.py took 0.081 seconds
[2025-07-01T02:51:40.040+0000] {processor.py:186} INFO - Started process (PID=1415) to work on /opt/airflow/dags/driven_data_pipeline.py
[2025-07-01T02:51:40.043+0000] {processor.py:914} INFO - Processing file /opt/airflow/dags/driven_data_pipeline.py for tasks to queue
[2025-07-01T02:51:40.053+0000] {logging_mixin.py:190} INFO - [2025-07-01T02:51:40.052+0000] {dagbag.py:588} INFO - Filling up the DagBag from /opt/airflow/dags/driven_data_pipeline.py
[2025-07-01T02:51:40.092+0000] {logging_mixin.py:190} INFO - [2025-07-01T02:51:40.079+0000] {dagbag.py:387} ERROR - Failed to import: /opt/airflow/dags/driven_data_pipeline.py
Traceback (most recent call last):
  File "/home/airflow/.local/lib/python3.12/site-packages/airflow/models/dagbag.py", line 383, in parse
    loader.exec_module(new_module)
  File "<frozen importlib._bootstrap_external>", line 995, in exec_module
  File "<frozen importlib._bootstrap>", line 488, in _call_with_frames_removed
  File "/opt/airflow/dags/driven_data_pipeline.py", line 8, in <module>
    dag = DAG(
          ^^^
NameError: name 'DAG' is not defined
[2025-07-01T02:51:40.097+0000] {processor.py:927} WARNING - No viable dags retrieved from /opt/airflow/dags/driven_data_pipeline.py
[2025-07-01T02:51:40.135+0000] {processor.py:208} INFO - Processing /opt/airflow/dags/driven_data_pipeline.py took 0.111 seconds
[2025-07-01T02:52:10.407+0000] {processor.py:186} INFO - Started process (PID=1422) to work on /opt/airflow/dags/driven_data_pipeline.py
[2025-07-01T02:52:10.408+0000] {processor.py:914} INFO - Processing file /opt/airflow/dags/driven_data_pipeline.py for tasks to queue
[2025-07-01T02:52:10.412+0000] {logging_mixin.py:190} INFO - [2025-07-01T02:52:10.412+0000] {dagbag.py:588} INFO - Filling up the DagBag from /opt/airflow/dags/driven_data_pipeline.py
[2025-07-01T02:52:10.430+0000] {logging_mixin.py:190} INFO - [2025-07-01T02:52:10.421+0000] {dagbag.py:387} ERROR - Failed to import: /opt/airflow/dags/driven_data_pipeline.py
Traceback (most recent call last):
  File "/home/airflow/.local/lib/python3.12/site-packages/airflow/models/dagbag.py", line 383, in parse
    loader.exec_module(new_module)
  File "<frozen importlib._bootstrap_external>", line 995, in exec_module
  File "<frozen importlib._bootstrap>", line 488, in _call_with_frames_removed
  File "/opt/airflow/dags/driven_data_pipeline.py", line 8, in <module>
    dag = DAG(
          ^^^
NameError: name 'DAG' is not defined
[2025-07-01T02:52:10.434+0000] {processor.py:927} WARNING - No viable dags retrieved from /opt/airflow/dags/driven_data_pipeline.py
[2025-07-01T02:52:10.456+0000] {processor.py:208} INFO - Processing /opt/airflow/dags/driven_data_pipeline.py took 0.057 seconds
[2025-07-01T02:52:40.749+0000] {processor.py:186} INFO - Started process (PID=1429) to work on /opt/airflow/dags/driven_data_pipeline.py
[2025-07-01T02:52:40.750+0000] {processor.py:914} INFO - Processing file /opt/airflow/dags/driven_data_pipeline.py for tasks to queue
[2025-07-01T02:52:40.753+0000] {logging_mixin.py:190} INFO - [2025-07-01T02:52:40.753+0000] {dagbag.py:588} INFO - Filling up the DagBag from /opt/airflow/dags/driven_data_pipeline.py
[2025-07-01T02:52:40.770+0000] {logging_mixin.py:190} INFO - [2025-07-01T02:52:40.766+0000] {dagbag.py:387} ERROR - Failed to import: /opt/airflow/dags/driven_data_pipeline.py
Traceback (most recent call last):
  File "/home/airflow/.local/lib/python3.12/site-packages/airflow/models/dagbag.py", line 383, in parse
    loader.exec_module(new_module)
  File "<frozen importlib._bootstrap_external>", line 995, in exec_module
  File "<frozen importlib._bootstrap>", line 488, in _call_with_frames_removed
  File "/opt/airflow/dags/driven_data_pipeline.py", line 8, in <module>
    dag = DAG(
          ^^^
NameError: name 'DAG' is not defined
[2025-07-01T02:52:40.771+0000] {processor.py:927} WARNING - No viable dags retrieved from /opt/airflow/dags/driven_data_pipeline.py
[2025-07-01T02:52:40.792+0000] {processor.py:208} INFO - Processing /opt/airflow/dags/driven_data_pipeline.py took 0.050 seconds
[2025-07-01T02:53:11.115+0000] {processor.py:186} INFO - Started process (PID=1436) to work on /opt/airflow/dags/driven_data_pipeline.py
[2025-07-01T02:53:11.117+0000] {processor.py:914} INFO - Processing file /opt/airflow/dags/driven_data_pipeline.py for tasks to queue
[2025-07-01T02:53:11.121+0000] {logging_mixin.py:190} INFO - [2025-07-01T02:53:11.121+0000] {dagbag.py:588} INFO - Filling up the DagBag from /opt/airflow/dags/driven_data_pipeline.py
[2025-07-01T02:53:11.142+0000] {logging_mixin.py:190} INFO - [2025-07-01T02:53:11.136+0000] {dagbag.py:387} ERROR - Failed to import: /opt/airflow/dags/driven_data_pipeline.py
Traceback (most recent call last):
  File "/home/airflow/.local/lib/python3.12/site-packages/airflow/models/dagbag.py", line 383, in parse
    loader.exec_module(new_module)
  File "<frozen importlib._bootstrap_external>", line 995, in exec_module
  File "<frozen importlib._bootstrap>", line 488, in _call_with_frames_removed
  File "/opt/airflow/dags/driven_data_pipeline.py", line 8, in <module>
    dag = DAG(
          ^^^
NameError: name 'DAG' is not defined
[2025-07-01T02:53:11.144+0000] {processor.py:927} WARNING - No viable dags retrieved from /opt/airflow/dags/driven_data_pipeline.py
[2025-07-01T02:53:11.169+0000] {processor.py:208} INFO - Processing /opt/airflow/dags/driven_data_pipeline.py took 0.063 seconds
[2025-07-01T02:53:41.457+0000] {processor.py:186} INFO - Started process (PID=1443) to work on /opt/airflow/dags/driven_data_pipeline.py
[2025-07-01T02:53:41.459+0000] {processor.py:914} INFO - Processing file /opt/airflow/dags/driven_data_pipeline.py for tasks to queue
[2025-07-01T02:53:41.462+0000] {logging_mixin.py:190} INFO - [2025-07-01T02:53:41.462+0000] {dagbag.py:588} INFO - Filling up the DagBag from /opt/airflow/dags/driven_data_pipeline.py
[2025-07-01T02:53:41.483+0000] {logging_mixin.py:190} INFO - [2025-07-01T02:53:41.478+0000] {dagbag.py:387} ERROR - Failed to import: /opt/airflow/dags/driven_data_pipeline.py
Traceback (most recent call last):
  File "/home/airflow/.local/lib/python3.12/site-packages/airflow/models/dagbag.py", line 383, in parse
    loader.exec_module(new_module)
  File "<frozen importlib._bootstrap_external>", line 995, in exec_module
  File "<frozen importlib._bootstrap>", line 488, in _call_with_frames_removed
  File "/opt/airflow/dags/driven_data_pipeline.py", line 8, in <module>
    dag = DAG(
          ^^^
NameError: name 'DAG' is not defined
[2025-07-01T02:53:41.485+0000] {processor.py:927} WARNING - No viable dags retrieved from /opt/airflow/dags/driven_data_pipeline.py
[2025-07-01T02:53:41.507+0000] {processor.py:208} INFO - Processing /opt/airflow/dags/driven_data_pipeline.py took 0.059 seconds
[2025-07-01T02:54:11.867+0000] {processor.py:186} INFO - Started process (PID=1450) to work on /opt/airflow/dags/driven_data_pipeline.py
[2025-07-01T02:54:11.868+0000] {processor.py:914} INFO - Processing file /opt/airflow/dags/driven_data_pipeline.py for tasks to queue
[2025-07-01T02:54:11.872+0000] {logging_mixin.py:190} INFO - [2025-07-01T02:54:11.871+0000] {dagbag.py:588} INFO - Filling up the DagBag from /opt/airflow/dags/driven_data_pipeline.py
[2025-07-01T02:54:11.912+0000] {logging_mixin.py:190} INFO - [2025-07-01T02:54:11.902+0000] {dagbag.py:387} ERROR - Failed to import: /opt/airflow/dags/driven_data_pipeline.py
Traceback (most recent call last):
  File "/home/airflow/.local/lib/python3.12/site-packages/airflow/models/dagbag.py", line 383, in parse
    loader.exec_module(new_module)
  File "<frozen importlib._bootstrap_external>", line 995, in exec_module
  File "<frozen importlib._bootstrap>", line 488, in _call_with_frames_removed
  File "/opt/airflow/dags/driven_data_pipeline.py", line 8, in <module>
    dag = DAG(
          ^^^
NameError: name 'DAG' is not defined
[2025-07-01T02:54:11.916+0000] {processor.py:927} WARNING - No viable dags retrieved from /opt/airflow/dags/driven_data_pipeline.py
[2025-07-01T02:54:11.942+0000] {processor.py:208} INFO - Processing /opt/airflow/dags/driven_data_pipeline.py took 0.083 seconds
[2025-07-01T02:54:42.211+0000] {processor.py:186} INFO - Started process (PID=1457) to work on /opt/airflow/dags/driven_data_pipeline.py
[2025-07-01T02:54:42.215+0000] {processor.py:914} INFO - Processing file /opt/airflow/dags/driven_data_pipeline.py for tasks to queue
[2025-07-01T02:54:42.224+0000] {logging_mixin.py:190} INFO - [2025-07-01T02:54:42.221+0000] {dagbag.py:588} INFO - Filling up the DagBag from /opt/airflow/dags/driven_data_pipeline.py
[2025-07-01T02:54:42.268+0000] {logging_mixin.py:190} INFO - [2025-07-01T02:54:42.258+0000] {dagbag.py:387} ERROR - Failed to import: /opt/airflow/dags/driven_data_pipeline.py
Traceback (most recent call last):
  File "/home/airflow/.local/lib/python3.12/site-packages/airflow/models/dagbag.py", line 383, in parse
    loader.exec_module(new_module)
  File "<frozen importlib._bootstrap_external>", line 995, in exec_module
  File "<frozen importlib._bootstrap>", line 488, in _call_with_frames_removed
  File "/opt/airflow/dags/driven_data_pipeline.py", line 8, in <module>
    dag = DAG(
          ^^^
NameError: name 'DAG' is not defined
[2025-07-01T02:54:42.273+0000] {processor.py:927} WARNING - No viable dags retrieved from /opt/airflow/dags/driven_data_pipeline.py
[2025-07-01T02:54:42.331+0000] {processor.py:208} INFO - Processing /opt/airflow/dags/driven_data_pipeline.py took 0.134 seconds
[2025-07-01T02:55:12.656+0000] {processor.py:186} INFO - Started process (PID=1470) to work on /opt/airflow/dags/driven_data_pipeline.py
[2025-07-01T02:55:12.659+0000] {processor.py:914} INFO - Processing file /opt/airflow/dags/driven_data_pipeline.py for tasks to queue
[2025-07-01T02:55:12.664+0000] {logging_mixin.py:190} INFO - [2025-07-01T02:55:12.664+0000] {dagbag.py:588} INFO - Filling up the DagBag from /opt/airflow/dags/driven_data_pipeline.py
[2025-07-01T02:55:12.696+0000] {logging_mixin.py:190} INFO - [2025-07-01T02:55:12.689+0000] {dagbag.py:387} ERROR - Failed to import: /opt/airflow/dags/driven_data_pipeline.py
Traceback (most recent call last):
  File "/home/airflow/.local/lib/python3.12/site-packages/airflow/models/dagbag.py", line 383, in parse
    loader.exec_module(new_module)
  File "<frozen importlib._bootstrap_external>", line 995, in exec_module
  File "<frozen importlib._bootstrap>", line 488, in _call_with_frames_removed
  File "/opt/airflow/dags/driven_data_pipeline.py", line 8, in <module>
    dag = DAG(
          ^^^
NameError: name 'DAG' is not defined
[2025-07-01T02:55:12.699+0000] {processor.py:927} WARNING - No viable dags retrieved from /opt/airflow/dags/driven_data_pipeline.py
[2025-07-01T02:55:12.730+0000] {processor.py:208} INFO - Processing /opt/airflow/dags/driven_data_pipeline.py took 0.087 seconds
[2025-07-01T02:55:42.996+0000] {processor.py:186} INFO - Started process (PID=1477) to work on /opt/airflow/dags/driven_data_pipeline.py
[2025-07-01T02:55:42.998+0000] {processor.py:914} INFO - Processing file /opt/airflow/dags/driven_data_pipeline.py for tasks to queue
[2025-07-01T02:55:43.002+0000] {logging_mixin.py:190} INFO - [2025-07-01T02:55:43.002+0000] {dagbag.py:588} INFO - Filling up the DagBag from /opt/airflow/dags/driven_data_pipeline.py
[2025-07-01T02:55:43.027+0000] {logging_mixin.py:190} INFO - [2025-07-01T02:55:43.021+0000] {dagbag.py:387} ERROR - Failed to import: /opt/airflow/dags/driven_data_pipeline.py
Traceback (most recent call last):
  File "/home/airflow/.local/lib/python3.12/site-packages/airflow/models/dagbag.py", line 383, in parse
    loader.exec_module(new_module)
  File "<frozen importlib._bootstrap_external>", line 995, in exec_module
  File "<frozen importlib._bootstrap>", line 488, in _call_with_frames_removed
  File "/opt/airflow/dags/driven_data_pipeline.py", line 8, in <module>
    dag = DAG(
          ^^^
NameError: name 'DAG' is not defined
[2025-07-01T02:55:43.030+0000] {processor.py:927} WARNING - No viable dags retrieved from /opt/airflow/dags/driven_data_pipeline.py
[2025-07-01T02:55:43.052+0000] {processor.py:208} INFO - Processing /opt/airflow/dags/driven_data_pipeline.py took 0.062 seconds
[2025-07-01T02:56:13.363+0000] {processor.py:186} INFO - Started process (PID=1484) to work on /opt/airflow/dags/driven_data_pipeline.py
[2025-07-01T02:56:13.365+0000] {processor.py:914} INFO - Processing file /opt/airflow/dags/driven_data_pipeline.py for tasks to queue
[2025-07-01T02:56:13.368+0000] {logging_mixin.py:190} INFO - [2025-07-01T02:56:13.368+0000] {dagbag.py:588} INFO - Filling up the DagBag from /opt/airflow/dags/driven_data_pipeline.py
[2025-07-01T02:56:13.396+0000] {logging_mixin.py:190} INFO - [2025-07-01T02:56:13.386+0000] {dagbag.py:387} ERROR - Failed to import: /opt/airflow/dags/driven_data_pipeline.py
Traceback (most recent call last):
  File "/home/airflow/.local/lib/python3.12/site-packages/airflow/models/dagbag.py", line 383, in parse
    loader.exec_module(new_module)
  File "<frozen importlib._bootstrap_external>", line 995, in exec_module
  File "<frozen importlib._bootstrap>", line 488, in _call_with_frames_removed
  File "/opt/airflow/dags/driven_data_pipeline.py", line 8, in <module>
    dag = DAG(
          ^^^
NameError: name 'DAG' is not defined
[2025-07-01T02:56:13.399+0000] {processor.py:927} WARNING - No viable dags retrieved from /opt/airflow/dags/driven_data_pipeline.py
[2025-07-01T02:56:13.417+0000] {processor.py:208} INFO - Processing /opt/airflow/dags/driven_data_pipeline.py took 0.059 seconds
[2025-07-01T02:56:43.723+0000] {processor.py:186} INFO - Started process (PID=1491) to work on /opt/airflow/dags/driven_data_pipeline.py
[2025-07-01T02:56:43.725+0000] {processor.py:914} INFO - Processing file /opt/airflow/dags/driven_data_pipeline.py for tasks to queue
[2025-07-01T02:56:43.731+0000] {logging_mixin.py:190} INFO - [2025-07-01T02:56:43.730+0000] {dagbag.py:588} INFO - Filling up the DagBag from /opt/airflow/dags/driven_data_pipeline.py
[2025-07-01T02:56:43.783+0000] {logging_mixin.py:190} INFO - [2025-07-01T02:56:43.768+0000] {dagbag.py:387} ERROR - Failed to import: /opt/airflow/dags/driven_data_pipeline.py
Traceback (most recent call last):
  File "/home/airflow/.local/lib/python3.12/site-packages/airflow/models/dagbag.py", line 383, in parse
    loader.exec_module(new_module)
  File "<frozen importlib._bootstrap_external>", line 995, in exec_module
  File "<frozen importlib._bootstrap>", line 488, in _call_with_frames_removed
  File "/opt/airflow/dags/driven_data_pipeline.py", line 8, in <module>
    dag = DAG(
          ^^^
NameError: name 'DAG' is not defined
[2025-07-01T02:56:43.788+0000] {processor.py:927} WARNING - No viable dags retrieved from /opt/airflow/dags/driven_data_pipeline.py
[2025-07-01T02:56:43.828+0000] {processor.py:208} INFO - Processing /opt/airflow/dags/driven_data_pipeline.py took 0.113 seconds
[2025-07-01T02:57:14.047+0000] {processor.py:186} INFO - Started process (PID=1497) to work on /opt/airflow/dags/driven_data_pipeline.py
[2025-07-01T02:57:14.049+0000] {processor.py:914} INFO - Processing file /opt/airflow/dags/driven_data_pipeline.py for tasks to queue
[2025-07-01T02:57:14.053+0000] {logging_mixin.py:190} INFO - [2025-07-01T02:57:14.052+0000] {dagbag.py:588} INFO - Filling up the DagBag from /opt/airflow/dags/driven_data_pipeline.py
[2025-07-01T02:57:14.087+0000] {logging_mixin.py:190} INFO - [2025-07-01T02:57:14.079+0000] {dagbag.py:387} ERROR - Failed to import: /opt/airflow/dags/driven_data_pipeline.py
Traceback (most recent call last):
  File "/home/airflow/.local/lib/python3.12/site-packages/airflow/models/dagbag.py", line 383, in parse
    loader.exec_module(new_module)
  File "<frozen importlib._bootstrap_external>", line 995, in exec_module
  File "<frozen importlib._bootstrap>", line 488, in _call_with_frames_removed
  File "/opt/airflow/dags/driven_data_pipeline.py", line 8, in <module>
    dag = DAG(
          ^^^
NameError: name 'DAG' is not defined
[2025-07-01T02:57:14.091+0000] {processor.py:927} WARNING - No viable dags retrieved from /opt/airflow/dags/driven_data_pipeline.py
[2025-07-01T02:57:14.119+0000] {processor.py:208} INFO - Processing /opt/airflow/dags/driven_data_pipeline.py took 0.081 seconds
[2025-07-01T02:57:44.381+0000] {processor.py:186} INFO - Started process (PID=1504) to work on /opt/airflow/dags/driven_data_pipeline.py
[2025-07-01T02:57:44.382+0000] {processor.py:914} INFO - Processing file /opt/airflow/dags/driven_data_pipeline.py for tasks to queue
[2025-07-01T02:57:44.386+0000] {logging_mixin.py:190} INFO - [2025-07-01T02:57:44.385+0000] {dagbag.py:588} INFO - Filling up the DagBag from /opt/airflow/dags/driven_data_pipeline.py
[2025-07-01T02:57:44.419+0000] {logging_mixin.py:190} INFO - [2025-07-01T02:57:44.410+0000] {dagbag.py:387} ERROR - Failed to import: /opt/airflow/dags/driven_data_pipeline.py
Traceback (most recent call last):
  File "/home/airflow/.local/lib/python3.12/site-packages/airflow/models/dagbag.py", line 383, in parse
    loader.exec_module(new_module)
  File "<frozen importlib._bootstrap_external>", line 995, in exec_module
  File "<frozen importlib._bootstrap>", line 488, in _call_with_frames_removed
  File "/opt/airflow/dags/driven_data_pipeline.py", line 8, in <module>
    dag = DAG(
          ^^^
NameError: name 'DAG' is not defined
[2025-07-01T02:57:44.422+0000] {processor.py:927} WARNING - No viable dags retrieved from /opt/airflow/dags/driven_data_pipeline.py
[2025-07-01T02:57:44.444+0000] {processor.py:208} INFO - Processing /opt/airflow/dags/driven_data_pipeline.py took 0.070 seconds
[2025-07-01T02:58:14.748+0000] {processor.py:186} INFO - Started process (PID=1511) to work on /opt/airflow/dags/driven_data_pipeline.py
[2025-07-01T02:58:14.750+0000] {processor.py:914} INFO - Processing file /opt/airflow/dags/driven_data_pipeline.py for tasks to queue
[2025-07-01T02:58:14.758+0000] {logging_mixin.py:190} INFO - [2025-07-01T02:58:14.758+0000] {dagbag.py:588} INFO - Filling up the DagBag from /opt/airflow/dags/driven_data_pipeline.py
[2025-07-01T02:58:14.798+0000] {logging_mixin.py:190} INFO - [2025-07-01T02:58:14.787+0000] {dagbag.py:387} ERROR - Failed to import: /opt/airflow/dags/driven_data_pipeline.py
Traceback (most recent call last):
  File "/home/airflow/.local/lib/python3.12/site-packages/airflow/models/dagbag.py", line 383, in parse
    loader.exec_module(new_module)
  File "<frozen importlib._bootstrap_external>", line 995, in exec_module
  File "<frozen importlib._bootstrap>", line 488, in _call_with_frames_removed
  File "/opt/airflow/dags/driven_data_pipeline.py", line 8, in <module>
    dag = DAG(
          ^^^
NameError: name 'DAG' is not defined
[2025-07-01T02:58:14.805+0000] {processor.py:927} WARNING - No viable dags retrieved from /opt/airflow/dags/driven_data_pipeline.py
[2025-07-01T02:58:14.849+0000] {processor.py:208} INFO - Processing /opt/airflow/dags/driven_data_pipeline.py took 0.115 seconds
[2025-07-01T02:58:45.101+0000] {processor.py:186} INFO - Started process (PID=1518) to work on /opt/airflow/dags/driven_data_pipeline.py
[2025-07-01T02:58:45.102+0000] {processor.py:914} INFO - Processing file /opt/airflow/dags/driven_data_pipeline.py for tasks to queue
[2025-07-01T02:58:45.107+0000] {logging_mixin.py:190} INFO - [2025-07-01T02:58:45.107+0000] {dagbag.py:588} INFO - Filling up the DagBag from /opt/airflow/dags/driven_data_pipeline.py
[2025-07-01T02:58:45.131+0000] {logging_mixin.py:190} INFO - [2025-07-01T02:58:45.118+0000] {dagbag.py:387} ERROR - Failed to import: /opt/airflow/dags/driven_data_pipeline.py
Traceback (most recent call last):
  File "/home/airflow/.local/lib/python3.12/site-packages/airflow/models/dagbag.py", line 383, in parse
    loader.exec_module(new_module)
  File "<frozen importlib._bootstrap_external>", line 995, in exec_module
  File "<frozen importlib._bootstrap>", line 488, in _call_with_frames_removed
  File "/opt/airflow/dags/driven_data_pipeline.py", line 8, in <module>
    dag = DAG(
          ^^^
NameError: name 'DAG' is not defined
[2025-07-01T02:58:45.135+0000] {processor.py:927} WARNING - No viable dags retrieved from /opt/airflow/dags/driven_data_pipeline.py
[2025-07-01T02:58:45.167+0000] {processor.py:208} INFO - Processing /opt/airflow/dags/driven_data_pipeline.py took 0.073 seconds
[2025-07-01T02:59:15.512+0000] {processor.py:186} INFO - Started process (PID=1525) to work on /opt/airflow/dags/driven_data_pipeline.py
[2025-07-01T02:59:15.514+0000] {processor.py:914} INFO - Processing file /opt/airflow/dags/driven_data_pipeline.py for tasks to queue
[2025-07-01T02:59:15.517+0000] {logging_mixin.py:190} INFO - [2025-07-01T02:59:15.517+0000] {dagbag.py:588} INFO - Filling up the DagBag from /opt/airflow/dags/driven_data_pipeline.py
[2025-07-01T02:59:15.553+0000] {logging_mixin.py:190} INFO - [2025-07-01T02:59:15.544+0000] {dagbag.py:387} ERROR - Failed to import: /opt/airflow/dags/driven_data_pipeline.py
Traceback (most recent call last):
  File "/home/airflow/.local/lib/python3.12/site-packages/airflow/models/dagbag.py", line 383, in parse
    loader.exec_module(new_module)
  File "<frozen importlib._bootstrap_external>", line 995, in exec_module
  File "<frozen importlib._bootstrap>", line 488, in _call_with_frames_removed
  File "/opt/airflow/dags/driven_data_pipeline.py", line 8, in <module>
    dag = DAG(
          ^^^
NameError: name 'DAG' is not defined
[2025-07-01T02:59:15.557+0000] {processor.py:927} WARNING - No viable dags retrieved from /opt/airflow/dags/driven_data_pipeline.py
[2025-07-01T02:59:15.581+0000] {processor.py:208} INFO - Processing /opt/airflow/dags/driven_data_pipeline.py took 0.078 seconds
[2025-07-01T02:59:45.880+0000] {processor.py:186} INFO - Started process (PID=1532) to work on /opt/airflow/dags/driven_data_pipeline.py
[2025-07-01T02:59:45.887+0000] {processor.py:914} INFO - Processing file /opt/airflow/dags/driven_data_pipeline.py for tasks to queue
[2025-07-01T02:59:45.896+0000] {logging_mixin.py:190} INFO - [2025-07-01T02:59:45.895+0000] {dagbag.py:588} INFO - Filling up the DagBag from /opt/airflow/dags/driven_data_pipeline.py
[2025-07-01T02:59:45.929+0000] {logging_mixin.py:190} INFO - [2025-07-01T02:59:45.922+0000] {dagbag.py:387} ERROR - Failed to import: /opt/airflow/dags/driven_data_pipeline.py
Traceback (most recent call last):
  File "/home/airflow/.local/lib/python3.12/site-packages/airflow/models/dagbag.py", line 383, in parse
    loader.exec_module(new_module)
  File "<frozen importlib._bootstrap_external>", line 995, in exec_module
  File "<frozen importlib._bootstrap>", line 488, in _call_with_frames_removed
  File "/opt/airflow/dags/driven_data_pipeline.py", line 8, in <module>
    dag = DAG(
          ^^^
NameError: name 'DAG' is not defined
[2025-07-01T02:59:45.933+0000] {processor.py:927} WARNING - No viable dags retrieved from /opt/airflow/dags/driven_data_pipeline.py
[2025-07-01T02:59:45.986+0000] {processor.py:208} INFO - Processing /opt/airflow/dags/driven_data_pipeline.py took 0.124 seconds
[2025-07-01T03:00:16.370+0000] {processor.py:186} INFO - Started process (PID=1539) to work on /opt/airflow/dags/driven_data_pipeline.py
[2025-07-01T03:00:16.372+0000] {processor.py:914} INFO - Processing file /opt/airflow/dags/driven_data_pipeline.py for tasks to queue
[2025-07-01T03:00:16.376+0000] {logging_mixin.py:190} INFO - [2025-07-01T03:00:16.375+0000] {dagbag.py:588} INFO - Filling up the DagBag from /opt/airflow/dags/driven_data_pipeline.py
[2025-07-01T03:00:16.406+0000] {logging_mixin.py:190} INFO - [2025-07-01T03:00:16.397+0000] {dagbag.py:387} ERROR - Failed to import: /opt/airflow/dags/driven_data_pipeline.py
Traceback (most recent call last):
  File "/home/airflow/.local/lib/python3.12/site-packages/airflow/models/dagbag.py", line 383, in parse
    loader.exec_module(new_module)
  File "<frozen importlib._bootstrap_external>", line 995, in exec_module
  File "<frozen importlib._bootstrap>", line 488, in _call_with_frames_removed
  File "/opt/airflow/dags/driven_data_pipeline.py", line 8, in <module>
    dag = DAG(
          ^^^
NameError: name 'DAG' is not defined
[2025-07-01T03:00:16.410+0000] {processor.py:927} WARNING - No viable dags retrieved from /opt/airflow/dags/driven_data_pipeline.py
[2025-07-01T03:00:16.436+0000] {processor.py:208} INFO - Processing /opt/airflow/dags/driven_data_pipeline.py took 0.074 seconds
[2025-07-01T03:00:46.723+0000] {processor.py:186} INFO - Started process (PID=1546) to work on /opt/airflow/dags/driven_data_pipeline.py
[2025-07-01T03:00:46.724+0000] {processor.py:914} INFO - Processing file /opt/airflow/dags/driven_data_pipeline.py for tasks to queue
[2025-07-01T03:00:46.730+0000] {logging_mixin.py:190} INFO - [2025-07-01T03:00:46.730+0000] {dagbag.py:588} INFO - Filling up the DagBag from /opt/airflow/dags/driven_data_pipeline.py
[2025-07-01T03:00:46.753+0000] {logging_mixin.py:190} INFO - [2025-07-01T03:00:46.746+0000] {dagbag.py:387} ERROR - Failed to import: /opt/airflow/dags/driven_data_pipeline.py
Traceback (most recent call last):
  File "/home/airflow/.local/lib/python3.12/site-packages/airflow/models/dagbag.py", line 383, in parse
    loader.exec_module(new_module)
  File "<frozen importlib._bootstrap_external>", line 995, in exec_module
  File "<frozen importlib._bootstrap>", line 488, in _call_with_frames_removed
  File "/opt/airflow/dags/driven_data_pipeline.py", line 8, in <module>
    dag = DAG(
          ^^^
NameError: name 'DAG' is not defined
[2025-07-01T03:00:46.756+0000] {processor.py:927} WARNING - No viable dags retrieved from /opt/airflow/dags/driven_data_pipeline.py
[2025-07-01T03:00:46.789+0000] {processor.py:208} INFO - Processing /opt/airflow/dags/driven_data_pipeline.py took 0.077 seconds
[2025-07-01T03:01:17.057+0000] {processor.py:186} INFO - Started process (PID=1553) to work on /opt/airflow/dags/driven_data_pipeline.py
[2025-07-01T03:01:17.059+0000] {processor.py:914} INFO - Processing file /opt/airflow/dags/driven_data_pipeline.py for tasks to queue
[2025-07-01T03:01:17.062+0000] {logging_mixin.py:190} INFO - [2025-07-01T03:01:17.062+0000] {dagbag.py:588} INFO - Filling up the DagBag from /opt/airflow/dags/driven_data_pipeline.py
[2025-07-01T03:01:17.095+0000] {logging_mixin.py:190} INFO - [2025-07-01T03:01:17.088+0000] {dagbag.py:387} ERROR - Failed to import: /opt/airflow/dags/driven_data_pipeline.py
Traceback (most recent call last):
  File "/home/airflow/.local/lib/python3.12/site-packages/airflow/models/dagbag.py", line 383, in parse
    loader.exec_module(new_module)
  File "<frozen importlib._bootstrap_external>", line 995, in exec_module
  File "<frozen importlib._bootstrap>", line 488, in _call_with_frames_removed
  File "/opt/airflow/dags/driven_data_pipeline.py", line 8, in <module>
    dag = DAG(
          ^^^
NameError: name 'DAG' is not defined
[2025-07-01T03:01:17.098+0000] {processor.py:927} WARNING - No viable dags retrieved from /opt/airflow/dags/driven_data_pipeline.py
[2025-07-01T03:01:17.122+0000] {processor.py:208} INFO - Processing /opt/airflow/dags/driven_data_pipeline.py took 0.073 seconds
[2025-07-01T03:01:47.451+0000] {processor.py:186} INFO - Started process (PID=1560) to work on /opt/airflow/dags/driven_data_pipeline.py
[2025-07-01T03:01:47.453+0000] {processor.py:914} INFO - Processing file /opt/airflow/dags/driven_data_pipeline.py for tasks to queue
[2025-07-01T03:01:47.457+0000] {logging_mixin.py:190} INFO - [2025-07-01T03:01:47.456+0000] {dagbag.py:588} INFO - Filling up the DagBag from /opt/airflow/dags/driven_data_pipeline.py
[2025-07-01T03:01:47.493+0000] {logging_mixin.py:190} INFO - [2025-07-01T03:01:47.483+0000] {dagbag.py:387} ERROR - Failed to import: /opt/airflow/dags/driven_data_pipeline.py
Traceback (most recent call last):
  File "/home/airflow/.local/lib/python3.12/site-packages/airflow/models/dagbag.py", line 383, in parse
    loader.exec_module(new_module)
  File "<frozen importlib._bootstrap_external>", line 995, in exec_module
  File "<frozen importlib._bootstrap>", line 488, in _call_with_frames_removed
  File "/opt/airflow/dags/driven_data_pipeline.py", line 8, in <module>
    dag = DAG(
          ^^^
NameError: name 'DAG' is not defined
[2025-07-01T03:01:47.496+0000] {processor.py:927} WARNING - No viable dags retrieved from /opt/airflow/dags/driven_data_pipeline.py
[2025-07-01T03:01:47.525+0000] {processor.py:208} INFO - Processing /opt/airflow/dags/driven_data_pipeline.py took 0.082 seconds
[2025-07-01T03:02:17.805+0000] {processor.py:186} INFO - Started process (PID=1567) to work on /opt/airflow/dags/driven_data_pipeline.py
[2025-07-01T03:02:17.807+0000] {processor.py:914} INFO - Processing file /opt/airflow/dags/driven_data_pipeline.py for tasks to queue
[2025-07-01T03:02:17.810+0000] {logging_mixin.py:190} INFO - [2025-07-01T03:02:17.809+0000] {dagbag.py:588} INFO - Filling up the DagBag from /opt/airflow/dags/driven_data_pipeline.py
[2025-07-01T03:02:17.839+0000] {logging_mixin.py:190} INFO - [2025-07-01T03:02:17.831+0000] {dagbag.py:387} ERROR - Failed to import: /opt/airflow/dags/driven_data_pipeline.py
Traceback (most recent call last):
  File "/home/airflow/.local/lib/python3.12/site-packages/airflow/models/dagbag.py", line 383, in parse
    loader.exec_module(new_module)
  File "<frozen importlib._bootstrap_external>", line 995, in exec_module
  File "<frozen importlib._bootstrap>", line 488, in _call_with_frames_removed
  File "/opt/airflow/dags/driven_data_pipeline.py", line 8, in <module>
    dag = DAG(
          ^^^
NameError: name 'DAG' is not defined
[2025-07-01T03:02:17.843+0000] {processor.py:927} WARNING - No viable dags retrieved from /opt/airflow/dags/driven_data_pipeline.py
[2025-07-01T03:02:17.867+0000] {processor.py:208} INFO - Processing /opt/airflow/dags/driven_data_pipeline.py took 0.068 seconds
[2025-07-01T03:02:48.170+0000] {processor.py:186} INFO - Started process (PID=1574) to work on /opt/airflow/dags/driven_data_pipeline.py
[2025-07-01T03:02:48.172+0000] {processor.py:914} INFO - Processing file /opt/airflow/dags/driven_data_pipeline.py for tasks to queue
[2025-07-01T03:02:48.175+0000] {logging_mixin.py:190} INFO - [2025-07-01T03:02:48.174+0000] {dagbag.py:588} INFO - Filling up the DagBag from /opt/airflow/dags/driven_data_pipeline.py
[2025-07-01T03:02:48.209+0000] {logging_mixin.py:190} INFO - [2025-07-01T03:02:48.201+0000] {dagbag.py:387} ERROR - Failed to import: /opt/airflow/dags/driven_data_pipeline.py
Traceback (most recent call last):
  File "/home/airflow/.local/lib/python3.12/site-packages/airflow/models/dagbag.py", line 383, in parse
    loader.exec_module(new_module)
  File "<frozen importlib._bootstrap_external>", line 995, in exec_module
  File "<frozen importlib._bootstrap>", line 488, in _call_with_frames_removed
  File "/opt/airflow/dags/driven_data_pipeline.py", line 8, in <module>
    dag = DAG(
          ^^^
NameError: name 'DAG' is not defined
[2025-07-01T03:02:48.213+0000] {processor.py:927} WARNING - No viable dags retrieved from /opt/airflow/dags/driven_data_pipeline.py
[2025-07-01T03:02:48.243+0000] {processor.py:208} INFO - Processing /opt/airflow/dags/driven_data_pipeline.py took 0.081 seconds
[2025-07-01T03:03:18.510+0000] {processor.py:186} INFO - Started process (PID=1581) to work on /opt/airflow/dags/driven_data_pipeline.py
[2025-07-01T03:03:18.512+0000] {processor.py:914} INFO - Processing file /opt/airflow/dags/driven_data_pipeline.py for tasks to queue
[2025-07-01T03:03:18.515+0000] {logging_mixin.py:190} INFO - [2025-07-01T03:03:18.515+0000] {dagbag.py:588} INFO - Filling up the DagBag from /opt/airflow/dags/driven_data_pipeline.py
[2025-07-01T03:03:18.559+0000] {logging_mixin.py:190} INFO - [2025-07-01T03:03:18.550+0000] {dagbag.py:387} ERROR - Failed to import: /opt/airflow/dags/driven_data_pipeline.py
Traceback (most recent call last):
  File "/home/airflow/.local/lib/python3.12/site-packages/airflow/models/dagbag.py", line 383, in parse
    loader.exec_module(new_module)
  File "<frozen importlib._bootstrap_external>", line 995, in exec_module
  File "<frozen importlib._bootstrap>", line 488, in _call_with_frames_removed
  File "/opt/airflow/dags/driven_data_pipeline.py", line 8, in <module>
    dag = DAG(
          ^^^
NameError: name 'DAG' is not defined
[2025-07-01T03:03:18.563+0000] {processor.py:927} WARNING - No viable dags retrieved from /opt/airflow/dags/driven_data_pipeline.py
[2025-07-01T03:03:18.594+0000] {processor.py:208} INFO - Processing /opt/airflow/dags/driven_data_pipeline.py took 0.093 seconds
[2025-07-01T03:03:32.073+0000] {processor.py:186} INFO - Started process (PID=1582) to work on /opt/airflow/dags/driven_data_pipeline.py
[2025-07-01T03:03:32.076+0000] {processor.py:914} INFO - Processing file /opt/airflow/dags/driven_data_pipeline.py for tasks to queue
[2025-07-01T03:03:32.082+0000] {logging_mixin.py:190} INFO - [2025-07-01T03:03:32.081+0000] {dagbag.py:588} INFO - Filling up the DagBag from /opt/airflow/dags/driven_data_pipeline.py
[2025-07-01T03:03:32.165+0000] {processor.py:925} INFO - DAG(s) 'extract_raw_data_pipeline' retrieved from /opt/airflow/dags/driven_data_pipeline.py
[2025-07-01T03:03:32.619+0000] {logging_mixin.py:190} INFO - [2025-07-01T03:03:32.618+0000] {override.py:1900} INFO - Created Permission View: can delete on DAG:extract_raw_data_pipeline
[2025-07-01T03:03:32.637+0000] {logging_mixin.py:190} INFO - [2025-07-01T03:03:32.637+0000] {override.py:1900} INFO - Created Permission View: can edit on DAG:extract_raw_data_pipeline
[2025-07-01T03:03:32.651+0000] {logging_mixin.py:190} INFO - [2025-07-01T03:03:32.651+0000] {override.py:1900} INFO - Created Permission View: can read on DAG:extract_raw_data_pipeline
[2025-07-01T03:03:32.667+0000] {logging_mixin.py:190} INFO - [2025-07-01T03:03:32.666+0000] {override.py:1900} INFO - Created Permission View: menu access on DAG Run:extract_raw_data_pipeline
[2025-07-01T03:03:32.681+0000] {logging_mixin.py:190} INFO - [2025-07-01T03:03:32.680+0000] {override.py:1900} INFO - Created Permission View: can delete on DAG Run:extract_raw_data_pipeline
[2025-07-01T03:03:32.693+0000] {logging_mixin.py:190} INFO - [2025-07-01T03:03:32.692+0000] {override.py:1900} INFO - Created Permission View: can create on DAG Run:extract_raw_data_pipeline
[2025-07-01T03:03:32.706+0000] {logging_mixin.py:190} INFO - [2025-07-01T03:03:32.705+0000] {override.py:1900} INFO - Created Permission View: can read on DAG Run:extract_raw_data_pipeline
[2025-07-01T03:03:32.708+0000] {logging_mixin.py:190} INFO - [2025-07-01T03:03:32.707+0000] {dag.py:3239} INFO - Sync 1 DAGs
[2025-07-01T03:03:32.741+0000] {logging_mixin.py:190} INFO - [2025-07-01T03:03:32.740+0000] {dag.py:3262} INFO - Creating ORM DAG for extract_raw_data_pipeline
[2025-07-01T03:03:32.763+0000] {logging_mixin.py:190} INFO - [2025-07-01T03:03:32.763+0000] {dag.py:4180} INFO - Setting next_dagrun for extract_raw_data_pipeline to 2025-06-29 07:00:00+00:00, run_after=2025-06-30 07:00:00+00:00
[2025-07-01T03:03:32.798+0000] {processor.py:208} INFO - Processing /opt/airflow/dags/driven_data_pipeline.py took 0.739 seconds
[2025-07-01T03:04:03.179+0000] {processor.py:186} INFO - Started process (PID=1589) to work on /opt/airflow/dags/driven_data_pipeline.py
[2025-07-01T03:04:03.181+0000] {processor.py:914} INFO - Processing file /opt/airflow/dags/driven_data_pipeline.py for tasks to queue
[2025-07-01T03:04:03.188+0000] {logging_mixin.py:190} INFO - [2025-07-01T03:04:03.187+0000] {dagbag.py:588} INFO - Filling up the DagBag from /opt/airflow/dags/driven_data_pipeline.py
[2025-07-01T03:04:03.258+0000] {processor.py:925} INFO - DAG(s) 'extract_raw_data_pipeline' retrieved from /opt/airflow/dags/driven_data_pipeline.py
[2025-07-01T03:04:03.299+0000] {logging_mixin.py:190} INFO - [2025-07-01T03:04:03.299+0000] {dag.py:3239} INFO - Sync 1 DAGs
[2025-07-01T03:04:03.331+0000] {logging_mixin.py:190} INFO - [2025-07-01T03:04:03.330+0000] {dag.py:4180} INFO - Setting next_dagrun for extract_raw_data_pipeline to 2025-06-29 07:00:00+00:00, run_after=2025-06-30 07:00:00+00:00
[2025-07-01T03:04:03.352+0000] {processor.py:208} INFO - Processing /opt/airflow/dags/driven_data_pipeline.py took 0.181 seconds
[2025-07-01T03:04:33.677+0000] {processor.py:186} INFO - Started process (PID=1596) to work on /opt/airflow/dags/driven_data_pipeline.py
[2025-07-01T03:04:33.679+0000] {processor.py:914} INFO - Processing file /opt/airflow/dags/driven_data_pipeline.py for tasks to queue
[2025-07-01T03:04:33.682+0000] {logging_mixin.py:190} INFO - [2025-07-01T03:04:33.682+0000] {dagbag.py:588} INFO - Filling up the DagBag from /opt/airflow/dags/driven_data_pipeline.py
[2025-07-01T03:04:33.720+0000] {processor.py:925} INFO - DAG(s) 'extract_raw_data_pipeline' retrieved from /opt/airflow/dags/driven_data_pipeline.py
[2025-07-01T03:04:33.763+0000] {logging_mixin.py:190} INFO - [2025-07-01T03:04:33.763+0000] {dag.py:3239} INFO - Sync 1 DAGs
[2025-07-01T03:04:33.795+0000] {logging_mixin.py:190} INFO - [2025-07-01T03:04:33.794+0000] {dag.py:4180} INFO - Setting next_dagrun for extract_raw_data_pipeline to 2025-06-29 07:00:00+00:00, run_after=2025-06-30 07:00:00+00:00
[2025-07-01T03:04:33.831+0000] {processor.py:208} INFO - Processing /opt/airflow/dags/driven_data_pipeline.py took 0.160 seconds
[2025-07-01T03:05:03.988+0000] {processor.py:186} INFO - Started process (PID=1604) to work on /opt/airflow/dags/driven_data_pipeline.py
[2025-07-01T03:05:03.989+0000] {processor.py:914} INFO - Processing file /opt/airflow/dags/driven_data_pipeline.py for tasks to queue
[2025-07-01T03:05:03.995+0000] {logging_mixin.py:190} INFO - [2025-07-01T03:05:03.994+0000] {dagbag.py:588} INFO - Filling up the DagBag from /opt/airflow/dags/driven_data_pipeline.py
[2025-07-01T03:05:04.052+0000] {processor.py:925} INFO - DAG(s) 'extract_raw_data_pipeline' retrieved from /opt/airflow/dags/driven_data_pipeline.py
[2025-07-01T03:05:04.138+0000] {logging_mixin.py:190} INFO - [2025-07-01T03:05:04.137+0000] {dag.py:3239} INFO - Sync 1 DAGs
[2025-07-01T03:05:04.190+0000] {logging_mixin.py:190} INFO - [2025-07-01T03:05:04.189+0000] {dag.py:4180} INFO - Setting next_dagrun for extract_raw_data_pipeline to 2025-06-29 07:00:00+00:00, run_after=2025-06-30 07:00:00+00:00
[2025-07-01T03:05:04.217+0000] {processor.py:208} INFO - Processing /opt/airflow/dags/driven_data_pipeline.py took 0.238 seconds
[2025-07-01T03:05:34.553+0000] {processor.py:186} INFO - Started process (PID=1612) to work on /opt/airflow/dags/driven_data_pipeline.py
[2025-07-01T03:05:34.555+0000] {processor.py:914} INFO - Processing file /opt/airflow/dags/driven_data_pipeline.py for tasks to queue
[2025-07-01T03:05:34.559+0000] {logging_mixin.py:190} INFO - [2025-07-01T03:05:34.559+0000] {dagbag.py:588} INFO - Filling up the DagBag from /opt/airflow/dags/driven_data_pipeline.py
[2025-07-01T03:05:34.607+0000] {processor.py:925} INFO - DAG(s) 'extract_raw_data_pipeline' retrieved from /opt/airflow/dags/driven_data_pipeline.py
[2025-07-01T03:05:34.646+0000] {logging_mixin.py:190} INFO - [2025-07-01T03:05:34.646+0000] {dag.py:3239} INFO - Sync 1 DAGs
[2025-07-01T03:05:34.687+0000] {logging_mixin.py:190} INFO - [2025-07-01T03:05:34.686+0000] {dag.py:4180} INFO - Setting next_dagrun for extract_raw_data_pipeline to 2025-06-29 07:00:00+00:00, run_after=2025-06-30 07:00:00+00:00
[2025-07-01T03:05:34.721+0000] {processor.py:208} INFO - Processing /opt/airflow/dags/driven_data_pipeline.py took 0.176 seconds
[2025-07-01T03:06:04.911+0000] {processor.py:186} INFO - Started process (PID=1619) to work on /opt/airflow/dags/driven_data_pipeline.py
[2025-07-01T03:06:04.913+0000] {processor.py:914} INFO - Processing file /opt/airflow/dags/driven_data_pipeline.py for tasks to queue
[2025-07-01T03:06:04.917+0000] {logging_mixin.py:190} INFO - [2025-07-01T03:06:04.916+0000] {dagbag.py:588} INFO - Filling up the DagBag from /opt/airflow/dags/driven_data_pipeline.py
[2025-07-01T03:06:04.965+0000] {processor.py:925} INFO - DAG(s) 'extract_raw_data_pipeline' retrieved from /opt/airflow/dags/driven_data_pipeline.py
[2025-07-01T03:06:05.015+0000] {logging_mixin.py:190} INFO - [2025-07-01T03:06:05.014+0000] {dag.py:3239} INFO - Sync 1 DAGs
[2025-07-01T03:06:05.052+0000] {logging_mixin.py:190} INFO - [2025-07-01T03:06:05.052+0000] {dag.py:4180} INFO - Setting next_dagrun for extract_raw_data_pipeline to 2025-06-29 07:00:00+00:00, run_after=2025-06-30 07:00:00+00:00
[2025-07-01T03:06:05.083+0000] {processor.py:208} INFO - Processing /opt/airflow/dags/driven_data_pipeline.py took 0.180 seconds
[2025-07-01T03:06:35.369+0000] {processor.py:186} INFO - Started process (PID=1626) to work on /opt/airflow/dags/driven_data_pipeline.py
[2025-07-01T03:06:35.371+0000] {processor.py:914} INFO - Processing file /opt/airflow/dags/driven_data_pipeline.py for tasks to queue
[2025-07-01T03:06:35.376+0000] {logging_mixin.py:190} INFO - [2025-07-01T03:06:35.375+0000] {dagbag.py:588} INFO - Filling up the DagBag from /opt/airflow/dags/driven_data_pipeline.py
[2025-07-01T03:06:35.404+0000] {processor.py:925} INFO - DAG(s) 'extract_raw_data_pipeline' retrieved from /opt/airflow/dags/driven_data_pipeline.py
[2025-07-01T03:06:35.441+0000] {logging_mixin.py:190} INFO - [2025-07-01T03:06:35.441+0000] {dag.py:3239} INFO - Sync 1 DAGs
[2025-07-01T03:06:35.474+0000] {logging_mixin.py:190} INFO - [2025-07-01T03:06:35.474+0000] {dag.py:4180} INFO - Setting next_dagrun for extract_raw_data_pipeline to 2025-06-29 07:00:00+00:00, run_after=2025-06-30 07:00:00+00:00
[2025-07-01T03:06:35.499+0000] {processor.py:208} INFO - Processing /opt/airflow/dags/driven_data_pipeline.py took 0.136 seconds
[2025-07-01T03:07:05.794+0000] {processor.py:186} INFO - Started process (PID=1633) to work on /opt/airflow/dags/driven_data_pipeline.py
[2025-07-01T03:07:05.796+0000] {processor.py:914} INFO - Processing file /opt/airflow/dags/driven_data_pipeline.py for tasks to queue
[2025-07-01T03:07:05.801+0000] {logging_mixin.py:190} INFO - [2025-07-01T03:07:05.800+0000] {dagbag.py:588} INFO - Filling up the DagBag from /opt/airflow/dags/driven_data_pipeline.py
[2025-07-01T03:07:05.860+0000] {processor.py:925} INFO - DAG(s) 'extract_raw_data_pipeline' retrieved from /opt/airflow/dags/driven_data_pipeline.py
[2025-07-01T03:07:05.897+0000] {logging_mixin.py:190} INFO - [2025-07-01T03:07:05.897+0000] {dag.py:3239} INFO - Sync 1 DAGs
[2025-07-01T03:07:05.929+0000] {logging_mixin.py:190} INFO - [2025-07-01T03:07:05.929+0000] {dag.py:4180} INFO - Setting next_dagrun for extract_raw_data_pipeline to 2025-06-29 07:00:00+00:00, run_after=2025-06-30 07:00:00+00:00
[2025-07-01T03:07:05.958+0000] {processor.py:208} INFO - Processing /opt/airflow/dags/driven_data_pipeline.py took 0.172 seconds
[2025-07-01T03:07:36.151+0000] {processor.py:186} INFO - Started process (PID=1640) to work on /opt/airflow/dags/driven_data_pipeline.py
[2025-07-01T03:07:36.154+0000] {processor.py:914} INFO - Processing file /opt/airflow/dags/driven_data_pipeline.py for tasks to queue
[2025-07-01T03:07:36.159+0000] {logging_mixin.py:190} INFO - [2025-07-01T03:07:36.159+0000] {dagbag.py:588} INFO - Filling up the DagBag from /opt/airflow/dags/driven_data_pipeline.py
[2025-07-01T03:07:36.207+0000] {processor.py:925} INFO - DAG(s) 'extract_raw_data_pipeline' retrieved from /opt/airflow/dags/driven_data_pipeline.py
[2025-07-01T03:07:36.257+0000] {logging_mixin.py:190} INFO - [2025-07-01T03:07:36.257+0000] {dag.py:3239} INFO - Sync 1 DAGs
[2025-07-01T03:07:36.292+0000] {logging_mixin.py:190} INFO - [2025-07-01T03:07:36.291+0000] {dag.py:4180} INFO - Setting next_dagrun for extract_raw_data_pipeline to 2025-06-29 07:00:00+00:00, run_after=2025-06-30 07:00:00+00:00
[2025-07-01T03:07:36.331+0000] {processor.py:208} INFO - Processing /opt/airflow/dags/driven_data_pipeline.py took 0.194 seconds
[2025-07-01T03:08:06.611+0000] {processor.py:186} INFO - Started process (PID=1647) to work on /opt/airflow/dags/driven_data_pipeline.py
[2025-07-01T03:08:06.613+0000] {processor.py:914} INFO - Processing file /opt/airflow/dags/driven_data_pipeline.py for tasks to queue
[2025-07-01T03:08:06.616+0000] {logging_mixin.py:190} INFO - [2025-07-01T03:08:06.616+0000] {dagbag.py:588} INFO - Filling up the DagBag from /opt/airflow/dags/driven_data_pipeline.py
[2025-07-01T03:08:06.658+0000] {processor.py:925} INFO - DAG(s) 'extract_raw_data_pipeline' retrieved from /opt/airflow/dags/driven_data_pipeline.py
[2025-07-01T03:08:06.698+0000] {logging_mixin.py:190} INFO - [2025-07-01T03:08:06.698+0000] {dag.py:3239} INFO - Sync 1 DAGs
[2025-07-01T03:08:06.727+0000] {logging_mixin.py:190} INFO - [2025-07-01T03:08:06.727+0000] {dag.py:4180} INFO - Setting next_dagrun for extract_raw_data_pipeline to 2025-06-29 07:00:00+00:00, run_after=2025-06-30 07:00:00+00:00
[2025-07-01T03:08:06.755+0000] {processor.py:208} INFO - Processing /opt/airflow/dags/driven_data_pipeline.py took 0.151 seconds
[2025-07-01T03:08:37.013+0000] {processor.py:186} INFO - Started process (PID=1654) to work on /opt/airflow/dags/driven_data_pipeline.py
[2025-07-01T03:08:37.015+0000] {processor.py:914} INFO - Processing file /opt/airflow/dags/driven_data_pipeline.py for tasks to queue
[2025-07-01T03:08:37.019+0000] {logging_mixin.py:190} INFO - [2025-07-01T03:08:37.019+0000] {dagbag.py:588} INFO - Filling up the DagBag from /opt/airflow/dags/driven_data_pipeline.py
[2025-07-01T03:08:37.057+0000] {processor.py:925} INFO - DAG(s) 'extract_raw_data_pipeline' retrieved from /opt/airflow/dags/driven_data_pipeline.py
[2025-07-01T03:08:37.099+0000] {logging_mixin.py:190} INFO - [2025-07-01T03:08:37.099+0000] {dag.py:3239} INFO - Sync 1 DAGs
[2025-07-01T03:08:37.146+0000] {logging_mixin.py:190} INFO - [2025-07-01T03:08:37.145+0000] {dag.py:4180} INFO - Setting next_dagrun for extract_raw_data_pipeline to 2025-06-29 07:00:00+00:00, run_after=2025-06-30 07:00:00+00:00
[2025-07-01T03:08:37.181+0000] {processor.py:208} INFO - Processing /opt/airflow/dags/driven_data_pipeline.py took 0.181 seconds
[2025-07-01T03:09:07.381+0000] {processor.py:186} INFO - Started process (PID=1661) to work on /opt/airflow/dags/driven_data_pipeline.py
[2025-07-01T03:09:07.383+0000] {processor.py:914} INFO - Processing file /opt/airflow/dags/driven_data_pipeline.py for tasks to queue
[2025-07-01T03:09:07.403+0000] {logging_mixin.py:190} INFO - [2025-07-01T03:09:07.402+0000] {dagbag.py:588} INFO - Filling up the DagBag from /opt/airflow/dags/driven_data_pipeline.py
[2025-07-01T03:09:07.477+0000] {processor.py:925} INFO - DAG(s) 'extract_raw_data_pipeline' retrieved from /opt/airflow/dags/driven_data_pipeline.py
[2025-07-01T03:09:07.535+0000] {logging_mixin.py:190} INFO - [2025-07-01T03:09:07.535+0000] {dag.py:3239} INFO - Sync 1 DAGs
[2025-07-01T03:09:07.586+0000] {logging_mixin.py:190} INFO - [2025-07-01T03:09:07.585+0000] {dag.py:4180} INFO - Setting next_dagrun for extract_raw_data_pipeline to 2025-06-29 07:00:00+00:00, run_after=2025-06-30 07:00:00+00:00
[2025-07-01T03:09:07.620+0000] {processor.py:208} INFO - Processing /opt/airflow/dags/driven_data_pipeline.py took 0.250 seconds
[2025-07-01T03:09:37.868+0000] {processor.py:186} INFO - Started process (PID=1668) to work on /opt/airflow/dags/driven_data_pipeline.py
[2025-07-01T03:09:37.869+0000] {processor.py:914} INFO - Processing file /opt/airflow/dags/driven_data_pipeline.py for tasks to queue
[2025-07-01T03:09:37.874+0000] {logging_mixin.py:190} INFO - [2025-07-01T03:09:37.873+0000] {dagbag.py:588} INFO - Filling up the DagBag from /opt/airflow/dags/driven_data_pipeline.py
[2025-07-01T03:09:37.921+0000] {processor.py:925} INFO - DAG(s) 'extract_raw_data_pipeline' retrieved from /opt/airflow/dags/driven_data_pipeline.py
[2025-07-01T03:09:37.973+0000] {logging_mixin.py:190} INFO - [2025-07-01T03:09:37.973+0000] {dag.py:3239} INFO - Sync 1 DAGs
[2025-07-01T03:09:38.010+0000] {logging_mixin.py:190} INFO - [2025-07-01T03:09:38.009+0000] {dag.py:4180} INFO - Setting next_dagrun for extract_raw_data_pipeline to 2025-06-29 07:00:00+00:00, run_after=2025-06-30 07:00:00+00:00
[2025-07-01T03:09:38.043+0000] {processor.py:208} INFO - Processing /opt/airflow/dags/driven_data_pipeline.py took 0.184 seconds
[2025-07-01T03:10:08.402+0000] {processor.py:186} INFO - Started process (PID=1675) to work on /opt/airflow/dags/driven_data_pipeline.py
[2025-07-01T03:10:08.404+0000] {processor.py:914} INFO - Processing file /opt/airflow/dags/driven_data_pipeline.py for tasks to queue
[2025-07-01T03:10:08.408+0000] {logging_mixin.py:190} INFO - [2025-07-01T03:10:08.407+0000] {dagbag.py:588} INFO - Filling up the DagBag from /opt/airflow/dags/driven_data_pipeline.py
[2025-07-01T03:10:08.450+0000] {processor.py:925} INFO - DAG(s) 'extract_raw_data_pipeline' retrieved from /opt/airflow/dags/driven_data_pipeline.py
[2025-07-01T03:10:08.483+0000] {logging_mixin.py:190} INFO - [2025-07-01T03:10:08.482+0000] {dag.py:3239} INFO - Sync 1 DAGs
[2025-07-01T03:10:08.515+0000] {logging_mixin.py:190} INFO - [2025-07-01T03:10:08.515+0000] {dag.py:4180} INFO - Setting next_dagrun for extract_raw_data_pipeline to 2025-06-29 07:00:00+00:00, run_after=2025-06-30 07:00:00+00:00
[2025-07-01T03:10:08.543+0000] {processor.py:208} INFO - Processing /opt/airflow/dags/driven_data_pipeline.py took 0.147 seconds
[2025-07-01T03:10:38.766+0000] {processor.py:186} INFO - Started process (PID=1682) to work on /opt/airflow/dags/driven_data_pipeline.py
[2025-07-01T03:10:38.767+0000] {processor.py:914} INFO - Processing file /opt/airflow/dags/driven_data_pipeline.py for tasks to queue
[2025-07-01T03:10:38.772+0000] {logging_mixin.py:190} INFO - [2025-07-01T03:10:38.772+0000] {dagbag.py:588} INFO - Filling up the DagBag from /opt/airflow/dags/driven_data_pipeline.py
[2025-07-01T03:10:38.815+0000] {processor.py:925} INFO - DAG(s) 'extract_raw_data_pipeline' retrieved from /opt/airflow/dags/driven_data_pipeline.py
[2025-07-01T03:10:38.850+0000] {logging_mixin.py:190} INFO - [2025-07-01T03:10:38.850+0000] {dag.py:3239} INFO - Sync 1 DAGs
[2025-07-01T03:10:38.878+0000] {logging_mixin.py:190} INFO - [2025-07-01T03:10:38.877+0000] {dag.py:4180} INFO - Setting next_dagrun for extract_raw_data_pipeline to 2025-06-29 07:00:00+00:00, run_after=2025-06-30 07:00:00+00:00
[2025-07-01T03:10:38.901+0000] {processor.py:208} INFO - Processing /opt/airflow/dags/driven_data_pipeline.py took 0.145 seconds
[2025-07-01T03:11:09.226+0000] {processor.py:186} INFO - Started process (PID=1689) to work on /opt/airflow/dags/driven_data_pipeline.py
[2025-07-01T03:11:09.228+0000] {processor.py:914} INFO - Processing file /opt/airflow/dags/driven_data_pipeline.py for tasks to queue
[2025-07-01T03:11:09.232+0000] {logging_mixin.py:190} INFO - [2025-07-01T03:11:09.231+0000] {dagbag.py:588} INFO - Filling up the DagBag from /opt/airflow/dags/driven_data_pipeline.py
[2025-07-01T03:11:09.275+0000] {processor.py:925} INFO - DAG(s) 'extract_raw_data_pipeline' retrieved from /opt/airflow/dags/driven_data_pipeline.py
[2025-07-01T03:11:09.308+0000] {logging_mixin.py:190} INFO - [2025-07-01T03:11:09.307+0000] {dag.py:3239} INFO - Sync 1 DAGs
[2025-07-01T03:11:09.338+0000] {logging_mixin.py:190} INFO - [2025-07-01T03:11:09.337+0000] {dag.py:4180} INFO - Setting next_dagrun for extract_raw_data_pipeline to 2025-06-29 07:00:00+00:00, run_after=2025-06-30 07:00:00+00:00
[2025-07-01T03:11:09.367+0000] {processor.py:208} INFO - Processing /opt/airflow/dags/driven_data_pipeline.py took 0.148 seconds
[2025-07-01T03:11:39.614+0000] {processor.py:186} INFO - Started process (PID=1696) to work on /opt/airflow/dags/driven_data_pipeline.py
[2025-07-01T03:11:39.616+0000] {processor.py:914} INFO - Processing file /opt/airflow/dags/driven_data_pipeline.py for tasks to queue
[2025-07-01T03:11:39.622+0000] {logging_mixin.py:190} INFO - [2025-07-01T03:11:39.621+0000] {dagbag.py:588} INFO - Filling up the DagBag from /opt/airflow/dags/driven_data_pipeline.py
[2025-07-01T03:11:39.670+0000] {processor.py:925} INFO - DAG(s) 'extract_raw_data_pipeline' retrieved from /opt/airflow/dags/driven_data_pipeline.py
[2025-07-01T03:11:39.712+0000] {logging_mixin.py:190} INFO - [2025-07-01T03:11:39.712+0000] {dag.py:3239} INFO - Sync 1 DAGs
[2025-07-01T03:11:39.747+0000] {logging_mixin.py:190} INFO - [2025-07-01T03:11:39.747+0000] {dag.py:4180} INFO - Setting next_dagrun for extract_raw_data_pipeline to 2025-06-29 07:00:00+00:00, run_after=2025-06-30 07:00:00+00:00
[2025-07-01T03:11:39.778+0000] {processor.py:208} INFO - Processing /opt/airflow/dags/driven_data_pipeline.py took 0.176 seconds
[2025-07-01T03:12:10.066+0000] {processor.py:186} INFO - Started process (PID=1703) to work on /opt/airflow/dags/driven_data_pipeline.py
[2025-07-01T03:12:10.069+0000] {processor.py:914} INFO - Processing file /opt/airflow/dags/driven_data_pipeline.py for tasks to queue
[2025-07-01T03:12:10.072+0000] {logging_mixin.py:190} INFO - [2025-07-01T03:12:10.071+0000] {dagbag.py:588} INFO - Filling up the DagBag from /opt/airflow/dags/driven_data_pipeline.py
[2025-07-01T03:12:10.106+0000] {processor.py:925} INFO - DAG(s) 'extract_raw_data_pipeline' retrieved from /opt/airflow/dags/driven_data_pipeline.py
[2025-07-01T03:12:10.150+0000] {logging_mixin.py:190} INFO - [2025-07-01T03:12:10.149+0000] {dag.py:3239} INFO - Sync 1 DAGs
[2025-07-01T03:12:10.193+0000] {logging_mixin.py:190} INFO - [2025-07-01T03:12:10.193+0000] {dag.py:4180} INFO - Setting next_dagrun for extract_raw_data_pipeline to 2025-06-29 07:00:00+00:00, run_after=2025-06-30 07:00:00+00:00
[2025-07-01T03:12:10.233+0000] {processor.py:208} INFO - Processing /opt/airflow/dags/driven_data_pipeline.py took 0.174 seconds
[2025-07-01T03:12:40.531+0000] {processor.py:186} INFO - Started process (PID=1710) to work on /opt/airflow/dags/driven_data_pipeline.py
[2025-07-01T03:12:40.533+0000] {processor.py:914} INFO - Processing file /opt/airflow/dags/driven_data_pipeline.py for tasks to queue
[2025-07-01T03:12:40.537+0000] {logging_mixin.py:190} INFO - [2025-07-01T03:12:40.536+0000] {dagbag.py:588} INFO - Filling up the DagBag from /opt/airflow/dags/driven_data_pipeline.py
[2025-07-01T03:12:40.577+0000] {processor.py:925} INFO - DAG(s) 'extract_raw_data_pipeline' retrieved from /opt/airflow/dags/driven_data_pipeline.py
[2025-07-01T03:12:40.611+0000] {logging_mixin.py:190} INFO - [2025-07-01T03:12:40.611+0000] {dag.py:3239} INFO - Sync 1 DAGs
[2025-07-01T03:12:40.657+0000] {logging_mixin.py:190} INFO - [2025-07-01T03:12:40.657+0000] {dag.py:4180} INFO - Setting next_dagrun for extract_raw_data_pipeline to 2025-06-29 07:00:00+00:00, run_after=2025-06-30 07:00:00+00:00
[2025-07-01T03:12:40.692+0000] {processor.py:208} INFO - Processing /opt/airflow/dags/driven_data_pipeline.py took 0.169 seconds
[2025-07-01T03:13:10.903+0000] {processor.py:186} INFO - Started process (PID=1717) to work on /opt/airflow/dags/driven_data_pipeline.py
[2025-07-01T03:13:10.905+0000] {processor.py:914} INFO - Processing file /opt/airflow/dags/driven_data_pipeline.py for tasks to queue
[2025-07-01T03:13:10.908+0000] {logging_mixin.py:190} INFO - [2025-07-01T03:13:10.907+0000] {dagbag.py:588} INFO - Filling up the DagBag from /opt/airflow/dags/driven_data_pipeline.py
[2025-07-01T03:13:10.945+0000] {processor.py:925} INFO - DAG(s) 'extract_raw_data_pipeline' retrieved from /opt/airflow/dags/driven_data_pipeline.py
[2025-07-01T03:13:10.989+0000] {logging_mixin.py:190} INFO - [2025-07-01T03:13:10.988+0000] {dag.py:3239} INFO - Sync 1 DAGs
[2025-07-01T03:13:11.023+0000] {logging_mixin.py:190} INFO - [2025-07-01T03:13:11.023+0000] {dag.py:4180} INFO - Setting next_dagrun for extract_raw_data_pipeline to 2025-06-29 07:00:00+00:00, run_after=2025-06-30 07:00:00+00:00
[2025-07-01T03:13:11.054+0000] {processor.py:208} INFO - Processing /opt/airflow/dags/driven_data_pipeline.py took 0.160 seconds
[2025-07-01T03:13:41.393+0000] {processor.py:186} INFO - Started process (PID=1724) to work on /opt/airflow/dags/driven_data_pipeline.py
[2025-07-01T03:13:41.396+0000] {processor.py:914} INFO - Processing file /opt/airflow/dags/driven_data_pipeline.py for tasks to queue
[2025-07-01T03:13:41.400+0000] {logging_mixin.py:190} INFO - [2025-07-01T03:13:41.398+0000] {dagbag.py:588} INFO - Filling up the DagBag from /opt/airflow/dags/driven_data_pipeline.py
[2025-07-01T03:13:41.439+0000] {processor.py:925} INFO - DAG(s) 'extract_raw_data_pipeline' retrieved from /opt/airflow/dags/driven_data_pipeline.py
[2025-07-01T03:13:41.472+0000] {logging_mixin.py:190} INFO - [2025-07-01T03:13:41.472+0000] {dag.py:3239} INFO - Sync 1 DAGs
[2025-07-01T03:13:41.499+0000] {logging_mixin.py:190} INFO - [2025-07-01T03:13:41.499+0000] {dag.py:4180} INFO - Setting next_dagrun for extract_raw_data_pipeline to 2025-06-29 07:00:00+00:00, run_after=2025-06-30 07:00:00+00:00
[2025-07-01T03:13:41.527+0000] {processor.py:208} INFO - Processing /opt/airflow/dags/driven_data_pipeline.py took 0.141 seconds
[2025-07-01T03:14:11.759+0000] {processor.py:186} INFO - Started process (PID=1731) to work on /opt/airflow/dags/driven_data_pipeline.py
[2025-07-01T03:14:11.761+0000] {processor.py:914} INFO - Processing file /opt/airflow/dags/driven_data_pipeline.py for tasks to queue
[2025-07-01T03:14:11.767+0000] {logging_mixin.py:190} INFO - [2025-07-01T03:14:11.766+0000] {dagbag.py:588} INFO - Filling up the DagBag from /opt/airflow/dags/driven_data_pipeline.py
[2025-07-01T03:14:11.816+0000] {processor.py:925} INFO - DAG(s) 'extract_raw_data_pipeline' retrieved from /opt/airflow/dags/driven_data_pipeline.py
[2025-07-01T03:14:11.856+0000] {logging_mixin.py:190} INFO - [2025-07-01T03:14:11.856+0000] {dag.py:3239} INFO - Sync 1 DAGs
[2025-07-01T03:14:11.890+0000] {logging_mixin.py:190} INFO - [2025-07-01T03:14:11.889+0000] {dag.py:4180} INFO - Setting next_dagrun for extract_raw_data_pipeline to 2025-06-29 07:00:00+00:00, run_after=2025-06-30 07:00:00+00:00
[2025-07-01T03:14:11.913+0000] {processor.py:208} INFO - Processing /opt/airflow/dags/driven_data_pipeline.py took 0.162 seconds
[2025-07-01T03:14:42.200+0000] {processor.py:186} INFO - Started process (PID=1738) to work on /opt/airflow/dags/driven_data_pipeline.py
[2025-07-01T03:14:42.201+0000] {processor.py:914} INFO - Processing file /opt/airflow/dags/driven_data_pipeline.py for tasks to queue
[2025-07-01T03:14:42.208+0000] {logging_mixin.py:190} INFO - [2025-07-01T03:14:42.208+0000] {dagbag.py:588} INFO - Filling up the DagBag from /opt/airflow/dags/driven_data_pipeline.py
[2025-07-01T03:14:42.243+0000] {processor.py:925} INFO - DAG(s) 'extract_raw_data_pipeline' retrieved from /opt/airflow/dags/driven_data_pipeline.py
[2025-07-01T03:14:42.289+0000] {logging_mixin.py:190} INFO - [2025-07-01T03:14:42.288+0000] {dag.py:3239} INFO - Sync 1 DAGs
[2025-07-01T03:14:42.328+0000] {logging_mixin.py:190} INFO - [2025-07-01T03:14:42.327+0000] {dag.py:4180} INFO - Setting next_dagrun for extract_raw_data_pipeline to 2025-06-29 07:00:00+00:00, run_after=2025-06-30 07:00:00+00:00
[2025-07-01T03:14:42.359+0000] {processor.py:208} INFO - Processing /opt/airflow/dags/driven_data_pipeline.py took 0.170 seconds
[2025-07-01T03:15:12.636+0000] {processor.py:186} INFO - Started process (PID=1745) to work on /opt/airflow/dags/driven_data_pipeline.py
[2025-07-01T03:15:12.638+0000] {processor.py:914} INFO - Processing file /opt/airflow/dags/driven_data_pipeline.py for tasks to queue
[2025-07-01T03:15:12.644+0000] {logging_mixin.py:190} INFO - [2025-07-01T03:15:12.644+0000] {dagbag.py:588} INFO - Filling up the DagBag from /opt/airflow/dags/driven_data_pipeline.py
[2025-07-01T03:15:12.677+0000] {processor.py:925} INFO - DAG(s) 'extract_raw_data_pipeline' retrieved from /opt/airflow/dags/driven_data_pipeline.py
[2025-07-01T03:15:12.712+0000] {logging_mixin.py:190} INFO - [2025-07-01T03:15:12.712+0000] {dag.py:3239} INFO - Sync 1 DAGs
[2025-07-01T03:15:12.742+0000] {logging_mixin.py:190} INFO - [2025-07-01T03:15:12.741+0000] {dag.py:4180} INFO - Setting next_dagrun for extract_raw_data_pipeline to 2025-06-29 07:00:00+00:00, run_after=2025-06-30 07:00:00+00:00
[2025-07-01T03:15:12.773+0000] {processor.py:208} INFO - Processing /opt/airflow/dags/driven_data_pipeline.py took 0.145 seconds
[2025-07-01T03:15:43.106+0000] {processor.py:186} INFO - Started process (PID=1752) to work on /opt/airflow/dags/driven_data_pipeline.py
[2025-07-01T03:15:43.108+0000] {processor.py:914} INFO - Processing file /opt/airflow/dags/driven_data_pipeline.py for tasks to queue
[2025-07-01T03:15:43.114+0000] {logging_mixin.py:190} INFO - [2025-07-01T03:15:43.114+0000] {dagbag.py:588} INFO - Filling up the DagBag from /opt/airflow/dags/driven_data_pipeline.py
[2025-07-01T03:15:43.183+0000] {processor.py:925} INFO - DAG(s) 'extract_raw_data_pipeline' retrieved from /opt/airflow/dags/driven_data_pipeline.py
[2025-07-01T03:15:43.248+0000] {logging_mixin.py:190} INFO - [2025-07-01T03:15:43.248+0000] {dag.py:3239} INFO - Sync 1 DAGs
[2025-07-01T03:15:43.283+0000] {logging_mixin.py:190} INFO - [2025-07-01T03:15:43.283+0000] {dag.py:4180} INFO - Setting next_dagrun for extract_raw_data_pipeline to 2025-06-29 07:00:00+00:00, run_after=2025-06-30 07:00:00+00:00
[2025-07-01T03:15:43.312+0000] {processor.py:208} INFO - Processing /opt/airflow/dags/driven_data_pipeline.py took 0.216 seconds
[2025-07-01T03:16:13.486+0000] {processor.py:186} INFO - Started process (PID=1759) to work on /opt/airflow/dags/driven_data_pipeline.py
[2025-07-01T03:16:13.489+0000] {processor.py:914} INFO - Processing file /opt/airflow/dags/driven_data_pipeline.py for tasks to queue
[2025-07-01T03:16:13.493+0000] {logging_mixin.py:190} INFO - [2025-07-01T03:16:13.492+0000] {dagbag.py:588} INFO - Filling up the DagBag from /opt/airflow/dags/driven_data_pipeline.py
[2025-07-01T03:16:13.531+0000] {processor.py:925} INFO - DAG(s) 'extract_raw_data_pipeline' retrieved from /opt/airflow/dags/driven_data_pipeline.py
[2025-07-01T03:16:13.569+0000] {logging_mixin.py:190} INFO - [2025-07-01T03:16:13.568+0000] {dag.py:3239} INFO - Sync 1 DAGs
[2025-07-01T03:16:13.599+0000] {logging_mixin.py:190} INFO - [2025-07-01T03:16:13.598+0000] {dag.py:4180} INFO - Setting next_dagrun for extract_raw_data_pipeline to 2025-06-29 07:00:00+00:00, run_after=2025-06-30 07:00:00+00:00
[2025-07-01T03:16:13.627+0000] {processor.py:208} INFO - Processing /opt/airflow/dags/driven_data_pipeline.py took 0.151 seconds
[2025-07-01T03:16:44.062+0000] {processor.py:186} INFO - Started process (PID=1766) to work on /opt/airflow/dags/driven_data_pipeline.py
[2025-07-01T03:16:44.064+0000] {processor.py:914} INFO - Processing file /opt/airflow/dags/driven_data_pipeline.py for tasks to queue
[2025-07-01T03:16:44.067+0000] {logging_mixin.py:190} INFO - [2025-07-01T03:16:44.067+0000] {dagbag.py:588} INFO - Filling up the DagBag from /opt/airflow/dags/driven_data_pipeline.py
[2025-07-01T03:16:44.122+0000] {processor.py:925} INFO - DAG(s) 'extract_raw_data_pipeline' retrieved from /opt/airflow/dags/driven_data_pipeline.py
[2025-07-01T03:16:44.163+0000] {logging_mixin.py:190} INFO - [2025-07-01T03:16:44.163+0000] {dag.py:3239} INFO - Sync 1 DAGs
[2025-07-01T03:16:44.193+0000] {logging_mixin.py:190} INFO - [2025-07-01T03:16:44.193+0000] {dag.py:4180} INFO - Setting next_dagrun for extract_raw_data_pipeline to 2025-06-29 07:00:00+00:00, run_after=2025-06-30 07:00:00+00:00
[2025-07-01T03:16:44.242+0000] {processor.py:208} INFO - Processing /opt/airflow/dags/driven_data_pipeline.py took 0.210 seconds
[2025-07-01T03:17:14.401+0000] {processor.py:186} INFO - Started process (PID=1773) to work on /opt/airflow/dags/driven_data_pipeline.py
[2025-07-01T03:17:14.403+0000] {processor.py:914} INFO - Processing file /opt/airflow/dags/driven_data_pipeline.py for tasks to queue
[2025-07-01T03:17:14.407+0000] {logging_mixin.py:190} INFO - [2025-07-01T03:17:14.406+0000] {dagbag.py:588} INFO - Filling up the DagBag from /opt/airflow/dags/driven_data_pipeline.py
[2025-07-01T03:17:14.442+0000] {processor.py:925} INFO - DAG(s) 'extract_raw_data_pipeline' retrieved from /opt/airflow/dags/driven_data_pipeline.py
[2025-07-01T03:17:14.483+0000] {logging_mixin.py:190} INFO - [2025-07-01T03:17:14.483+0000] {dag.py:3239} INFO - Sync 1 DAGs
[2025-07-01T03:17:14.517+0000] {logging_mixin.py:190} INFO - [2025-07-01T03:17:14.517+0000] {dag.py:4180} INFO - Setting next_dagrun for extract_raw_data_pipeline to 2025-06-29 07:00:00+00:00, run_after=2025-06-30 07:00:00+00:00
[2025-07-01T03:17:14.544+0000] {processor.py:208} INFO - Processing /opt/airflow/dags/driven_data_pipeline.py took 0.152 seconds
[2025-07-01T03:17:44.740+0000] {processor.py:186} INFO - Started process (PID=1780) to work on /opt/airflow/dags/driven_data_pipeline.py
[2025-07-01T03:17:44.741+0000] {processor.py:914} INFO - Processing file /opt/airflow/dags/driven_data_pipeline.py for tasks to queue
[2025-07-01T03:17:44.746+0000] {logging_mixin.py:190} INFO - [2025-07-01T03:17:44.745+0000] {dagbag.py:588} INFO - Filling up the DagBag from /opt/airflow/dags/driven_data_pipeline.py
[2025-07-01T03:17:44.786+0000] {processor.py:925} INFO - DAG(s) 'extract_raw_data_pipeline' retrieved from /opt/airflow/dags/driven_data_pipeline.py
[2025-07-01T03:17:44.825+0000] {logging_mixin.py:190} INFO - [2025-07-01T03:17:44.825+0000] {dag.py:3239} INFO - Sync 1 DAGs
[2025-07-01T03:17:44.860+0000] {logging_mixin.py:190} INFO - [2025-07-01T03:17:44.859+0000] {dag.py:4180} INFO - Setting next_dagrun for extract_raw_data_pipeline to 2025-06-29 07:00:00+00:00, run_after=2025-06-30 07:00:00+00:00
[2025-07-01T03:17:44.891+0000] {processor.py:208} INFO - Processing /opt/airflow/dags/driven_data_pipeline.py took 0.159 seconds
[2025-07-01T03:18:15.247+0000] {processor.py:186} INFO - Started process (PID=1787) to work on /opt/airflow/dags/driven_data_pipeline.py
[2025-07-01T03:18:15.249+0000] {processor.py:914} INFO - Processing file /opt/airflow/dags/driven_data_pipeline.py for tasks to queue
[2025-07-01T03:18:15.256+0000] {logging_mixin.py:190} INFO - [2025-07-01T03:18:15.255+0000] {dagbag.py:588} INFO - Filling up the DagBag from /opt/airflow/dags/driven_data_pipeline.py
[2025-07-01T03:18:15.312+0000] {processor.py:925} INFO - DAG(s) 'extract_raw_data_pipeline' retrieved from /opt/airflow/dags/driven_data_pipeline.py
[2025-07-01T03:18:15.358+0000] {logging_mixin.py:190} INFO - [2025-07-01T03:18:15.357+0000] {dag.py:3239} INFO - Sync 1 DAGs
[2025-07-01T03:18:15.394+0000] {logging_mixin.py:190} INFO - [2025-07-01T03:18:15.394+0000] {dag.py:4180} INFO - Setting next_dagrun for extract_raw_data_pipeline to 2025-06-29 07:00:00+00:00, run_after=2025-06-30 07:00:00+00:00
[2025-07-01T03:18:15.424+0000] {processor.py:208} INFO - Processing /opt/airflow/dags/driven_data_pipeline.py took 0.187 seconds
[2025-07-01T03:18:45.580+0000] {processor.py:186} INFO - Started process (PID=1795) to work on /opt/airflow/dags/driven_data_pipeline.py
[2025-07-01T03:18:45.583+0000] {processor.py:914} INFO - Processing file /opt/airflow/dags/driven_data_pipeline.py for tasks to queue
[2025-07-01T03:18:45.587+0000] {logging_mixin.py:190} INFO - [2025-07-01T03:18:45.587+0000] {dagbag.py:588} INFO - Filling up the DagBag from /opt/airflow/dags/driven_data_pipeline.py
[2025-07-01T03:18:45.650+0000] {processor.py:925} INFO - DAG(s) 'extract_raw_data_pipeline' retrieved from /opt/airflow/dags/driven_data_pipeline.py
[2025-07-01T03:18:45.688+0000] {logging_mixin.py:190} INFO - [2025-07-01T03:18:45.687+0000] {dag.py:3239} INFO - Sync 1 DAGs
[2025-07-01T03:18:45.724+0000] {logging_mixin.py:190} INFO - [2025-07-01T03:18:45.724+0000] {dag.py:4180} INFO - Setting next_dagrun for extract_raw_data_pipeline to 2025-06-29 07:00:00+00:00, run_after=2025-06-30 07:00:00+00:00
[2025-07-01T03:18:45.754+0000] {processor.py:208} INFO - Processing /opt/airflow/dags/driven_data_pipeline.py took 0.184 seconds
[2025-07-01T03:19:16.144+0000] {processor.py:186} INFO - Started process (PID=1802) to work on /opt/airflow/dags/driven_data_pipeline.py
[2025-07-01T03:19:16.145+0000] {processor.py:914} INFO - Processing file /opt/airflow/dags/driven_data_pipeline.py for tasks to queue
[2025-07-01T03:19:16.150+0000] {logging_mixin.py:190} INFO - [2025-07-01T03:19:16.150+0000] {dagbag.py:588} INFO - Filling up the DagBag from /opt/airflow/dags/driven_data_pipeline.py
[2025-07-01T03:19:16.181+0000] {processor.py:925} INFO - DAG(s) 'extract_raw_data_pipeline' retrieved from /opt/airflow/dags/driven_data_pipeline.py
[2025-07-01T03:19:16.216+0000] {logging_mixin.py:190} INFO - [2025-07-01T03:19:16.215+0000] {dag.py:3239} INFO - Sync 1 DAGs
[2025-07-01T03:19:16.243+0000] {logging_mixin.py:190} INFO - [2025-07-01T03:19:16.243+0000] {dag.py:4180} INFO - Setting next_dagrun for extract_raw_data_pipeline to 2025-06-29 07:00:00+00:00, run_after=2025-06-30 07:00:00+00:00
[2025-07-01T03:19:16.270+0000] {processor.py:208} INFO - Processing /opt/airflow/dags/driven_data_pipeline.py took 0.135 seconds
[2025-07-01T03:19:46.505+0000] {processor.py:186} INFO - Started process (PID=1809) to work on /opt/airflow/dags/driven_data_pipeline.py
[2025-07-01T03:19:46.507+0000] {processor.py:914} INFO - Processing file /opt/airflow/dags/driven_data_pipeline.py for tasks to queue
[2025-07-01T03:19:46.510+0000] {logging_mixin.py:190} INFO - [2025-07-01T03:19:46.510+0000] {dagbag.py:588} INFO - Filling up the DagBag from /opt/airflow/dags/driven_data_pipeline.py
[2025-07-01T03:19:46.545+0000] {processor.py:925} INFO - DAG(s) 'extract_raw_data_pipeline' retrieved from /opt/airflow/dags/driven_data_pipeline.py
[2025-07-01T03:19:46.578+0000] {logging_mixin.py:190} INFO - [2025-07-01T03:19:46.578+0000] {dag.py:3239} INFO - Sync 1 DAGs
[2025-07-01T03:19:46.607+0000] {logging_mixin.py:190} INFO - [2025-07-01T03:19:46.607+0000] {dag.py:4180} INFO - Setting next_dagrun for extract_raw_data_pipeline to 2025-06-29 07:00:00+00:00, run_after=2025-06-30 07:00:00+00:00
[2025-07-01T03:19:46.634+0000] {processor.py:208} INFO - Processing /opt/airflow/dags/driven_data_pipeline.py took 0.138 seconds
[2025-07-01T03:20:17.000+0000] {processor.py:186} INFO - Started process (PID=1815) to work on /opt/airflow/dags/driven_data_pipeline.py
[2025-07-01T03:20:17.003+0000] {processor.py:914} INFO - Processing file /opt/airflow/dags/driven_data_pipeline.py for tasks to queue
[2025-07-01T03:20:17.009+0000] {logging_mixin.py:190} INFO - [2025-07-01T03:20:17.009+0000] {dagbag.py:588} INFO - Filling up the DagBag from /opt/airflow/dags/driven_data_pipeline.py
[2025-07-01T03:20:17.064+0000] {processor.py:925} INFO - DAG(s) 'extract_raw_data_pipeline' retrieved from /opt/airflow/dags/driven_data_pipeline.py
[2025-07-01T03:20:17.108+0000] {logging_mixin.py:190} INFO - [2025-07-01T03:20:17.107+0000] {dag.py:3239} INFO - Sync 1 DAGs
[2025-07-01T03:20:17.165+0000] {logging_mixin.py:190} INFO - [2025-07-01T03:20:17.164+0000] {dag.py:4180} INFO - Setting next_dagrun for extract_raw_data_pipeline to 2025-06-29 07:00:00+00:00, run_after=2025-06-30 07:00:00+00:00
[2025-07-01T03:20:17.205+0000] {processor.py:208} INFO - Processing /opt/airflow/dags/driven_data_pipeline.py took 0.214 seconds
[2025-07-01T03:20:47.411+0000] {processor.py:186} INFO - Started process (PID=1828) to work on /opt/airflow/dags/driven_data_pipeline.py
[2025-07-01T03:20:47.413+0000] {processor.py:914} INFO - Processing file /opt/airflow/dags/driven_data_pipeline.py for tasks to queue
[2025-07-01T03:20:47.417+0000] {logging_mixin.py:190} INFO - [2025-07-01T03:20:47.416+0000] {dagbag.py:588} INFO - Filling up the DagBag from /opt/airflow/dags/driven_data_pipeline.py
[2025-07-01T03:20:47.484+0000] {processor.py:925} INFO - DAG(s) 'extract_raw_data_pipeline' retrieved from /opt/airflow/dags/driven_data_pipeline.py
[2025-07-01T03:20:47.521+0000] {logging_mixin.py:190} INFO - [2025-07-01T03:20:47.520+0000] {dag.py:3239} INFO - Sync 1 DAGs
[2025-07-01T03:20:47.553+0000] {logging_mixin.py:190} INFO - [2025-07-01T03:20:47.553+0000] {dag.py:4180} INFO - Setting next_dagrun for extract_raw_data_pipeline to 2025-06-29 07:00:00+00:00, run_after=2025-06-30 07:00:00+00:00
[2025-07-01T03:20:47.584+0000] {processor.py:208} INFO - Processing /opt/airflow/dags/driven_data_pipeline.py took 0.183 seconds
[2025-07-01T03:21:17.936+0000] {processor.py:186} INFO - Started process (PID=1834) to work on /opt/airflow/dags/driven_data_pipeline.py
[2025-07-01T03:21:17.938+0000] {processor.py:914} INFO - Processing file /opt/airflow/dags/driven_data_pipeline.py for tasks to queue
[2025-07-01T03:21:17.942+0000] {logging_mixin.py:190} INFO - [2025-07-01T03:21:17.942+0000] {dagbag.py:588} INFO - Filling up the DagBag from /opt/airflow/dags/driven_data_pipeline.py
[2025-07-01T03:21:17.991+0000] {processor.py:925} INFO - DAG(s) 'extract_raw_data_pipeline' retrieved from /opt/airflow/dags/driven_data_pipeline.py
[2025-07-01T03:21:18.030+0000] {logging_mixin.py:190} INFO - [2025-07-01T03:21:18.030+0000] {dag.py:3239} INFO - Sync 1 DAGs
[2025-07-01T03:21:18.065+0000] {logging_mixin.py:190} INFO - [2025-07-01T03:21:18.064+0000] {dag.py:4180} INFO - Setting next_dagrun for extract_raw_data_pipeline to 2025-06-29 07:00:00+00:00, run_after=2025-06-30 07:00:00+00:00
[2025-07-01T03:21:18.092+0000] {processor.py:208} INFO - Processing /opt/airflow/dags/driven_data_pipeline.py took 0.164 seconds
[2025-07-01T03:21:48.335+0000] {processor.py:186} INFO - Started process (PID=1841) to work on /opt/airflow/dags/driven_data_pipeline.py
[2025-07-01T03:21:48.337+0000] {processor.py:914} INFO - Processing file /opt/airflow/dags/driven_data_pipeline.py for tasks to queue
[2025-07-01T03:21:48.342+0000] {logging_mixin.py:190} INFO - [2025-07-01T03:21:48.341+0000] {dagbag.py:588} INFO - Filling up the DagBag from /opt/airflow/dags/driven_data_pipeline.py
[2025-07-01T03:21:48.395+0000] {processor.py:925} INFO - DAG(s) 'extract_raw_data_pipeline' retrieved from /opt/airflow/dags/driven_data_pipeline.py
[2025-07-01T03:21:48.445+0000] {logging_mixin.py:190} INFO - [2025-07-01T03:21:48.445+0000] {dag.py:3239} INFO - Sync 1 DAGs
[2025-07-01T03:21:48.484+0000] {logging_mixin.py:190} INFO - [2025-07-01T03:21:48.484+0000] {dag.py:4180} INFO - Setting next_dagrun for extract_raw_data_pipeline to 2025-06-29 07:00:00+00:00, run_after=2025-06-30 07:00:00+00:00
[2025-07-01T03:21:48.520+0000] {processor.py:208} INFO - Processing /opt/airflow/dags/driven_data_pipeline.py took 0.195 seconds
[2025-07-01T03:22:18.739+0000] {processor.py:186} INFO - Started process (PID=1847) to work on /opt/airflow/dags/driven_data_pipeline.py
[2025-07-01T03:22:18.741+0000] {processor.py:914} INFO - Processing file /opt/airflow/dags/driven_data_pipeline.py for tasks to queue
[2025-07-01T03:22:18.748+0000] {logging_mixin.py:190} INFO - [2025-07-01T03:22:18.747+0000] {dagbag.py:588} INFO - Filling up the DagBag from /opt/airflow/dags/driven_data_pipeline.py
[2025-07-01T03:22:18.786+0000] {processor.py:925} INFO - DAG(s) 'extract_raw_data_pipeline' retrieved from /opt/airflow/dags/driven_data_pipeline.py
[2025-07-01T03:22:18.829+0000] {logging_mixin.py:190} INFO - [2025-07-01T03:22:18.829+0000] {dag.py:3239} INFO - Sync 1 DAGs
[2025-07-01T03:22:18.866+0000] {logging_mixin.py:190} INFO - [2025-07-01T03:22:18.866+0000] {dag.py:4180} INFO - Setting next_dagrun for extract_raw_data_pipeline to 2025-06-29 07:00:00+00:00, run_after=2025-06-30 07:00:00+00:00
[2025-07-01T03:22:18.899+0000] {processor.py:208} INFO - Processing /opt/airflow/dags/driven_data_pipeline.py took 0.168 seconds
[2025-07-01T03:22:49.190+0000] {processor.py:186} INFO - Started process (PID=1854) to work on /opt/airflow/dags/driven_data_pipeline.py
[2025-07-01T03:22:49.192+0000] {processor.py:914} INFO - Processing file /opt/airflow/dags/driven_data_pipeline.py for tasks to queue
[2025-07-01T03:22:49.197+0000] {logging_mixin.py:190} INFO - [2025-07-01T03:22:49.196+0000] {dagbag.py:588} INFO - Filling up the DagBag from /opt/airflow/dags/driven_data_pipeline.py
[2025-07-01T03:22:49.235+0000] {processor.py:925} INFO - DAG(s) 'extract_raw_data_pipeline' retrieved from /opt/airflow/dags/driven_data_pipeline.py
[2025-07-01T03:22:49.281+0000] {logging_mixin.py:190} INFO - [2025-07-01T03:22:49.281+0000] {dag.py:3239} INFO - Sync 1 DAGs
[2025-07-01T03:22:49.323+0000] {logging_mixin.py:190} INFO - [2025-07-01T03:22:49.323+0000] {dag.py:4180} INFO - Setting next_dagrun for extract_raw_data_pipeline to 2025-06-29 07:00:00+00:00, run_after=2025-06-30 07:00:00+00:00
[2025-07-01T03:22:49.360+0000] {processor.py:208} INFO - Processing /opt/airflow/dags/driven_data_pipeline.py took 0.180 seconds
[2025-07-01T03:23:19.575+0000] {processor.py:186} INFO - Started process (PID=1861) to work on /opt/airflow/dags/driven_data_pipeline.py
[2025-07-01T03:23:19.577+0000] {processor.py:914} INFO - Processing file /opt/airflow/dags/driven_data_pipeline.py for tasks to queue
[2025-07-01T03:23:19.581+0000] {logging_mixin.py:190} INFO - [2025-07-01T03:23:19.580+0000] {dagbag.py:588} INFO - Filling up the DagBag from /opt/airflow/dags/driven_data_pipeline.py
[2025-07-01T03:23:19.627+0000] {processor.py:925} INFO - DAG(s) 'extract_raw_data_pipeline' retrieved from /opt/airflow/dags/driven_data_pipeline.py
[2025-07-01T03:23:19.668+0000] {logging_mixin.py:190} INFO - [2025-07-01T03:23:19.668+0000] {dag.py:3239} INFO - Sync 1 DAGs
[2025-07-01T03:23:19.700+0000] {logging_mixin.py:190} INFO - [2025-07-01T03:23:19.699+0000] {dag.py:4180} INFO - Setting next_dagrun for extract_raw_data_pipeline to 2025-06-29 07:00:00+00:00, run_after=2025-06-30 07:00:00+00:00
[2025-07-01T03:23:19.728+0000] {processor.py:208} INFO - Processing /opt/airflow/dags/driven_data_pipeline.py took 0.162 seconds
[2025-07-01T03:23:50.071+0000] {processor.py:186} INFO - Started process (PID=1868) to work on /opt/airflow/dags/driven_data_pipeline.py
[2025-07-01T03:23:50.073+0000] {processor.py:914} INFO - Processing file /opt/airflow/dags/driven_data_pipeline.py for tasks to queue
[2025-07-01T03:23:50.077+0000] {logging_mixin.py:190} INFO - [2025-07-01T03:23:50.077+0000] {dagbag.py:588} INFO - Filling up the DagBag from /opt/airflow/dags/driven_data_pipeline.py
[2025-07-01T03:23:50.123+0000] {processor.py:925} INFO - DAG(s) 'extract_raw_data_pipeline' retrieved from /opt/airflow/dags/driven_data_pipeline.py
[2025-07-01T03:23:50.160+0000] {logging_mixin.py:190} INFO - [2025-07-01T03:23:50.159+0000] {dag.py:3239} INFO - Sync 1 DAGs
[2025-07-01T03:23:50.191+0000] {logging_mixin.py:190} INFO - [2025-07-01T03:23:50.191+0000] {dag.py:4180} INFO - Setting next_dagrun for extract_raw_data_pipeline to 2025-06-29 07:00:00+00:00, run_after=2025-06-30 07:00:00+00:00
[2025-07-01T03:23:50.227+0000] {processor.py:208} INFO - Processing /opt/airflow/dags/driven_data_pipeline.py took 0.163 seconds
[2025-07-01T03:24:20.411+0000] {processor.py:186} INFO - Started process (PID=1875) to work on /opt/airflow/dags/driven_data_pipeline.py
[2025-07-01T03:24:20.413+0000] {processor.py:914} INFO - Processing file /opt/airflow/dags/driven_data_pipeline.py for tasks to queue
[2025-07-01T03:24:20.416+0000] {logging_mixin.py:190} INFO - [2025-07-01T03:24:20.415+0000] {dagbag.py:588} INFO - Filling up the DagBag from /opt/airflow/dags/driven_data_pipeline.py
[2025-07-01T03:24:20.439+0000] {processor.py:925} INFO - DAG(s) 'extract_raw_data_pipeline' retrieved from /opt/airflow/dags/driven_data_pipeline.py
[2025-07-01T03:24:20.470+0000] {logging_mixin.py:190} INFO - [2025-07-01T03:24:20.470+0000] {dag.py:3239} INFO - Sync 1 DAGs
[2025-07-01T03:24:20.498+0000] {logging_mixin.py:190} INFO - [2025-07-01T03:24:20.498+0000] {dag.py:4180} INFO - Setting next_dagrun for extract_raw_data_pipeline to 2025-06-29 07:00:00+00:00, run_after=2025-06-30 07:00:00+00:00
[2025-07-01T03:24:20.530+0000] {processor.py:208} INFO - Processing /opt/airflow/dags/driven_data_pipeline.py took 0.125 seconds
[2025-07-01T03:24:50.744+0000] {processor.py:186} INFO - Started process (PID=1882) to work on /opt/airflow/dags/driven_data_pipeline.py
[2025-07-01T03:24:50.746+0000] {processor.py:914} INFO - Processing file /opt/airflow/dags/driven_data_pipeline.py for tasks to queue
[2025-07-01T03:24:50.751+0000] {logging_mixin.py:190} INFO - [2025-07-01T03:24:50.750+0000] {dagbag.py:588} INFO - Filling up the DagBag from /opt/airflow/dags/driven_data_pipeline.py
[2025-07-01T03:24:50.795+0000] {processor.py:925} INFO - DAG(s) 'extract_raw_data_pipeline' retrieved from /opt/airflow/dags/driven_data_pipeline.py
[2025-07-01T03:24:50.834+0000] {logging_mixin.py:190} INFO - [2025-07-01T03:24:50.834+0000] {dag.py:3239} INFO - Sync 1 DAGs
[2025-07-01T03:24:50.874+0000] {logging_mixin.py:190} INFO - [2025-07-01T03:24:50.873+0000] {dag.py:4180} INFO - Setting next_dagrun for extract_raw_data_pipeline to 2025-06-29 07:00:00+00:00, run_after=2025-06-30 07:00:00+00:00
[2025-07-01T03:24:50.929+0000] {processor.py:208} INFO - Processing /opt/airflow/dags/driven_data_pipeline.py took 0.196 seconds
[2025-07-01T03:25:21.217+0000] {processor.py:186} INFO - Started process (PID=1889) to work on /opt/airflow/dags/driven_data_pipeline.py
[2025-07-01T03:25:21.220+0000] {processor.py:914} INFO - Processing file /opt/airflow/dags/driven_data_pipeline.py for tasks to queue
[2025-07-01T03:25:21.227+0000] {logging_mixin.py:190} INFO - [2025-07-01T03:25:21.226+0000] {dagbag.py:588} INFO - Filling up the DagBag from /opt/airflow/dags/driven_data_pipeline.py
[2025-07-01T03:25:21.284+0000] {processor.py:925} INFO - DAG(s) 'extract_raw_data_pipeline' retrieved from /opt/airflow/dags/driven_data_pipeline.py
[2025-07-01T03:25:21.354+0000] {logging_mixin.py:190} INFO - [2025-07-01T03:25:21.354+0000] {dag.py:3239} INFO - Sync 1 DAGs
[2025-07-01T03:25:21.402+0000] {logging_mixin.py:190} INFO - [2025-07-01T03:25:21.401+0000] {dag.py:4180} INFO - Setting next_dagrun for extract_raw_data_pipeline to 2025-06-29 07:00:00+00:00, run_after=2025-06-30 07:00:00+00:00
[2025-07-01T03:25:21.449+0000] {processor.py:208} INFO - Processing /opt/airflow/dags/driven_data_pipeline.py took 0.243 seconds
[2025-07-01T03:25:51.680+0000] {processor.py:186} INFO - Started process (PID=1896) to work on /opt/airflow/dags/driven_data_pipeline.py
[2025-07-01T03:25:51.684+0000] {processor.py:914} INFO - Processing file /opt/airflow/dags/driven_data_pipeline.py for tasks to queue
[2025-07-01T03:25:51.732+0000] {logging_mixin.py:190} INFO - [2025-07-01T03:25:51.723+0000] {dagbag.py:588} INFO - Filling up the DagBag from /opt/airflow/dags/driven_data_pipeline.py
[2025-07-01T03:25:51.875+0000] {processor.py:925} INFO - DAG(s) 'extract_raw_data_pipeline' retrieved from /opt/airflow/dags/driven_data_pipeline.py
[2025-07-01T03:25:52.093+0000] {logging_mixin.py:190} INFO - [2025-07-01T03:25:52.093+0000] {dag.py:3239} INFO - Sync 1 DAGs
[2025-07-01T03:25:52.200+0000] {logging_mixin.py:190} INFO - [2025-07-01T03:25:52.199+0000] {dag.py:4180} INFO - Setting next_dagrun for extract_raw_data_pipeline to 2025-06-29 07:00:00+00:00, run_after=2025-06-30 07:00:00+00:00
[2025-07-01T03:25:52.260+0000] {processor.py:208} INFO - Processing /opt/airflow/dags/driven_data_pipeline.py took 0.618 seconds
[2025-07-01T03:26:22.640+0000] {processor.py:186} INFO - Started process (PID=1903) to work on /opt/airflow/dags/driven_data_pipeline.py
[2025-07-01T03:26:22.642+0000] {processor.py:914} INFO - Processing file /opt/airflow/dags/driven_data_pipeline.py for tasks to queue
[2025-07-01T03:26:22.647+0000] {logging_mixin.py:190} INFO - [2025-07-01T03:26:22.646+0000] {dagbag.py:588} INFO - Filling up the DagBag from /opt/airflow/dags/driven_data_pipeline.py
[2025-07-01T03:26:22.694+0000] {processor.py:925} INFO - DAG(s) 'extract_raw_data_pipeline' retrieved from /opt/airflow/dags/driven_data_pipeline.py
[2025-07-01T03:26:22.731+0000] {logging_mixin.py:190} INFO - [2025-07-01T03:26:22.731+0000] {dag.py:3239} INFO - Sync 1 DAGs
[2025-07-01T03:26:22.767+0000] {logging_mixin.py:190} INFO - [2025-07-01T03:26:22.767+0000] {dag.py:4180} INFO - Setting next_dagrun for extract_raw_data_pipeline to 2025-06-29 07:00:00+00:00, run_after=2025-06-30 07:00:00+00:00
[2025-07-01T03:26:22.791+0000] {processor.py:208} INFO - Processing /opt/airflow/dags/driven_data_pipeline.py took 0.159 seconds
[2025-07-01T03:26:52.991+0000] {processor.py:186} INFO - Started process (PID=1910) to work on /opt/airflow/dags/driven_data_pipeline.py
[2025-07-01T03:26:52.994+0000] {processor.py:914} INFO - Processing file /opt/airflow/dags/driven_data_pipeline.py for tasks to queue
[2025-07-01T03:26:52.998+0000] {logging_mixin.py:190} INFO - [2025-07-01T03:26:52.997+0000] {dagbag.py:588} INFO - Filling up the DagBag from /opt/airflow/dags/driven_data_pipeline.py
[2025-07-01T03:26:53.045+0000] {processor.py:925} INFO - DAG(s) 'extract_raw_data_pipeline' retrieved from /opt/airflow/dags/driven_data_pipeline.py
[2025-07-01T03:26:53.083+0000] {logging_mixin.py:190} INFO - [2025-07-01T03:26:53.083+0000] {dag.py:3239} INFO - Sync 1 DAGs
[2025-07-01T03:26:53.111+0000] {logging_mixin.py:190} INFO - [2025-07-01T03:26:53.111+0000] {dag.py:4180} INFO - Setting next_dagrun for extract_raw_data_pipeline to 2025-06-29 07:00:00+00:00, run_after=2025-06-30 07:00:00+00:00
[2025-07-01T03:26:53.148+0000] {processor.py:208} INFO - Processing /opt/airflow/dags/driven_data_pipeline.py took 0.170 seconds
[2025-07-01T03:27:23.436+0000] {processor.py:186} INFO - Started process (PID=1917) to work on /opt/airflow/dags/driven_data_pipeline.py
[2025-07-01T03:27:23.438+0000] {processor.py:914} INFO - Processing file /opt/airflow/dags/driven_data_pipeline.py for tasks to queue
[2025-07-01T03:27:23.441+0000] {logging_mixin.py:190} INFO - [2025-07-01T03:27:23.441+0000] {dagbag.py:588} INFO - Filling up the DagBag from /opt/airflow/dags/driven_data_pipeline.py
[2025-07-01T03:27:23.482+0000] {processor.py:925} INFO - DAG(s) 'extract_raw_data_pipeline' retrieved from /opt/airflow/dags/driven_data_pipeline.py
[2025-07-01T03:27:23.525+0000] {logging_mixin.py:190} INFO - [2025-07-01T03:27:23.525+0000] {dag.py:3239} INFO - Sync 1 DAGs
[2025-07-01T03:27:23.579+0000] {logging_mixin.py:190} INFO - [2025-07-01T03:27:23.578+0000] {dag.py:4180} INFO - Setting next_dagrun for extract_raw_data_pipeline to 2025-06-29 07:00:00+00:00, run_after=2025-06-30 07:00:00+00:00
[2025-07-01T03:27:23.615+0000] {processor.py:208} INFO - Processing /opt/airflow/dags/driven_data_pipeline.py took 0.184 seconds
[2025-07-01T03:27:53.799+0000] {processor.py:186} INFO - Started process (PID=1924) to work on /opt/airflow/dags/driven_data_pipeline.py
[2025-07-01T03:27:53.801+0000] {processor.py:914} INFO - Processing file /opt/airflow/dags/driven_data_pipeline.py for tasks to queue
[2025-07-01T03:27:53.807+0000] {logging_mixin.py:190} INFO - [2025-07-01T03:27:53.807+0000] {dagbag.py:588} INFO - Filling up the DagBag from /opt/airflow/dags/driven_data_pipeline.py
[2025-07-01T03:27:53.856+0000] {processor.py:925} INFO - DAG(s) 'extract_raw_data_pipeline' retrieved from /opt/airflow/dags/driven_data_pipeline.py
[2025-07-01T03:27:53.896+0000] {logging_mixin.py:190} INFO - [2025-07-01T03:27:53.896+0000] {dag.py:3239} INFO - Sync 1 DAGs
[2025-07-01T03:27:53.921+0000] {logging_mixin.py:190} INFO - [2025-07-01T03:27:53.921+0000] {dag.py:4180} INFO - Setting next_dagrun for extract_raw_data_pipeline to 2025-06-29 07:00:00+00:00, run_after=2025-06-30 07:00:00+00:00
[2025-07-01T03:27:53.945+0000] {processor.py:208} INFO - Processing /opt/airflow/dags/driven_data_pipeline.py took 0.155 seconds
[2025-07-01T03:28:24.302+0000] {processor.py:186} INFO - Started process (PID=1931) to work on /opt/airflow/dags/driven_data_pipeline.py
[2025-07-01T03:28:24.305+0000] {processor.py:914} INFO - Processing file /opt/airflow/dags/driven_data_pipeline.py for tasks to queue
[2025-07-01T03:28:24.309+0000] {logging_mixin.py:190} INFO - [2025-07-01T03:28:24.308+0000] {dagbag.py:588} INFO - Filling up the DagBag from /opt/airflow/dags/driven_data_pipeline.py
[2025-07-01T03:28:24.344+0000] {processor.py:925} INFO - DAG(s) 'extract_raw_data_pipeline' retrieved from /opt/airflow/dags/driven_data_pipeline.py
[2025-07-01T03:28:24.379+0000] {logging_mixin.py:190} INFO - [2025-07-01T03:28:24.378+0000] {dag.py:3239} INFO - Sync 1 DAGs
[2025-07-01T03:28:24.412+0000] {logging_mixin.py:190} INFO - [2025-07-01T03:28:24.412+0000] {dag.py:4180} INFO - Setting next_dagrun for extract_raw_data_pipeline to 2025-06-29 07:00:00+00:00, run_after=2025-06-30 07:00:00+00:00
[2025-07-01T03:28:24.437+0000] {processor.py:208} INFO - Processing /opt/airflow/dags/driven_data_pipeline.py took 0.145 seconds
[2025-07-01T03:28:54.655+0000] {processor.py:186} INFO - Started process (PID=1939) to work on /opt/airflow/dags/driven_data_pipeline.py
[2025-07-01T03:28:54.657+0000] {processor.py:914} INFO - Processing file /opt/airflow/dags/driven_data_pipeline.py for tasks to queue
[2025-07-01T03:28:54.660+0000] {logging_mixin.py:190} INFO - [2025-07-01T03:28:54.660+0000] {dagbag.py:588} INFO - Filling up the DagBag from /opt/airflow/dags/driven_data_pipeline.py
[2025-07-01T03:28:54.690+0000] {processor.py:925} INFO - DAG(s) 'extract_raw_data_pipeline' retrieved from /opt/airflow/dags/driven_data_pipeline.py
[2025-07-01T03:28:54.731+0000] {logging_mixin.py:190} INFO - [2025-07-01T03:28:54.731+0000] {dag.py:3239} INFO - Sync 1 DAGs
[2025-07-01T03:28:54.765+0000] {logging_mixin.py:190} INFO - [2025-07-01T03:28:54.764+0000] {dag.py:4180} INFO - Setting next_dagrun for extract_raw_data_pipeline to 2025-06-29 07:00:00+00:00, run_after=2025-06-30 07:00:00+00:00
[2025-07-01T03:28:54.792+0000] {processor.py:208} INFO - Processing /opt/airflow/dags/driven_data_pipeline.py took 0.144 seconds
[2025-07-01T03:29:25.072+0000] {processor.py:186} INFO - Started process (PID=1946) to work on /opt/airflow/dags/driven_data_pipeline.py
[2025-07-01T03:29:25.074+0000] {processor.py:914} INFO - Processing file /opt/airflow/dags/driven_data_pipeline.py for tasks to queue
[2025-07-01T03:29:25.077+0000] {logging_mixin.py:190} INFO - [2025-07-01T03:29:25.076+0000] {dagbag.py:588} INFO - Filling up the DagBag from /opt/airflow/dags/driven_data_pipeline.py
[2025-07-01T03:29:25.121+0000] {processor.py:925} INFO - DAG(s) 'extract_raw_data_pipeline' retrieved from /opt/airflow/dags/driven_data_pipeline.py
[2025-07-01T03:29:25.159+0000] {logging_mixin.py:190} INFO - [2025-07-01T03:29:25.159+0000] {dag.py:3239} INFO - Sync 1 DAGs
[2025-07-01T03:29:25.217+0000] {logging_mixin.py:190} INFO - [2025-07-01T03:29:25.215+0000] {dag.py:4180} INFO - Setting next_dagrun for extract_raw_data_pipeline to 2025-06-29 07:00:00+00:00, run_after=2025-06-30 07:00:00+00:00
[2025-07-01T03:29:25.247+0000] {processor.py:208} INFO - Processing /opt/airflow/dags/driven_data_pipeline.py took 0.183 seconds
[2025-07-01T03:29:55.453+0000] {processor.py:186} INFO - Started process (PID=1953) to work on /opt/airflow/dags/driven_data_pipeline.py
[2025-07-01T03:29:55.455+0000] {processor.py:914} INFO - Processing file /opt/airflow/dags/driven_data_pipeline.py for tasks to queue
[2025-07-01T03:29:55.460+0000] {logging_mixin.py:190} INFO - [2025-07-01T03:29:55.459+0000] {dagbag.py:588} INFO - Filling up the DagBag from /opt/airflow/dags/driven_data_pipeline.py
[2025-07-01T03:29:55.498+0000] {processor.py:925} INFO - DAG(s) 'extract_raw_data_pipeline' retrieved from /opt/airflow/dags/driven_data_pipeline.py
[2025-07-01T03:29:55.532+0000] {logging_mixin.py:190} INFO - [2025-07-01T03:29:55.532+0000] {dag.py:3239} INFO - Sync 1 DAGs
[2025-07-01T03:29:55.559+0000] {logging_mixin.py:190} INFO - [2025-07-01T03:29:55.558+0000] {dag.py:4180} INFO - Setting next_dagrun for extract_raw_data_pipeline to 2025-06-29 07:00:00+00:00, run_after=2025-06-30 07:00:00+00:00
[2025-07-01T03:29:55.586+0000] {processor.py:208} INFO - Processing /opt/airflow/dags/driven_data_pipeline.py took 0.140 seconds
[2025-07-01T03:30:25.946+0000] {processor.py:186} INFO - Started process (PID=1961) to work on /opt/airflow/dags/driven_data_pipeline.py
[2025-07-01T03:30:25.948+0000] {processor.py:914} INFO - Processing file /opt/airflow/dags/driven_data_pipeline.py for tasks to queue
[2025-07-01T03:30:25.952+0000] {logging_mixin.py:190} INFO - [2025-07-01T03:30:25.951+0000] {dagbag.py:588} INFO - Filling up the DagBag from /opt/airflow/dags/driven_data_pipeline.py
[2025-07-01T03:30:25.993+0000] {processor.py:925} INFO - DAG(s) 'extract_raw_data_pipeline' retrieved from /opt/airflow/dags/driven_data_pipeline.py
[2025-07-01T03:30:26.030+0000] {logging_mixin.py:190} INFO - [2025-07-01T03:30:26.030+0000] {dag.py:3239} INFO - Sync 1 DAGs
[2025-07-01T03:30:26.066+0000] {logging_mixin.py:190} INFO - [2025-07-01T03:30:26.065+0000] {dag.py:4180} INFO - Setting next_dagrun for extract_raw_data_pipeline to 2025-06-29 07:00:00+00:00, run_after=2025-06-30 07:00:00+00:00
[2025-07-01T03:30:26.103+0000] {processor.py:208} INFO - Processing /opt/airflow/dags/driven_data_pipeline.py took 0.165 seconds
[2025-07-01T03:30:56.294+0000] {processor.py:186} INFO - Started process (PID=1968) to work on /opt/airflow/dags/driven_data_pipeline.py
[2025-07-01T03:30:56.300+0000] {processor.py:914} INFO - Processing file /opt/airflow/dags/driven_data_pipeline.py for tasks to queue
[2025-07-01T03:30:56.318+0000] {logging_mixin.py:190} INFO - [2025-07-01T03:30:56.316+0000] {dagbag.py:588} INFO - Filling up the DagBag from /opt/airflow/dags/driven_data_pipeline.py
[2025-07-01T03:30:56.374+0000] {processor.py:925} INFO - DAG(s) 'extract_raw_data_pipeline' retrieved from /opt/airflow/dags/driven_data_pipeline.py
[2025-07-01T03:30:56.459+0000] {logging_mixin.py:190} INFO - [2025-07-01T03:30:56.459+0000] {dag.py:3239} INFO - Sync 1 DAGs
[2025-07-01T03:30:56.549+0000] {logging_mixin.py:190} INFO - [2025-07-01T03:30:56.549+0000] {dag.py:4180} INFO - Setting next_dagrun for extract_raw_data_pipeline to 2025-06-29 07:00:00+00:00, run_after=2025-06-30 07:00:00+00:00
[2025-07-01T03:30:56.608+0000] {processor.py:208} INFO - Processing /opt/airflow/dags/driven_data_pipeline.py took 0.324 seconds
[2025-07-01T03:31:26.756+0000] {processor.py:186} INFO - Started process (PID=1975) to work on /opt/airflow/dags/driven_data_pipeline.py
[2025-07-01T03:31:26.758+0000] {processor.py:914} INFO - Processing file /opt/airflow/dags/driven_data_pipeline.py for tasks to queue
[2025-07-01T03:31:26.763+0000] {logging_mixin.py:190} INFO - [2025-07-01T03:31:26.763+0000] {dagbag.py:588} INFO - Filling up the DagBag from /opt/airflow/dags/driven_data_pipeline.py
[2025-07-01T03:31:26.791+0000] {processor.py:925} INFO - DAG(s) 'extract_raw_data_pipeline' retrieved from /opt/airflow/dags/driven_data_pipeline.py
[2025-07-01T03:31:26.864+0000] {logging_mixin.py:190} INFO - [2025-07-01T03:31:26.863+0000] {dag.py:3239} INFO - Sync 1 DAGs
[2025-07-01T03:31:26.909+0000] {logging_mixin.py:190} INFO - [2025-07-01T03:31:26.909+0000] {dag.py:4180} INFO - Setting next_dagrun for extract_raw_data_pipeline to 2025-06-29 07:00:00+00:00, run_after=2025-06-30 07:00:00+00:00
[2025-07-01T03:31:26.943+0000] {processor.py:208} INFO - Processing /opt/airflow/dags/driven_data_pipeline.py took 0.197 seconds
[2025-07-01T03:31:57.293+0000] {processor.py:186} INFO - Started process (PID=1982) to work on /opt/airflow/dags/driven_data_pipeline.py
[2025-07-01T03:31:57.294+0000] {processor.py:914} INFO - Processing file /opt/airflow/dags/driven_data_pipeline.py for tasks to queue
[2025-07-01T03:31:57.298+0000] {logging_mixin.py:190} INFO - [2025-07-01T03:31:57.297+0000] {dagbag.py:588} INFO - Filling up the DagBag from /opt/airflow/dags/driven_data_pipeline.py
[2025-07-01T03:31:57.328+0000] {processor.py:925} INFO - DAG(s) 'extract_raw_data_pipeline' retrieved from /opt/airflow/dags/driven_data_pipeline.py
[2025-07-01T03:31:57.364+0000] {logging_mixin.py:190} INFO - [2025-07-01T03:31:57.363+0000] {dag.py:3239} INFO - Sync 1 DAGs
[2025-07-01T03:31:57.396+0000] {logging_mixin.py:190} INFO - [2025-07-01T03:31:57.396+0000] {dag.py:4180} INFO - Setting next_dagrun for extract_raw_data_pipeline to 2025-06-29 07:00:00+00:00, run_after=2025-06-30 07:00:00+00:00
[2025-07-01T03:31:57.420+0000] {processor.py:208} INFO - Processing /opt/airflow/dags/driven_data_pipeline.py took 0.135 seconds
[2025-07-01T03:32:27.650+0000] {processor.py:186} INFO - Started process (PID=1995) to work on /opt/airflow/dags/driven_data_pipeline.py
[2025-07-01T03:32:27.652+0000] {processor.py:914} INFO - Processing file /opt/airflow/dags/driven_data_pipeline.py for tasks to queue
[2025-07-01T03:32:27.658+0000] {logging_mixin.py:190} INFO - [2025-07-01T03:32:27.657+0000] {dagbag.py:588} INFO - Filling up the DagBag from /opt/airflow/dags/driven_data_pipeline.py
[2025-07-01T03:32:27.714+0000] {processor.py:925} INFO - DAG(s) 'extract_raw_data_pipeline' retrieved from /opt/airflow/dags/driven_data_pipeline.py
[2025-07-01T03:32:27.778+0000] {logging_mixin.py:190} INFO - [2025-07-01T03:32:27.778+0000] {dag.py:3239} INFO - Sync 1 DAGs
[2025-07-01T03:32:27.825+0000] {logging_mixin.py:190} INFO - [2025-07-01T03:32:27.825+0000] {dag.py:4180} INFO - Setting next_dagrun for extract_raw_data_pipeline to 2025-06-30 07:00:00+00:00, run_after=2025-07-01 07:00:00+00:00
[2025-07-01T03:32:27.867+0000] {processor.py:208} INFO - Processing /opt/airflow/dags/driven_data_pipeline.py took 0.229 seconds
[2025-07-01T03:32:58.152+0000] {processor.py:186} INFO - Started process (PID=2002) to work on /opt/airflow/dags/driven_data_pipeline.py
[2025-07-01T03:32:58.154+0000] {processor.py:914} INFO - Processing file /opt/airflow/dags/driven_data_pipeline.py for tasks to queue
[2025-07-01T03:32:58.158+0000] {logging_mixin.py:190} INFO - [2025-07-01T03:32:58.156+0000] {dagbag.py:588} INFO - Filling up the DagBag from /opt/airflow/dags/driven_data_pipeline.py
[2025-07-01T03:32:58.206+0000] {processor.py:925} INFO - DAG(s) 'extract_raw_data_pipeline' retrieved from /opt/airflow/dags/driven_data_pipeline.py
[2025-07-01T03:32:58.253+0000] {logging_mixin.py:190} INFO - [2025-07-01T03:32:58.252+0000] {dag.py:3239} INFO - Sync 1 DAGs
[2025-07-01T03:32:58.289+0000] {logging_mixin.py:190} INFO - [2025-07-01T03:32:58.288+0000] {dag.py:4180} INFO - Setting next_dagrun for extract_raw_data_pipeline to 2025-06-30 07:00:00+00:00, run_after=2025-07-01 07:00:00+00:00
[2025-07-01T03:32:58.329+0000] {processor.py:208} INFO - Processing /opt/airflow/dags/driven_data_pipeline.py took 0.185 seconds
[2025-07-01T03:33:28.600+0000] {processor.py:186} INFO - Started process (PID=2009) to work on /opt/airflow/dags/driven_data_pipeline.py
[2025-07-01T03:33:28.602+0000] {processor.py:914} INFO - Processing file /opt/airflow/dags/driven_data_pipeline.py for tasks to queue
[2025-07-01T03:33:28.605+0000] {logging_mixin.py:190} INFO - [2025-07-01T03:33:28.605+0000] {dagbag.py:588} INFO - Filling up the DagBag from /opt/airflow/dags/driven_data_pipeline.py
[2025-07-01T03:33:28.642+0000] {processor.py:925} INFO - DAG(s) 'extract_raw_data_pipeline' retrieved from /opt/airflow/dags/driven_data_pipeline.py
[2025-07-01T03:33:28.674+0000] {logging_mixin.py:190} INFO - [2025-07-01T03:33:28.674+0000] {dag.py:3239} INFO - Sync 1 DAGs
[2025-07-01T03:33:28.701+0000] {logging_mixin.py:190} INFO - [2025-07-01T03:33:28.700+0000] {dag.py:4180} INFO - Setting next_dagrun for extract_raw_data_pipeline to 2025-06-30 07:00:00+00:00, run_after=2025-07-01 07:00:00+00:00
[2025-07-01T03:33:28.725+0000] {processor.py:208} INFO - Processing /opt/airflow/dags/driven_data_pipeline.py took 0.132 seconds
[2025-07-01T03:33:59.022+0000] {processor.py:186} INFO - Started process (PID=2020) to work on /opt/airflow/dags/driven_data_pipeline.py
[2025-07-01T03:33:59.025+0000] {processor.py:914} INFO - Processing file /opt/airflow/dags/driven_data_pipeline.py for tasks to queue
[2025-07-01T03:33:59.031+0000] {logging_mixin.py:190} INFO - [2025-07-01T03:33:59.031+0000] {dagbag.py:588} INFO - Filling up the DagBag from /opt/airflow/dags/driven_data_pipeline.py
[2025-07-01T03:33:59.083+0000] {processor.py:925} INFO - DAG(s) 'extract_raw_data_pipeline' retrieved from /opt/airflow/dags/driven_data_pipeline.py
[2025-07-01T03:33:59.119+0000] {logging_mixin.py:190} INFO - [2025-07-01T03:33:59.119+0000] {dag.py:3239} INFO - Sync 1 DAGs
[2025-07-01T03:33:59.156+0000] {logging_mixin.py:190} INFO - [2025-07-01T03:33:59.156+0000] {dag.py:4180} INFO - Setting next_dagrun for extract_raw_data_pipeline to 2025-06-30 07:00:00+00:00, run_after=2025-07-01 07:00:00+00:00
[2025-07-01T03:33:59.184+0000] {processor.py:208} INFO - Processing /opt/airflow/dags/driven_data_pipeline.py took 0.174 seconds
[2025-07-01T03:34:29.487+0000] {processor.py:186} INFO - Started process (PID=2028) to work on /opt/airflow/dags/driven_data_pipeline.py
[2025-07-01T03:34:29.489+0000] {processor.py:914} INFO - Processing file /opt/airflow/dags/driven_data_pipeline.py for tasks to queue
[2025-07-01T03:34:29.496+0000] {logging_mixin.py:190} INFO - [2025-07-01T03:34:29.496+0000] {dagbag.py:588} INFO - Filling up the DagBag from /opt/airflow/dags/driven_data_pipeline.py
[2025-07-01T03:34:29.552+0000] {processor.py:925} INFO - DAG(s) 'extract_raw_data_pipeline' retrieved from /opt/airflow/dags/driven_data_pipeline.py
[2025-07-01T03:34:29.600+0000] {logging_mixin.py:190} INFO - [2025-07-01T03:34:29.599+0000] {dag.py:3239} INFO - Sync 1 DAGs
[2025-07-01T03:34:29.644+0000] {logging_mixin.py:190} INFO - [2025-07-01T03:34:29.644+0000] {dag.py:4180} INFO - Setting next_dagrun for extract_raw_data_pipeline to 2025-06-30 07:00:00+00:00, run_after=2025-07-01 07:00:00+00:00
[2025-07-01T03:34:29.674+0000] {processor.py:208} INFO - Processing /opt/airflow/dags/driven_data_pipeline.py took 0.199 seconds
[2025-07-01T03:34:59.888+0000] {processor.py:186} INFO - Started process (PID=2035) to work on /opt/airflow/dags/driven_data_pipeline.py
[2025-07-01T03:34:59.890+0000] {processor.py:914} INFO - Processing file /opt/airflow/dags/driven_data_pipeline.py for tasks to queue
[2025-07-01T03:34:59.894+0000] {logging_mixin.py:190} INFO - [2025-07-01T03:34:59.894+0000] {dagbag.py:588} INFO - Filling up the DagBag from /opt/airflow/dags/driven_data_pipeline.py
[2025-07-01T03:34:59.938+0000] {processor.py:925} INFO - DAG(s) 'extract_raw_data_pipeline' retrieved from /opt/airflow/dags/driven_data_pipeline.py
[2025-07-01T03:34:59.975+0000] {logging_mixin.py:190} INFO - [2025-07-01T03:34:59.974+0000] {dag.py:3239} INFO - Sync 1 DAGs
[2025-07-01T03:35:00.002+0000] {logging_mixin.py:190} INFO - [2025-07-01T03:35:00.002+0000] {dag.py:4180} INFO - Setting next_dagrun for extract_raw_data_pipeline to 2025-06-30 07:00:00+00:00, run_after=2025-07-01 07:00:00+00:00
[2025-07-01T03:35:00.036+0000] {processor.py:208} INFO - Processing /opt/airflow/dags/driven_data_pipeline.py took 0.157 seconds
[2025-07-01T03:35:30.457+0000] {processor.py:186} INFO - Started process (PID=2042) to work on /opt/airflow/dags/driven_data_pipeline.py
[2025-07-01T03:35:30.458+0000] {processor.py:914} INFO - Processing file /opt/airflow/dags/driven_data_pipeline.py for tasks to queue
[2025-07-01T03:35:30.462+0000] {logging_mixin.py:190} INFO - [2025-07-01T03:35:30.461+0000] {dagbag.py:588} INFO - Filling up the DagBag from /opt/airflow/dags/driven_data_pipeline.py
[2025-07-01T03:35:30.507+0000] {processor.py:925} INFO - DAG(s) 'extract_raw_data_pipeline' retrieved from /opt/airflow/dags/driven_data_pipeline.py
[2025-07-01T03:35:30.539+0000] {logging_mixin.py:190} INFO - [2025-07-01T03:35:30.538+0000] {dag.py:3239} INFO - Sync 1 DAGs
[2025-07-01T03:35:30.564+0000] {logging_mixin.py:190} INFO - [2025-07-01T03:35:30.564+0000] {dag.py:4180} INFO - Setting next_dagrun for extract_raw_data_pipeline to 2025-06-30 07:00:00+00:00, run_after=2025-07-01 07:00:00+00:00
[2025-07-01T03:35:30.586+0000] {processor.py:208} INFO - Processing /opt/airflow/dags/driven_data_pipeline.py took 0.136 seconds
[2025-07-01T03:36:00.787+0000] {processor.py:186} INFO - Started process (PID=2050) to work on /opt/airflow/dags/driven_data_pipeline.py
[2025-07-01T03:36:00.789+0000] {processor.py:914} INFO - Processing file /opt/airflow/dags/driven_data_pipeline.py for tasks to queue
[2025-07-01T03:36:00.792+0000] {logging_mixin.py:190} INFO - [2025-07-01T03:36:00.792+0000] {dagbag.py:588} INFO - Filling up the DagBag from /opt/airflow/dags/driven_data_pipeline.py
[2025-07-01T03:36:00.826+0000] {processor.py:925} INFO - DAG(s) 'extract_raw_data_pipeline' retrieved from /opt/airflow/dags/driven_data_pipeline.py
[2025-07-01T03:36:00.868+0000] {logging_mixin.py:190} INFO - [2025-07-01T03:36:00.868+0000] {dag.py:3239} INFO - Sync 1 DAGs
[2025-07-01T03:36:00.903+0000] {logging_mixin.py:190} INFO - [2025-07-01T03:36:00.902+0000] {dag.py:4180} INFO - Setting next_dagrun for extract_raw_data_pipeline to 2025-06-30 07:00:00+00:00, run_after=2025-07-01 07:00:00+00:00
[2025-07-01T03:36:00.930+0000] {processor.py:208} INFO - Processing /opt/airflow/dags/driven_data_pipeline.py took 0.150 seconds
[2025-07-01T03:36:31.287+0000] {processor.py:186} INFO - Started process (PID=2057) to work on /opt/airflow/dags/driven_data_pipeline.py
[2025-07-01T03:36:31.289+0000] {processor.py:914} INFO - Processing file /opt/airflow/dags/driven_data_pipeline.py for tasks to queue
[2025-07-01T03:36:31.294+0000] {logging_mixin.py:190} INFO - [2025-07-01T03:36:31.293+0000] {dagbag.py:588} INFO - Filling up the DagBag from /opt/airflow/dags/driven_data_pipeline.py
[2025-07-01T03:36:31.348+0000] {processor.py:925} INFO - DAG(s) 'extract_raw_data_pipeline' retrieved from /opt/airflow/dags/driven_data_pipeline.py
[2025-07-01T03:36:31.379+0000] {logging_mixin.py:190} INFO - [2025-07-01T03:36:31.379+0000] {dag.py:3239} INFO - Sync 1 DAGs
[2025-07-01T03:36:31.407+0000] {logging_mixin.py:190} INFO - [2025-07-01T03:36:31.407+0000] {dag.py:4180} INFO - Setting next_dagrun for extract_raw_data_pipeline to 2025-06-30 07:00:00+00:00, run_after=2025-07-01 07:00:00+00:00
[2025-07-01T03:36:31.430+0000] {processor.py:208} INFO - Processing /opt/airflow/dags/driven_data_pipeline.py took 0.155 seconds
[2025-07-01T03:37:01.768+0000] {processor.py:186} INFO - Started process (PID=2064) to work on /opt/airflow/dags/driven_data_pipeline.py
[2025-07-01T03:37:01.772+0000] {processor.py:914} INFO - Processing file /opt/airflow/dags/driven_data_pipeline.py for tasks to queue
[2025-07-01T03:37:01.786+0000] {logging_mixin.py:190} INFO - [2025-07-01T03:37:01.785+0000] {dagbag.py:588} INFO - Filling up the DagBag from /opt/airflow/dags/driven_data_pipeline.py
[2025-07-01T03:37:01.887+0000] {processor.py:925} INFO - DAG(s) 'extract_raw_data_pipeline' retrieved from /opt/airflow/dags/driven_data_pipeline.py
[2025-07-01T03:37:01.982+0000] {logging_mixin.py:190} INFO - [2025-07-01T03:37:01.981+0000] {dag.py:3239} INFO - Sync 1 DAGs
[2025-07-01T03:37:02.071+0000] {logging_mixin.py:190} INFO - [2025-07-01T03:37:02.071+0000] {dag.py:4180} INFO - Setting next_dagrun for extract_raw_data_pipeline to 2025-06-30 07:00:00+00:00, run_after=2025-07-01 07:00:00+00:00
[2025-07-01T03:37:02.130+0000] {processor.py:208} INFO - Processing /opt/airflow/dags/driven_data_pipeline.py took 0.382 seconds
[2025-07-01T03:37:32.526+0000] {processor.py:186} INFO - Started process (PID=2071) to work on /opt/airflow/dags/driven_data_pipeline.py
[2025-07-01T03:37:32.528+0000] {processor.py:914} INFO - Processing file /opt/airflow/dags/driven_data_pipeline.py for tasks to queue
[2025-07-01T03:37:32.534+0000] {logging_mixin.py:190} INFO - [2025-07-01T03:37:32.533+0000] {dagbag.py:588} INFO - Filling up the DagBag from /opt/airflow/dags/driven_data_pipeline.py
[2025-07-01T03:37:32.577+0000] {processor.py:925} INFO - DAG(s) 'extract_raw_data_pipeline' retrieved from /opt/airflow/dags/driven_data_pipeline.py
[2025-07-01T03:37:32.611+0000] {logging_mixin.py:190} INFO - [2025-07-01T03:37:32.610+0000] {dag.py:3239} INFO - Sync 1 DAGs
[2025-07-01T03:37:32.644+0000] {logging_mixin.py:190} INFO - [2025-07-01T03:37:32.643+0000] {dag.py:4180} INFO - Setting next_dagrun for extract_raw_data_pipeline to 2025-06-30 07:00:00+00:00, run_after=2025-07-01 07:00:00+00:00
[2025-07-01T03:37:32.673+0000] {processor.py:208} INFO - Processing /opt/airflow/dags/driven_data_pipeline.py took 0.157 seconds
[2025-07-01T03:38:02.874+0000] {processor.py:186} INFO - Started process (PID=2078) to work on /opt/airflow/dags/driven_data_pipeline.py
[2025-07-01T03:38:02.876+0000] {processor.py:914} INFO - Processing file /opt/airflow/dags/driven_data_pipeline.py for tasks to queue
[2025-07-01T03:38:02.881+0000] {logging_mixin.py:190} INFO - [2025-07-01T03:38:02.881+0000] {dagbag.py:588} INFO - Filling up the DagBag from /opt/airflow/dags/driven_data_pipeline.py
[2025-07-01T03:38:02.937+0000] {processor.py:925} INFO - DAG(s) 'extract_raw_data_pipeline' retrieved from /opt/airflow/dags/driven_data_pipeline.py
[2025-07-01T03:38:02.986+0000] {logging_mixin.py:190} INFO - [2025-07-01T03:38:02.986+0000] {dag.py:3239} INFO - Sync 1 DAGs
[2025-07-01T03:38:03.027+0000] {logging_mixin.py:190} INFO - [2025-07-01T03:38:03.027+0000] {dag.py:4180} INFO - Setting next_dagrun for extract_raw_data_pipeline to 2025-06-30 07:00:00+00:00, run_after=2025-07-01 07:00:00+00:00
[2025-07-01T03:38:03.069+0000] {processor.py:208} INFO - Processing /opt/airflow/dags/driven_data_pipeline.py took 0.204 seconds
[2025-07-01T03:38:33.369+0000] {processor.py:186} INFO - Started process (PID=2089) to work on /opt/airflow/dags/driven_data_pipeline.py
[2025-07-01T03:38:33.371+0000] {processor.py:914} INFO - Processing file /opt/airflow/dags/driven_data_pipeline.py for tasks to queue
[2025-07-01T03:38:33.378+0000] {logging_mixin.py:190} INFO - [2025-07-01T03:38:33.377+0000] {dagbag.py:588} INFO - Filling up the DagBag from /opt/airflow/dags/driven_data_pipeline.py
[2025-07-01T03:38:33.493+0000] {processor.py:925} INFO - DAG(s) 'extract_raw_data_pipeline' retrieved from /opt/airflow/dags/driven_data_pipeline.py
[2025-07-01T03:38:33.597+0000] {logging_mixin.py:190} INFO - [2025-07-01T03:38:33.597+0000] {dag.py:3239} INFO - Sync 1 DAGs
[2025-07-01T03:38:33.680+0000] {logging_mixin.py:190} INFO - [2025-07-01T03:38:33.679+0000] {dag.py:4180} INFO - Setting next_dagrun for extract_raw_data_pipeline to 2025-06-30 07:00:00+00:00, run_after=2025-07-01 07:00:00+00:00
[2025-07-01T03:38:33.737+0000] {processor.py:208} INFO - Processing /opt/airflow/dags/driven_data_pipeline.py took 0.386 seconds
[2025-07-01T03:39:03.816+0000] {processor.py:186} INFO - Started process (PID=2096) to work on /opt/airflow/dags/driven_data_pipeline.py
[2025-07-01T03:39:03.818+0000] {processor.py:914} INFO - Processing file /opt/airflow/dags/driven_data_pipeline.py for tasks to queue
[2025-07-01T03:39:03.822+0000] {logging_mixin.py:190} INFO - [2025-07-01T03:39:03.822+0000] {dagbag.py:588} INFO - Filling up the DagBag from /opt/airflow/dags/driven_data_pipeline.py
[2025-07-01T03:39:03.871+0000] {processor.py:925} INFO - DAG(s) 'extract_raw_data_pipeline' retrieved from /opt/airflow/dags/driven_data_pipeline.py
[2025-07-01T03:39:03.905+0000] {logging_mixin.py:190} INFO - [2025-07-01T03:39:03.905+0000] {dag.py:3239} INFO - Sync 1 DAGs
[2025-07-01T03:39:03.945+0000] {logging_mixin.py:190} INFO - [2025-07-01T03:39:03.945+0000] {dag.py:4180} INFO - Setting next_dagrun for extract_raw_data_pipeline to 2025-06-30 07:00:00+00:00, run_after=2025-07-01 07:00:00+00:00
[2025-07-01T03:39:03.987+0000] {processor.py:208} INFO - Processing /opt/airflow/dags/driven_data_pipeline.py took 0.179 seconds
[2025-07-01T03:39:34.175+0000] {processor.py:186} INFO - Started process (PID=2103) to work on /opt/airflow/dags/driven_data_pipeline.py
[2025-07-01T03:39:34.177+0000] {processor.py:914} INFO - Processing file /opt/airflow/dags/driven_data_pipeline.py for tasks to queue
[2025-07-01T03:39:34.181+0000] {logging_mixin.py:190} INFO - [2025-07-01T03:39:34.180+0000] {dagbag.py:588} INFO - Filling up the DagBag from /opt/airflow/dags/driven_data_pipeline.py
[2025-07-01T03:39:34.266+0000] {processor.py:925} INFO - DAG(s) 'extract_raw_data_pipeline' retrieved from /opt/airflow/dags/driven_data_pipeline.py
[2025-07-01T03:39:34.309+0000] {logging_mixin.py:190} INFO - [2025-07-01T03:39:34.308+0000] {dag.py:3239} INFO - Sync 1 DAGs
[2025-07-01T03:39:34.337+0000] {logging_mixin.py:190} INFO - [2025-07-01T03:39:34.337+0000] {dag.py:4180} INFO - Setting next_dagrun for extract_raw_data_pipeline to 2025-06-30 07:00:00+00:00, run_after=2025-07-01 07:00:00+00:00
[2025-07-01T03:39:34.362+0000] {processor.py:208} INFO - Processing /opt/airflow/dags/driven_data_pipeline.py took 0.196 seconds
[2025-07-01T03:40:04.666+0000] {processor.py:186} INFO - Started process (PID=2110) to work on /opt/airflow/dags/driven_data_pipeline.py
[2025-07-01T03:40:04.667+0000] {processor.py:914} INFO - Processing file /opt/airflow/dags/driven_data_pipeline.py for tasks to queue
[2025-07-01T03:40:04.671+0000] {logging_mixin.py:190} INFO - [2025-07-01T03:40:04.671+0000] {dagbag.py:588} INFO - Filling up the DagBag from /opt/airflow/dags/driven_data_pipeline.py
[2025-07-01T03:40:04.716+0000] {processor.py:925} INFO - DAG(s) 'extract_raw_data_pipeline' retrieved from /opt/airflow/dags/driven_data_pipeline.py
[2025-07-01T03:40:04.752+0000] {logging_mixin.py:190} INFO - [2025-07-01T03:40:04.752+0000] {dag.py:3239} INFO - Sync 1 DAGs
[2025-07-01T03:40:04.780+0000] {logging_mixin.py:190} INFO - [2025-07-01T03:40:04.780+0000] {dag.py:4180} INFO - Setting next_dagrun for extract_raw_data_pipeline to 2025-06-30 07:00:00+00:00, run_after=2025-07-01 07:00:00+00:00
[2025-07-01T03:40:04.807+0000] {processor.py:208} INFO - Processing /opt/airflow/dags/driven_data_pipeline.py took 0.148 seconds
[2025-07-01T03:40:35.134+0000] {processor.py:186} INFO - Started process (PID=2121) to work on /opt/airflow/dags/driven_data_pipeline.py
[2025-07-01T03:40:35.136+0000] {processor.py:914} INFO - Processing file /opt/airflow/dags/driven_data_pipeline.py for tasks to queue
[2025-07-01T03:40:35.139+0000] {logging_mixin.py:190} INFO - [2025-07-01T03:40:35.139+0000] {dagbag.py:588} INFO - Filling up the DagBag from /opt/airflow/dags/driven_data_pipeline.py
[2025-07-01T03:40:35.175+0000] {processor.py:925} INFO - DAG(s) 'extract_raw_data_pipeline' retrieved from /opt/airflow/dags/driven_data_pipeline.py
[2025-07-01T03:40:35.206+0000] {logging_mixin.py:190} INFO - [2025-07-01T03:40:35.206+0000] {dag.py:3239} INFO - Sync 1 DAGs
[2025-07-01T03:40:35.235+0000] {logging_mixin.py:190} INFO - [2025-07-01T03:40:35.234+0000] {dag.py:4180} INFO - Setting next_dagrun for extract_raw_data_pipeline to 2025-06-30 07:00:00+00:00, run_after=2025-07-01 07:00:00+00:00
[2025-07-01T03:40:35.262+0000] {processor.py:208} INFO - Processing /opt/airflow/dags/driven_data_pipeline.py took 0.134 seconds
[2025-07-01T03:41:05.479+0000] {processor.py:186} INFO - Started process (PID=2128) to work on /opt/airflow/dags/driven_data_pipeline.py
[2025-07-01T03:41:05.481+0000] {processor.py:914} INFO - Processing file /opt/airflow/dags/driven_data_pipeline.py for tasks to queue
[2025-07-01T03:41:05.484+0000] {logging_mixin.py:190} INFO - [2025-07-01T03:41:05.484+0000] {dagbag.py:588} INFO - Filling up the DagBag from /opt/airflow/dags/driven_data_pipeline.py
[2025-07-01T03:41:05.520+0000] {processor.py:925} INFO - DAG(s) 'extract_raw_data_pipeline' retrieved from /opt/airflow/dags/driven_data_pipeline.py
[2025-07-01T03:41:05.549+0000] {logging_mixin.py:190} INFO - [2025-07-01T03:41:05.548+0000] {dag.py:3239} INFO - Sync 1 DAGs
[2025-07-01T03:41:05.574+0000] {logging_mixin.py:190} INFO - [2025-07-01T03:41:05.574+0000] {dag.py:4180} INFO - Setting next_dagrun for extract_raw_data_pipeline to 2025-06-30 07:00:00+00:00, run_after=2025-07-01 07:00:00+00:00
[2025-07-01T03:41:05.594+0000] {processor.py:208} INFO - Processing /opt/airflow/dags/driven_data_pipeline.py took 0.121 seconds
[2025-07-01T03:41:35.921+0000] {processor.py:186} INFO - Started process (PID=2136) to work on /opt/airflow/dags/driven_data_pipeline.py
[2025-07-01T03:41:35.923+0000] {processor.py:914} INFO - Processing file /opt/airflow/dags/driven_data_pipeline.py for tasks to queue
[2025-07-01T03:41:35.927+0000] {logging_mixin.py:190} INFO - [2025-07-01T03:41:35.927+0000] {dagbag.py:588} INFO - Filling up the DagBag from /opt/airflow/dags/driven_data_pipeline.py
[2025-07-01T03:41:35.957+0000] {processor.py:925} INFO - DAG(s) 'extract_raw_data_pipeline' retrieved from /opt/airflow/dags/driven_data_pipeline.py
[2025-07-01T03:41:35.995+0000] {logging_mixin.py:190} INFO - [2025-07-01T03:41:35.995+0000] {dag.py:3239} INFO - Sync 1 DAGs
[2025-07-01T03:41:36.027+0000] {logging_mixin.py:190} INFO - [2025-07-01T03:41:36.027+0000] {dag.py:4180} INFO - Setting next_dagrun for extract_raw_data_pipeline to 2025-06-30 07:00:00+00:00, run_after=2025-07-01 07:00:00+00:00
[2025-07-01T03:41:36.051+0000] {processor.py:208} INFO - Processing /opt/airflow/dags/driven_data_pipeline.py took 0.138 seconds
[2025-07-01T03:42:06.270+0000] {processor.py:186} INFO - Started process (PID=2143) to work on /opt/airflow/dags/driven_data_pipeline.py
[2025-07-01T03:42:06.272+0000] {processor.py:914} INFO - Processing file /opt/airflow/dags/driven_data_pipeline.py for tasks to queue
[2025-07-01T03:42:06.276+0000] {logging_mixin.py:190} INFO - [2025-07-01T03:42:06.275+0000] {dagbag.py:588} INFO - Filling up the DagBag from /opt/airflow/dags/driven_data_pipeline.py
[2025-07-01T03:42:06.321+0000] {processor.py:925} INFO - DAG(s) 'extract_raw_data_pipeline' retrieved from /opt/airflow/dags/driven_data_pipeline.py
[2025-07-01T03:42:06.362+0000] {logging_mixin.py:190} INFO - [2025-07-01T03:42:06.361+0000] {dag.py:3239} INFO - Sync 1 DAGs
[2025-07-01T03:42:06.388+0000] {logging_mixin.py:190} INFO - [2025-07-01T03:42:06.388+0000] {dag.py:4180} INFO - Setting next_dagrun for extract_raw_data_pipeline to 2025-06-30 07:00:00+00:00, run_after=2025-07-01 07:00:00+00:00
[2025-07-01T03:42:06.416+0000] {processor.py:208} INFO - Processing /opt/airflow/dags/driven_data_pipeline.py took 0.153 seconds
[2025-07-01T03:42:36.747+0000] {processor.py:186} INFO - Started process (PID=2150) to work on /opt/airflow/dags/driven_data_pipeline.py
[2025-07-01T03:42:36.749+0000] {processor.py:914} INFO - Processing file /opt/airflow/dags/driven_data_pipeline.py for tasks to queue
[2025-07-01T03:42:36.752+0000] {logging_mixin.py:190} INFO - [2025-07-01T03:42:36.751+0000] {dagbag.py:588} INFO - Filling up the DagBag from /opt/airflow/dags/driven_data_pipeline.py
[2025-07-01T03:42:36.774+0000] {processor.py:925} INFO - DAG(s) 'extract_raw_data_pipeline' retrieved from /opt/airflow/dags/driven_data_pipeline.py
[2025-07-01T03:42:36.807+0000] {logging_mixin.py:190} INFO - [2025-07-01T03:42:36.807+0000] {dag.py:3239} INFO - Sync 1 DAGs
[2025-07-01T03:42:36.834+0000] {logging_mixin.py:190} INFO - [2025-07-01T03:42:36.834+0000] {dag.py:4180} INFO - Setting next_dagrun for extract_raw_data_pipeline to 2025-06-30 07:00:00+00:00, run_after=2025-07-01 07:00:00+00:00
[2025-07-01T03:42:36.864+0000] {processor.py:208} INFO - Processing /opt/airflow/dags/driven_data_pipeline.py took 0.125 seconds
[2025-07-01T03:43:07.126+0000] {processor.py:186} INFO - Started process (PID=2157) to work on /opt/airflow/dags/driven_data_pipeline.py
[2025-07-01T03:43:07.128+0000] {processor.py:914} INFO - Processing file /opt/airflow/dags/driven_data_pipeline.py for tasks to queue
[2025-07-01T03:43:07.132+0000] {logging_mixin.py:190} INFO - [2025-07-01T03:43:07.131+0000] {dagbag.py:588} INFO - Filling up the DagBag from /opt/airflow/dags/driven_data_pipeline.py
[2025-07-01T03:43:07.168+0000] {processor.py:925} INFO - DAG(s) 'extract_raw_data_pipeline' retrieved from /opt/airflow/dags/driven_data_pipeline.py
[2025-07-01T03:43:07.207+0000] {logging_mixin.py:190} INFO - [2025-07-01T03:43:07.207+0000] {dag.py:3239} INFO - Sync 1 DAGs
[2025-07-01T03:43:07.240+0000] {logging_mixin.py:190} INFO - [2025-07-01T03:43:07.239+0000] {dag.py:4180} INFO - Setting next_dagrun for extract_raw_data_pipeline to 2025-06-30 07:00:00+00:00, run_after=2025-07-01 07:00:00+00:00
[2025-07-01T03:43:07.266+0000] {processor.py:208} INFO - Processing /opt/airflow/dags/driven_data_pipeline.py took 0.150 seconds
[2025-07-01T03:43:37.527+0000] {processor.py:186} INFO - Started process (PID=2164) to work on /opt/airflow/dags/driven_data_pipeline.py
[2025-07-01T03:43:37.530+0000] {processor.py:914} INFO - Processing file /opt/airflow/dags/driven_data_pipeline.py for tasks to queue
[2025-07-01T03:43:37.535+0000] {logging_mixin.py:190} INFO - [2025-07-01T03:43:37.535+0000] {dagbag.py:588} INFO - Filling up the DagBag from /opt/airflow/dags/driven_data_pipeline.py
[2025-07-01T03:43:37.585+0000] {processor.py:925} INFO - DAG(s) 'extract_raw_data_pipeline' retrieved from /opt/airflow/dags/driven_data_pipeline.py
[2025-07-01T03:43:37.634+0000] {logging_mixin.py:190} INFO - [2025-07-01T03:43:37.634+0000] {dag.py:3239} INFO - Sync 1 DAGs
[2025-07-01T03:43:37.677+0000] {logging_mixin.py:190} INFO - [2025-07-01T03:43:37.676+0000] {dag.py:4180} INFO - Setting next_dagrun for extract_raw_data_pipeline to 2025-06-30 07:00:00+00:00, run_after=2025-07-01 07:00:00+00:00
[2025-07-01T03:43:37.713+0000] {processor.py:208} INFO - Processing /opt/airflow/dags/driven_data_pipeline.py took 0.197 seconds
[2025-07-01T03:44:07.919+0000] {processor.py:186} INFO - Started process (PID=2171) to work on /opt/airflow/dags/driven_data_pipeline.py
[2025-07-01T03:44:07.922+0000] {processor.py:914} INFO - Processing file /opt/airflow/dags/driven_data_pipeline.py for tasks to queue
[2025-07-01T03:44:07.925+0000] {logging_mixin.py:190} INFO - [2025-07-01T03:44:07.925+0000] {dagbag.py:588} INFO - Filling up the DagBag from /opt/airflow/dags/driven_data_pipeline.py
[2025-07-01T03:44:07.998+0000] {processor.py:925} INFO - DAG(s) 'extract_raw_data_pipeline' retrieved from /opt/airflow/dags/driven_data_pipeline.py
[2025-07-01T03:44:08.046+0000] {logging_mixin.py:190} INFO - [2025-07-01T03:44:08.045+0000] {dag.py:3239} INFO - Sync 1 DAGs
[2025-07-01T03:44:08.083+0000] {logging_mixin.py:190} INFO - [2025-07-01T03:44:08.083+0000] {dag.py:4180} INFO - Setting next_dagrun for extract_raw_data_pipeline to 2025-06-30 07:00:00+00:00, run_after=2025-07-01 07:00:00+00:00
[2025-07-01T03:44:08.114+0000] {processor.py:208} INFO - Processing /opt/airflow/dags/driven_data_pipeline.py took 0.202 seconds
[2025-07-01T03:44:38.364+0000] {processor.py:186} INFO - Started process (PID=2178) to work on /opt/airflow/dags/driven_data_pipeline.py
[2025-07-01T03:44:38.365+0000] {processor.py:914} INFO - Processing file /opt/airflow/dags/driven_data_pipeline.py for tasks to queue
[2025-07-01T03:44:38.369+0000] {logging_mixin.py:190} INFO - [2025-07-01T03:44:38.368+0000] {dagbag.py:588} INFO - Filling up the DagBag from /opt/airflow/dags/driven_data_pipeline.py
[2025-07-01T03:44:38.392+0000] {processor.py:925} INFO - DAG(s) 'extract_raw_data_pipeline' retrieved from /opt/airflow/dags/driven_data_pipeline.py
[2025-07-01T03:44:38.424+0000] {logging_mixin.py:190} INFO - [2025-07-01T03:44:38.424+0000] {dag.py:3239} INFO - Sync 1 DAGs
[2025-07-01T03:44:38.446+0000] {logging_mixin.py:190} INFO - [2025-07-01T03:44:38.446+0000] {dag.py:4180} INFO - Setting next_dagrun for extract_raw_data_pipeline to 2025-06-30 07:00:00+00:00, run_after=2025-07-01 07:00:00+00:00
[2025-07-01T03:44:38.466+0000] {processor.py:208} INFO - Processing /opt/airflow/dags/driven_data_pipeline.py took 0.110 seconds
[2025-07-01T03:45:08.731+0000] {processor.py:186} INFO - Started process (PID=2184) to work on /opt/airflow/dags/driven_data_pipeline.py
[2025-07-01T03:45:08.734+0000] {processor.py:914} INFO - Processing file /opt/airflow/dags/driven_data_pipeline.py for tasks to queue
[2025-07-01T03:45:08.739+0000] {logging_mixin.py:190} INFO - [2025-07-01T03:45:08.739+0000] {dagbag.py:588} INFO - Filling up the DagBag from /opt/airflow/dags/driven_data_pipeline.py
[2025-07-01T03:45:08.774+0000] {processor.py:925} INFO - DAG(s) 'extract_raw_data_pipeline' retrieved from /opt/airflow/dags/driven_data_pipeline.py
[2025-07-01T03:45:08.805+0000] {logging_mixin.py:190} INFO - [2025-07-01T03:45:08.805+0000] {dag.py:3239} INFO - Sync 1 DAGs
[2025-07-01T03:45:08.837+0000] {logging_mixin.py:190} INFO - [2025-07-01T03:45:08.836+0000] {dag.py:4180} INFO - Setting next_dagrun for extract_raw_data_pipeline to 2025-06-30 07:00:00+00:00, run_after=2025-07-01 07:00:00+00:00
[2025-07-01T03:45:08.866+0000] {processor.py:208} INFO - Processing /opt/airflow/dags/driven_data_pipeline.py took 0.143 seconds
[2025-07-01T03:45:39.174+0000] {processor.py:186} INFO - Started process (PID=2191) to work on /opt/airflow/dags/driven_data_pipeline.py
[2025-07-01T03:45:39.177+0000] {processor.py:914} INFO - Processing file /opt/airflow/dags/driven_data_pipeline.py for tasks to queue
[2025-07-01T03:45:39.183+0000] {logging_mixin.py:190} INFO - [2025-07-01T03:45:39.183+0000] {dagbag.py:588} INFO - Filling up the DagBag from /opt/airflow/dags/driven_data_pipeline.py
[2025-07-01T03:45:39.234+0000] {processor.py:925} INFO - DAG(s) 'extract_raw_data_pipeline' retrieved from /opt/airflow/dags/driven_data_pipeline.py
[2025-07-01T03:45:39.297+0000] {logging_mixin.py:190} INFO - [2025-07-01T03:45:39.297+0000] {dag.py:3239} INFO - Sync 1 DAGs
[2025-07-01T03:45:39.354+0000] {logging_mixin.py:190} INFO - [2025-07-01T03:45:39.354+0000] {dag.py:4180} INFO - Setting next_dagrun for extract_raw_data_pipeline to 2025-06-30 07:00:00+00:00, run_after=2025-07-01 07:00:00+00:00
[2025-07-01T03:45:39.410+0000] {processor.py:208} INFO - Processing /opt/airflow/dags/driven_data_pipeline.py took 0.247 seconds
[2025-07-01T03:51:48.847+0000] {processor.py:186} INFO - Started process (PID=2192) to work on /opt/airflow/dags/driven_data_pipeline.py
[2025-07-01T03:51:48.857+0000] {processor.py:914} INFO - Processing file /opt/airflow/dags/driven_data_pipeline.py for tasks to queue
[2025-07-01T03:51:48.896+0000] {logging_mixin.py:190} INFO - [2025-07-01T03:51:48.895+0000] {dagbag.py:588} INFO - Filling up the DagBag from /opt/airflow/dags/driven_data_pipeline.py
[2025-07-01T03:51:49.249+0000] {processor.py:925} INFO - DAG(s) 'extract_raw_data_pipeline' retrieved from /opt/airflow/dags/driven_data_pipeline.py
[2025-07-01T03:51:49.398+0000] {logging_mixin.py:190} INFO - [2025-07-01T03:51:49.397+0000] {dag.py:3239} INFO - Sync 1 DAGs
[2025-07-01T03:51:49.554+0000] {logging_mixin.py:190} INFO - [2025-07-01T03:51:49.553+0000] {dag.py:4180} INFO - Setting next_dagrun for extract_raw_data_pipeline to 2025-06-30 07:00:00+00:00, run_after=2025-07-01 07:00:00+00:00
[2025-07-01T03:51:49.649+0000] {processor.py:208} INFO - Processing /opt/airflow/dags/driven_data_pipeline.py took 0.828 seconds
[2025-07-01T03:52:20.078+0000] {processor.py:186} INFO - Started process (PID=2199) to work on /opt/airflow/dags/driven_data_pipeline.py
[2025-07-01T03:52:20.079+0000] {processor.py:914} INFO - Processing file /opt/airflow/dags/driven_data_pipeline.py for tasks to queue
[2025-07-01T03:52:20.086+0000] {logging_mixin.py:190} INFO - [2025-07-01T03:52:20.086+0000] {dagbag.py:588} INFO - Filling up the DagBag from /opt/airflow/dags/driven_data_pipeline.py
[2025-07-01T03:52:20.116+0000] {processor.py:925} INFO - DAG(s) 'extract_raw_data_pipeline' retrieved from /opt/airflow/dags/driven_data_pipeline.py
[2025-07-01T03:52:20.156+0000] {logging_mixin.py:190} INFO - [2025-07-01T03:52:20.156+0000] {dag.py:3239} INFO - Sync 1 DAGs
[2025-07-01T03:52:20.188+0000] {logging_mixin.py:190} INFO - [2025-07-01T03:52:20.188+0000] {dag.py:4180} INFO - Setting next_dagrun for extract_raw_data_pipeline to 2025-06-30 07:00:00+00:00, run_after=2025-07-01 07:00:00+00:00
[2025-07-01T03:52:20.215+0000] {processor.py:208} INFO - Processing /opt/airflow/dags/driven_data_pipeline.py took 0.146 seconds
[2025-07-01T03:52:50.478+0000] {processor.py:186} INFO - Started process (PID=2206) to work on /opt/airflow/dags/driven_data_pipeline.py
[2025-07-01T03:52:50.480+0000] {processor.py:914} INFO - Processing file /opt/airflow/dags/driven_data_pipeline.py for tasks to queue
[2025-07-01T03:52:50.483+0000] {logging_mixin.py:190} INFO - [2025-07-01T03:52:50.483+0000] {dagbag.py:588} INFO - Filling up the DagBag from /opt/airflow/dags/driven_data_pipeline.py
[2025-07-01T03:52:50.526+0000] {processor.py:925} INFO - DAG(s) 'extract_raw_data_pipeline' retrieved from /opt/airflow/dags/driven_data_pipeline.py
[2025-07-01T03:52:50.560+0000] {logging_mixin.py:190} INFO - [2025-07-01T03:52:50.560+0000] {dag.py:3239} INFO - Sync 1 DAGs
[2025-07-01T03:52:50.588+0000] {logging_mixin.py:190} INFO - [2025-07-01T03:52:50.588+0000] {dag.py:4180} INFO - Setting next_dagrun for extract_raw_data_pipeline to 2025-06-30 07:00:00+00:00, run_after=2025-07-01 07:00:00+00:00
[2025-07-01T03:52:50.613+0000] {processor.py:208} INFO - Processing /opt/airflow/dags/driven_data_pipeline.py took 0.146 seconds
[2025-07-01T03:53:20.936+0000] {processor.py:186} INFO - Started process (PID=2213) to work on /opt/airflow/dags/driven_data_pipeline.py
[2025-07-01T03:53:20.939+0000] {processor.py:914} INFO - Processing file /opt/airflow/dags/driven_data_pipeline.py for tasks to queue
[2025-07-01T03:53:20.946+0000] {logging_mixin.py:190} INFO - [2025-07-01T03:53:20.946+0000] {dagbag.py:588} INFO - Filling up the DagBag from /opt/airflow/dags/driven_data_pipeline.py
[2025-07-01T03:53:21.009+0000] {processor.py:925} INFO - DAG(s) 'extract_raw_data_pipeline' retrieved from /opt/airflow/dags/driven_data_pipeline.py
[2025-07-01T03:53:21.050+0000] {logging_mixin.py:190} INFO - [2025-07-01T03:53:21.049+0000] {dag.py:3239} INFO - Sync 1 DAGs
[2025-07-01T03:53:21.107+0000] {logging_mixin.py:190} INFO - [2025-07-01T03:53:21.106+0000] {dag.py:4180} INFO - Setting next_dagrun for extract_raw_data_pipeline to 2025-06-30 07:00:00+00:00, run_after=2025-07-01 07:00:00+00:00
[2025-07-01T03:53:21.156+0000] {processor.py:208} INFO - Processing /opt/airflow/dags/driven_data_pipeline.py took 0.231 seconds
[2025-07-01T03:53:51.276+0000] {processor.py:186} INFO - Started process (PID=2220) to work on /opt/airflow/dags/driven_data_pipeline.py
[2025-07-01T03:53:51.278+0000] {processor.py:914} INFO - Processing file /opt/airflow/dags/driven_data_pipeline.py for tasks to queue
[2025-07-01T03:53:51.281+0000] {logging_mixin.py:190} INFO - [2025-07-01T03:53:51.280+0000] {dagbag.py:588} INFO - Filling up the DagBag from /opt/airflow/dags/driven_data_pipeline.py
[2025-07-01T03:53:51.329+0000] {processor.py:925} INFO - DAG(s) 'extract_raw_data_pipeline' retrieved from /opt/airflow/dags/driven_data_pipeline.py
[2025-07-01T03:53:51.372+0000] {logging_mixin.py:190} INFO - [2025-07-01T03:53:51.372+0000] {dag.py:3239} INFO - Sync 1 DAGs
[2025-07-01T03:53:51.406+0000] {logging_mixin.py:190} INFO - [2025-07-01T03:53:51.406+0000] {dag.py:4180} INFO - Setting next_dagrun for extract_raw_data_pipeline to 2025-06-30 07:00:00+00:00, run_after=2025-07-01 07:00:00+00:00
[2025-07-01T03:53:51.430+0000] {processor.py:208} INFO - Processing /opt/airflow/dags/driven_data_pipeline.py took 0.160 seconds
[2025-07-01T03:54:21.619+0000] {processor.py:186} INFO - Started process (PID=2227) to work on /opt/airflow/dags/driven_data_pipeline.py
[2025-07-01T03:54:21.621+0000] {processor.py:914} INFO - Processing file /opt/airflow/dags/driven_data_pipeline.py for tasks to queue
[2025-07-01T03:54:21.623+0000] {logging_mixin.py:190} INFO - [2025-07-01T03:54:21.623+0000] {dagbag.py:588} INFO - Filling up the DagBag from /opt/airflow/dags/driven_data_pipeline.py
[2025-07-01T03:54:21.646+0000] {processor.py:925} INFO - DAG(s) 'extract_raw_data_pipeline' retrieved from /opt/airflow/dags/driven_data_pipeline.py
[2025-07-01T03:54:21.677+0000] {logging_mixin.py:190} INFO - [2025-07-01T03:54:21.676+0000] {dag.py:3239} INFO - Sync 1 DAGs
[2025-07-01T03:54:21.711+0000] {logging_mixin.py:190} INFO - [2025-07-01T03:54:21.711+0000] {dag.py:4180} INFO - Setting next_dagrun for extract_raw_data_pipeline to 2025-06-30 07:00:00+00:00, run_after=2025-07-01 07:00:00+00:00
[2025-07-01T03:54:21.738+0000] {processor.py:208} INFO - Processing /opt/airflow/dags/driven_data_pipeline.py took 0.126 seconds
[2025-07-01T08:16:11.449+0000] {processor.py:186} INFO - Started process (PID=2238) to work on /opt/airflow/dags/driven_data_pipeline.py
[2025-07-01T08:16:11.459+0000] {processor.py:914} INFO - Processing file /opt/airflow/dags/driven_data_pipeline.py for tasks to queue
[2025-07-01T08:16:11.563+0000] {logging_mixin.py:190} INFO - [2025-07-01T08:16:11.562+0000] {dagbag.py:588} INFO - Filling up the DagBag from /opt/airflow/dags/driven_data_pipeline.py
[2025-07-01T08:16:12.470+0000] {processor.py:925} INFO - DAG(s) 'extract_raw_data_pipeline' retrieved from /opt/airflow/dags/driven_data_pipeline.py
[2025-07-01T08:16:12.836+0000] {logging_mixin.py:190} INFO - [2025-07-01T08:16:12.835+0000] {dag.py:3239} INFO - Sync 1 DAGs
[2025-07-01T08:16:13.076+0000] {logging_mixin.py:190} INFO - [2025-07-01T08:16:13.075+0000] {dag.py:4180} INFO - Setting next_dagrun for extract_raw_data_pipeline to 2025-07-01 07:00:00+00:00, run_after=2025-07-02 07:00:00+00:00
[2025-07-01T08:16:13.323+0000] {processor.py:208} INFO - Processing /opt/airflow/dags/driven_data_pipeline.py took 1.932 seconds
[2025-07-01T18:45:03.643+0000] {processor.py:186} INFO - Started process (PID=2246) to work on /opt/airflow/dags/driven_data_pipeline.py
[2025-07-01T18:45:03.704+0000] {processor.py:914} INFO - Processing file /opt/airflow/dags/driven_data_pipeline.py for tasks to queue
[2025-07-01T18:45:03.731+0000] {logging_mixin.py:190} INFO - [2025-07-01T18:45:03.730+0000] {dagbag.py:588} INFO - Filling up the DagBag from /opt/airflow/dags/driven_data_pipeline.py
[2025-07-01T18:45:04.506+0000] {processor.py:925} INFO - DAG(s) 'extract_raw_data_pipeline' retrieved from /opt/airflow/dags/driven_data_pipeline.py
[2025-07-01T18:45:05.004+0000] {logging_mixin.py:190} INFO - [2025-07-01T18:45:05.003+0000] {dag.py:3239} INFO - Sync 1 DAGs
[2025-07-01T18:45:05.433+0000] {logging_mixin.py:190} INFO - [2025-07-01T18:45:05.432+0000] {dag.py:4180} INFO - Setting next_dagrun for extract_raw_data_pipeline to 2025-07-01 07:00:00+00:00, run_after=2025-07-02 07:00:00+00:00
[2025-07-01T18:45:05.630+0000] {processor.py:208} INFO - Processing /opt/airflow/dags/driven_data_pipeline.py took 2.163 seconds
[2025-07-01T18:45:36.202+0000] {processor.py:186} INFO - Started process (PID=2253) to work on /opt/airflow/dags/driven_data_pipeline.py
[2025-07-01T18:45:36.209+0000] {processor.py:914} INFO - Processing file /opt/airflow/dags/driven_data_pipeline.py for tasks to queue
[2025-07-01T18:45:36.213+0000] {logging_mixin.py:190} INFO - [2025-07-01T18:45:36.213+0000] {dagbag.py:588} INFO - Filling up the DagBag from /opt/airflow/dags/driven_data_pipeline.py
[2025-07-01T18:45:36.267+0000] {processor.py:925} INFO - DAG(s) 'extract_raw_data_pipeline' retrieved from /opt/airflow/dags/driven_data_pipeline.py
[2025-07-01T18:45:36.317+0000] {logging_mixin.py:190} INFO - [2025-07-01T18:45:36.316+0000] {dag.py:3239} INFO - Sync 1 DAGs
[2025-07-01T18:45:36.355+0000] {logging_mixin.py:190} INFO - [2025-07-01T18:45:36.355+0000] {dag.py:4180} INFO - Setting next_dagrun for extract_raw_data_pipeline to 2025-07-01 07:00:00+00:00, run_after=2025-07-02 07:00:00+00:00
[2025-07-01T18:45:36.400+0000] {processor.py:208} INFO - Processing /opt/airflow/dags/driven_data_pipeline.py took 0.206 seconds
[2025-07-01T19:44:03.470+0000] {processor.py:186} INFO - Started process (PID=2260) to work on /opt/airflow/dags/driven_data_pipeline.py
[2025-07-01T19:44:03.479+0000] {processor.py:914} INFO - Processing file /opt/airflow/dags/driven_data_pipeline.py for tasks to queue
[2025-07-01T19:44:03.499+0000] {logging_mixin.py:190} INFO - [2025-07-01T19:44:03.497+0000] {dagbag.py:588} INFO - Filling up the DagBag from /opt/airflow/dags/driven_data_pipeline.py
[2025-07-01T19:44:03.697+0000] {processor.py:925} INFO - DAG(s) 'extract_raw_data_pipeline' retrieved from /opt/airflow/dags/driven_data_pipeline.py
[2025-07-01T19:44:03.908+0000] {logging_mixin.py:190} INFO - [2025-07-01T19:44:03.908+0000] {dag.py:3239} INFO - Sync 1 DAGs
[2025-07-01T19:44:04.119+0000] {logging_mixin.py:190} INFO - [2025-07-01T19:44:04.108+0000] {dag.py:4180} INFO - Setting next_dagrun for extract_raw_data_pipeline to 2025-07-01 07:00:00+00:00, run_after=2025-07-02 07:00:00+00:00
[2025-07-01T19:44:04.237+0000] {processor.py:208} INFO - Processing /opt/airflow/dags/driven_data_pipeline.py took 0.849 seconds
[2025-07-01T20:43:57.029+0000] {processor.py:186} INFO - Started process (PID=2261) to work on /opt/airflow/dags/driven_data_pipeline.py
[2025-07-01T20:43:57.077+0000] {processor.py:914} INFO - Processing file /opt/airflow/dags/driven_data_pipeline.py for tasks to queue
[2025-07-01T20:43:57.106+0000] {logging_mixin.py:190} INFO - [2025-07-01T20:43:57.106+0000] {dagbag.py:588} INFO - Filling up the DagBag from /opt/airflow/dags/driven_data_pipeline.py
[2025-07-01T20:43:58.118+0000] {processor.py:925} INFO - DAG(s) 'extract_raw_data_pipeline' retrieved from /opt/airflow/dags/driven_data_pipeline.py
[2025-07-01T20:43:58.352+0000] {logging_mixin.py:190} INFO - [2025-07-01T20:43:58.351+0000] {dag.py:3239} INFO - Sync 1 DAGs
[2025-07-01T20:43:58.521+0000] {logging_mixin.py:190} INFO - [2025-07-01T20:43:58.520+0000] {dag.py:4180} INFO - Setting next_dagrun for extract_raw_data_pipeline to 2025-07-01 07:00:00+00:00, run_after=2025-07-02 07:00:00+00:00
[2025-07-01T20:43:58.650+0000] {processor.py:208} INFO - Processing /opt/airflow/dags/driven_data_pipeline.py took 1.642 seconds
[2025-07-01T20:44:29.227+0000] {processor.py:186} INFO - Started process (PID=2268) to work on /opt/airflow/dags/driven_data_pipeline.py
[2025-07-01T20:44:29.229+0000] {processor.py:914} INFO - Processing file /opt/airflow/dags/driven_data_pipeline.py for tasks to queue
[2025-07-01T20:44:29.234+0000] {logging_mixin.py:190} INFO - [2025-07-01T20:44:29.233+0000] {dagbag.py:588} INFO - Filling up the DagBag from /opt/airflow/dags/driven_data_pipeline.py
[2025-07-01T20:44:29.280+0000] {processor.py:925} INFO - DAG(s) 'extract_raw_data_pipeline' retrieved from /opt/airflow/dags/driven_data_pipeline.py
[2025-07-01T20:44:29.315+0000] {logging_mixin.py:190} INFO - [2025-07-01T20:44:29.314+0000] {dag.py:3239} INFO - Sync 1 DAGs
[2025-07-01T20:44:29.338+0000] {logging_mixin.py:190} INFO - [2025-07-01T20:44:29.338+0000] {dag.py:4180} INFO - Setting next_dagrun for extract_raw_data_pipeline to 2025-07-01 07:00:00+00:00, run_after=2025-07-02 07:00:00+00:00
[2025-07-01T20:44:29.358+0000] {processor.py:208} INFO - Processing /opt/airflow/dags/driven_data_pipeline.py took 0.140 seconds
[2025-07-01T20:44:59.741+0000] {processor.py:186} INFO - Started process (PID=2275) to work on /opt/airflow/dags/driven_data_pipeline.py
[2025-07-01T20:44:59.743+0000] {processor.py:914} INFO - Processing file /opt/airflow/dags/driven_data_pipeline.py for tasks to queue
[2025-07-01T20:44:59.766+0000] {logging_mixin.py:190} INFO - [2025-07-01T20:44:59.764+0000] {dagbag.py:588} INFO - Filling up the DagBag from /opt/airflow/dags/driven_data_pipeline.py
[2025-07-01T20:44:59.879+0000] {processor.py:925} INFO - DAG(s) 'extract_raw_data_pipeline' retrieved from /opt/airflow/dags/driven_data_pipeline.py
[2025-07-01T20:44:59.930+0000] {logging_mixin.py:190} INFO - [2025-07-01T20:44:59.930+0000] {dag.py:3239} INFO - Sync 1 DAGs
[2025-07-01T20:45:00.010+0000] {logging_mixin.py:190} INFO - [2025-07-01T20:45:00.009+0000] {dag.py:4180} INFO - Setting next_dagrun for extract_raw_data_pipeline to 2025-07-01 07:00:00+00:00, run_after=2025-07-02 07:00:00+00:00
[2025-07-01T20:45:00.092+0000] {processor.py:208} INFO - Processing /opt/airflow/dags/driven_data_pipeline.py took 0.392 seconds
[2025-07-01T20:45:30.584+0000] {processor.py:186} INFO - Started process (PID=2282) to work on /opt/airflow/dags/driven_data_pipeline.py
[2025-07-01T20:45:30.586+0000] {processor.py:914} INFO - Processing file /opt/airflow/dags/driven_data_pipeline.py for tasks to queue
[2025-07-01T20:45:30.591+0000] {logging_mixin.py:190} INFO - [2025-07-01T20:45:30.591+0000] {dagbag.py:588} INFO - Filling up the DagBag from /opt/airflow/dags/driven_data_pipeline.py
[2025-07-01T20:45:30.643+0000] {processor.py:925} INFO - DAG(s) 'extract_raw_data_pipeline' retrieved from /opt/airflow/dags/driven_data_pipeline.py
[2025-07-01T20:45:30.679+0000] {logging_mixin.py:190} INFO - [2025-07-01T20:45:30.679+0000] {dag.py:3239} INFO - Sync 1 DAGs
[2025-07-01T20:45:30.715+0000] {logging_mixin.py:190} INFO - [2025-07-01T20:45:30.714+0000] {dag.py:4180} INFO - Setting next_dagrun for extract_raw_data_pipeline to 2025-07-01 07:00:00+00:00, run_after=2025-07-02 07:00:00+00:00
[2025-07-01T20:45:30.746+0000] {processor.py:208} INFO - Processing /opt/airflow/dags/driven_data_pipeline.py took 0.176 seconds
[2025-07-01T20:46:00.972+0000] {processor.py:186} INFO - Started process (PID=2290) to work on /opt/airflow/dags/driven_data_pipeline.py
[2025-07-01T20:46:00.974+0000] {processor.py:914} INFO - Processing file /opt/airflow/dags/driven_data_pipeline.py for tasks to queue
[2025-07-01T20:46:00.978+0000] {logging_mixin.py:190} INFO - [2025-07-01T20:46:00.978+0000] {dagbag.py:588} INFO - Filling up the DagBag from /opt/airflow/dags/driven_data_pipeline.py
[2025-07-01T20:46:01.019+0000] {processor.py:925} INFO - DAG(s) 'extract_raw_data_pipeline' retrieved from /opt/airflow/dags/driven_data_pipeline.py
[2025-07-01T20:46:01.078+0000] {logging_mixin.py:190} INFO - [2025-07-01T20:46:01.078+0000] {dag.py:3239} INFO - Sync 1 DAGs
[2025-07-01T20:46:01.112+0000] {logging_mixin.py:190} INFO - [2025-07-01T20:46:01.112+0000] {dag.py:4180} INFO - Setting next_dagrun for extract_raw_data_pipeline to 2025-07-01 07:00:00+00:00, run_after=2025-07-02 07:00:00+00:00
[2025-07-01T20:46:01.145+0000] {processor.py:208} INFO - Processing /opt/airflow/dags/driven_data_pipeline.py took 0.181 seconds
[2025-07-01T20:46:31.469+0000] {processor.py:186} INFO - Started process (PID=2297) to work on /opt/airflow/dags/driven_data_pipeline.py
[2025-07-01T20:46:31.471+0000] {processor.py:914} INFO - Processing file /opt/airflow/dags/driven_data_pipeline.py for tasks to queue
[2025-07-01T20:46:31.476+0000] {logging_mixin.py:190} INFO - [2025-07-01T20:46:31.476+0000] {dagbag.py:588} INFO - Filling up the DagBag from /opt/airflow/dags/driven_data_pipeline.py
[2025-07-01T20:46:31.525+0000] {processor.py:925} INFO - DAG(s) 'extract_raw_data_pipeline' retrieved from /opt/airflow/dags/driven_data_pipeline.py
[2025-07-01T20:46:31.560+0000] {logging_mixin.py:190} INFO - [2025-07-01T20:46:31.560+0000] {dag.py:3239} INFO - Sync 1 DAGs
[2025-07-01T20:46:31.590+0000] {logging_mixin.py:190} INFO - [2025-07-01T20:46:31.589+0000] {dag.py:4180} INFO - Setting next_dagrun for extract_raw_data_pipeline to 2025-07-01 07:00:00+00:00, run_after=2025-07-02 07:00:00+00:00
[2025-07-01T20:46:31.620+0000] {processor.py:208} INFO - Processing /opt/airflow/dags/driven_data_pipeline.py took 0.161 seconds
[2025-07-01T20:47:01.916+0000] {processor.py:186} INFO - Started process (PID=2304) to work on /opt/airflow/dags/driven_data_pipeline.py
[2025-07-01T20:47:01.919+0000] {processor.py:914} INFO - Processing file /opt/airflow/dags/driven_data_pipeline.py for tasks to queue
[2025-07-01T20:47:01.924+0000] {logging_mixin.py:190} INFO - [2025-07-01T20:47:01.923+0000] {dagbag.py:588} INFO - Filling up the DagBag from /opt/airflow/dags/driven_data_pipeline.py
[2025-07-01T20:47:01.977+0000] {processor.py:925} INFO - DAG(s) 'extract_raw_data_pipeline' retrieved from /opt/airflow/dags/driven_data_pipeline.py
[2025-07-01T20:47:02.009+0000] {logging_mixin.py:190} INFO - [2025-07-01T20:47:02.008+0000] {dag.py:3239} INFO - Sync 1 DAGs
[2025-07-01T20:47:02.034+0000] {logging_mixin.py:190} INFO - [2025-07-01T20:47:02.034+0000] {dag.py:4180} INFO - Setting next_dagrun for extract_raw_data_pipeline to 2025-07-01 07:00:00+00:00, run_after=2025-07-02 07:00:00+00:00
[2025-07-01T20:47:02.060+0000] {processor.py:208} INFO - Processing /opt/airflow/dags/driven_data_pipeline.py took 0.155 seconds
[2025-07-01T20:47:32.377+0000] {processor.py:186} INFO - Started process (PID=2311) to work on /opt/airflow/dags/driven_data_pipeline.py
[2025-07-01T20:47:32.378+0000] {processor.py:914} INFO - Processing file /opt/airflow/dags/driven_data_pipeline.py for tasks to queue
[2025-07-01T20:47:32.382+0000] {logging_mixin.py:190} INFO - [2025-07-01T20:47:32.381+0000] {dagbag.py:588} INFO - Filling up the DagBag from /opt/airflow/dags/driven_data_pipeline.py
[2025-07-01T20:47:32.422+0000] {processor.py:925} INFO - DAG(s) 'extract_raw_data_pipeline' retrieved from /opt/airflow/dags/driven_data_pipeline.py
[2025-07-01T20:47:32.457+0000] {logging_mixin.py:190} INFO - [2025-07-01T20:47:32.456+0000] {dag.py:3239} INFO - Sync 1 DAGs
[2025-07-01T20:47:32.485+0000] {logging_mixin.py:190} INFO - [2025-07-01T20:47:32.485+0000] {dag.py:4180} INFO - Setting next_dagrun for extract_raw_data_pipeline to 2025-07-01 07:00:00+00:00, run_after=2025-07-02 07:00:00+00:00
[2025-07-01T20:47:32.511+0000] {processor.py:208} INFO - Processing /opt/airflow/dags/driven_data_pipeline.py took 0.142 seconds
[2025-07-01T20:48:02.786+0000] {processor.py:186} INFO - Started process (PID=2318) to work on /opt/airflow/dags/driven_data_pipeline.py
[2025-07-01T20:48:02.788+0000] {processor.py:914} INFO - Processing file /opt/airflow/dags/driven_data_pipeline.py for tasks to queue
[2025-07-01T20:48:02.794+0000] {logging_mixin.py:190} INFO - [2025-07-01T20:48:02.793+0000] {dagbag.py:588} INFO - Filling up the DagBag from /opt/airflow/dags/driven_data_pipeline.py
[2025-07-01T20:48:02.856+0000] {processor.py:925} INFO - DAG(s) 'extract_raw_data_pipeline' retrieved from /opt/airflow/dags/driven_data_pipeline.py
[2025-07-01T20:48:02.894+0000] {logging_mixin.py:190} INFO - [2025-07-01T20:48:02.893+0000] {dag.py:3239} INFO - Sync 1 DAGs
[2025-07-01T20:48:02.921+0000] {logging_mixin.py:190} INFO - [2025-07-01T20:48:02.921+0000] {dag.py:4180} INFO - Setting next_dagrun for extract_raw_data_pipeline to 2025-07-01 07:00:00+00:00, run_after=2025-07-02 07:00:00+00:00
[2025-07-01T20:48:02.947+0000] {processor.py:208} INFO - Processing /opt/airflow/dags/driven_data_pipeline.py took 0.174 seconds
[2025-07-01T20:48:33.257+0000] {processor.py:186} INFO - Started process (PID=2325) to work on /opt/airflow/dags/driven_data_pipeline.py
[2025-07-01T20:48:33.259+0000] {processor.py:914} INFO - Processing file /opt/airflow/dags/driven_data_pipeline.py for tasks to queue
[2025-07-01T20:48:33.266+0000] {logging_mixin.py:190} INFO - [2025-07-01T20:48:33.265+0000] {dagbag.py:588} INFO - Filling up the DagBag from /opt/airflow/dags/driven_data_pipeline.py
[2025-07-01T20:48:33.321+0000] {processor.py:925} INFO - DAG(s) 'extract_raw_data_pipeline' retrieved from /opt/airflow/dags/driven_data_pipeline.py
[2025-07-01T20:48:33.401+0000] {logging_mixin.py:190} INFO - [2025-07-01T20:48:33.400+0000] {dag.py:3239} INFO - Sync 1 DAGs
[2025-07-01T20:48:33.471+0000] {logging_mixin.py:190} INFO - [2025-07-01T20:48:33.470+0000] {dag.py:4180} INFO - Setting next_dagrun for extract_raw_data_pipeline to 2025-07-01 07:00:00+00:00, run_after=2025-07-02 07:00:00+00:00
[2025-07-01T20:48:33.524+0000] {processor.py:208} INFO - Processing /opt/airflow/dags/driven_data_pipeline.py took 0.281 seconds
[2025-07-01T20:49:03.647+0000] {processor.py:186} INFO - Started process (PID=2332) to work on /opt/airflow/dags/driven_data_pipeline.py
[2025-07-01T20:49:03.650+0000] {processor.py:914} INFO - Processing file /opt/airflow/dags/driven_data_pipeline.py for tasks to queue
[2025-07-01T20:49:03.657+0000] {logging_mixin.py:190} INFO - [2025-07-01T20:49:03.657+0000] {dagbag.py:588} INFO - Filling up the DagBag from /opt/airflow/dags/driven_data_pipeline.py
[2025-07-01T20:49:03.707+0000] {processor.py:925} INFO - DAG(s) 'extract_raw_data_pipeline' retrieved from /opt/airflow/dags/driven_data_pipeline.py
[2025-07-01T20:49:03.779+0000] {logging_mixin.py:190} INFO - [2025-07-01T20:49:03.779+0000] {dag.py:3239} INFO - Sync 1 DAGs
[2025-07-01T20:49:03.831+0000] {logging_mixin.py:190} INFO - [2025-07-01T20:49:03.831+0000] {dag.py:4180} INFO - Setting next_dagrun for extract_raw_data_pipeline to 2025-07-01 07:00:00+00:00, run_after=2025-07-02 07:00:00+00:00
[2025-07-01T20:49:03.872+0000] {processor.py:208} INFO - Processing /opt/airflow/dags/driven_data_pipeline.py took 0.242 seconds
[2025-07-01T20:49:34.000+0000] {processor.py:186} INFO - Started process (PID=2339) to work on /opt/airflow/dags/driven_data_pipeline.py
[2025-07-01T20:49:34.003+0000] {processor.py:914} INFO - Processing file /opt/airflow/dags/driven_data_pipeline.py for tasks to queue
[2025-07-01T20:49:34.011+0000] {logging_mixin.py:190} INFO - [2025-07-01T20:49:34.010+0000] {dagbag.py:588} INFO - Filling up the DagBag from /opt/airflow/dags/driven_data_pipeline.py
[2025-07-01T20:49:34.050+0000] {processor.py:925} INFO - DAG(s) 'extract_raw_data_pipeline' retrieved from /opt/airflow/dags/driven_data_pipeline.py
[2025-07-01T20:49:34.088+0000] {logging_mixin.py:190} INFO - [2025-07-01T20:49:34.088+0000] {dag.py:3239} INFO - Sync 1 DAGs
[2025-07-01T20:49:34.121+0000] {logging_mixin.py:190} INFO - [2025-07-01T20:49:34.121+0000] {dag.py:4180} INFO - Setting next_dagrun for extract_raw_data_pipeline to 2025-07-01 07:00:00+00:00, run_after=2025-07-02 07:00:00+00:00
[2025-07-01T20:49:34.145+0000] {processor.py:208} INFO - Processing /opt/airflow/dags/driven_data_pipeline.py took 0.161 seconds
[2025-07-01T20:50:04.347+0000] {processor.py:186} INFO - Started process (PID=2346) to work on /opt/airflow/dags/driven_data_pipeline.py
[2025-07-01T20:50:04.350+0000] {processor.py:914} INFO - Processing file /opt/airflow/dags/driven_data_pipeline.py for tasks to queue
[2025-07-01T20:50:04.355+0000] {logging_mixin.py:190} INFO - [2025-07-01T20:50:04.354+0000] {dagbag.py:588} INFO - Filling up the DagBag from /opt/airflow/dags/driven_data_pipeline.py
[2025-07-01T20:50:04.424+0000] {processor.py:925} INFO - DAG(s) 'extract_raw_data_pipeline' retrieved from /opt/airflow/dags/driven_data_pipeline.py
[2025-07-01T20:50:04.478+0000] {logging_mixin.py:190} INFO - [2025-07-01T20:50:04.477+0000] {dag.py:3239} INFO - Sync 1 DAGs
[2025-07-01T20:50:04.520+0000] {logging_mixin.py:190} INFO - [2025-07-01T20:50:04.519+0000] {dag.py:4180} INFO - Setting next_dagrun for extract_raw_data_pipeline to 2025-07-01 07:00:00+00:00, run_after=2025-07-02 07:00:00+00:00
[2025-07-01T20:50:04.550+0000] {processor.py:208} INFO - Processing /opt/airflow/dags/driven_data_pipeline.py took 0.215 seconds
[2025-07-01T20:50:34.802+0000] {processor.py:186} INFO - Started process (PID=2353) to work on /opt/airflow/dags/driven_data_pipeline.py
[2025-07-01T20:50:34.804+0000] {processor.py:914} INFO - Processing file /opt/airflow/dags/driven_data_pipeline.py for tasks to queue
[2025-07-01T20:50:34.807+0000] {logging_mixin.py:190} INFO - [2025-07-01T20:50:34.807+0000] {dagbag.py:588} INFO - Filling up the DagBag from /opt/airflow/dags/driven_data_pipeline.py
[2025-07-01T20:50:34.841+0000] {processor.py:925} INFO - DAG(s) 'extract_raw_data_pipeline' retrieved from /opt/airflow/dags/driven_data_pipeline.py
[2025-07-01T20:50:34.877+0000] {logging_mixin.py:190} INFO - [2025-07-01T20:50:34.877+0000] {dag.py:3239} INFO - Sync 1 DAGs
[2025-07-01T20:50:34.915+0000] {logging_mixin.py:190} INFO - [2025-07-01T20:50:34.914+0000] {dag.py:4180} INFO - Setting next_dagrun for extract_raw_data_pipeline to 2025-07-01 07:00:00+00:00, run_after=2025-07-02 07:00:00+00:00
[2025-07-01T20:50:34.954+0000] {processor.py:208} INFO - Processing /opt/airflow/dags/driven_data_pipeline.py took 0.159 seconds
[2025-07-01T20:51:05.220+0000] {processor.py:186} INFO - Started process (PID=2360) to work on /opt/airflow/dags/driven_data_pipeline.py
[2025-07-01T20:51:05.222+0000] {processor.py:914} INFO - Processing file /opt/airflow/dags/driven_data_pipeline.py for tasks to queue
[2025-07-01T20:51:05.225+0000] {logging_mixin.py:190} INFO - [2025-07-01T20:51:05.225+0000] {dagbag.py:588} INFO - Filling up the DagBag from /opt/airflow/dags/driven_data_pipeline.py
[2025-07-01T20:51:05.265+0000] {processor.py:925} INFO - DAG(s) 'extract_raw_data_pipeline' retrieved from /opt/airflow/dags/driven_data_pipeline.py
[2025-07-01T20:51:05.295+0000] {logging_mixin.py:190} INFO - [2025-07-01T20:51:05.294+0000] {dag.py:3239} INFO - Sync 1 DAGs
[2025-07-01T20:51:05.320+0000] {logging_mixin.py:190} INFO - [2025-07-01T20:51:05.320+0000] {dag.py:4180} INFO - Setting next_dagrun for extract_raw_data_pipeline to 2025-07-01 07:00:00+00:00, run_after=2025-07-02 07:00:00+00:00
[2025-07-01T20:51:05.348+0000] {processor.py:208} INFO - Processing /opt/airflow/dags/driven_data_pipeline.py took 0.134 seconds
[2025-07-01T20:51:35.643+0000] {processor.py:186} INFO - Started process (PID=2367) to work on /opt/airflow/dags/driven_data_pipeline.py
[2025-07-01T20:51:35.645+0000] {processor.py:914} INFO - Processing file /opt/airflow/dags/driven_data_pipeline.py for tasks to queue
[2025-07-01T20:51:35.651+0000] {logging_mixin.py:190} INFO - [2025-07-01T20:51:35.650+0000] {dagbag.py:588} INFO - Filling up the DagBag from /opt/airflow/dags/driven_data_pipeline.py
[2025-07-01T20:51:35.700+0000] {processor.py:925} INFO - DAG(s) 'extract_raw_data_pipeline' retrieved from /opt/airflow/dags/driven_data_pipeline.py
[2025-07-01T20:51:35.744+0000] {logging_mixin.py:190} INFO - [2025-07-01T20:51:35.744+0000] {dag.py:3239} INFO - Sync 1 DAGs
[2025-07-01T20:51:35.776+0000] {logging_mixin.py:190} INFO - [2025-07-01T20:51:35.776+0000] {dag.py:4180} INFO - Setting next_dagrun for extract_raw_data_pipeline to 2025-07-01 07:00:00+00:00, run_after=2025-07-02 07:00:00+00:00
[2025-07-01T20:51:35.810+0000] {processor.py:208} INFO - Processing /opt/airflow/dags/driven_data_pipeline.py took 0.177 seconds
[2025-07-01T20:52:06.065+0000] {processor.py:186} INFO - Started process (PID=2374) to work on /opt/airflow/dags/driven_data_pipeline.py
[2025-07-01T20:52:06.068+0000] {processor.py:914} INFO - Processing file /opt/airflow/dags/driven_data_pipeline.py for tasks to queue
[2025-07-01T20:52:06.074+0000] {logging_mixin.py:190} INFO - [2025-07-01T20:52:06.073+0000] {dagbag.py:588} INFO - Filling up the DagBag from /opt/airflow/dags/driven_data_pipeline.py
[2025-07-01T20:52:06.117+0000] {processor.py:925} INFO - DAG(s) 'extract_raw_data_pipeline' retrieved from /opt/airflow/dags/driven_data_pipeline.py
[2025-07-01T20:52:06.173+0000] {logging_mixin.py:190} INFO - [2025-07-01T20:52:06.173+0000] {dag.py:3239} INFO - Sync 1 DAGs
[2025-07-01T20:52:06.216+0000] {logging_mixin.py:190} INFO - [2025-07-01T20:52:06.215+0000] {dag.py:4180} INFO - Setting next_dagrun for extract_raw_data_pipeline to 2025-07-01 07:00:00+00:00, run_after=2025-07-02 07:00:00+00:00
[2025-07-01T20:52:06.252+0000] {processor.py:208} INFO - Processing /opt/airflow/dags/driven_data_pipeline.py took 0.200 seconds
[2025-07-01T21:02:11.814+0000] {processor.py:186} INFO - Started process (PID=2375) to work on /opt/airflow/dags/driven_data_pipeline.py
[2025-07-01T21:02:11.816+0000] {processor.py:914} INFO - Processing file /opt/airflow/dags/driven_data_pipeline.py for tasks to queue
[2025-07-01T21:02:11.827+0000] {logging_mixin.py:190} INFO - [2025-07-01T21:02:11.825+0000] {dagbag.py:588} INFO - Filling up the DagBag from /opt/airflow/dags/driven_data_pipeline.py
[2025-07-01T21:02:11.890+0000] {processor.py:925} INFO - DAG(s) 'extract_raw_data_pipeline' retrieved from /opt/airflow/dags/driven_data_pipeline.py
[2025-07-01T21:02:11.967+0000] {logging_mixin.py:190} INFO - [2025-07-01T21:02:11.966+0000] {dag.py:3239} INFO - Sync 1 DAGs
[2025-07-01T21:02:12.020+0000] {logging_mixin.py:190} INFO - [2025-07-01T21:02:12.019+0000] {dag.py:4180} INFO - Setting next_dagrun for extract_raw_data_pipeline to 2025-07-01 07:00:00+00:00, run_after=2025-07-02 07:00:00+00:00
[2025-07-01T21:02:12.076+0000] {processor.py:208} INFO - Processing /opt/airflow/dags/driven_data_pipeline.py took 0.276 seconds
[2025-07-01T21:02:42.181+0000] {processor.py:186} INFO - Started process (PID=2382) to work on /opt/airflow/dags/driven_data_pipeline.py
[2025-07-01T21:02:42.183+0000] {processor.py:914} INFO - Processing file /opt/airflow/dags/driven_data_pipeline.py for tasks to queue
[2025-07-01T21:02:42.187+0000] {logging_mixin.py:190} INFO - [2025-07-01T21:02:42.186+0000] {dagbag.py:588} INFO - Filling up the DagBag from /opt/airflow/dags/driven_data_pipeline.py
[2025-07-01T21:02:42.232+0000] {processor.py:925} INFO - DAG(s) 'extract_raw_data_pipeline' retrieved from /opt/airflow/dags/driven_data_pipeline.py
[2025-07-01T21:02:42.273+0000] {logging_mixin.py:190} INFO - [2025-07-01T21:02:42.273+0000] {dag.py:3239} INFO - Sync 1 DAGs
[2025-07-01T21:02:42.300+0000] {logging_mixin.py:190} INFO - [2025-07-01T21:02:42.300+0000] {dag.py:4180} INFO - Setting next_dagrun for extract_raw_data_pipeline to 2025-07-01 07:00:00+00:00, run_after=2025-07-02 07:00:00+00:00
[2025-07-01T21:02:42.333+0000] {processor.py:208} INFO - Processing /opt/airflow/dags/driven_data_pipeline.py took 0.160 seconds
[2025-07-01T21:03:12.696+0000] {processor.py:186} INFO - Started process (PID=2389) to work on /opt/airflow/dags/driven_data_pipeline.py
[2025-07-01T21:03:12.700+0000] {processor.py:914} INFO - Processing file /opt/airflow/dags/driven_data_pipeline.py for tasks to queue
[2025-07-01T21:03:12.710+0000] {logging_mixin.py:190} INFO - [2025-07-01T21:03:12.709+0000] {dagbag.py:588} INFO - Filling up the DagBag from /opt/airflow/dags/driven_data_pipeline.py
[2025-07-01T21:03:12.755+0000] {processor.py:925} INFO - DAG(s) 'extract_raw_data_pipeline' retrieved from /opt/airflow/dags/driven_data_pipeline.py
[2025-07-01T21:03:12.795+0000] {logging_mixin.py:190} INFO - [2025-07-01T21:03:12.795+0000] {dag.py:3239} INFO - Sync 1 DAGs
[2025-07-01T21:03:12.828+0000] {logging_mixin.py:190} INFO - [2025-07-01T21:03:12.827+0000] {dag.py:4180} INFO - Setting next_dagrun for extract_raw_data_pipeline to 2025-07-01 07:00:00+00:00, run_after=2025-07-02 07:00:00+00:00
[2025-07-01T21:03:12.866+0000] {processor.py:208} INFO - Processing /opt/airflow/dags/driven_data_pipeline.py took 0.179 seconds
[2025-07-01T21:03:43.044+0000] {processor.py:186} INFO - Started process (PID=2396) to work on /opt/airflow/dags/driven_data_pipeline.py
[2025-07-01T21:03:43.045+0000] {processor.py:914} INFO - Processing file /opt/airflow/dags/driven_data_pipeline.py for tasks to queue
[2025-07-01T21:03:43.051+0000] {logging_mixin.py:190} INFO - [2025-07-01T21:03:43.050+0000] {dagbag.py:588} INFO - Filling up the DagBag from /opt/airflow/dags/driven_data_pipeline.py
[2025-07-01T21:03:43.086+0000] {processor.py:925} INFO - DAG(s) 'extract_raw_data_pipeline' retrieved from /opt/airflow/dags/driven_data_pipeline.py
[2025-07-01T21:03:43.135+0000] {logging_mixin.py:190} INFO - [2025-07-01T21:03:43.135+0000] {dag.py:3239} INFO - Sync 1 DAGs
[2025-07-01T21:03:43.171+0000] {logging_mixin.py:190} INFO - [2025-07-01T21:03:43.171+0000] {dag.py:4180} INFO - Setting next_dagrun for extract_raw_data_pipeline to 2025-07-01 07:00:00+00:00, run_after=2025-07-02 07:00:00+00:00
[2025-07-01T21:03:43.212+0000] {processor.py:208} INFO - Processing /opt/airflow/dags/driven_data_pipeline.py took 0.176 seconds
[2025-07-01T21:04:13.536+0000] {processor.py:186} INFO - Started process (PID=2403) to work on /opt/airflow/dags/driven_data_pipeline.py
[2025-07-01T21:04:13.538+0000] {processor.py:914} INFO - Processing file /opt/airflow/dags/driven_data_pipeline.py for tasks to queue
[2025-07-01T21:04:13.543+0000] {logging_mixin.py:190} INFO - [2025-07-01T21:04:13.542+0000] {dagbag.py:588} INFO - Filling up the DagBag from /opt/airflow/dags/driven_data_pipeline.py
[2025-07-01T21:04:13.585+0000] {processor.py:925} INFO - DAG(s) 'extract_raw_data_pipeline' retrieved from /opt/airflow/dags/driven_data_pipeline.py
[2025-07-01T21:04:13.616+0000] {logging_mixin.py:190} INFO - [2025-07-01T21:04:13.616+0000] {dag.py:3239} INFO - Sync 1 DAGs
[2025-07-01T21:04:13.647+0000] {logging_mixin.py:190} INFO - [2025-07-01T21:04:13.647+0000] {dag.py:4180} INFO - Setting next_dagrun for extract_raw_data_pipeline to 2025-07-01 07:00:00+00:00, run_after=2025-07-02 07:00:00+00:00
[2025-07-01T21:04:13.674+0000] {processor.py:208} INFO - Processing /opt/airflow/dags/driven_data_pipeline.py took 0.152 seconds
[2025-07-01T21:04:43.852+0000] {processor.py:186} INFO - Started process (PID=2410) to work on /opt/airflow/dags/driven_data_pipeline.py
[2025-07-01T21:04:43.853+0000] {processor.py:914} INFO - Processing file /opt/airflow/dags/driven_data_pipeline.py for tasks to queue
[2025-07-01T21:04:43.857+0000] {logging_mixin.py:190} INFO - [2025-07-01T21:04:43.857+0000] {dagbag.py:588} INFO - Filling up the DagBag from /opt/airflow/dags/driven_data_pipeline.py
[2025-07-01T21:04:43.891+0000] {processor.py:925} INFO - DAG(s) 'extract_raw_data_pipeline' retrieved from /opt/airflow/dags/driven_data_pipeline.py
[2025-07-01T21:04:43.927+0000] {logging_mixin.py:190} INFO - [2025-07-01T21:04:43.926+0000] {dag.py:3239} INFO - Sync 1 DAGs
[2025-07-01T21:04:43.968+0000] {logging_mixin.py:190} INFO - [2025-07-01T21:04:43.968+0000] {dag.py:4180} INFO - Setting next_dagrun for extract_raw_data_pipeline to 2025-07-01 07:00:00+00:00, run_after=2025-07-02 07:00:00+00:00
[2025-07-01T21:04:44.004+0000] {processor.py:208} INFO - Processing /opt/airflow/dags/driven_data_pipeline.py took 0.160 seconds
[2025-07-01T21:05:14.278+0000] {processor.py:186} INFO - Started process (PID=2417) to work on /opt/airflow/dags/driven_data_pipeline.py
[2025-07-01T21:05:14.280+0000] {processor.py:914} INFO - Processing file /opt/airflow/dags/driven_data_pipeline.py for tasks to queue
[2025-07-01T21:05:14.286+0000] {logging_mixin.py:190} INFO - [2025-07-01T21:05:14.286+0000] {dagbag.py:588} INFO - Filling up the DagBag from /opt/airflow/dags/driven_data_pipeline.py
[2025-07-01T21:05:14.320+0000] {processor.py:925} INFO - DAG(s) 'extract_raw_data_pipeline' retrieved from /opt/airflow/dags/driven_data_pipeline.py
[2025-07-01T21:05:14.359+0000] {logging_mixin.py:190} INFO - [2025-07-01T21:05:14.359+0000] {dag.py:3239} INFO - Sync 1 DAGs
[2025-07-01T21:05:14.403+0000] {logging_mixin.py:190} INFO - [2025-07-01T21:05:14.403+0000] {dag.py:4180} INFO - Setting next_dagrun for extract_raw_data_pipeline to 2025-07-01 07:00:00+00:00, run_after=2025-07-02 07:00:00+00:00
[2025-07-01T21:05:14.438+0000] {processor.py:208} INFO - Processing /opt/airflow/dags/driven_data_pipeline.py took 0.170 seconds
[2025-07-01T21:05:44.653+0000] {processor.py:186} INFO - Started process (PID=2424) to work on /opt/airflow/dags/driven_data_pipeline.py
[2025-07-01T21:05:44.654+0000] {processor.py:914} INFO - Processing file /opt/airflow/dags/driven_data_pipeline.py for tasks to queue
[2025-07-01T21:05:44.657+0000] {logging_mixin.py:190} INFO - [2025-07-01T21:05:44.657+0000] {dagbag.py:588} INFO - Filling up the DagBag from /opt/airflow/dags/driven_data_pipeline.py
[2025-07-01T21:05:44.690+0000] {processor.py:925} INFO - DAG(s) 'extract_raw_data_pipeline' retrieved from /opt/airflow/dags/driven_data_pipeline.py
[2025-07-01T21:05:44.718+0000] {logging_mixin.py:190} INFO - [2025-07-01T21:05:44.717+0000] {dag.py:3239} INFO - Sync 1 DAGs
[2025-07-01T21:05:44.739+0000] {logging_mixin.py:190} INFO - [2025-07-01T21:05:44.739+0000] {dag.py:4180} INFO - Setting next_dagrun for extract_raw_data_pipeline to 2025-07-01 07:00:00+00:00, run_after=2025-07-02 07:00:00+00:00
[2025-07-01T21:05:44.763+0000] {processor.py:208} INFO - Processing /opt/airflow/dags/driven_data_pipeline.py took 0.116 seconds
[2025-07-01T21:06:15.058+0000] {processor.py:186} INFO - Started process (PID=2431) to work on /opt/airflow/dags/driven_data_pipeline.py
[2025-07-01T21:06:15.060+0000] {processor.py:914} INFO - Processing file /opt/airflow/dags/driven_data_pipeline.py for tasks to queue
[2025-07-01T21:06:15.063+0000] {logging_mixin.py:190} INFO - [2025-07-01T21:06:15.062+0000] {dagbag.py:588} INFO - Filling up the DagBag from /opt/airflow/dags/driven_data_pipeline.py
[2025-07-01T21:06:15.096+0000] {processor.py:925} INFO - DAG(s) 'extract_raw_data_pipeline' retrieved from /opt/airflow/dags/driven_data_pipeline.py
[2025-07-01T21:06:15.123+0000] {logging_mixin.py:190} INFO - [2025-07-01T21:06:15.123+0000] {dag.py:3239} INFO - Sync 1 DAGs
[2025-07-01T21:06:15.144+0000] {logging_mixin.py:190} INFO - [2025-07-01T21:06:15.144+0000] {dag.py:4180} INFO - Setting next_dagrun for extract_raw_data_pipeline to 2025-07-01 07:00:00+00:00, run_after=2025-07-02 07:00:00+00:00
[2025-07-01T21:06:15.169+0000] {processor.py:208} INFO - Processing /opt/airflow/dags/driven_data_pipeline.py took 0.116 seconds
[2025-07-01T21:06:45.380+0000] {processor.py:186} INFO - Started process (PID=2438) to work on /opt/airflow/dags/driven_data_pipeline.py
[2025-07-01T21:06:45.384+0000] {processor.py:914} INFO - Processing file /opt/airflow/dags/driven_data_pipeline.py for tasks to queue
[2025-07-01T21:06:45.387+0000] {logging_mixin.py:190} INFO - [2025-07-01T21:06:45.386+0000] {dagbag.py:588} INFO - Filling up the DagBag from /opt/airflow/dags/driven_data_pipeline.py
[2025-07-01T21:06:45.438+0000] {processor.py:925} INFO - DAG(s) 'extract_raw_data_pipeline' retrieved from /opt/airflow/dags/driven_data_pipeline.py
[2025-07-01T21:06:45.466+0000] {logging_mixin.py:190} INFO - [2025-07-01T21:06:45.466+0000] {dag.py:3239} INFO - Sync 1 DAGs
[2025-07-01T21:06:45.499+0000] {logging_mixin.py:190} INFO - [2025-07-01T21:06:45.498+0000] {dag.py:4180} INFO - Setting next_dagrun for extract_raw_data_pipeline to 2025-07-01 07:00:00+00:00, run_after=2025-07-02 07:00:00+00:00
[2025-07-01T21:06:45.525+0000] {processor.py:208} INFO - Processing /opt/airflow/dags/driven_data_pipeline.py took 0.152 seconds
[2025-07-01T21:07:03.666+0000] {processor.py:186} INFO - Started process (PID=2446) to work on /opt/airflow/dags/driven_data_pipeline.py
[2025-07-01T21:07:03.668+0000] {processor.py:914} INFO - Processing file /opt/airflow/dags/driven_data_pipeline.py for tasks to queue
[2025-07-01T21:07:03.671+0000] {logging_mixin.py:190} INFO - [2025-07-01T21:07:03.671+0000] {dagbag.py:588} INFO - Filling up the DagBag from /opt/airflow/dags/driven_data_pipeline.py
[2025-07-01T21:07:03.734+0000] {processor.py:925} INFO - DAG(s) 'extract_raw_data_pipeline' retrieved from /opt/airflow/dags/driven_data_pipeline.py
[2025-07-01T21:07:04.447+0000] {logging_mixin.py:190} INFO - [2025-07-01T21:07:04.447+0000] {dag.py:3239} INFO - Sync 1 DAGs
[2025-07-01T21:07:04.484+0000] {logging_mixin.py:190} INFO - [2025-07-01T21:07:04.483+0000] {dag.py:4180} INFO - Setting next_dagrun for extract_raw_data_pipeline to 2025-07-01 07:58:00+00:00, run_after=2025-07-01 07:59:00+00:00
[2025-07-01T21:07:04.548+0000] {processor.py:208} INFO - Processing /opt/airflow/dags/driven_data_pipeline.py took 0.890 seconds
[2025-07-01T21:07:35.037+0000] {processor.py:186} INFO - Started process (PID=2461) to work on /opt/airflow/dags/driven_data_pipeline.py
[2025-07-01T21:07:35.040+0000] {processor.py:914} INFO - Processing file /opt/airflow/dags/driven_data_pipeline.py for tasks to queue
[2025-07-01T21:07:35.044+0000] {logging_mixin.py:190} INFO - [2025-07-01T21:07:35.044+0000] {dagbag.py:588} INFO - Filling up the DagBag from /opt/airflow/dags/driven_data_pipeline.py
[2025-07-01T21:07:35.078+0000] {processor.py:925} INFO - DAG(s) 'extract_raw_data_pipeline' retrieved from /opt/airflow/dags/driven_data_pipeline.py
[2025-07-01T21:07:35.116+0000] {logging_mixin.py:190} INFO - [2025-07-01T21:07:35.116+0000] {dag.py:3239} INFO - Sync 1 DAGs
[2025-07-01T21:07:35.152+0000] {logging_mixin.py:190} INFO - [2025-07-01T21:07:35.151+0000] {dag.py:4180} INFO - Setting next_dagrun for extract_raw_data_pipeline to 2025-07-01 07:59:00+00:00, run_after=2025-07-02 07:00:00+00:00
[2025-07-01T21:07:35.183+0000] {processor.py:208} INFO - Processing /opt/airflow/dags/driven_data_pipeline.py took 0.155 seconds
[2025-07-01T21:08:05.380+0000] {processor.py:186} INFO - Started process (PID=2468) to work on /opt/airflow/dags/driven_data_pipeline.py
[2025-07-01T21:08:05.382+0000] {processor.py:914} INFO - Processing file /opt/airflow/dags/driven_data_pipeline.py for tasks to queue
[2025-07-01T21:08:05.386+0000] {logging_mixin.py:190} INFO - [2025-07-01T21:08:05.386+0000] {dagbag.py:588} INFO - Filling up the DagBag from /opt/airflow/dags/driven_data_pipeline.py
[2025-07-01T21:08:05.430+0000] {processor.py:925} INFO - DAG(s) 'extract_raw_data_pipeline' retrieved from /opt/airflow/dags/driven_data_pipeline.py
[2025-07-01T21:08:05.460+0000] {logging_mixin.py:190} INFO - [2025-07-01T21:08:05.459+0000] {dag.py:3239} INFO - Sync 1 DAGs
[2025-07-01T21:08:05.485+0000] {logging_mixin.py:190} INFO - [2025-07-01T21:08:05.485+0000] {dag.py:4180} INFO - Setting next_dagrun for extract_raw_data_pipeline to 2025-07-01 07:59:00+00:00, run_after=2025-07-02 07:00:00+00:00
[2025-07-01T21:08:05.510+0000] {processor.py:208} INFO - Processing /opt/airflow/dags/driven_data_pipeline.py took 0.137 seconds
[2025-07-01T21:08:35.810+0000] {processor.py:186} INFO - Started process (PID=2475) to work on /opt/airflow/dags/driven_data_pipeline.py
[2025-07-01T21:08:35.812+0000] {processor.py:914} INFO - Processing file /opt/airflow/dags/driven_data_pipeline.py for tasks to queue
[2025-07-01T21:08:35.814+0000] {logging_mixin.py:190} INFO - [2025-07-01T21:08:35.814+0000] {dagbag.py:588} INFO - Filling up the DagBag from /opt/airflow/dags/driven_data_pipeline.py
[2025-07-01T21:08:35.850+0000] {processor.py:925} INFO - DAG(s) 'extract_raw_data_pipeline' retrieved from /opt/airflow/dags/driven_data_pipeline.py
[2025-07-01T21:08:35.874+0000] {logging_mixin.py:190} INFO - [2025-07-01T21:08:35.874+0000] {dag.py:3239} INFO - Sync 1 DAGs
[2025-07-01T21:08:35.896+0000] {logging_mixin.py:190} INFO - [2025-07-01T21:08:35.895+0000] {dag.py:4180} INFO - Setting next_dagrun for extract_raw_data_pipeline to 2025-07-01 07:59:00+00:00, run_after=2025-07-02 07:00:00+00:00
[2025-07-01T21:08:35.917+0000] {processor.py:208} INFO - Processing /opt/airflow/dags/driven_data_pipeline.py took 0.112 seconds
[2025-07-01T21:09:06.128+0000] {processor.py:186} INFO - Started process (PID=2482) to work on /opt/airflow/dags/driven_data_pipeline.py
[2025-07-01T21:09:06.129+0000] {processor.py:914} INFO - Processing file /opt/airflow/dags/driven_data_pipeline.py for tasks to queue
[2025-07-01T21:09:06.133+0000] {logging_mixin.py:190} INFO - [2025-07-01T21:09:06.133+0000] {dagbag.py:588} INFO - Filling up the DagBag from /opt/airflow/dags/driven_data_pipeline.py
[2025-07-01T21:09:06.166+0000] {processor.py:925} INFO - DAG(s) 'extract_raw_data_pipeline' retrieved from /opt/airflow/dags/driven_data_pipeline.py
[2025-07-01T21:09:06.203+0000] {logging_mixin.py:190} INFO - [2025-07-01T21:09:06.203+0000] {dag.py:3239} INFO - Sync 1 DAGs
[2025-07-01T21:09:06.235+0000] {logging_mixin.py:190} INFO - [2025-07-01T21:09:06.235+0000] {dag.py:4180} INFO - Setting next_dagrun for extract_raw_data_pipeline to 2025-07-01 07:59:00+00:00, run_after=2025-07-02 07:00:00+00:00
[2025-07-01T21:09:06.262+0000] {processor.py:208} INFO - Processing /opt/airflow/dags/driven_data_pipeline.py took 0.141 seconds
[2025-07-01T21:09:36.532+0000] {processor.py:186} INFO - Started process (PID=2489) to work on /opt/airflow/dags/driven_data_pipeline.py
[2025-07-01T21:09:36.534+0000] {processor.py:914} INFO - Processing file /opt/airflow/dags/driven_data_pipeline.py for tasks to queue
[2025-07-01T21:09:36.537+0000] {logging_mixin.py:190} INFO - [2025-07-01T21:09:36.537+0000] {dagbag.py:588} INFO - Filling up the DagBag from /opt/airflow/dags/driven_data_pipeline.py
[2025-07-01T21:09:36.574+0000] {processor.py:925} INFO - DAG(s) 'extract_raw_data_pipeline' retrieved from /opt/airflow/dags/driven_data_pipeline.py
[2025-07-01T21:09:36.610+0000] {logging_mixin.py:190} INFO - [2025-07-01T21:09:36.610+0000] {dag.py:3239} INFO - Sync 1 DAGs
[2025-07-01T21:09:36.635+0000] {logging_mixin.py:190} INFO - [2025-07-01T21:09:36.635+0000] {dag.py:4180} INFO - Setting next_dagrun for extract_raw_data_pipeline to 2025-07-01 07:59:00+00:00, run_after=2025-07-02 07:00:00+00:00
[2025-07-01T21:09:36.661+0000] {processor.py:208} INFO - Processing /opt/airflow/dags/driven_data_pipeline.py took 0.137 seconds
[2025-07-01T21:10:06.891+0000] {processor.py:186} INFO - Started process (PID=2496) to work on /opt/airflow/dags/driven_data_pipeline.py
[2025-07-01T21:10:06.892+0000] {processor.py:914} INFO - Processing file /opt/airflow/dags/driven_data_pipeline.py for tasks to queue
[2025-07-01T21:10:06.897+0000] {logging_mixin.py:190} INFO - [2025-07-01T21:10:06.897+0000] {dagbag.py:588} INFO - Filling up the DagBag from /opt/airflow/dags/driven_data_pipeline.py
[2025-07-01T21:10:06.941+0000] {processor.py:925} INFO - DAG(s) 'extract_raw_data_pipeline' retrieved from /opt/airflow/dags/driven_data_pipeline.py
[2025-07-01T21:10:06.972+0000] {logging_mixin.py:190} INFO - [2025-07-01T21:10:06.972+0000] {dag.py:3239} INFO - Sync 1 DAGs
[2025-07-01T21:10:06.994+0000] {logging_mixin.py:190} INFO - [2025-07-01T21:10:06.994+0000] {dag.py:4180} INFO - Setting next_dagrun for extract_raw_data_pipeline to 2025-07-01 07:59:00+00:00, run_after=2025-07-02 07:00:00+00:00
[2025-07-01T21:10:07.010+0000] {processor.py:208} INFO - Processing /opt/airflow/dags/driven_data_pipeline.py took 0.129 seconds
[2025-07-01T21:10:37.273+0000] {processor.py:186} INFO - Started process (PID=2503) to work on /opt/airflow/dags/driven_data_pipeline.py
[2025-07-01T21:10:37.276+0000] {processor.py:914} INFO - Processing file /opt/airflow/dags/driven_data_pipeline.py for tasks to queue
[2025-07-01T21:10:37.279+0000] {logging_mixin.py:190} INFO - [2025-07-01T21:10:37.279+0000] {dagbag.py:588} INFO - Filling up the DagBag from /opt/airflow/dags/driven_data_pipeline.py
[2025-07-01T21:10:37.323+0000] {processor.py:925} INFO - DAG(s) 'extract_raw_data_pipeline' retrieved from /opt/airflow/dags/driven_data_pipeline.py
[2025-07-01T21:10:37.370+0000] {logging_mixin.py:190} INFO - [2025-07-01T21:10:37.369+0000] {dag.py:3239} INFO - Sync 1 DAGs
[2025-07-01T21:10:37.427+0000] {logging_mixin.py:190} INFO - [2025-07-01T21:10:37.427+0000] {dag.py:4180} INFO - Setting next_dagrun for extract_raw_data_pipeline to 2025-07-01 07:59:00+00:00, run_after=2025-07-02 07:00:00+00:00
[2025-07-01T21:10:37.477+0000] {processor.py:208} INFO - Processing /opt/airflow/dags/driven_data_pipeline.py took 0.215 seconds
[2025-07-01T21:11:07.669+0000] {processor.py:186} INFO - Started process (PID=2510) to work on /opt/airflow/dags/driven_data_pipeline.py
[2025-07-01T21:11:07.671+0000] {processor.py:914} INFO - Processing file /opt/airflow/dags/driven_data_pipeline.py for tasks to queue
[2025-07-01T21:11:07.675+0000] {logging_mixin.py:190} INFO - [2025-07-01T21:11:07.675+0000] {dagbag.py:588} INFO - Filling up the DagBag from /opt/airflow/dags/driven_data_pipeline.py
[2025-07-01T21:11:07.716+0000] {processor.py:925} INFO - DAG(s) 'extract_raw_data_pipeline' retrieved from /opt/airflow/dags/driven_data_pipeline.py
[2025-07-01T21:11:07.757+0000] {logging_mixin.py:190} INFO - [2025-07-01T21:11:07.757+0000] {dag.py:3239} INFO - Sync 1 DAGs
[2025-07-01T21:11:07.787+0000] {logging_mixin.py:190} INFO - [2025-07-01T21:11:07.787+0000] {dag.py:4180} INFO - Setting next_dagrun for extract_raw_data_pipeline to 2025-07-01 07:59:00+00:00, run_after=2025-07-02 07:00:00+00:00
[2025-07-01T21:11:07.814+0000] {processor.py:208} INFO - Processing /opt/airflow/dags/driven_data_pipeline.py took 0.153 seconds
[2025-07-01T21:11:38.135+0000] {processor.py:186} INFO - Started process (PID=2517) to work on /opt/airflow/dags/driven_data_pipeline.py
[2025-07-01T21:11:38.136+0000] {processor.py:914} INFO - Processing file /opt/airflow/dags/driven_data_pipeline.py for tasks to queue
[2025-07-01T21:11:38.139+0000] {logging_mixin.py:190} INFO - [2025-07-01T21:11:38.139+0000] {dagbag.py:588} INFO - Filling up the DagBag from /opt/airflow/dags/driven_data_pipeline.py
[2025-07-01T21:11:38.175+0000] {processor.py:925} INFO - DAG(s) 'extract_raw_data_pipeline' retrieved from /opt/airflow/dags/driven_data_pipeline.py
[2025-07-01T21:11:38.206+0000] {logging_mixin.py:190} INFO - [2025-07-01T21:11:38.205+0000] {dag.py:3239} INFO - Sync 1 DAGs
[2025-07-01T21:11:38.229+0000] {logging_mixin.py:190} INFO - [2025-07-01T21:11:38.229+0000] {dag.py:4180} INFO - Setting next_dagrun for extract_raw_data_pipeline to 2025-07-01 07:59:00+00:00, run_after=2025-07-02 07:00:00+00:00
[2025-07-01T21:11:38.259+0000] {processor.py:208} INFO - Processing /opt/airflow/dags/driven_data_pipeline.py took 0.132 seconds
[2025-07-01T21:12:08.429+0000] {processor.py:186} INFO - Started process (PID=2524) to work on /opt/airflow/dags/driven_data_pipeline.py
[2025-07-01T21:12:08.431+0000] {processor.py:914} INFO - Processing file /opt/airflow/dags/driven_data_pipeline.py for tasks to queue
[2025-07-01T21:12:08.434+0000] {logging_mixin.py:190} INFO - [2025-07-01T21:12:08.434+0000] {dagbag.py:588} INFO - Filling up the DagBag from /opt/airflow/dags/driven_data_pipeline.py
[2025-07-01T21:12:08.462+0000] {processor.py:925} INFO - DAG(s) 'extract_raw_data_pipeline' retrieved from /opt/airflow/dags/driven_data_pipeline.py
[2025-07-01T21:12:08.497+0000] {logging_mixin.py:190} INFO - [2025-07-01T21:12:08.497+0000] {dag.py:3239} INFO - Sync 1 DAGs
[2025-07-01T21:12:08.529+0000] {logging_mixin.py:190} INFO - [2025-07-01T21:12:08.528+0000] {dag.py:4180} INFO - Setting next_dagrun for extract_raw_data_pipeline to 2025-07-01 07:59:00+00:00, run_after=2025-07-02 07:00:00+00:00
[2025-07-01T21:12:08.557+0000] {processor.py:208} INFO - Processing /opt/airflow/dags/driven_data_pipeline.py took 0.135 seconds
[2025-07-01T21:12:38.907+0000] {processor.py:186} INFO - Started process (PID=2531) to work on /opt/airflow/dags/driven_data_pipeline.py
[2025-07-01T21:12:38.909+0000] {processor.py:914} INFO - Processing file /opt/airflow/dags/driven_data_pipeline.py for tasks to queue
[2025-07-01T21:12:38.915+0000] {logging_mixin.py:190} INFO - [2025-07-01T21:12:38.914+0000] {dagbag.py:588} INFO - Filling up the DagBag from /opt/airflow/dags/driven_data_pipeline.py
[2025-07-01T21:12:38.956+0000] {processor.py:925} INFO - DAG(s) 'extract_raw_data_pipeline' retrieved from /opt/airflow/dags/driven_data_pipeline.py
[2025-07-01T21:12:38.996+0000] {logging_mixin.py:190} INFO - [2025-07-01T21:12:38.996+0000] {dag.py:3239} INFO - Sync 1 DAGs
[2025-07-01T21:12:39.031+0000] {logging_mixin.py:190} INFO - [2025-07-01T21:12:39.030+0000] {dag.py:4180} INFO - Setting next_dagrun for extract_raw_data_pipeline to 2025-07-01 07:59:00+00:00, run_after=2025-07-02 07:00:00+00:00
[2025-07-01T21:12:39.064+0000] {processor.py:208} INFO - Processing /opt/airflow/dags/driven_data_pipeline.py took 0.167 seconds
[2025-07-01T21:13:09.239+0000] {processor.py:186} INFO - Started process (PID=2538) to work on /opt/airflow/dags/driven_data_pipeline.py
[2025-07-01T21:13:09.241+0000] {processor.py:914} INFO - Processing file /opt/airflow/dags/driven_data_pipeline.py for tasks to queue
[2025-07-01T21:13:09.244+0000] {logging_mixin.py:190} INFO - [2025-07-01T21:13:09.243+0000] {dagbag.py:588} INFO - Filling up the DagBag from /opt/airflow/dags/driven_data_pipeline.py
[2025-07-01T21:13:09.284+0000] {processor.py:925} INFO - DAG(s) 'extract_raw_data_pipeline' retrieved from /opt/airflow/dags/driven_data_pipeline.py
[2025-07-01T21:13:09.315+0000] {logging_mixin.py:190} INFO - [2025-07-01T21:13:09.315+0000] {dag.py:3239} INFO - Sync 1 DAGs
[2025-07-01T21:13:09.342+0000] {logging_mixin.py:190} INFO - [2025-07-01T21:13:09.342+0000] {dag.py:4180} INFO - Setting next_dagrun for extract_raw_data_pipeline to 2025-07-01 07:59:00+00:00, run_after=2025-07-02 07:00:00+00:00
[2025-07-01T21:13:09.368+0000] {processor.py:208} INFO - Processing /opt/airflow/dags/driven_data_pipeline.py took 0.135 seconds
[2025-07-01T21:13:39.706+0000] {processor.py:186} INFO - Started process (PID=2545) to work on /opt/airflow/dags/driven_data_pipeline.py
[2025-07-01T21:13:39.708+0000] {processor.py:914} INFO - Processing file /opt/airflow/dags/driven_data_pipeline.py for tasks to queue
[2025-07-01T21:13:39.712+0000] {logging_mixin.py:190} INFO - [2025-07-01T21:13:39.711+0000] {dagbag.py:588} INFO - Filling up the DagBag from /opt/airflow/dags/driven_data_pipeline.py
[2025-07-01T21:13:39.753+0000] {processor.py:925} INFO - DAG(s) 'extract_raw_data_pipeline' retrieved from /opt/airflow/dags/driven_data_pipeline.py
[2025-07-01T21:13:39.790+0000] {logging_mixin.py:190} INFO - [2025-07-01T21:13:39.789+0000] {dag.py:3239} INFO - Sync 1 DAGs
[2025-07-01T21:13:39.818+0000] {logging_mixin.py:190} INFO - [2025-07-01T21:13:39.818+0000] {dag.py:4180} INFO - Setting next_dagrun for extract_raw_data_pipeline to 2025-07-01 07:59:00+00:00, run_after=2025-07-02 07:00:00+00:00
[2025-07-01T21:13:39.848+0000] {processor.py:208} INFO - Processing /opt/airflow/dags/driven_data_pipeline.py took 0.147 seconds
[2025-07-01T21:14:10.043+0000] {processor.py:186} INFO - Started process (PID=2552) to work on /opt/airflow/dags/driven_data_pipeline.py
[2025-07-01T21:14:10.045+0000] {processor.py:914} INFO - Processing file /opt/airflow/dags/driven_data_pipeline.py for tasks to queue
[2025-07-01T21:14:10.048+0000] {logging_mixin.py:190} INFO - [2025-07-01T21:14:10.048+0000] {dagbag.py:588} INFO - Filling up the DagBag from /opt/airflow/dags/driven_data_pipeline.py
[2025-07-01T21:14:10.080+0000] {processor.py:925} INFO - DAG(s) 'extract_raw_data_pipeline' retrieved from /opt/airflow/dags/driven_data_pipeline.py
[2025-07-01T21:14:10.116+0000] {logging_mixin.py:190} INFO - [2025-07-01T21:14:10.116+0000] {dag.py:3239} INFO - Sync 1 DAGs
[2025-07-01T21:14:10.148+0000] {logging_mixin.py:190} INFO - [2025-07-01T21:14:10.148+0000] {dag.py:4180} INFO - Setting next_dagrun for extract_raw_data_pipeline to 2025-07-01 07:59:00+00:00, run_after=2025-07-02 07:00:00+00:00
[2025-07-01T21:14:10.179+0000] {processor.py:208} INFO - Processing /opt/airflow/dags/driven_data_pipeline.py took 0.145 seconds
[2025-07-01T21:14:40.459+0000] {processor.py:186} INFO - Started process (PID=2559) to work on /opt/airflow/dags/driven_data_pipeline.py
[2025-07-01T21:14:40.460+0000] {processor.py:914} INFO - Processing file /opt/airflow/dags/driven_data_pipeline.py for tasks to queue
[2025-07-01T21:14:40.463+0000] {logging_mixin.py:190} INFO - [2025-07-01T21:14:40.463+0000] {dagbag.py:588} INFO - Filling up the DagBag from /opt/airflow/dags/driven_data_pipeline.py
[2025-07-01T21:14:40.491+0000] {processor.py:925} INFO - DAG(s) 'extract_raw_data_pipeline' retrieved from /opt/airflow/dags/driven_data_pipeline.py
[2025-07-01T21:14:40.519+0000] {logging_mixin.py:190} INFO - [2025-07-01T21:14:40.519+0000] {dag.py:3239} INFO - Sync 1 DAGs
[2025-07-01T21:14:40.544+0000] {logging_mixin.py:190} INFO - [2025-07-01T21:14:40.543+0000] {dag.py:4180} INFO - Setting next_dagrun for extract_raw_data_pipeline to 2025-07-01 07:59:00+00:00, run_after=2025-07-02 07:00:00+00:00
[2025-07-01T21:14:40.568+0000] {processor.py:208} INFO - Processing /opt/airflow/dags/driven_data_pipeline.py took 0.114 seconds
[2025-07-01T21:15:10.778+0000] {processor.py:186} INFO - Started process (PID=2566) to work on /opt/airflow/dags/driven_data_pipeline.py
[2025-07-01T21:15:10.780+0000] {processor.py:914} INFO - Processing file /opt/airflow/dags/driven_data_pipeline.py for tasks to queue
[2025-07-01T21:15:10.783+0000] {logging_mixin.py:190} INFO - [2025-07-01T21:15:10.783+0000] {dagbag.py:588} INFO - Filling up the DagBag from /opt/airflow/dags/driven_data_pipeline.py
[2025-07-01T21:15:10.818+0000] {processor.py:925} INFO - DAG(s) 'extract_raw_data_pipeline' retrieved from /opt/airflow/dags/driven_data_pipeline.py
[2025-07-01T21:15:10.847+0000] {logging_mixin.py:190} INFO - [2025-07-01T21:15:10.847+0000] {dag.py:3239} INFO - Sync 1 DAGs
[2025-07-01T21:15:10.869+0000] {logging_mixin.py:190} INFO - [2025-07-01T21:15:10.869+0000] {dag.py:4180} INFO - Setting next_dagrun for extract_raw_data_pipeline to 2025-07-01 07:59:00+00:00, run_after=2025-07-02 07:00:00+00:00
[2025-07-01T21:15:10.893+0000] {processor.py:208} INFO - Processing /opt/airflow/dags/driven_data_pipeline.py took 0.120 seconds
[2025-07-01T21:15:41.228+0000] {processor.py:186} INFO - Started process (PID=2573) to work on /opt/airflow/dags/driven_data_pipeline.py
[2025-07-01T21:15:41.229+0000] {processor.py:914} INFO - Processing file /opt/airflow/dags/driven_data_pipeline.py for tasks to queue
[2025-07-01T21:15:41.232+0000] {logging_mixin.py:190} INFO - [2025-07-01T21:15:41.232+0000] {dagbag.py:588} INFO - Filling up the DagBag from /opt/airflow/dags/driven_data_pipeline.py
[2025-07-01T21:15:41.258+0000] {processor.py:925} INFO - DAG(s) 'extract_raw_data_pipeline' retrieved from /opt/airflow/dags/driven_data_pipeline.py
[2025-07-01T21:15:41.284+0000] {logging_mixin.py:190} INFO - [2025-07-01T21:15:41.284+0000] {dag.py:3239} INFO - Sync 1 DAGs
[2025-07-01T21:15:41.305+0000] {logging_mixin.py:190} INFO - [2025-07-01T21:15:41.305+0000] {dag.py:4180} INFO - Setting next_dagrun for extract_raw_data_pipeline to 2025-07-01 07:59:00+00:00, run_after=2025-07-02 07:00:00+00:00
[2025-07-01T21:15:41.329+0000] {processor.py:208} INFO - Processing /opt/airflow/dags/driven_data_pipeline.py took 0.106 seconds
[2025-07-01T21:16:11.562+0000] {processor.py:186} INFO - Started process (PID=2580) to work on /opt/airflow/dags/driven_data_pipeline.py
[2025-07-01T21:16:11.564+0000] {processor.py:914} INFO - Processing file /opt/airflow/dags/driven_data_pipeline.py for tasks to queue
[2025-07-01T21:16:11.566+0000] {logging_mixin.py:190} INFO - [2025-07-01T21:16:11.566+0000] {dagbag.py:588} INFO - Filling up the DagBag from /opt/airflow/dags/driven_data_pipeline.py
[2025-07-01T21:16:11.593+0000] {processor.py:925} INFO - DAG(s) 'extract_raw_data_pipeline' retrieved from /opt/airflow/dags/driven_data_pipeline.py
[2025-07-01T21:16:11.617+0000] {logging_mixin.py:190} INFO - [2025-07-01T21:16:11.617+0000] {dag.py:3239} INFO - Sync 1 DAGs
[2025-07-01T21:16:11.639+0000] {logging_mixin.py:190} INFO - [2025-07-01T21:16:11.639+0000] {dag.py:4180} INFO - Setting next_dagrun for extract_raw_data_pipeline to 2025-07-01 07:59:00+00:00, run_after=2025-07-02 07:00:00+00:00
[2025-07-01T21:16:11.663+0000] {processor.py:208} INFO - Processing /opt/airflow/dags/driven_data_pipeline.py took 0.106 seconds
[2025-07-01T21:16:41.905+0000] {processor.py:186} INFO - Started process (PID=2587) to work on /opt/airflow/dags/driven_data_pipeline.py
[2025-07-01T21:16:41.906+0000] {processor.py:914} INFO - Processing file /opt/airflow/dags/driven_data_pipeline.py for tasks to queue
[2025-07-01T21:16:41.912+0000] {logging_mixin.py:190} INFO - [2025-07-01T21:16:41.911+0000] {dagbag.py:588} INFO - Filling up the DagBag from /opt/airflow/dags/driven_data_pipeline.py
[2025-07-01T21:16:41.950+0000] {processor.py:925} INFO - DAG(s) 'extract_raw_data_pipeline' retrieved from /opt/airflow/dags/driven_data_pipeline.py
[2025-07-01T21:16:41.987+0000] {logging_mixin.py:190} INFO - [2025-07-01T21:16:41.987+0000] {dag.py:3239} INFO - Sync 1 DAGs
[2025-07-01T21:16:42.013+0000] {logging_mixin.py:190} INFO - [2025-07-01T21:16:42.012+0000] {dag.py:4180} INFO - Setting next_dagrun for extract_raw_data_pipeline to 2025-07-01 07:59:00+00:00, run_after=2025-07-02 07:00:00+00:00
[2025-07-01T21:16:42.040+0000] {processor.py:208} INFO - Processing /opt/airflow/dags/driven_data_pipeline.py took 0.143 seconds
[2025-07-01T21:17:12.294+0000] {processor.py:186} INFO - Started process (PID=2594) to work on /opt/airflow/dags/driven_data_pipeline.py
[2025-07-01T21:17:12.296+0000] {processor.py:914} INFO - Processing file /opt/airflow/dags/driven_data_pipeline.py for tasks to queue
[2025-07-01T21:17:12.299+0000] {logging_mixin.py:190} INFO - [2025-07-01T21:17:12.298+0000] {dagbag.py:588} INFO - Filling up the DagBag from /opt/airflow/dags/driven_data_pipeline.py
[2025-07-01T21:17:12.332+0000] {processor.py:925} INFO - DAG(s) 'extract_raw_data_pipeline' retrieved from /opt/airflow/dags/driven_data_pipeline.py
[2025-07-01T21:17:12.366+0000] {logging_mixin.py:190} INFO - [2025-07-01T21:17:12.366+0000] {dag.py:3239} INFO - Sync 1 DAGs
[2025-07-01T21:17:12.400+0000] {logging_mixin.py:190} INFO - [2025-07-01T21:17:12.399+0000] {dag.py:4180} INFO - Setting next_dagrun for extract_raw_data_pipeline to 2025-07-01 07:59:00+00:00, run_after=2025-07-02 07:00:00+00:00
[2025-07-01T21:17:12.430+0000] {processor.py:208} INFO - Processing /opt/airflow/dags/driven_data_pipeline.py took 0.144 seconds
[2025-07-01T21:17:42.707+0000] {processor.py:186} INFO - Started process (PID=2601) to work on /opt/airflow/dags/driven_data_pipeline.py
[2025-07-01T21:17:42.709+0000] {processor.py:914} INFO - Processing file /opt/airflow/dags/driven_data_pipeline.py for tasks to queue
[2025-07-01T21:17:42.716+0000] {logging_mixin.py:190} INFO - [2025-07-01T21:17:42.716+0000] {dagbag.py:588} INFO - Filling up the DagBag from /opt/airflow/dags/driven_data_pipeline.py
[2025-07-01T21:17:42.769+0000] {processor.py:925} INFO - DAG(s) 'extract_raw_data_pipeline' retrieved from /opt/airflow/dags/driven_data_pipeline.py
[2025-07-01T21:17:42.817+0000] {logging_mixin.py:190} INFO - [2025-07-01T21:17:42.816+0000] {dag.py:3239} INFO - Sync 1 DAGs
[2025-07-01T21:17:42.864+0000] {logging_mixin.py:190} INFO - [2025-07-01T21:17:42.863+0000] {dag.py:4180} INFO - Setting next_dagrun for extract_raw_data_pipeline to 2025-07-01 07:59:00+00:00, run_after=2025-07-02 07:00:00+00:00
[2025-07-01T21:17:42.904+0000] {processor.py:208} INFO - Processing /opt/airflow/dags/driven_data_pipeline.py took 0.207 seconds
[2025-07-01T21:18:13.148+0000] {processor.py:186} INFO - Started process (PID=2608) to work on /opt/airflow/dags/driven_data_pipeline.py
[2025-07-01T21:18:13.150+0000] {processor.py:914} INFO - Processing file /opt/airflow/dags/driven_data_pipeline.py for tasks to queue
[2025-07-01T21:18:13.154+0000] {logging_mixin.py:190} INFO - [2025-07-01T21:18:13.153+0000] {dagbag.py:588} INFO - Filling up the DagBag from /opt/airflow/dags/driven_data_pipeline.py
[2025-07-01T21:18:13.198+0000] {processor.py:925} INFO - DAG(s) 'extract_raw_data_pipeline' retrieved from /opt/airflow/dags/driven_data_pipeline.py
[2025-07-01T21:18:13.257+0000] {logging_mixin.py:190} INFO - [2025-07-01T21:18:13.257+0000] {dag.py:3239} INFO - Sync 1 DAGs
[2025-07-01T21:18:13.295+0000] {logging_mixin.py:190} INFO - [2025-07-01T21:18:13.294+0000] {dag.py:4180} INFO - Setting next_dagrun for extract_raw_data_pipeline to 2025-07-01 07:59:00+00:00, run_after=2025-07-02 07:00:00+00:00
[2025-07-01T21:18:13.326+0000] {processor.py:208} INFO - Processing /opt/airflow/dags/driven_data_pipeline.py took 0.186 seconds
[2025-07-01T21:18:43.624+0000] {processor.py:186} INFO - Started process (PID=2615) to work on /opt/airflow/dags/driven_data_pipeline.py
[2025-07-01T21:18:43.626+0000] {processor.py:914} INFO - Processing file /opt/airflow/dags/driven_data_pipeline.py for tasks to queue
[2025-07-01T21:18:43.630+0000] {logging_mixin.py:190} INFO - [2025-07-01T21:18:43.630+0000] {dagbag.py:588} INFO - Filling up the DagBag from /opt/airflow/dags/driven_data_pipeline.py
[2025-07-01T21:18:43.664+0000] {processor.py:925} INFO - DAG(s) 'extract_raw_data_pipeline' retrieved from /opt/airflow/dags/driven_data_pipeline.py
[2025-07-01T21:18:43.697+0000] {logging_mixin.py:190} INFO - [2025-07-01T21:18:43.696+0000] {dag.py:3239} INFO - Sync 1 DAGs
[2025-07-01T21:18:43.722+0000] {logging_mixin.py:190} INFO - [2025-07-01T21:18:43.722+0000] {dag.py:4180} INFO - Setting next_dagrun for extract_raw_data_pipeline to 2025-07-01 07:59:00+00:00, run_after=2025-07-02 07:00:00+00:00
[2025-07-01T21:18:43.750+0000] {processor.py:208} INFO - Processing /opt/airflow/dags/driven_data_pipeline.py took 0.132 seconds
[2025-07-01T21:19:14.001+0000] {processor.py:186} INFO - Started process (PID=2622) to work on /opt/airflow/dags/driven_data_pipeline.py
[2025-07-01T21:19:14.004+0000] {processor.py:914} INFO - Processing file /opt/airflow/dags/driven_data_pipeline.py for tasks to queue
[2025-07-01T21:19:14.007+0000] {logging_mixin.py:190} INFO - [2025-07-01T21:19:14.007+0000] {dagbag.py:588} INFO - Filling up the DagBag from /opt/airflow/dags/driven_data_pipeline.py
[2025-07-01T21:19:14.042+0000] {processor.py:925} INFO - DAG(s) 'extract_raw_data_pipeline' retrieved from /opt/airflow/dags/driven_data_pipeline.py
[2025-07-01T21:19:14.076+0000] {logging_mixin.py:190} INFO - [2025-07-01T21:19:14.075+0000] {dag.py:3239} INFO - Sync 1 DAGs
[2025-07-01T21:19:14.104+0000] {logging_mixin.py:190} INFO - [2025-07-01T21:19:14.103+0000] {dag.py:4180} INFO - Setting next_dagrun for extract_raw_data_pipeline to 2025-07-01 07:59:00+00:00, run_after=2025-07-02 07:00:00+00:00
[2025-07-01T21:19:14.135+0000] {processor.py:208} INFO - Processing /opt/airflow/dags/driven_data_pipeline.py took 0.142 seconds
[2025-07-01T21:19:44.477+0000] {processor.py:186} INFO - Started process (PID=2629) to work on /opt/airflow/dags/driven_data_pipeline.py
[2025-07-01T21:19:44.480+0000] {processor.py:914} INFO - Processing file /opt/airflow/dags/driven_data_pipeline.py for tasks to queue
[2025-07-01T21:19:44.485+0000] {logging_mixin.py:190} INFO - [2025-07-01T21:19:44.484+0000] {dagbag.py:588} INFO - Filling up the DagBag from /opt/airflow/dags/driven_data_pipeline.py
[2025-07-01T21:19:44.522+0000] {processor.py:925} INFO - DAG(s) 'extract_raw_data_pipeline' retrieved from /opt/airflow/dags/driven_data_pipeline.py
[2025-07-01T21:19:44.562+0000] {logging_mixin.py:190} INFO - [2025-07-01T21:19:44.561+0000] {dag.py:3239} INFO - Sync 1 DAGs
[2025-07-01T21:19:44.595+0000] {logging_mixin.py:190} INFO - [2025-07-01T21:19:44.595+0000] {dag.py:4180} INFO - Setting next_dagrun for extract_raw_data_pipeline to 2025-07-01 07:59:00+00:00, run_after=2025-07-02 07:00:00+00:00
[2025-07-01T21:19:44.631+0000] {processor.py:208} INFO - Processing /opt/airflow/dags/driven_data_pipeline.py took 0.162 seconds
[2025-07-01T21:20:14.845+0000] {processor.py:186} INFO - Started process (PID=2636) to work on /opt/airflow/dags/driven_data_pipeline.py
[2025-07-01T21:20:14.847+0000] {processor.py:914} INFO - Processing file /opt/airflow/dags/driven_data_pipeline.py for tasks to queue
[2025-07-01T21:20:14.850+0000] {logging_mixin.py:190} INFO - [2025-07-01T21:20:14.850+0000] {dagbag.py:588} INFO - Filling up the DagBag from /opt/airflow/dags/driven_data_pipeline.py
[2025-07-01T21:20:14.880+0000] {processor.py:925} INFO - DAG(s) 'extract_raw_data_pipeline' retrieved from /opt/airflow/dags/driven_data_pipeline.py
[2025-07-01T21:20:14.914+0000] {logging_mixin.py:190} INFO - [2025-07-01T21:20:14.913+0000] {dag.py:3239} INFO - Sync 1 DAGs
[2025-07-01T21:20:14.948+0000] {logging_mixin.py:190} INFO - [2025-07-01T21:20:14.948+0000] {dag.py:4180} INFO - Setting next_dagrun for extract_raw_data_pipeline to 2025-07-01 07:59:00+00:00, run_after=2025-07-02 07:00:00+00:00
[2025-07-01T21:20:15.008+0000] {processor.py:208} INFO - Processing /opt/airflow/dags/driven_data_pipeline.py took 0.170 seconds
[2025-07-01T21:20:45.312+0000] {processor.py:186} INFO - Started process (PID=2643) to work on /opt/airflow/dags/driven_data_pipeline.py
[2025-07-01T21:20:45.316+0000] {processor.py:914} INFO - Processing file /opt/airflow/dags/driven_data_pipeline.py for tasks to queue
[2025-07-01T21:20:45.319+0000] {logging_mixin.py:190} INFO - [2025-07-01T21:20:45.319+0000] {dagbag.py:588} INFO - Filling up the DagBag from /opt/airflow/dags/driven_data_pipeline.py
[2025-07-01T21:20:45.358+0000] {processor.py:925} INFO - DAG(s) 'extract_raw_data_pipeline' retrieved from /opt/airflow/dags/driven_data_pipeline.py
[2025-07-01T21:20:45.400+0000] {logging_mixin.py:190} INFO - [2025-07-01T21:20:45.400+0000] {dag.py:3239} INFO - Sync 1 DAGs
[2025-07-01T21:20:45.440+0000] {logging_mixin.py:190} INFO - [2025-07-01T21:20:45.440+0000] {dag.py:4180} INFO - Setting next_dagrun for extract_raw_data_pipeline to 2025-07-01 07:59:00+00:00, run_after=2025-07-02 07:00:00+00:00
[2025-07-01T21:20:45.477+0000] {processor.py:208} INFO - Processing /opt/airflow/dags/driven_data_pipeline.py took 0.172 seconds
[2025-07-01T21:21:15.671+0000] {processor.py:186} INFO - Started process (PID=2650) to work on /opt/airflow/dags/driven_data_pipeline.py
[2025-07-01T21:21:15.673+0000] {processor.py:914} INFO - Processing file /opt/airflow/dags/driven_data_pipeline.py for tasks to queue
[2025-07-01T21:21:15.676+0000] {logging_mixin.py:190} INFO - [2025-07-01T21:21:15.676+0000] {dagbag.py:588} INFO - Filling up the DagBag from /opt/airflow/dags/driven_data_pipeline.py
[2025-07-01T21:21:15.715+0000] {processor.py:925} INFO - DAG(s) 'extract_raw_data_pipeline' retrieved from /opt/airflow/dags/driven_data_pipeline.py
[2025-07-01T21:21:15.745+0000] {logging_mixin.py:190} INFO - [2025-07-01T21:21:15.744+0000] {dag.py:3239} INFO - Sync 1 DAGs
[2025-07-01T21:21:15.770+0000] {logging_mixin.py:190} INFO - [2025-07-01T21:21:15.770+0000] {dag.py:4180} INFO - Setting next_dagrun for extract_raw_data_pipeline to 2025-07-01 07:59:00+00:00, run_after=2025-07-02 07:00:00+00:00
[2025-07-01T21:21:15.802+0000] {processor.py:208} INFO - Processing /opt/airflow/dags/driven_data_pipeline.py took 0.138 seconds
[2025-07-01T21:21:46.153+0000] {processor.py:186} INFO - Started process (PID=2657) to work on /opt/airflow/dags/driven_data_pipeline.py
[2025-07-01T21:21:46.155+0000] {processor.py:914} INFO - Processing file /opt/airflow/dags/driven_data_pipeline.py for tasks to queue
[2025-07-01T21:21:46.158+0000] {logging_mixin.py:190} INFO - [2025-07-01T21:21:46.158+0000] {dagbag.py:588} INFO - Filling up the DagBag from /opt/airflow/dags/driven_data_pipeline.py
[2025-07-01T21:21:46.198+0000] {processor.py:925} INFO - DAG(s) 'extract_raw_data_pipeline' retrieved from /opt/airflow/dags/driven_data_pipeline.py
[2025-07-01T21:21:46.232+0000] {logging_mixin.py:190} INFO - [2025-07-01T21:21:46.232+0000] {dag.py:3239} INFO - Sync 1 DAGs
[2025-07-01T21:21:46.258+0000] {logging_mixin.py:190} INFO - [2025-07-01T21:21:46.258+0000] {dag.py:4180} INFO - Setting next_dagrun for extract_raw_data_pipeline to 2025-07-01 07:59:00+00:00, run_after=2025-07-02 07:00:00+00:00
[2025-07-01T21:21:46.288+0000] {processor.py:208} INFO - Processing /opt/airflow/dags/driven_data_pipeline.py took 0.144 seconds
[2025-07-01T21:22:16.568+0000] {processor.py:186} INFO - Started process (PID=2664) to work on /opt/airflow/dags/driven_data_pipeline.py
[2025-07-01T21:22:16.570+0000] {processor.py:914} INFO - Processing file /opt/airflow/dags/driven_data_pipeline.py for tasks to queue
[2025-07-01T21:22:16.574+0000] {logging_mixin.py:190} INFO - [2025-07-01T21:22:16.573+0000] {dagbag.py:588} INFO - Filling up the DagBag from /opt/airflow/dags/driven_data_pipeline.py
[2025-07-01T21:22:16.622+0000] {processor.py:925} INFO - DAG(s) 'extract_raw_data_pipeline' retrieved from /opt/airflow/dags/driven_data_pipeline.py
[2025-07-01T21:22:16.654+0000] {logging_mixin.py:190} INFO - [2025-07-01T21:22:16.654+0000] {dag.py:3239} INFO - Sync 1 DAGs
[2025-07-01T21:22:16.681+0000] {logging_mixin.py:190} INFO - [2025-07-01T21:22:16.680+0000] {dag.py:4180} INFO - Setting next_dagrun for extract_raw_data_pipeline to 2025-07-01 07:59:00+00:00, run_after=2025-07-02 07:00:00+00:00
[2025-07-01T21:22:16.706+0000] {processor.py:208} INFO - Processing /opt/airflow/dags/driven_data_pipeline.py took 0.148 seconds
[2025-07-01T21:22:47.048+0000] {processor.py:186} INFO - Started process (PID=2671) to work on /opt/airflow/dags/driven_data_pipeline.py
[2025-07-01T21:22:47.052+0000] {processor.py:914} INFO - Processing file /opt/airflow/dags/driven_data_pipeline.py for tasks to queue
[2025-07-01T21:22:47.057+0000] {logging_mixin.py:190} INFO - [2025-07-01T21:22:47.057+0000] {dagbag.py:588} INFO - Filling up the DagBag from /opt/airflow/dags/driven_data_pipeline.py
[2025-07-01T21:22:47.127+0000] {processor.py:925} INFO - DAG(s) 'extract_raw_data_pipeline' retrieved from /opt/airflow/dags/driven_data_pipeline.py
[2025-07-01T21:22:47.219+0000] {logging_mixin.py:190} INFO - [2025-07-01T21:22:47.218+0000] {dag.py:3239} INFO - Sync 1 DAGs
[2025-07-01T21:22:47.291+0000] {logging_mixin.py:190} INFO - [2025-07-01T21:22:47.291+0000] {dag.py:4180} INFO - Setting next_dagrun for extract_raw_data_pipeline to 2025-07-01 07:59:00+00:00, run_after=2025-07-02 07:00:00+00:00
[2025-07-01T21:22:47.345+0000] {processor.py:208} INFO - Processing /opt/airflow/dags/driven_data_pipeline.py took 0.309 seconds
[2025-07-01T21:23:17.676+0000] {processor.py:186} INFO - Started process (PID=2678) to work on /opt/airflow/dags/driven_data_pipeline.py
[2025-07-01T21:23:17.683+0000] {processor.py:914} INFO - Processing file /opt/airflow/dags/driven_data_pipeline.py for tasks to queue
[2025-07-01T21:23:17.689+0000] {logging_mixin.py:190} INFO - [2025-07-01T21:23:17.689+0000] {dagbag.py:588} INFO - Filling up the DagBag from /opt/airflow/dags/driven_data_pipeline.py
[2025-07-01T21:23:17.770+0000] {processor.py:925} INFO - DAG(s) 'extract_raw_data_pipeline' retrieved from /opt/airflow/dags/driven_data_pipeline.py
[2025-07-01T21:23:17.832+0000] {logging_mixin.py:190} INFO - [2025-07-01T21:23:17.831+0000] {dag.py:3239} INFO - Sync 1 DAGs
[2025-07-01T21:23:17.885+0000] {logging_mixin.py:190} INFO - [2025-07-01T21:23:17.884+0000] {dag.py:4180} INFO - Setting next_dagrun for extract_raw_data_pipeline to 2025-07-01 07:59:00+00:00, run_after=2025-07-02 07:00:00+00:00
[2025-07-01T21:23:17.939+0000] {processor.py:208} INFO - Processing /opt/airflow/dags/driven_data_pipeline.py took 0.281 seconds
[2025-07-01T21:23:48.452+0000] {processor.py:186} INFO - Started process (PID=2685) to work on /opt/airflow/dags/driven_data_pipeline.py
[2025-07-01T21:23:48.454+0000] {processor.py:914} INFO - Processing file /opt/airflow/dags/driven_data_pipeline.py for tasks to queue
[2025-07-01T21:23:48.458+0000] {logging_mixin.py:190} INFO - [2025-07-01T21:23:48.458+0000] {dagbag.py:588} INFO - Filling up the DagBag from /opt/airflow/dags/driven_data_pipeline.py
[2025-07-01T21:23:48.510+0000] {processor.py:925} INFO - DAG(s) 'extract_raw_data_pipeline' retrieved from /opt/airflow/dags/driven_data_pipeline.py
[2025-07-01T21:23:48.605+0000] {logging_mixin.py:190} INFO - [2025-07-01T21:23:48.604+0000] {dag.py:3239} INFO - Sync 1 DAGs
[2025-07-01T21:23:48.691+0000] {logging_mixin.py:190} INFO - [2025-07-01T21:23:48.691+0000] {dag.py:4180} INFO - Setting next_dagrun for extract_raw_data_pipeline to 2025-07-01 07:59:00+00:00, run_after=2025-07-02 07:00:00+00:00
[2025-07-01T21:23:48.737+0000] {processor.py:208} INFO - Processing /opt/airflow/dags/driven_data_pipeline.py took 0.307 seconds
[2025-07-01T21:24:19.181+0000] {processor.py:186} INFO - Started process (PID=2692) to work on /opt/airflow/dags/driven_data_pipeline.py
[2025-07-01T21:24:19.185+0000] {processor.py:914} INFO - Processing file /opt/airflow/dags/driven_data_pipeline.py for tasks to queue
[2025-07-01T21:24:19.191+0000] {logging_mixin.py:190} INFO - [2025-07-01T21:24:19.191+0000] {dagbag.py:588} INFO - Filling up the DagBag from /opt/airflow/dags/driven_data_pipeline.py
[2025-07-01T21:24:19.241+0000] {processor.py:925} INFO - DAG(s) 'extract_raw_data_pipeline' retrieved from /opt/airflow/dags/driven_data_pipeline.py
[2025-07-01T21:24:19.313+0000] {logging_mixin.py:190} INFO - [2025-07-01T21:24:19.311+0000] {dag.py:3239} INFO - Sync 1 DAGs
[2025-07-01T21:24:19.364+0000] {logging_mixin.py:190} INFO - [2025-07-01T21:24:19.362+0000] {dag.py:4180} INFO - Setting next_dagrun for extract_raw_data_pipeline to 2025-07-01 07:59:00+00:00, run_after=2025-07-02 07:00:00+00:00
[2025-07-01T21:24:19.420+0000] {processor.py:208} INFO - Processing /opt/airflow/dags/driven_data_pipeline.py took 0.260 seconds
[2025-07-01T21:24:50.039+0000] {processor.py:186} INFO - Started process (PID=2699) to work on /opt/airflow/dags/driven_data_pipeline.py
[2025-07-01T21:24:50.043+0000] {processor.py:914} INFO - Processing file /opt/airflow/dags/driven_data_pipeline.py for tasks to queue
[2025-07-01T21:24:50.055+0000] {logging_mixin.py:190} INFO - [2025-07-01T21:24:50.053+0000] {dagbag.py:588} INFO - Filling up the DagBag from /opt/airflow/dags/driven_data_pipeline.py
[2025-07-01T21:24:50.125+0000] {processor.py:925} INFO - DAG(s) 'extract_raw_data_pipeline' retrieved from /opt/airflow/dags/driven_data_pipeline.py
[2025-07-01T21:24:50.207+0000] {logging_mixin.py:190} INFO - [2025-07-01T21:24:50.206+0000] {dag.py:3239} INFO - Sync 1 DAGs
[2025-07-01T21:24:50.328+0000] {logging_mixin.py:190} INFO - [2025-07-01T21:24:50.327+0000] {dag.py:4180} INFO - Setting next_dagrun for extract_raw_data_pipeline to 2025-07-01 07:59:00+00:00, run_after=2025-07-02 07:00:00+00:00
[2025-07-01T21:24:50.388+0000] {processor.py:208} INFO - Processing /opt/airflow/dags/driven_data_pipeline.py took 0.378 seconds
[2025-07-01T21:25:20.701+0000] {processor.py:186} INFO - Started process (PID=2706) to work on /opt/airflow/dags/driven_data_pipeline.py
[2025-07-01T21:25:20.705+0000] {processor.py:914} INFO - Processing file /opt/airflow/dags/driven_data_pipeline.py for tasks to queue
[2025-07-01T21:25:20.714+0000] {logging_mixin.py:190} INFO - [2025-07-01T21:25:20.712+0000] {dagbag.py:588} INFO - Filling up the DagBag from /opt/airflow/dags/driven_data_pipeline.py
[2025-07-01T21:25:20.822+0000] {processor.py:925} INFO - DAG(s) 'extract_raw_data_pipeline' retrieved from /opt/airflow/dags/driven_data_pipeline.py
[2025-07-01T21:25:21.034+0000] {logging_mixin.py:190} INFO - [2025-07-01T21:25:21.033+0000] {dag.py:3239} INFO - Sync 1 DAGs
[2025-07-01T21:25:21.127+0000] {logging_mixin.py:190} INFO - [2025-07-01T21:25:21.126+0000] {dag.py:4180} INFO - Setting next_dagrun for extract_raw_data_pipeline to 2025-07-01 07:59:00+00:00, run_after=2025-07-02 07:00:00+00:00
[2025-07-01T21:25:21.217+0000] {processor.py:208} INFO - Processing /opt/airflow/dags/driven_data_pipeline.py took 0.534 seconds
[2025-07-01T21:25:51.523+0000] {processor.py:186} INFO - Started process (PID=2719) to work on /opt/airflow/dags/driven_data_pipeline.py
[2025-07-01T21:25:51.526+0000] {processor.py:914} INFO - Processing file /opt/airflow/dags/driven_data_pipeline.py for tasks to queue
[2025-07-01T21:25:51.537+0000] {logging_mixin.py:190} INFO - [2025-07-01T21:25:51.536+0000] {dagbag.py:588} INFO - Filling up the DagBag from /opt/airflow/dags/driven_data_pipeline.py
[2025-07-01T21:25:51.618+0000] {processor.py:925} INFO - DAG(s) 'extract_raw_data_pipeline' retrieved from /opt/airflow/dags/driven_data_pipeline.py
[2025-07-01T21:25:51.721+0000] {logging_mixin.py:190} INFO - [2025-07-01T21:25:51.720+0000] {dag.py:3239} INFO - Sync 1 DAGs
[2025-07-01T21:25:51.800+0000] {logging_mixin.py:190} INFO - [2025-07-01T21:25:51.799+0000] {dag.py:4180} INFO - Setting next_dagrun for extract_raw_data_pipeline to 2025-07-01 07:59:00+00:00, run_after=2025-07-02 07:00:00+00:00
[2025-07-01T21:25:51.854+0000] {processor.py:208} INFO - Processing /opt/airflow/dags/driven_data_pipeline.py took 0.349 seconds
[2025-07-01T21:26:22.428+0000] {processor.py:186} INFO - Started process (PID=2726) to work on /opt/airflow/dags/driven_data_pipeline.py
[2025-07-01T21:26:22.433+0000] {processor.py:914} INFO - Processing file /opt/airflow/dags/driven_data_pipeline.py for tasks to queue
[2025-07-01T21:26:22.441+0000] {logging_mixin.py:190} INFO - [2025-07-01T21:26:22.440+0000] {dagbag.py:588} INFO - Filling up the DagBag from /opt/airflow/dags/driven_data_pipeline.py
[2025-07-01T21:26:22.564+0000] {processor.py:925} INFO - DAG(s) 'extract_raw_data_pipeline' retrieved from /opt/airflow/dags/driven_data_pipeline.py
[2025-07-01T21:26:22.654+0000] {logging_mixin.py:190} INFO - [2025-07-01T21:26:22.652+0000] {dag.py:3239} INFO - Sync 1 DAGs
[2025-07-01T21:26:22.748+0000] {logging_mixin.py:190} INFO - [2025-07-01T21:26:22.748+0000] {dag.py:4180} INFO - Setting next_dagrun for extract_raw_data_pipeline to 2025-07-01 07:59:00+00:00, run_after=2025-07-02 07:00:00+00:00
[2025-07-01T21:26:22.793+0000] {processor.py:208} INFO - Processing /opt/airflow/dags/driven_data_pipeline.py took 0.380 seconds
[2025-07-01T21:26:53.080+0000] {processor.py:186} INFO - Started process (PID=2733) to work on /opt/airflow/dags/driven_data_pipeline.py
[2025-07-01T21:26:53.089+0000] {processor.py:914} INFO - Processing file /opt/airflow/dags/driven_data_pipeline.py for tasks to queue
[2025-07-01T21:26:53.102+0000] {logging_mixin.py:190} INFO - [2025-07-01T21:26:53.099+0000] {dagbag.py:588} INFO - Filling up the DagBag from /opt/airflow/dags/driven_data_pipeline.py
[2025-07-01T21:26:53.194+0000] {processor.py:925} INFO - DAG(s) 'extract_raw_data_pipeline' retrieved from /opt/airflow/dags/driven_data_pipeline.py
[2025-07-01T21:26:53.273+0000] {logging_mixin.py:190} INFO - [2025-07-01T21:26:53.272+0000] {dag.py:3239} INFO - Sync 1 DAGs
[2025-07-01T21:26:53.397+0000] {logging_mixin.py:190} INFO - [2025-07-01T21:26:53.396+0000] {dag.py:4180} INFO - Setting next_dagrun for extract_raw_data_pipeline to 2025-07-01 07:59:00+00:00, run_after=2025-07-02 07:00:00+00:00
[2025-07-01T21:26:53.508+0000] {processor.py:208} INFO - Processing /opt/airflow/dags/driven_data_pipeline.py took 0.450 seconds
[2025-07-01T21:27:24.529+0000] {processor.py:186} INFO - Started process (PID=2740) to work on /opt/airflow/dags/driven_data_pipeline.py
[2025-07-01T21:27:24.533+0000] {processor.py:914} INFO - Processing file /opt/airflow/dags/driven_data_pipeline.py for tasks to queue
[2025-07-01T21:27:24.545+0000] {logging_mixin.py:190} INFO - [2025-07-01T21:27:24.539+0000] {dagbag.py:588} INFO - Filling up the DagBag from /opt/airflow/dags/driven_data_pipeline.py
[2025-07-01T21:27:24.621+0000] {processor.py:925} INFO - DAG(s) 'extract_raw_data_pipeline' retrieved from /opt/airflow/dags/driven_data_pipeline.py
[2025-07-01T21:27:24.808+0000] {logging_mixin.py:190} INFO - [2025-07-01T21:27:24.807+0000] {dag.py:3239} INFO - Sync 1 DAGs
[2025-07-01T21:27:25.003+0000] {logging_mixin.py:190} INFO - [2025-07-01T21:27:25.000+0000] {dag.py:4180} INFO - Setting next_dagrun for extract_raw_data_pipeline to 2025-07-01 07:59:00+00:00, run_after=2025-07-02 07:00:00+00:00
[2025-07-01T21:27:25.239+0000] {processor.py:208} INFO - Processing /opt/airflow/dags/driven_data_pipeline.py took 0.749 seconds
[2025-07-01T21:27:56.225+0000] {processor.py:186} INFO - Started process (PID=2747) to work on /opt/airflow/dags/driven_data_pipeline.py
[2025-07-01T21:27:56.228+0000] {processor.py:914} INFO - Processing file /opt/airflow/dags/driven_data_pipeline.py for tasks to queue
[2025-07-01T21:27:56.239+0000] {logging_mixin.py:190} INFO - [2025-07-01T21:27:56.239+0000] {dagbag.py:588} INFO - Filling up the DagBag from /opt/airflow/dags/driven_data_pipeline.py
[2025-07-01T21:27:56.312+0000] {processor.py:925} INFO - DAG(s) 'extract_raw_data_pipeline' retrieved from /opt/airflow/dags/driven_data_pipeline.py
[2025-07-01T21:27:56.391+0000] {logging_mixin.py:190} INFO - [2025-07-01T21:27:56.390+0000] {dag.py:3239} INFO - Sync 1 DAGs
[2025-07-01T21:27:56.453+0000] {logging_mixin.py:190} INFO - [2025-07-01T21:27:56.452+0000] {dag.py:4180} INFO - Setting next_dagrun for extract_raw_data_pipeline to 2025-07-01 07:59:00+00:00, run_after=2025-07-02 07:00:00+00:00
[2025-07-01T21:27:56.508+0000] {processor.py:208} INFO - Processing /opt/airflow/dags/driven_data_pipeline.py took 0.300 seconds
[2025-07-01T21:28:26.920+0000] {processor.py:186} INFO - Started process (PID=2754) to work on /opt/airflow/dags/driven_data_pipeline.py
[2025-07-01T21:28:26.923+0000] {processor.py:914} INFO - Processing file /opt/airflow/dags/driven_data_pipeline.py for tasks to queue
[2025-07-01T21:28:26.928+0000] {logging_mixin.py:190} INFO - [2025-07-01T21:28:26.927+0000] {dagbag.py:588} INFO - Filling up the DagBag from /opt/airflow/dags/driven_data_pipeline.py
[2025-07-01T21:28:27.007+0000] {processor.py:925} INFO - DAG(s) 'extract_raw_data_pipeline' retrieved from /opt/airflow/dags/driven_data_pipeline.py
[2025-07-01T21:28:27.093+0000] {logging_mixin.py:190} INFO - [2025-07-01T21:28:27.093+0000] {dag.py:3239} INFO - Sync 1 DAGs
[2025-07-01T21:28:27.177+0000] {logging_mixin.py:190} INFO - [2025-07-01T21:28:27.177+0000] {dag.py:4180} INFO - Setting next_dagrun for extract_raw_data_pipeline to 2025-07-01 07:59:00+00:00, run_after=2025-07-02 07:00:00+00:00
[2025-07-01T21:28:27.224+0000] {processor.py:208} INFO - Processing /opt/airflow/dags/driven_data_pipeline.py took 0.326 seconds
[2025-07-01T21:28:58.008+0000] {processor.py:186} INFO - Started process (PID=2761) to work on /opt/airflow/dags/driven_data_pipeline.py
[2025-07-01T21:28:58.011+0000] {processor.py:914} INFO - Processing file /opt/airflow/dags/driven_data_pipeline.py for tasks to queue
[2025-07-01T21:28:58.027+0000] {logging_mixin.py:190} INFO - [2025-07-01T21:28:58.026+0000] {dagbag.py:588} INFO - Filling up the DagBag from /opt/airflow/dags/driven_data_pipeline.py
[2025-07-01T21:28:58.128+0000] {processor.py:925} INFO - DAG(s) 'extract_raw_data_pipeline' retrieved from /opt/airflow/dags/driven_data_pipeline.py
[2025-07-01T21:28:58.266+0000] {logging_mixin.py:190} INFO - [2025-07-01T21:28:58.265+0000] {dag.py:3239} INFO - Sync 1 DAGs
[2025-07-01T21:28:58.360+0000] {logging_mixin.py:190} INFO - [2025-07-01T21:28:58.360+0000] {dag.py:4180} INFO - Setting next_dagrun for extract_raw_data_pipeline to 2025-07-01 07:59:00+00:00, run_after=2025-07-02 07:00:00+00:00
[2025-07-01T21:28:58.453+0000] {processor.py:208} INFO - Processing /opt/airflow/dags/driven_data_pipeline.py took 0.476 seconds
[2025-07-01T21:29:28.651+0000] {processor.py:186} INFO - Started process (PID=2768) to work on /opt/airflow/dags/driven_data_pipeline.py
[2025-07-01T21:29:28.656+0000] {processor.py:914} INFO - Processing file /opt/airflow/dags/driven_data_pipeline.py for tasks to queue
[2025-07-01T21:29:28.662+0000] {logging_mixin.py:190} INFO - [2025-07-01T21:29:28.661+0000] {dagbag.py:588} INFO - Filling up the DagBag from /opt/airflow/dags/driven_data_pipeline.py
[2025-07-01T21:29:28.761+0000] {processor.py:925} INFO - DAG(s) 'extract_raw_data_pipeline' retrieved from /opt/airflow/dags/driven_data_pipeline.py
[2025-07-01T21:29:28.861+0000] {logging_mixin.py:190} INFO - [2025-07-01T21:29:28.861+0000] {dag.py:3239} INFO - Sync 1 DAGs
[2025-07-01T21:29:28.962+0000] {logging_mixin.py:190} INFO - [2025-07-01T21:29:28.961+0000] {dag.py:4180} INFO - Setting next_dagrun for extract_raw_data_pipeline to 2025-07-01 07:59:00+00:00, run_after=2025-07-02 07:00:00+00:00
[2025-07-01T21:29:29.021+0000] {processor.py:208} INFO - Processing /opt/airflow/dags/driven_data_pipeline.py took 0.387 seconds
[2025-07-01T21:29:59.830+0000] {processor.py:186} INFO - Started process (PID=2775) to work on /opt/airflow/dags/driven_data_pipeline.py
[2025-07-01T21:29:59.839+0000] {processor.py:914} INFO - Processing file /opt/airflow/dags/driven_data_pipeline.py for tasks to queue
[2025-07-01T21:29:59.858+0000] {logging_mixin.py:190} INFO - [2025-07-01T21:29:59.853+0000] {dagbag.py:588} INFO - Filling up the DagBag from /opt/airflow/dags/driven_data_pipeline.py
[2025-07-01T21:29:59.937+0000] {processor.py:925} INFO - DAG(s) 'extract_raw_data_pipeline' retrieved from /opt/airflow/dags/driven_data_pipeline.py
[2025-07-01T21:30:00.006+0000] {logging_mixin.py:190} INFO - [2025-07-01T21:30:00.005+0000] {dag.py:3239} INFO - Sync 1 DAGs
[2025-07-01T21:30:00.078+0000] {logging_mixin.py:190} INFO - [2025-07-01T21:30:00.078+0000] {dag.py:4180} INFO - Setting next_dagrun for extract_raw_data_pipeline to 2025-07-01 07:59:00+00:00, run_after=2025-07-02 07:00:00+00:00
[2025-07-01T21:30:00.146+0000] {processor.py:208} INFO - Processing /opt/airflow/dags/driven_data_pipeline.py took 0.351 seconds
[2025-07-01T21:30:30.548+0000] {processor.py:186} INFO - Started process (PID=2782) to work on /opt/airflow/dags/driven_data_pipeline.py
[2025-07-01T21:30:30.564+0000] {processor.py:914} INFO - Processing file /opt/airflow/dags/driven_data_pipeline.py for tasks to queue
[2025-07-01T21:30:30.590+0000] {logging_mixin.py:190} INFO - [2025-07-01T21:30:30.587+0000] {dagbag.py:588} INFO - Filling up the DagBag from /opt/airflow/dags/driven_data_pipeline.py
[2025-07-01T21:30:30.713+0000] {processor.py:925} INFO - DAG(s) 'extract_raw_data_pipeline' retrieved from /opt/airflow/dags/driven_data_pipeline.py
[2025-07-01T21:30:30.828+0000] {logging_mixin.py:190} INFO - [2025-07-01T21:30:30.827+0000] {dag.py:3239} INFO - Sync 1 DAGs
[2025-07-01T21:30:30.980+0000] {logging_mixin.py:190} INFO - [2025-07-01T21:30:30.979+0000] {dag.py:4180} INFO - Setting next_dagrun for extract_raw_data_pipeline to 2025-07-01 07:59:00+00:00, run_after=2025-07-02 07:00:00+00:00
[2025-07-01T21:30:31.063+0000] {processor.py:208} INFO - Processing /opt/airflow/dags/driven_data_pipeline.py took 0.568 seconds
[2025-07-01T21:31:01.563+0000] {processor.py:186} INFO - Started process (PID=2790) to work on /opt/airflow/dags/driven_data_pipeline.py
[2025-07-01T21:31:01.572+0000] {processor.py:914} INFO - Processing file /opt/airflow/dags/driven_data_pipeline.py for tasks to queue
[2025-07-01T21:31:01.590+0000] {logging_mixin.py:190} INFO - [2025-07-01T21:31:01.588+0000] {dagbag.py:588} INFO - Filling up the DagBag from /opt/airflow/dags/driven_data_pipeline.py
[2025-07-01T21:31:01.696+0000] {processor.py:925} INFO - DAG(s) 'extract_raw_data_pipeline' retrieved from /opt/airflow/dags/driven_data_pipeline.py
[2025-07-01T21:31:01.845+0000] {logging_mixin.py:190} INFO - [2025-07-01T21:31:01.845+0000] {dag.py:3239} INFO - Sync 1 DAGs
[2025-07-01T21:31:01.973+0000] {logging_mixin.py:190} INFO - [2025-07-01T21:31:01.963+0000] {dag.py:4180} INFO - Setting next_dagrun for extract_raw_data_pipeline to 2025-07-01 07:59:00+00:00, run_after=2025-07-02 07:00:00+00:00
[2025-07-01T21:31:02.070+0000] {processor.py:208} INFO - Processing /opt/airflow/dags/driven_data_pipeline.py took 0.540 seconds
[2025-07-01T21:31:32.896+0000] {processor.py:186} INFO - Started process (PID=2797) to work on /opt/airflow/dags/driven_data_pipeline.py
[2025-07-01T21:31:32.900+0000] {processor.py:914} INFO - Processing file /opt/airflow/dags/driven_data_pipeline.py for tasks to queue
[2025-07-01T21:31:32.906+0000] {logging_mixin.py:190} INFO - [2025-07-01T21:31:32.905+0000] {dagbag.py:588} INFO - Filling up the DagBag from /opt/airflow/dags/driven_data_pipeline.py
[2025-07-01T21:31:32.977+0000] {processor.py:925} INFO - DAG(s) 'extract_raw_data_pipeline' retrieved from /opt/airflow/dags/driven_data_pipeline.py
[2025-07-01T21:31:33.061+0000] {logging_mixin.py:190} INFO - [2025-07-01T21:31:33.058+0000] {dag.py:3239} INFO - Sync 1 DAGs
[2025-07-01T21:31:33.148+0000] {logging_mixin.py:190} INFO - [2025-07-01T21:31:33.147+0000] {dag.py:4180} INFO - Setting next_dagrun for extract_raw_data_pipeline to 2025-07-01 07:59:00+00:00, run_after=2025-07-02 07:00:00+00:00
[2025-07-01T21:31:33.230+0000] {processor.py:208} INFO - Processing /opt/airflow/dags/driven_data_pipeline.py took 0.350 seconds
[2025-07-01T21:32:03.394+0000] {processor.py:186} INFO - Started process (PID=2808) to work on /opt/airflow/dags/driven_data_pipeline.py
[2025-07-01T21:32:03.397+0000] {processor.py:914} INFO - Processing file /opt/airflow/dags/driven_data_pipeline.py for tasks to queue
[2025-07-01T21:32:03.413+0000] {logging_mixin.py:190} INFO - [2025-07-01T21:32:03.411+0000] {dagbag.py:588} INFO - Filling up the DagBag from /opt/airflow/dags/driven_data_pipeline.py
[2025-07-01T21:32:03.498+0000] {processor.py:925} INFO - DAG(s) 'extract_raw_data_pipeline' retrieved from /opt/airflow/dags/driven_data_pipeline.py
[2025-07-01T21:32:03.724+0000] {logging_mixin.py:190} INFO - [2025-07-01T21:32:03.723+0000] {dag.py:3239} INFO - Sync 1 DAGs
[2025-07-01T21:32:03.925+0000] {logging_mixin.py:190} INFO - [2025-07-01T21:32:03.925+0000] {dag.py:4180} INFO - Setting next_dagrun for extract_raw_data_pipeline to 2025-07-01 07:59:00+00:00, run_after=2025-07-02 07:00:00+00:00
[2025-07-01T21:32:04.043+0000] {processor.py:208} INFO - Processing /opt/airflow/dags/driven_data_pipeline.py took 0.675 seconds
[2025-07-01T21:32:34.647+0000] {processor.py:186} INFO - Started process (PID=2815) to work on /opt/airflow/dags/driven_data_pipeline.py
[2025-07-01T21:32:34.651+0000] {processor.py:914} INFO - Processing file /opt/airflow/dags/driven_data_pipeline.py for tasks to queue
[2025-07-01T21:32:34.663+0000] {logging_mixin.py:190} INFO - [2025-07-01T21:32:34.660+0000] {dagbag.py:588} INFO - Filling up the DagBag from /opt/airflow/dags/driven_data_pipeline.py
[2025-07-01T21:32:34.770+0000] {processor.py:925} INFO - DAG(s) 'extract_raw_data_pipeline' retrieved from /opt/airflow/dags/driven_data_pipeline.py
[2025-07-01T21:32:34.914+0000] {logging_mixin.py:190} INFO - [2025-07-01T21:32:34.913+0000] {dag.py:3239} INFO - Sync 1 DAGs
[2025-07-01T21:32:35.012+0000] {logging_mixin.py:190} INFO - [2025-07-01T21:32:35.011+0000] {dag.py:4180} INFO - Setting next_dagrun for extract_raw_data_pipeline to 2025-07-01 07:59:00+00:00, run_after=2025-07-02 07:00:00+00:00
[2025-07-01T21:32:35.087+0000] {processor.py:208} INFO - Processing /opt/airflow/dags/driven_data_pipeline.py took 0.486 seconds
[2025-07-01T21:33:05.404+0000] {processor.py:186} INFO - Started process (PID=2823) to work on /opt/airflow/dags/driven_data_pipeline.py
[2025-07-01T21:33:05.406+0000] {processor.py:914} INFO - Processing file /opt/airflow/dags/driven_data_pipeline.py for tasks to queue
[2025-07-01T21:33:05.414+0000] {logging_mixin.py:190} INFO - [2025-07-01T21:33:05.412+0000] {dagbag.py:588} INFO - Filling up the DagBag from /opt/airflow/dags/driven_data_pipeline.py
[2025-07-01T21:33:05.486+0000] {processor.py:925} INFO - DAG(s) 'extract_raw_data_pipeline' retrieved from /opt/airflow/dags/driven_data_pipeline.py
[2025-07-01T21:33:05.579+0000] {logging_mixin.py:190} INFO - [2025-07-01T21:33:05.578+0000] {dag.py:3239} INFO - Sync 1 DAGs
[2025-07-01T21:33:05.684+0000] {logging_mixin.py:190} INFO - [2025-07-01T21:33:05.683+0000] {dag.py:4180} INFO - Setting next_dagrun for extract_raw_data_pipeline to 2025-07-01 07:59:00+00:00, run_after=2025-07-02 07:00:00+00:00
[2025-07-01T21:33:05.747+0000] {processor.py:208} INFO - Processing /opt/airflow/dags/driven_data_pipeline.py took 0.356 seconds
[2025-07-01T21:33:36.321+0000] {processor.py:186} INFO - Started process (PID=2830) to work on /opt/airflow/dags/driven_data_pipeline.py
[2025-07-01T21:33:36.325+0000] {processor.py:914} INFO - Processing file /opt/airflow/dags/driven_data_pipeline.py for tasks to queue
[2025-07-01T21:33:36.333+0000] {logging_mixin.py:190} INFO - [2025-07-01T21:33:36.332+0000] {dagbag.py:588} INFO - Filling up the DagBag from /opt/airflow/dags/driven_data_pipeline.py
[2025-07-01T21:33:36.433+0000] {processor.py:925} INFO - DAG(s) 'extract_raw_data_pipeline' retrieved from /opt/airflow/dags/driven_data_pipeline.py
[2025-07-01T21:33:36.524+0000] {logging_mixin.py:190} INFO - [2025-07-01T21:33:36.524+0000] {dag.py:3239} INFO - Sync 1 DAGs
[2025-07-01T21:33:36.581+0000] {logging_mixin.py:190} INFO - [2025-07-01T21:33:36.578+0000] {dag.py:4180} INFO - Setting next_dagrun for extract_raw_data_pipeline to 2025-07-01 07:59:00+00:00, run_after=2025-07-02 07:00:00+00:00
[2025-07-01T21:33:36.636+0000] {processor.py:208} INFO - Processing /opt/airflow/dags/driven_data_pipeline.py took 0.328 seconds
[2025-07-01T21:34:06.948+0000] {processor.py:186} INFO - Started process (PID=2837) to work on /opt/airflow/dags/driven_data_pipeline.py
[2025-07-01T21:34:06.957+0000] {processor.py:914} INFO - Processing file /opt/airflow/dags/driven_data_pipeline.py for tasks to queue
[2025-07-01T21:34:06.968+0000] {logging_mixin.py:190} INFO - [2025-07-01T21:34:06.967+0000] {dagbag.py:588} INFO - Filling up the DagBag from /opt/airflow/dags/driven_data_pipeline.py
[2025-07-01T21:34:07.116+0000] {processor.py:925} INFO - DAG(s) 'extract_raw_data_pipeline' retrieved from /opt/airflow/dags/driven_data_pipeline.py
[2025-07-01T21:34:07.271+0000] {logging_mixin.py:190} INFO - [2025-07-01T21:34:07.265+0000] {dag.py:3239} INFO - Sync 1 DAGs
[2025-07-01T21:34:07.408+0000] {logging_mixin.py:190} INFO - [2025-07-01T21:34:07.407+0000] {dag.py:4180} INFO - Setting next_dagrun for extract_raw_data_pipeline to 2025-07-01 07:59:00+00:00, run_after=2025-07-02 07:00:00+00:00
[2025-07-01T21:34:07.507+0000] {processor.py:208} INFO - Processing /opt/airflow/dags/driven_data_pipeline.py took 0.597 seconds
[2025-07-01T21:34:37.820+0000] {processor.py:186} INFO - Started process (PID=2844) to work on /opt/airflow/dags/driven_data_pipeline.py
[2025-07-01T21:34:37.823+0000] {processor.py:914} INFO - Processing file /opt/airflow/dags/driven_data_pipeline.py for tasks to queue
[2025-07-01T21:34:37.830+0000] {logging_mixin.py:190} INFO - [2025-07-01T21:34:37.827+0000] {dagbag.py:588} INFO - Filling up the DagBag from /opt/airflow/dags/driven_data_pipeline.py
[2025-07-01T21:34:37.913+0000] {processor.py:925} INFO - DAG(s) 'extract_raw_data_pipeline' retrieved from /opt/airflow/dags/driven_data_pipeline.py
[2025-07-01T21:34:37.982+0000] {logging_mixin.py:190} INFO - [2025-07-01T21:34:37.980+0000] {dag.py:3239} INFO - Sync 1 DAGs
[2025-07-01T21:34:38.026+0000] {logging_mixin.py:190} INFO - [2025-07-01T21:34:38.025+0000] {dag.py:4180} INFO - Setting next_dagrun for extract_raw_data_pipeline to 2025-07-01 07:59:00+00:00, run_after=2025-07-02 07:00:00+00:00
[2025-07-01T21:34:38.071+0000] {processor.py:208} INFO - Processing /opt/airflow/dags/driven_data_pipeline.py took 0.263 seconds
[2025-07-01T21:35:08.369+0000] {processor.py:186} INFO - Started process (PID=2851) to work on /opt/airflow/dags/driven_data_pipeline.py
[2025-07-01T21:35:08.372+0000] {processor.py:914} INFO - Processing file /opt/airflow/dags/driven_data_pipeline.py for tasks to queue
[2025-07-01T21:35:08.378+0000] {logging_mixin.py:190} INFO - [2025-07-01T21:35:08.376+0000] {dagbag.py:588} INFO - Filling up the DagBag from /opt/airflow/dags/driven_data_pipeline.py
[2025-07-01T21:35:08.468+0000] {processor.py:925} INFO - DAG(s) 'extract_raw_data_pipeline' retrieved from /opt/airflow/dags/driven_data_pipeline.py
[2025-07-01T21:35:08.556+0000] {logging_mixin.py:190} INFO - [2025-07-01T21:35:08.555+0000] {dag.py:3239} INFO - Sync 1 DAGs
[2025-07-01T21:35:08.607+0000] {logging_mixin.py:190} INFO - [2025-07-01T21:35:08.607+0000] {dag.py:4180} INFO - Setting next_dagrun for extract_raw_data_pipeline to 2025-07-01 07:59:00+00:00, run_after=2025-07-02 07:00:00+00:00
[2025-07-01T21:35:08.674+0000] {processor.py:208} INFO - Processing /opt/airflow/dags/driven_data_pipeline.py took 0.322 seconds
[2025-07-01T21:35:39.357+0000] {processor.py:186} INFO - Started process (PID=2858) to work on /opt/airflow/dags/driven_data_pipeline.py
[2025-07-01T21:35:39.361+0000] {processor.py:914} INFO - Processing file /opt/airflow/dags/driven_data_pipeline.py for tasks to queue
[2025-07-01T21:35:39.393+0000] {logging_mixin.py:190} INFO - [2025-07-01T21:35:39.385+0000] {dagbag.py:588} INFO - Filling up the DagBag from /opt/airflow/dags/driven_data_pipeline.py
[2025-07-01T21:35:39.488+0000] {processor.py:925} INFO - DAG(s) 'extract_raw_data_pipeline' retrieved from /opt/airflow/dags/driven_data_pipeline.py
[2025-07-01T21:35:39.646+0000] {logging_mixin.py:190} INFO - [2025-07-01T21:35:39.645+0000] {dag.py:3239} INFO - Sync 1 DAGs
[2025-07-01T21:35:39.704+0000] {logging_mixin.py:190} INFO - [2025-07-01T21:35:39.704+0000] {dag.py:4180} INFO - Setting next_dagrun for extract_raw_data_pipeline to 2025-07-01 07:59:00+00:00, run_after=2025-07-02 07:00:00+00:00
[2025-07-01T21:35:39.771+0000] {processor.py:208} INFO - Processing /opt/airflow/dags/driven_data_pipeline.py took 0.445 seconds
[2025-07-01T21:36:09.889+0000] {processor.py:186} INFO - Started process (PID=2865) to work on /opt/airflow/dags/driven_data_pipeline.py
[2025-07-01T21:36:09.891+0000] {processor.py:914} INFO - Processing file /opt/airflow/dags/driven_data_pipeline.py for tasks to queue
[2025-07-01T21:36:09.901+0000] {logging_mixin.py:190} INFO - [2025-07-01T21:36:09.900+0000] {dagbag.py:588} INFO - Filling up the DagBag from /opt/airflow/dags/driven_data_pipeline.py
[2025-07-01T21:36:09.976+0000] {processor.py:925} INFO - DAG(s) 'extract_raw_data_pipeline' retrieved from /opt/airflow/dags/driven_data_pipeline.py
[2025-07-01T21:36:10.035+0000] {logging_mixin.py:190} INFO - [2025-07-01T21:36:10.034+0000] {dag.py:3239} INFO - Sync 1 DAGs
[2025-07-01T21:36:10.080+0000] {logging_mixin.py:190} INFO - [2025-07-01T21:36:10.079+0000] {dag.py:4180} INFO - Setting next_dagrun for extract_raw_data_pipeline to 2025-07-01 07:59:00+00:00, run_after=2025-07-02 07:00:00+00:00
[2025-07-01T21:36:10.131+0000] {processor.py:208} INFO - Processing /opt/airflow/dags/driven_data_pipeline.py took 0.251 seconds
[2025-07-01T21:36:40.401+0000] {processor.py:186} INFO - Started process (PID=2872) to work on /opt/airflow/dags/driven_data_pipeline.py
[2025-07-01T21:36:40.404+0000] {processor.py:914} INFO - Processing file /opt/airflow/dags/driven_data_pipeline.py for tasks to queue
[2025-07-01T21:36:40.410+0000] {logging_mixin.py:190} INFO - [2025-07-01T21:36:40.409+0000] {dagbag.py:588} INFO - Filling up the DagBag from /opt/airflow/dags/driven_data_pipeline.py
[2025-07-01T21:36:40.499+0000] {processor.py:925} INFO - DAG(s) 'extract_raw_data_pipeline' retrieved from /opt/airflow/dags/driven_data_pipeline.py
[2025-07-01T21:36:40.559+0000] {logging_mixin.py:190} INFO - [2025-07-01T21:36:40.558+0000] {dag.py:3239} INFO - Sync 1 DAGs
[2025-07-01T21:36:40.621+0000] {logging_mixin.py:190} INFO - [2025-07-01T21:36:40.620+0000] {dag.py:4180} INFO - Setting next_dagrun for extract_raw_data_pipeline to 2025-07-01 07:59:00+00:00, run_after=2025-07-02 07:00:00+00:00
[2025-07-01T21:36:40.666+0000] {processor.py:208} INFO - Processing /opt/airflow/dags/driven_data_pipeline.py took 0.280 seconds
[2025-07-01T21:37:11.273+0000] {processor.py:186} INFO - Started process (PID=2879) to work on /opt/airflow/dags/driven_data_pipeline.py
[2025-07-01T21:37:11.276+0000] {processor.py:914} INFO - Processing file /opt/airflow/dags/driven_data_pipeline.py for tasks to queue
[2025-07-01T21:37:11.286+0000] {logging_mixin.py:190} INFO - [2025-07-01T21:37:11.285+0000] {dagbag.py:588} INFO - Filling up the DagBag from /opt/airflow/dags/driven_data_pipeline.py
[2025-07-01T21:37:11.356+0000] {processor.py:925} INFO - DAG(s) 'extract_raw_data_pipeline' retrieved from /opt/airflow/dags/driven_data_pipeline.py
[2025-07-01T21:37:11.424+0000] {logging_mixin.py:190} INFO - [2025-07-01T21:37:11.424+0000] {dag.py:3239} INFO - Sync 1 DAGs
[2025-07-01T21:37:11.486+0000] {logging_mixin.py:190} INFO - [2025-07-01T21:37:11.486+0000] {dag.py:4180} INFO - Setting next_dagrun for extract_raw_data_pipeline to 2025-07-01 07:59:00+00:00, run_after=2025-07-02 07:00:00+00:00
[2025-07-01T21:37:11.542+0000] {processor.py:208} INFO - Processing /opt/airflow/dags/driven_data_pipeline.py took 0.285 seconds
[2025-07-01T21:37:41.806+0000] {processor.py:186} INFO - Started process (PID=2886) to work on /opt/airflow/dags/driven_data_pipeline.py
[2025-07-01T21:37:41.809+0000] {processor.py:914} INFO - Processing file /opt/airflow/dags/driven_data_pipeline.py for tasks to queue
[2025-07-01T21:37:41.817+0000] {logging_mixin.py:190} INFO - [2025-07-01T21:37:41.817+0000] {dagbag.py:588} INFO - Filling up the DagBag from /opt/airflow/dags/driven_data_pipeline.py
[2025-07-01T21:37:41.884+0000] {processor.py:925} INFO - DAG(s) 'extract_raw_data_pipeline' retrieved from /opt/airflow/dags/driven_data_pipeline.py
[2025-07-01T21:37:41.940+0000] {logging_mixin.py:190} INFO - [2025-07-01T21:37:41.940+0000] {dag.py:3239} INFO - Sync 1 DAGs
[2025-07-01T21:37:42.016+0000] {logging_mixin.py:190} INFO - [2025-07-01T21:37:42.015+0000] {dag.py:4180} INFO - Setting next_dagrun for extract_raw_data_pipeline to 2025-07-01 07:59:00+00:00, run_after=2025-07-02 07:00:00+00:00
[2025-07-01T21:37:42.067+0000] {processor.py:208} INFO - Processing /opt/airflow/dags/driven_data_pipeline.py took 0.277 seconds
[2025-07-01T21:38:12.354+0000] {processor.py:186} INFO - Started process (PID=2893) to work on /opt/airflow/dags/driven_data_pipeline.py
[2025-07-01T21:38:12.356+0000] {processor.py:914} INFO - Processing file /opt/airflow/dags/driven_data_pipeline.py for tasks to queue
[2025-07-01T21:38:12.358+0000] {logging_mixin.py:190} INFO - [2025-07-01T21:38:12.358+0000] {dagbag.py:588} INFO - Filling up the DagBag from /opt/airflow/dags/driven_data_pipeline.py
[2025-07-01T21:38:12.392+0000] {processor.py:925} INFO - DAG(s) 'extract_raw_data_pipeline' retrieved from /opt/airflow/dags/driven_data_pipeline.py
[2025-07-01T21:38:12.425+0000] {logging_mixin.py:190} INFO - [2025-07-01T21:38:12.425+0000] {dag.py:3239} INFO - Sync 1 DAGs
[2025-07-01T21:38:12.453+0000] {logging_mixin.py:190} INFO - [2025-07-01T21:38:12.453+0000] {dag.py:4180} INFO - Setting next_dagrun for extract_raw_data_pipeline to 2025-07-01 07:59:00+00:00, run_after=2025-07-02 07:00:00+00:00
[2025-07-01T21:38:12.482+0000] {processor.py:208} INFO - Processing /opt/airflow/dags/driven_data_pipeline.py took 0.135 seconds
[2025-07-01T21:38:42.762+0000] {processor.py:186} INFO - Started process (PID=2900) to work on /opt/airflow/dags/driven_data_pipeline.py
[2025-07-01T21:38:42.765+0000] {processor.py:914} INFO - Processing file /opt/airflow/dags/driven_data_pipeline.py for tasks to queue
[2025-07-01T21:38:42.768+0000] {logging_mixin.py:190} INFO - [2025-07-01T21:38:42.768+0000] {dagbag.py:588} INFO - Filling up the DagBag from /opt/airflow/dags/driven_data_pipeline.py
[2025-07-01T21:38:42.830+0000] {processor.py:925} INFO - DAG(s) 'extract_raw_data_pipeline' retrieved from /opt/airflow/dags/driven_data_pipeline.py
[2025-07-01T21:38:42.871+0000] {logging_mixin.py:190} INFO - [2025-07-01T21:38:42.870+0000] {dag.py:3239} INFO - Sync 1 DAGs
[2025-07-01T21:38:42.900+0000] {logging_mixin.py:190} INFO - [2025-07-01T21:38:42.900+0000] {dag.py:4180} INFO - Setting next_dagrun for extract_raw_data_pipeline to 2025-07-01 07:59:00+00:00, run_after=2025-07-02 07:00:00+00:00
[2025-07-01T21:38:42.943+0000] {processor.py:208} INFO - Processing /opt/airflow/dags/driven_data_pipeline.py took 0.199 seconds
[2025-07-01T21:39:13.202+0000] {processor.py:186} INFO - Started process (PID=2907) to work on /opt/airflow/dags/driven_data_pipeline.py
[2025-07-01T21:39:13.204+0000] {processor.py:914} INFO - Processing file /opt/airflow/dags/driven_data_pipeline.py for tasks to queue
[2025-07-01T21:39:13.208+0000] {logging_mixin.py:190} INFO - [2025-07-01T21:39:13.207+0000] {dagbag.py:588} INFO - Filling up the DagBag from /opt/airflow/dags/driven_data_pipeline.py
[2025-07-01T21:39:13.239+0000] {processor.py:925} INFO - DAG(s) 'extract_raw_data_pipeline' retrieved from /opt/airflow/dags/driven_data_pipeline.py
[2025-07-01T21:39:13.275+0000] {logging_mixin.py:190} INFO - [2025-07-01T21:39:13.275+0000] {dag.py:3239} INFO - Sync 1 DAGs
[2025-07-01T21:39:13.304+0000] {logging_mixin.py:190} INFO - [2025-07-01T21:39:13.304+0000] {dag.py:4180} INFO - Setting next_dagrun for extract_raw_data_pipeline to 2025-07-01 07:59:00+00:00, run_after=2025-07-02 07:00:00+00:00
[2025-07-01T21:39:13.338+0000] {processor.py:208} INFO - Processing /opt/airflow/dags/driven_data_pipeline.py took 0.152 seconds
[2025-07-01T21:39:43.653+0000] {processor.py:186} INFO - Started process (PID=2914) to work on /opt/airflow/dags/driven_data_pipeline.py
[2025-07-01T21:39:43.655+0000] {processor.py:914} INFO - Processing file /opt/airflow/dags/driven_data_pipeline.py for tasks to queue
[2025-07-01T21:39:43.659+0000] {logging_mixin.py:190} INFO - [2025-07-01T21:39:43.658+0000] {dagbag.py:588} INFO - Filling up the DagBag from /opt/airflow/dags/driven_data_pipeline.py
[2025-07-01T21:39:43.697+0000] {processor.py:925} INFO - DAG(s) 'extract_raw_data_pipeline' retrieved from /opt/airflow/dags/driven_data_pipeline.py
[2025-07-01T21:39:43.733+0000] {logging_mixin.py:190} INFO - [2025-07-01T21:39:43.732+0000] {dag.py:3239} INFO - Sync 1 DAGs
[2025-07-01T21:39:43.757+0000] {logging_mixin.py:190} INFO - [2025-07-01T21:39:43.757+0000] {dag.py:4180} INFO - Setting next_dagrun for extract_raw_data_pipeline to 2025-07-01 07:59:00+00:00, run_after=2025-07-02 07:00:00+00:00
[2025-07-01T21:39:43.783+0000] {processor.py:208} INFO - Processing /opt/airflow/dags/driven_data_pipeline.py took 0.141 seconds
[2025-07-01T21:40:14.088+0000] {processor.py:186} INFO - Started process (PID=2921) to work on /opt/airflow/dags/driven_data_pipeline.py
[2025-07-01T21:40:14.090+0000] {processor.py:914} INFO - Processing file /opt/airflow/dags/driven_data_pipeline.py for tasks to queue
[2025-07-01T21:40:14.093+0000] {logging_mixin.py:190} INFO - [2025-07-01T21:40:14.093+0000] {dagbag.py:588} INFO - Filling up the DagBag from /opt/airflow/dags/driven_data_pipeline.py
[2025-07-01T21:40:14.137+0000] {processor.py:925} INFO - DAG(s) 'extract_raw_data_pipeline' retrieved from /opt/airflow/dags/driven_data_pipeline.py
[2025-07-01T21:40:14.181+0000] {logging_mixin.py:190} INFO - [2025-07-01T21:40:14.180+0000] {dag.py:3239} INFO - Sync 1 DAGs
[2025-07-01T21:40:14.210+0000] {logging_mixin.py:190} INFO - [2025-07-01T21:40:14.210+0000] {dag.py:4180} INFO - Setting next_dagrun for extract_raw_data_pipeline to 2025-07-01 07:59:00+00:00, run_after=2025-07-02 07:00:00+00:00
[2025-07-01T21:40:14.243+0000] {processor.py:208} INFO - Processing /opt/airflow/dags/driven_data_pipeline.py took 0.166 seconds
[2025-07-01T21:40:44.440+0000] {processor.py:186} INFO - Started process (PID=2928) to work on /opt/airflow/dags/driven_data_pipeline.py
[2025-07-01T21:40:44.441+0000] {processor.py:914} INFO - Processing file /opt/airflow/dags/driven_data_pipeline.py for tasks to queue
[2025-07-01T21:40:44.446+0000] {logging_mixin.py:190} INFO - [2025-07-01T21:40:44.445+0000] {dagbag.py:588} INFO - Filling up the DagBag from /opt/airflow/dags/driven_data_pipeline.py
[2025-07-01T21:40:44.486+0000] {processor.py:925} INFO - DAG(s) 'extract_raw_data_pipeline' retrieved from /opt/airflow/dags/driven_data_pipeline.py
[2025-07-01T21:40:44.526+0000] {logging_mixin.py:190} INFO - [2025-07-01T21:40:44.525+0000] {dag.py:3239} INFO - Sync 1 DAGs
[2025-07-01T21:40:44.560+0000] {logging_mixin.py:190} INFO - [2025-07-01T21:40:44.559+0000] {dag.py:4180} INFO - Setting next_dagrun for extract_raw_data_pipeline to 2025-07-01 07:59:00+00:00, run_after=2025-07-02 07:00:00+00:00
[2025-07-01T21:40:44.591+0000] {processor.py:208} INFO - Processing /opt/airflow/dags/driven_data_pipeline.py took 0.157 seconds
[2025-07-01T21:41:14.993+0000] {processor.py:186} INFO - Started process (PID=2935) to work on /opt/airflow/dags/driven_data_pipeline.py
[2025-07-01T21:41:14.997+0000] {processor.py:914} INFO - Processing file /opt/airflow/dags/driven_data_pipeline.py for tasks to queue
[2025-07-01T21:41:15.001+0000] {logging_mixin.py:190} INFO - [2025-07-01T21:41:15.001+0000] {dagbag.py:588} INFO - Filling up the DagBag from /opt/airflow/dags/driven_data_pipeline.py
[2025-07-01T21:41:15.041+0000] {processor.py:925} INFO - DAG(s) 'extract_raw_data_pipeline' retrieved from /opt/airflow/dags/driven_data_pipeline.py
[2025-07-01T21:41:15.084+0000] {logging_mixin.py:190} INFO - [2025-07-01T21:41:15.084+0000] {dag.py:3239} INFO - Sync 1 DAGs
[2025-07-01T21:41:15.113+0000] {logging_mixin.py:190} INFO - [2025-07-01T21:41:15.113+0000] {dag.py:4180} INFO - Setting next_dagrun for extract_raw_data_pipeline to 2025-07-01 07:59:00+00:00, run_after=2025-07-02 07:00:00+00:00
[2025-07-01T21:41:15.150+0000] {processor.py:208} INFO - Processing /opt/airflow/dags/driven_data_pipeline.py took 0.170 seconds
[2025-07-01T21:41:45.371+0000] {processor.py:186} INFO - Started process (PID=2942) to work on /opt/airflow/dags/driven_data_pipeline.py
[2025-07-01T21:41:45.373+0000] {processor.py:914} INFO - Processing file /opt/airflow/dags/driven_data_pipeline.py for tasks to queue
[2025-07-01T21:41:45.377+0000] {logging_mixin.py:190} INFO - [2025-07-01T21:41:45.376+0000] {dagbag.py:588} INFO - Filling up the DagBag from /opt/airflow/dags/driven_data_pipeline.py
[2025-07-01T21:41:45.416+0000] {processor.py:925} INFO - DAG(s) 'extract_raw_data_pipeline' retrieved from /opt/airflow/dags/driven_data_pipeline.py
[2025-07-01T21:41:45.449+0000] {logging_mixin.py:190} INFO - [2025-07-01T21:41:45.449+0000] {dag.py:3239} INFO - Sync 1 DAGs
[2025-07-01T21:41:45.482+0000] {logging_mixin.py:190} INFO - [2025-07-01T21:41:45.482+0000] {dag.py:4180} INFO - Setting next_dagrun for extract_raw_data_pipeline to 2025-07-01 07:59:00+00:00, run_after=2025-07-02 07:00:00+00:00
[2025-07-01T21:41:45.508+0000] {processor.py:208} INFO - Processing /opt/airflow/dags/driven_data_pipeline.py took 0.148 seconds
[2025-07-01T21:42:16.022+0000] {processor.py:186} INFO - Started process (PID=2949) to work on /opt/airflow/dags/driven_data_pipeline.py
[2025-07-01T21:42:16.024+0000] {processor.py:914} INFO - Processing file /opt/airflow/dags/driven_data_pipeline.py for tasks to queue
[2025-07-01T21:42:16.027+0000] {logging_mixin.py:190} INFO - [2025-07-01T21:42:16.026+0000] {dagbag.py:588} INFO - Filling up the DagBag from /opt/airflow/dags/driven_data_pipeline.py
[2025-07-01T21:42:16.068+0000] {processor.py:925} INFO - DAG(s) 'extract_raw_data_pipeline' retrieved from /opt/airflow/dags/driven_data_pipeline.py
[2025-07-01T21:42:16.108+0000] {logging_mixin.py:190} INFO - [2025-07-01T21:42:16.108+0000] {dag.py:3239} INFO - Sync 1 DAGs
[2025-07-01T21:42:16.140+0000] {logging_mixin.py:190} INFO - [2025-07-01T21:42:16.140+0000] {dag.py:4180} INFO - Setting next_dagrun for extract_raw_data_pipeline to 2025-07-01 07:59:00+00:00, run_after=2025-07-02 07:00:00+00:00
[2025-07-01T21:42:16.174+0000] {processor.py:208} INFO - Processing /opt/airflow/dags/driven_data_pipeline.py took 0.159 seconds
[2025-07-01T21:42:46.430+0000] {processor.py:186} INFO - Started process (PID=2956) to work on /opt/airflow/dags/driven_data_pipeline.py
[2025-07-01T21:42:46.436+0000] {processor.py:914} INFO - Processing file /opt/airflow/dags/driven_data_pipeline.py for tasks to queue
[2025-07-01T21:42:46.445+0000] {logging_mixin.py:190} INFO - [2025-07-01T21:42:46.440+0000] {dagbag.py:588} INFO - Filling up the DagBag from /opt/airflow/dags/driven_data_pipeline.py
[2025-07-01T21:42:46.498+0000] {processor.py:925} INFO - DAG(s) 'extract_raw_data_pipeline' retrieved from /opt/airflow/dags/driven_data_pipeline.py
[2025-07-01T21:42:46.556+0000] {logging_mixin.py:190} INFO - [2025-07-01T21:42:46.556+0000] {dag.py:3239} INFO - Sync 1 DAGs
[2025-07-01T21:42:46.617+0000] {logging_mixin.py:190} INFO - [2025-07-01T21:42:46.615+0000] {dag.py:4180} INFO - Setting next_dagrun for extract_raw_data_pipeline to 2025-07-01 07:59:00+00:00, run_after=2025-07-02 07:00:00+00:00
[2025-07-01T21:42:46.655+0000] {processor.py:208} INFO - Processing /opt/airflow/dags/driven_data_pipeline.py took 0.238 seconds
[2025-07-01T21:43:16.927+0000] {processor.py:186} INFO - Started process (PID=2963) to work on /opt/airflow/dags/driven_data_pipeline.py
[2025-07-01T21:43:16.930+0000] {processor.py:914} INFO - Processing file /opt/airflow/dags/driven_data_pipeline.py for tasks to queue
[2025-07-01T21:43:16.935+0000] {logging_mixin.py:190} INFO - [2025-07-01T21:43:16.935+0000] {dagbag.py:588} INFO - Filling up the DagBag from /opt/airflow/dags/driven_data_pipeline.py
[2025-07-01T21:43:16.989+0000] {processor.py:925} INFO - DAG(s) 'extract_raw_data_pipeline' retrieved from /opt/airflow/dags/driven_data_pipeline.py
[2025-07-01T21:43:17.026+0000] {logging_mixin.py:190} INFO - [2025-07-01T21:43:17.026+0000] {dag.py:3239} INFO - Sync 1 DAGs
[2025-07-01T21:43:17.058+0000] {logging_mixin.py:190} INFO - [2025-07-01T21:43:17.058+0000] {dag.py:4180} INFO - Setting next_dagrun for extract_raw_data_pipeline to 2025-07-01 07:59:00+00:00, run_after=2025-07-02 07:00:00+00:00
[2025-07-01T21:43:17.091+0000] {processor.py:208} INFO - Processing /opt/airflow/dags/driven_data_pipeline.py took 0.173 seconds
[2025-07-01T21:43:47.300+0000] {processor.py:186} INFO - Started process (PID=2970) to work on /opt/airflow/dags/driven_data_pipeline.py
[2025-07-01T21:43:47.302+0000] {processor.py:914} INFO - Processing file /opt/airflow/dags/driven_data_pipeline.py for tasks to queue
[2025-07-01T21:43:47.305+0000] {logging_mixin.py:190} INFO - [2025-07-01T21:43:47.304+0000] {dagbag.py:588} INFO - Filling up the DagBag from /opt/airflow/dags/driven_data_pipeline.py
[2025-07-01T21:43:47.341+0000] {processor.py:925} INFO - DAG(s) 'extract_raw_data_pipeline' retrieved from /opt/airflow/dags/driven_data_pipeline.py
[2025-07-01T21:43:47.377+0000] {logging_mixin.py:190} INFO - [2025-07-01T21:43:47.377+0000] {dag.py:3239} INFO - Sync 1 DAGs
[2025-07-01T21:43:47.431+0000] {logging_mixin.py:190} INFO - [2025-07-01T21:43:47.429+0000] {dag.py:4180} INFO - Setting next_dagrun for extract_raw_data_pipeline to 2025-07-01 07:59:00+00:00, run_after=2025-07-02 07:00:00+00:00
[2025-07-01T21:43:47.550+0000] {processor.py:208} INFO - Processing /opt/airflow/dags/driven_data_pipeline.py took 0.260 seconds
[2025-07-01T21:44:17.771+0000] {processor.py:186} INFO - Started process (PID=2977) to work on /opt/airflow/dags/driven_data_pipeline.py
[2025-07-01T21:44:17.773+0000] {processor.py:914} INFO - Processing file /opt/airflow/dags/driven_data_pipeline.py for tasks to queue
[2025-07-01T21:44:17.776+0000] {logging_mixin.py:190} INFO - [2025-07-01T21:44:17.776+0000] {dagbag.py:588} INFO - Filling up the DagBag from /opt/airflow/dags/driven_data_pipeline.py
[2025-07-01T21:44:17.819+0000] {processor.py:925} INFO - DAG(s) 'extract_raw_data_pipeline' retrieved from /opt/airflow/dags/driven_data_pipeline.py
[2025-07-01T21:44:17.888+0000] {logging_mixin.py:190} INFO - [2025-07-01T21:44:17.888+0000] {dag.py:3239} INFO - Sync 1 DAGs
[2025-07-01T21:44:17.923+0000] {logging_mixin.py:190} INFO - [2025-07-01T21:44:17.922+0000] {dag.py:4180} INFO - Setting next_dagrun for extract_raw_data_pipeline to 2025-07-01 07:59:00+00:00, run_after=2025-07-02 07:00:00+00:00
[2025-07-01T21:44:17.953+0000] {processor.py:208} INFO - Processing /opt/airflow/dags/driven_data_pipeline.py took 0.190 seconds
[2025-07-01T21:44:48.282+0000] {processor.py:186} INFO - Started process (PID=2984) to work on /opt/airflow/dags/driven_data_pipeline.py
[2025-07-01T21:44:48.283+0000] {processor.py:914} INFO - Processing file /opt/airflow/dags/driven_data_pipeline.py for tasks to queue
[2025-07-01T21:44:48.286+0000] {logging_mixin.py:190} INFO - [2025-07-01T21:44:48.286+0000] {dagbag.py:588} INFO - Filling up the DagBag from /opt/airflow/dags/driven_data_pipeline.py
[2025-07-01T21:44:48.321+0000] {processor.py:925} INFO - DAG(s) 'extract_raw_data_pipeline' retrieved from /opt/airflow/dags/driven_data_pipeline.py
[2025-07-01T21:44:48.359+0000] {logging_mixin.py:190} INFO - [2025-07-01T21:44:48.358+0000] {dag.py:3239} INFO - Sync 1 DAGs
[2025-07-01T21:44:48.388+0000] {logging_mixin.py:190} INFO - [2025-07-01T21:44:48.388+0000] {dag.py:4180} INFO - Setting next_dagrun for extract_raw_data_pipeline to 2025-07-01 07:59:00+00:00, run_after=2025-07-02 07:00:00+00:00
[2025-07-01T21:44:48.430+0000] {processor.py:208} INFO - Processing /opt/airflow/dags/driven_data_pipeline.py took 0.155 seconds
[2025-07-01T21:45:18.678+0000] {processor.py:186} INFO - Started process (PID=2991) to work on /opt/airflow/dags/driven_data_pipeline.py
[2025-07-01T21:45:18.680+0000] {processor.py:914} INFO - Processing file /opt/airflow/dags/driven_data_pipeline.py for tasks to queue
[2025-07-01T21:45:18.685+0000] {logging_mixin.py:190} INFO - [2025-07-01T21:45:18.684+0000] {dagbag.py:588} INFO - Filling up the DagBag from /opt/airflow/dags/driven_data_pipeline.py
[2025-07-01T21:45:18.723+0000] {processor.py:925} INFO - DAG(s) 'extract_raw_data_pipeline' retrieved from /opt/airflow/dags/driven_data_pipeline.py
[2025-07-01T21:45:18.768+0000] {logging_mixin.py:190} INFO - [2025-07-01T21:45:18.767+0000] {dag.py:3239} INFO - Sync 1 DAGs
[2025-07-01T21:45:18.795+0000] {logging_mixin.py:190} INFO - [2025-07-01T21:45:18.794+0000] {dag.py:4180} INFO - Setting next_dagrun for extract_raw_data_pipeline to 2025-07-01 07:59:00+00:00, run_after=2025-07-02 07:00:00+00:00
[2025-07-01T21:45:18.823+0000] {processor.py:208} INFO - Processing /opt/airflow/dags/driven_data_pipeline.py took 0.153 seconds
[2025-07-01T21:45:49.173+0000] {processor.py:186} INFO - Started process (PID=2999) to work on /opt/airflow/dags/driven_data_pipeline.py
[2025-07-01T21:45:49.175+0000] {processor.py:914} INFO - Processing file /opt/airflow/dags/driven_data_pipeline.py for tasks to queue
[2025-07-01T21:45:49.183+0000] {logging_mixin.py:190} INFO - [2025-07-01T21:45:49.182+0000] {dagbag.py:588} INFO - Filling up the DagBag from /opt/airflow/dags/driven_data_pipeline.py
[2025-07-01T21:45:49.242+0000] {processor.py:925} INFO - DAG(s) 'extract_raw_data_pipeline' retrieved from /opt/airflow/dags/driven_data_pipeline.py
[2025-07-01T21:45:49.299+0000] {logging_mixin.py:190} INFO - [2025-07-01T21:45:49.298+0000] {dag.py:3239} INFO - Sync 1 DAGs
[2025-07-01T21:45:49.340+0000] {logging_mixin.py:190} INFO - [2025-07-01T21:45:49.339+0000] {dag.py:4180} INFO - Setting next_dagrun for extract_raw_data_pipeline to 2025-07-01 07:59:00+00:00, run_after=2025-07-02 07:00:00+00:00
[2025-07-01T21:45:49.370+0000] {processor.py:208} INFO - Processing /opt/airflow/dags/driven_data_pipeline.py took 0.208 seconds
[2025-07-01T21:46:19.565+0000] {processor.py:186} INFO - Started process (PID=3006) to work on /opt/airflow/dags/driven_data_pipeline.py
[2025-07-01T21:46:19.569+0000] {processor.py:914} INFO - Processing file /opt/airflow/dags/driven_data_pipeline.py for tasks to queue
[2025-07-01T21:46:19.574+0000] {logging_mixin.py:190} INFO - [2025-07-01T21:46:19.573+0000] {dagbag.py:588} INFO - Filling up the DagBag from /opt/airflow/dags/driven_data_pipeline.py
[2025-07-01T21:46:19.627+0000] {processor.py:925} INFO - DAG(s) 'extract_raw_data_pipeline' retrieved from /opt/airflow/dags/driven_data_pipeline.py
[2025-07-01T21:46:19.667+0000] {logging_mixin.py:190} INFO - [2025-07-01T21:46:19.667+0000] {dag.py:3239} INFO - Sync 1 DAGs
[2025-07-01T21:46:19.693+0000] {logging_mixin.py:190} INFO - [2025-07-01T21:46:19.692+0000] {dag.py:4180} INFO - Setting next_dagrun for extract_raw_data_pipeline to 2025-07-01 07:59:00+00:00, run_after=2025-07-02 07:00:00+00:00
[2025-07-01T21:46:19.726+0000] {processor.py:208} INFO - Processing /opt/airflow/dags/driven_data_pipeline.py took 0.174 seconds
[2025-07-01T21:46:50.013+0000] {processor.py:186} INFO - Started process (PID=3013) to work on /opt/airflow/dags/driven_data_pipeline.py
[2025-07-01T21:46:50.015+0000] {processor.py:914} INFO - Processing file /opt/airflow/dags/driven_data_pipeline.py for tasks to queue
[2025-07-01T21:46:50.018+0000] {logging_mixin.py:190} INFO - [2025-07-01T21:46:50.018+0000] {dagbag.py:588} INFO - Filling up the DagBag from /opt/airflow/dags/driven_data_pipeline.py
[2025-07-01T21:46:50.049+0000] {processor.py:925} INFO - DAG(s) 'extract_raw_data_pipeline' retrieved from /opt/airflow/dags/driven_data_pipeline.py
[2025-07-01T21:46:50.078+0000] {logging_mixin.py:190} INFO - [2025-07-01T21:46:50.077+0000] {dag.py:3239} INFO - Sync 1 DAGs
[2025-07-01T21:46:50.104+0000] {logging_mixin.py:190} INFO - [2025-07-01T21:46:50.104+0000] {dag.py:4180} INFO - Setting next_dagrun for extract_raw_data_pipeline to 2025-07-01 07:59:00+00:00, run_after=2025-07-02 07:00:00+00:00
[2025-07-01T21:46:50.129+0000] {processor.py:208} INFO - Processing /opt/airflow/dags/driven_data_pipeline.py took 0.124 seconds
[2025-07-01T21:47:20.414+0000] {processor.py:186} INFO - Started process (PID=3020) to work on /opt/airflow/dags/driven_data_pipeline.py
[2025-07-01T21:47:20.416+0000] {processor.py:914} INFO - Processing file /opt/airflow/dags/driven_data_pipeline.py for tasks to queue
[2025-07-01T21:47:20.419+0000] {logging_mixin.py:190} INFO - [2025-07-01T21:47:20.418+0000] {dagbag.py:588} INFO - Filling up the DagBag from /opt/airflow/dags/driven_data_pipeline.py
[2025-07-01T21:47:20.451+0000] {processor.py:925} INFO - DAG(s) 'extract_raw_data_pipeline' retrieved from /opt/airflow/dags/driven_data_pipeline.py
[2025-07-01T21:47:20.485+0000] {logging_mixin.py:190} INFO - [2025-07-01T21:47:20.485+0000] {dag.py:3239} INFO - Sync 1 DAGs
[2025-07-01T21:47:20.521+0000] {logging_mixin.py:190} INFO - [2025-07-01T21:47:20.521+0000] {dag.py:4180} INFO - Setting next_dagrun for extract_raw_data_pipeline to 2025-07-01 07:59:00+00:00, run_after=2025-07-02 07:00:00+00:00
[2025-07-01T21:47:20.550+0000] {processor.py:208} INFO - Processing /opt/airflow/dags/driven_data_pipeline.py took 0.144 seconds
[2025-07-01T21:47:50.860+0000] {processor.py:186} INFO - Started process (PID=3027) to work on /opt/airflow/dags/driven_data_pipeline.py
[2025-07-01T21:47:50.866+0000] {processor.py:914} INFO - Processing file /opt/airflow/dags/driven_data_pipeline.py for tasks to queue
[2025-07-01T21:47:50.875+0000] {logging_mixin.py:190} INFO - [2025-07-01T21:47:50.874+0000] {dagbag.py:588} INFO - Filling up the DagBag from /opt/airflow/dags/driven_data_pipeline.py
[2025-07-01T21:47:50.943+0000] {processor.py:925} INFO - DAG(s) 'extract_raw_data_pipeline' retrieved from /opt/airflow/dags/driven_data_pipeline.py
[2025-07-01T21:47:51.001+0000] {logging_mixin.py:190} INFO - [2025-07-01T21:47:51.000+0000] {dag.py:3239} INFO - Sync 1 DAGs
[2025-07-01T21:47:51.048+0000] {logging_mixin.py:190} INFO - [2025-07-01T21:47:51.048+0000] {dag.py:4180} INFO - Setting next_dagrun for extract_raw_data_pipeline to 2025-07-01 07:59:00+00:00, run_after=2025-07-02 07:00:00+00:00
[2025-07-01T21:47:51.101+0000] {processor.py:208} INFO - Processing /opt/airflow/dags/driven_data_pipeline.py took 0.257 seconds
[2025-07-01T21:48:21.293+0000] {processor.py:186} INFO - Started process (PID=3033) to work on /opt/airflow/dags/driven_data_pipeline.py
[2025-07-01T21:48:21.295+0000] {processor.py:914} INFO - Processing file /opt/airflow/dags/driven_data_pipeline.py for tasks to queue
[2025-07-01T21:48:21.300+0000] {logging_mixin.py:190} INFO - [2025-07-01T21:48:21.299+0000] {dagbag.py:588} INFO - Filling up the DagBag from /opt/airflow/dags/driven_data_pipeline.py
[2025-07-01T21:48:21.340+0000] {processor.py:925} INFO - DAG(s) 'extract_raw_data_pipeline' retrieved from /opt/airflow/dags/driven_data_pipeline.py
[2025-07-01T21:48:21.383+0000] {logging_mixin.py:190} INFO - [2025-07-01T21:48:21.382+0000] {dag.py:3239} INFO - Sync 1 DAGs
[2025-07-01T21:48:21.423+0000] {logging_mixin.py:190} INFO - [2025-07-01T21:48:21.423+0000] {dag.py:4180} INFO - Setting next_dagrun for extract_raw_data_pipeline to 2025-07-01 07:59:00+00:00, run_after=2025-07-02 07:00:00+00:00
[2025-07-01T21:48:21.474+0000] {processor.py:208} INFO - Processing /opt/airflow/dags/driven_data_pipeline.py took 0.189 seconds
[2025-07-01T21:48:51.997+0000] {processor.py:186} INFO - Started process (PID=3044) to work on /opt/airflow/dags/driven_data_pipeline.py
[2025-07-01T21:48:52.000+0000] {processor.py:914} INFO - Processing file /opt/airflow/dags/driven_data_pipeline.py for tasks to queue
[2025-07-01T21:48:52.005+0000] {logging_mixin.py:190} INFO - [2025-07-01T21:48:52.004+0000] {dagbag.py:588} INFO - Filling up the DagBag from /opt/airflow/dags/driven_data_pipeline.py
[2025-07-01T21:48:52.084+0000] {processor.py:925} INFO - DAG(s) 'extract_raw_data_pipeline' retrieved from /opt/airflow/dags/driven_data_pipeline.py
[2025-07-01T21:48:52.153+0000] {logging_mixin.py:190} INFO - [2025-07-01T21:48:52.152+0000] {dag.py:3239} INFO - Sync 1 DAGs
[2025-07-01T21:48:52.215+0000] {logging_mixin.py:190} INFO - [2025-07-01T21:48:52.214+0000] {dag.py:4180} INFO - Setting next_dagrun for extract_raw_data_pipeline to 2025-07-01 07:59:00+00:00, run_after=2025-07-02 07:00:00+00:00
[2025-07-01T21:48:52.271+0000] {processor.py:208} INFO - Processing /opt/airflow/dags/driven_data_pipeline.py took 0.293 seconds
[2025-07-01T21:49:22.412+0000] {processor.py:186} INFO - Started process (PID=3051) to work on /opt/airflow/dags/driven_data_pipeline.py
[2025-07-01T21:49:22.415+0000] {processor.py:914} INFO - Processing file /opt/airflow/dags/driven_data_pipeline.py for tasks to queue
[2025-07-01T21:49:22.418+0000] {logging_mixin.py:190} INFO - [2025-07-01T21:49:22.418+0000] {dagbag.py:588} INFO - Filling up the DagBag from /opt/airflow/dags/driven_data_pipeline.py
[2025-07-01T21:49:22.454+0000] {processor.py:925} INFO - DAG(s) 'extract_raw_data_pipeline' retrieved from /opt/airflow/dags/driven_data_pipeline.py
[2025-07-01T21:49:22.490+0000] {logging_mixin.py:190} INFO - [2025-07-01T21:49:22.489+0000] {dag.py:3239} INFO - Sync 1 DAGs
[2025-07-01T21:49:22.520+0000] {logging_mixin.py:190} INFO - [2025-07-01T21:49:22.520+0000] {dag.py:4180} INFO - Setting next_dagrun for extract_raw_data_pipeline to 2025-07-01 07:59:00+00:00, run_after=2025-07-02 07:00:00+00:00
[2025-07-01T21:49:22.555+0000] {processor.py:208} INFO - Processing /opt/airflow/dags/driven_data_pipeline.py took 0.150 seconds
[2025-07-01T21:49:52.849+0000] {processor.py:186} INFO - Started process (PID=3058) to work on /opt/airflow/dags/driven_data_pipeline.py
[2025-07-01T21:49:52.850+0000] {processor.py:914} INFO - Processing file /opt/airflow/dags/driven_data_pipeline.py for tasks to queue
[2025-07-01T21:49:52.854+0000] {logging_mixin.py:190} INFO - [2025-07-01T21:49:52.853+0000] {dagbag.py:588} INFO - Filling up the DagBag from /opt/airflow/dags/driven_data_pipeline.py
[2025-07-01T21:49:52.892+0000] {processor.py:925} INFO - DAG(s) 'extract_raw_data_pipeline' retrieved from /opt/airflow/dags/driven_data_pipeline.py
[2025-07-01T21:49:52.925+0000] {logging_mixin.py:190} INFO - [2025-07-01T21:49:52.925+0000] {dag.py:3239} INFO - Sync 1 DAGs
[2025-07-01T21:49:52.954+0000] {logging_mixin.py:190} INFO - [2025-07-01T21:49:52.953+0000] {dag.py:4180} INFO - Setting next_dagrun for extract_raw_data_pipeline to 2025-07-01 07:59:00+00:00, run_after=2025-07-02 07:00:00+00:00
[2025-07-01T21:49:52.983+0000] {processor.py:208} INFO - Processing /opt/airflow/dags/driven_data_pipeline.py took 0.142 seconds
[2025-07-01T21:50:23.319+0000] {processor.py:186} INFO - Started process (PID=3065) to work on /opt/airflow/dags/driven_data_pipeline.py
[2025-07-01T21:50:23.321+0000] {processor.py:914} INFO - Processing file /opt/airflow/dags/driven_data_pipeline.py for tasks to queue
[2025-07-01T21:50:23.324+0000] {logging_mixin.py:190} INFO - [2025-07-01T21:50:23.323+0000] {dagbag.py:588} INFO - Filling up the DagBag from /opt/airflow/dags/driven_data_pipeline.py
[2025-07-01T21:50:23.357+0000] {processor.py:925} INFO - DAG(s) 'extract_raw_data_pipeline' retrieved from /opt/airflow/dags/driven_data_pipeline.py
[2025-07-01T21:50:23.389+0000] {logging_mixin.py:190} INFO - [2025-07-01T21:50:23.389+0000] {dag.py:3239} INFO - Sync 1 DAGs
[2025-07-01T21:50:23.415+0000] {logging_mixin.py:190} INFO - [2025-07-01T21:50:23.414+0000] {dag.py:4180} INFO - Setting next_dagrun for extract_raw_data_pipeline to 2025-07-01 07:59:00+00:00, run_after=2025-07-02 07:00:00+00:00
[2025-07-01T21:50:23.441+0000] {processor.py:208} INFO - Processing /opt/airflow/dags/driven_data_pipeline.py took 0.129 seconds
[2025-07-01T21:50:53.650+0000] {processor.py:186} INFO - Started process (PID=3072) to work on /opt/airflow/dags/driven_data_pipeline.py
[2025-07-01T21:50:53.652+0000] {processor.py:914} INFO - Processing file /opt/airflow/dags/driven_data_pipeline.py for tasks to queue
[2025-07-01T21:50:53.656+0000] {logging_mixin.py:190} INFO - [2025-07-01T21:50:53.655+0000] {dagbag.py:588} INFO - Filling up the DagBag from /opt/airflow/dags/driven_data_pipeline.py
[2025-07-01T21:50:53.687+0000] {processor.py:925} INFO - DAG(s) 'extract_raw_data_pipeline' retrieved from /opt/airflow/dags/driven_data_pipeline.py
[2025-07-01T21:50:53.720+0000] {logging_mixin.py:190} INFO - [2025-07-01T21:50:53.720+0000] {dag.py:3239} INFO - Sync 1 DAGs
[2025-07-01T21:50:53.747+0000] {logging_mixin.py:190} INFO - [2025-07-01T21:50:53.747+0000] {dag.py:4180} INFO - Setting next_dagrun for extract_raw_data_pipeline to 2025-07-01 07:59:00+00:00, run_after=2025-07-02 07:00:00+00:00
[2025-07-01T21:50:53.774+0000] {processor.py:208} INFO - Processing /opt/airflow/dags/driven_data_pipeline.py took 0.130 seconds
[2025-07-01T21:51:24.091+0000] {processor.py:186} INFO - Started process (PID=3079) to work on /opt/airflow/dags/driven_data_pipeline.py
[2025-07-01T21:51:24.092+0000] {processor.py:914} INFO - Processing file /opt/airflow/dags/driven_data_pipeline.py for tasks to queue
[2025-07-01T21:51:24.096+0000] {logging_mixin.py:190} INFO - [2025-07-01T21:51:24.095+0000] {dagbag.py:588} INFO - Filling up the DagBag from /opt/airflow/dags/driven_data_pipeline.py
[2025-07-01T21:51:24.140+0000] {processor.py:925} INFO - DAG(s) 'extract_raw_data_pipeline' retrieved from /opt/airflow/dags/driven_data_pipeline.py
[2025-07-01T21:51:24.184+0000] {logging_mixin.py:190} INFO - [2025-07-01T21:51:24.183+0000] {dag.py:3239} INFO - Sync 1 DAGs
[2025-07-01T21:51:24.220+0000] {logging_mixin.py:190} INFO - [2025-07-01T21:51:24.220+0000] {dag.py:4180} INFO - Setting next_dagrun for extract_raw_data_pipeline to 2025-07-01 07:59:00+00:00, run_after=2025-07-02 07:00:00+00:00
[2025-07-01T21:51:24.257+0000] {processor.py:208} INFO - Processing /opt/airflow/dags/driven_data_pipeline.py took 0.173 seconds
[2025-07-01T21:51:54.404+0000] {processor.py:186} INFO - Started process (PID=3086) to work on /opt/airflow/dags/driven_data_pipeline.py
[2025-07-01T21:51:54.406+0000] {processor.py:914} INFO - Processing file /opt/airflow/dags/driven_data_pipeline.py for tasks to queue
[2025-07-01T21:51:54.408+0000] {logging_mixin.py:190} INFO - [2025-07-01T21:51:54.408+0000] {dagbag.py:588} INFO - Filling up the DagBag from /opt/airflow/dags/driven_data_pipeline.py
[2025-07-01T21:51:54.444+0000] {processor.py:925} INFO - DAG(s) 'extract_raw_data_pipeline' retrieved from /opt/airflow/dags/driven_data_pipeline.py
[2025-07-01T21:51:54.475+0000] {logging_mixin.py:190} INFO - [2025-07-01T21:51:54.475+0000] {dag.py:3239} INFO - Sync 1 DAGs
[2025-07-01T21:51:54.500+0000] {logging_mixin.py:190} INFO - [2025-07-01T21:51:54.500+0000] {dag.py:4180} INFO - Setting next_dagrun for extract_raw_data_pipeline to 2025-07-01 07:59:00+00:00, run_after=2025-07-02 07:00:00+00:00
[2025-07-01T21:51:54.531+0000] {processor.py:208} INFO - Processing /opt/airflow/dags/driven_data_pipeline.py took 0.133 seconds
[2025-07-01T21:52:24.770+0000] {processor.py:186} INFO - Started process (PID=3093) to work on /opt/airflow/dags/driven_data_pipeline.py
[2025-07-01T21:52:24.772+0000] {processor.py:914} INFO - Processing file /opt/airflow/dags/driven_data_pipeline.py for tasks to queue
[2025-07-01T21:52:24.776+0000] {logging_mixin.py:190} INFO - [2025-07-01T21:52:24.775+0000] {dagbag.py:588} INFO - Filling up the DagBag from /opt/airflow/dags/driven_data_pipeline.py
[2025-07-01T21:52:24.816+0000] {processor.py:925} INFO - DAG(s) 'extract_raw_data_pipeline' retrieved from /opt/airflow/dags/driven_data_pipeline.py
[2025-07-01T21:52:24.846+0000] {logging_mixin.py:190} INFO - [2025-07-01T21:52:24.845+0000] {dag.py:3239} INFO - Sync 1 DAGs
[2025-07-01T21:52:24.871+0000] {logging_mixin.py:190} INFO - [2025-07-01T21:52:24.871+0000] {dag.py:4180} INFO - Setting next_dagrun for extract_raw_data_pipeline to 2025-07-01 07:59:00+00:00, run_after=2025-07-02 07:00:00+00:00
[2025-07-01T21:52:24.894+0000] {processor.py:208} INFO - Processing /opt/airflow/dags/driven_data_pipeline.py took 0.130 seconds
[2025-07-01T21:52:55.200+0000] {processor.py:186} INFO - Started process (PID=3100) to work on /opt/airflow/dags/driven_data_pipeline.py
[2025-07-01T21:52:55.203+0000] {processor.py:914} INFO - Processing file /opt/airflow/dags/driven_data_pipeline.py for tasks to queue
[2025-07-01T21:52:55.207+0000] {logging_mixin.py:190} INFO - [2025-07-01T21:52:55.206+0000] {dagbag.py:588} INFO - Filling up the DagBag from /opt/airflow/dags/driven_data_pipeline.py
[2025-07-01T21:52:55.252+0000] {processor.py:925} INFO - DAG(s) 'extract_raw_data_pipeline' retrieved from /opt/airflow/dags/driven_data_pipeline.py
[2025-07-01T21:52:55.297+0000] {logging_mixin.py:190} INFO - [2025-07-01T21:52:55.296+0000] {dag.py:3239} INFO - Sync 1 DAGs
[2025-07-01T21:52:55.335+0000] {logging_mixin.py:190} INFO - [2025-07-01T21:52:55.334+0000] {dag.py:4180} INFO - Setting next_dagrun for extract_raw_data_pipeline to 2025-07-01 07:59:00+00:00, run_after=2025-07-02 07:00:00+00:00
[2025-07-01T21:52:55.371+0000] {processor.py:208} INFO - Processing /opt/airflow/dags/driven_data_pipeline.py took 0.181 seconds
[2025-07-01T21:53:25.584+0000] {processor.py:186} INFO - Started process (PID=3107) to work on /opt/airflow/dags/driven_data_pipeline.py
[2025-07-01T21:53:25.586+0000] {processor.py:914} INFO - Processing file /opt/airflow/dags/driven_data_pipeline.py for tasks to queue
[2025-07-01T21:53:25.588+0000] {logging_mixin.py:190} INFO - [2025-07-01T21:53:25.588+0000] {dagbag.py:588} INFO - Filling up the DagBag from /opt/airflow/dags/driven_data_pipeline.py
[2025-07-01T21:53:25.626+0000] {processor.py:925} INFO - DAG(s) 'extract_raw_data_pipeline' retrieved from /opt/airflow/dags/driven_data_pipeline.py
[2025-07-01T21:53:25.661+0000] {logging_mixin.py:190} INFO - [2025-07-01T21:53:25.661+0000] {dag.py:3239} INFO - Sync 1 DAGs
[2025-07-01T21:53:25.689+0000] {logging_mixin.py:190} INFO - [2025-07-01T21:53:25.689+0000] {dag.py:4180} INFO - Setting next_dagrun for extract_raw_data_pipeline to 2025-07-01 07:59:00+00:00, run_after=2025-07-02 07:00:00+00:00
[2025-07-01T21:53:25.718+0000] {processor.py:208} INFO - Processing /opt/airflow/dags/driven_data_pipeline.py took 0.141 seconds
[2025-07-01T21:53:56.106+0000] {processor.py:186} INFO - Started process (PID=3114) to work on /opt/airflow/dags/driven_data_pipeline.py
[2025-07-01T21:53:56.108+0000] {processor.py:914} INFO - Processing file /opt/airflow/dags/driven_data_pipeline.py for tasks to queue
[2025-07-01T21:53:56.113+0000] {logging_mixin.py:190} INFO - [2025-07-01T21:53:56.112+0000] {dagbag.py:588} INFO - Filling up the DagBag from /opt/airflow/dags/driven_data_pipeline.py
[2025-07-01T21:53:56.148+0000] {processor.py:925} INFO - DAG(s) 'extract_raw_data_pipeline' retrieved from /opt/airflow/dags/driven_data_pipeline.py
[2025-07-01T21:53:56.185+0000] {logging_mixin.py:190} INFO - [2025-07-01T21:53:56.185+0000] {dag.py:3239} INFO - Sync 1 DAGs
[2025-07-01T21:53:56.213+0000] {logging_mixin.py:190} INFO - [2025-07-01T21:53:56.213+0000] {dag.py:4180} INFO - Setting next_dagrun for extract_raw_data_pipeline to 2025-07-01 07:59:00+00:00, run_after=2025-07-02 07:00:00+00:00
[2025-07-01T21:53:56.238+0000] {processor.py:208} INFO - Processing /opt/airflow/dags/driven_data_pipeline.py took 0.138 seconds
[2025-07-01T21:54:26.785+0000] {processor.py:186} INFO - Started process (PID=3121) to work on /opt/airflow/dags/driven_data_pipeline.py
[2025-07-01T21:54:26.786+0000] {processor.py:914} INFO - Processing file /opt/airflow/dags/driven_data_pipeline.py for tasks to queue
[2025-07-01T21:54:26.789+0000] {logging_mixin.py:190} INFO - [2025-07-01T21:54:26.789+0000] {dagbag.py:588} INFO - Filling up the DagBag from /opt/airflow/dags/driven_data_pipeline.py
[2025-07-01T21:54:26.821+0000] {processor.py:925} INFO - DAG(s) 'extract_raw_data_pipeline' retrieved from /opt/airflow/dags/driven_data_pipeline.py
[2025-07-01T21:54:26.855+0000] {logging_mixin.py:190} INFO - [2025-07-01T21:54:26.854+0000] {dag.py:3239} INFO - Sync 1 DAGs
[2025-07-01T21:54:26.880+0000] {logging_mixin.py:190} INFO - [2025-07-01T21:54:26.879+0000] {dag.py:4180} INFO - Setting next_dagrun for extract_raw_data_pipeline to 2025-07-01 07:59:00+00:00, run_after=2025-07-02 07:00:00+00:00
[2025-07-01T21:54:26.915+0000] {processor.py:208} INFO - Processing /opt/airflow/dags/driven_data_pipeline.py took 0.138 seconds
[2025-07-01T21:54:57.273+0000] {processor.py:186} INFO - Started process (PID=3128) to work on /opt/airflow/dags/driven_data_pipeline.py
[2025-07-01T21:54:57.275+0000] {processor.py:914} INFO - Processing file /opt/airflow/dags/driven_data_pipeline.py for tasks to queue
[2025-07-01T21:54:57.278+0000] {logging_mixin.py:190} INFO - [2025-07-01T21:54:57.278+0000] {dagbag.py:588} INFO - Filling up the DagBag from /opt/airflow/dags/driven_data_pipeline.py
[2025-07-01T21:54:57.312+0000] {processor.py:925} INFO - DAG(s) 'extract_raw_data_pipeline' retrieved from /opt/airflow/dags/driven_data_pipeline.py
[2025-07-01T21:54:57.355+0000] {logging_mixin.py:190} INFO - [2025-07-01T21:54:57.355+0000] {dag.py:3239} INFO - Sync 1 DAGs
[2025-07-01T21:54:57.387+0000] {logging_mixin.py:190} INFO - [2025-07-01T21:54:57.386+0000] {dag.py:4180} INFO - Setting next_dagrun for extract_raw_data_pipeline to 2025-07-01 07:59:00+00:00, run_after=2025-07-02 07:00:00+00:00
[2025-07-01T21:54:57.420+0000] {processor.py:208} INFO - Processing /opt/airflow/dags/driven_data_pipeline.py took 0.153 seconds
[2025-07-01T21:55:27.645+0000] {processor.py:186} INFO - Started process (PID=3135) to work on /opt/airflow/dags/driven_data_pipeline.py
[2025-07-01T21:55:27.647+0000] {processor.py:914} INFO - Processing file /opt/airflow/dags/driven_data_pipeline.py for tasks to queue
[2025-07-01T21:55:27.651+0000] {logging_mixin.py:190} INFO - [2025-07-01T21:55:27.651+0000] {dagbag.py:588} INFO - Filling up the DagBag from /opt/airflow/dags/driven_data_pipeline.py
[2025-07-01T21:55:27.690+0000] {processor.py:925} INFO - DAG(s) 'extract_raw_data_pipeline' retrieved from /opt/airflow/dags/driven_data_pipeline.py
[2025-07-01T21:55:27.730+0000] {logging_mixin.py:190} INFO - [2025-07-01T21:55:27.729+0000] {dag.py:3239} INFO - Sync 1 DAGs
[2025-07-01T21:55:27.762+0000] {logging_mixin.py:190} INFO - [2025-07-01T21:55:27.762+0000] {dag.py:4180} INFO - Setting next_dagrun for extract_raw_data_pipeline to 2025-07-01 07:59:00+00:00, run_after=2025-07-02 07:00:00+00:00
[2025-07-01T21:55:27.794+0000] {processor.py:208} INFO - Processing /opt/airflow/dags/driven_data_pipeline.py took 0.156 seconds
[2025-07-01T21:55:58.338+0000] {processor.py:186} INFO - Started process (PID=3142) to work on /opt/airflow/dags/driven_data_pipeline.py
[2025-07-01T21:55:58.345+0000] {processor.py:914} INFO - Processing file /opt/airflow/dags/driven_data_pipeline.py for tasks to queue
[2025-07-01T21:55:58.353+0000] {logging_mixin.py:190} INFO - [2025-07-01T21:55:58.352+0000] {dagbag.py:588} INFO - Filling up the DagBag from /opt/airflow/dags/driven_data_pipeline.py
[2025-07-01T21:55:58.425+0000] {processor.py:925} INFO - DAG(s) 'extract_raw_data_pipeline' retrieved from /opt/airflow/dags/driven_data_pipeline.py
[2025-07-01T21:55:58.509+0000] {logging_mixin.py:190} INFO - [2025-07-01T21:55:58.508+0000] {dag.py:3239} INFO - Sync 1 DAGs
[2025-07-01T21:55:58.555+0000] {logging_mixin.py:190} INFO - [2025-07-01T21:55:58.554+0000] {dag.py:4180} INFO - Setting next_dagrun for extract_raw_data_pipeline to 2025-07-01 07:59:00+00:00, run_after=2025-07-02 07:00:00+00:00
[2025-07-01T21:55:58.589+0000] {processor.py:208} INFO - Processing /opt/airflow/dags/driven_data_pipeline.py took 0.270 seconds
[2025-07-01T21:56:28.667+0000] {processor.py:186} INFO - Started process (PID=3149) to work on /opt/airflow/dags/driven_data_pipeline.py
[2025-07-01T21:56:28.669+0000] {processor.py:914} INFO - Processing file /opt/airflow/dags/driven_data_pipeline.py for tasks to queue
[2025-07-01T21:56:28.672+0000] {logging_mixin.py:190} INFO - [2025-07-01T21:56:28.671+0000] {dagbag.py:588} INFO - Filling up the DagBag from /opt/airflow/dags/driven_data_pipeline.py
[2025-07-01T21:56:28.706+0000] {processor.py:925} INFO - DAG(s) 'extract_raw_data_pipeline' retrieved from /opt/airflow/dags/driven_data_pipeline.py
[2025-07-01T21:56:28.738+0000] {logging_mixin.py:190} INFO - [2025-07-01T21:56:28.737+0000] {dag.py:3239} INFO - Sync 1 DAGs
[2025-07-01T21:56:28.763+0000] {logging_mixin.py:190} INFO - [2025-07-01T21:56:28.763+0000] {dag.py:4180} INFO - Setting next_dagrun for extract_raw_data_pipeline to 2025-07-01 07:59:00+00:00, run_after=2025-07-02 07:00:00+00:00
[2025-07-01T21:56:28.791+0000] {processor.py:208} INFO - Processing /opt/airflow/dags/driven_data_pipeline.py took 0.132 seconds
[2025-07-01T21:56:58.988+0000] {processor.py:186} INFO - Started process (PID=3156) to work on /opt/airflow/dags/driven_data_pipeline.py
[2025-07-01T21:56:58.990+0000] {processor.py:914} INFO - Processing file /opt/airflow/dags/driven_data_pipeline.py for tasks to queue
[2025-07-01T21:56:58.995+0000] {logging_mixin.py:190} INFO - [2025-07-01T21:56:58.995+0000] {dagbag.py:588} INFO - Filling up the DagBag from /opt/airflow/dags/driven_data_pipeline.py
[2025-07-01T21:56:59.032+0000] {processor.py:925} INFO - DAG(s) 'extract_raw_data_pipeline' retrieved from /opt/airflow/dags/driven_data_pipeline.py
[2025-07-01T21:56:59.074+0000] {logging_mixin.py:190} INFO - [2025-07-01T21:56:59.073+0000] {dag.py:3239} INFO - Sync 1 DAGs
[2025-07-01T21:56:59.103+0000] {logging_mixin.py:190} INFO - [2025-07-01T21:56:59.103+0000] {dag.py:4180} INFO - Setting next_dagrun for extract_raw_data_pipeline to 2025-07-01 07:59:00+00:00, run_after=2025-07-02 07:00:00+00:00
[2025-07-01T21:56:59.136+0000] {processor.py:208} INFO - Processing /opt/airflow/dags/driven_data_pipeline.py took 0.156 seconds
[2025-07-01T21:57:29.504+0000] {processor.py:186} INFO - Started process (PID=3163) to work on /opt/airflow/dags/driven_data_pipeline.py
[2025-07-01T21:57:29.505+0000] {processor.py:914} INFO - Processing file /opt/airflow/dags/driven_data_pipeline.py for tasks to queue
[2025-07-01T21:57:29.508+0000] {logging_mixin.py:190} INFO - [2025-07-01T21:57:29.508+0000] {dagbag.py:588} INFO - Filling up the DagBag from /opt/airflow/dags/driven_data_pipeline.py
[2025-07-01T21:57:29.549+0000] {processor.py:925} INFO - DAG(s) 'extract_raw_data_pipeline' retrieved from /opt/airflow/dags/driven_data_pipeline.py
[2025-07-01T21:57:29.582+0000] {logging_mixin.py:190} INFO - [2025-07-01T21:57:29.582+0000] {dag.py:3239} INFO - Sync 1 DAGs
[2025-07-01T21:57:29.610+0000] {logging_mixin.py:190} INFO - [2025-07-01T21:57:29.609+0000] {dag.py:4180} INFO - Setting next_dagrun for extract_raw_data_pipeline to 2025-07-01 07:59:00+00:00, run_after=2025-07-02 07:00:00+00:00
[2025-07-01T21:57:29.642+0000] {processor.py:208} INFO - Processing /opt/airflow/dags/driven_data_pipeline.py took 0.144 seconds
[2025-07-01T21:57:59.937+0000] {processor.py:186} INFO - Started process (PID=3176) to work on /opt/airflow/dags/driven_data_pipeline.py
[2025-07-01T21:57:59.939+0000] {processor.py:914} INFO - Processing file /opt/airflow/dags/driven_data_pipeline.py for tasks to queue
[2025-07-01T21:57:59.943+0000] {logging_mixin.py:190} INFO - [2025-07-01T21:57:59.942+0000] {dagbag.py:588} INFO - Filling up the DagBag from /opt/airflow/dags/driven_data_pipeline.py
[2025-07-01T21:57:59.976+0000] {processor.py:925} INFO - DAG(s) 'extract_raw_data_pipeline' retrieved from /opt/airflow/dags/driven_data_pipeline.py
[2025-07-01T21:58:00.010+0000] {logging_mixin.py:190} INFO - [2025-07-01T21:58:00.010+0000] {dag.py:3239} INFO - Sync 1 DAGs
[2025-07-01T21:58:00.057+0000] {logging_mixin.py:190} INFO - [2025-07-01T21:58:00.057+0000] {dag.py:4180} INFO - Setting next_dagrun for extract_raw_data_pipeline to 2025-07-01 07:59:00+00:00, run_after=2025-07-02 07:00:00+00:00
[2025-07-01T21:58:00.093+0000] {processor.py:208} INFO - Processing /opt/airflow/dags/driven_data_pipeline.py took 0.167 seconds
[2025-07-01T21:58:30.320+0000] {processor.py:186} INFO - Started process (PID=3183) to work on /opt/airflow/dags/driven_data_pipeline.py
[2025-07-01T21:58:30.322+0000] {processor.py:914} INFO - Processing file /opt/airflow/dags/driven_data_pipeline.py for tasks to queue
[2025-07-01T21:58:30.325+0000] {logging_mixin.py:190} INFO - [2025-07-01T21:58:30.325+0000] {dagbag.py:588} INFO - Filling up the DagBag from /opt/airflow/dags/driven_data_pipeline.py
[2025-07-01T21:58:30.357+0000] {processor.py:925} INFO - DAG(s) 'extract_raw_data_pipeline' retrieved from /opt/airflow/dags/driven_data_pipeline.py
[2025-07-01T21:58:30.393+0000] {logging_mixin.py:190} INFO - [2025-07-01T21:58:30.393+0000] {dag.py:3239} INFO - Sync 1 DAGs
[2025-07-01T21:58:30.421+0000] {logging_mixin.py:190} INFO - [2025-07-01T21:58:30.420+0000] {dag.py:4180} INFO - Setting next_dagrun for extract_raw_data_pipeline to 2025-07-01 07:59:00+00:00, run_after=2025-07-02 07:00:00+00:00
[2025-07-01T21:58:30.446+0000] {processor.py:208} INFO - Processing /opt/airflow/dags/driven_data_pipeline.py took 0.132 seconds
[2025-07-01T21:59:00.795+0000] {processor.py:186} INFO - Started process (PID=3190) to work on /opt/airflow/dags/driven_data_pipeline.py
[2025-07-01T21:59:00.797+0000] {processor.py:914} INFO - Processing file /opt/airflow/dags/driven_data_pipeline.py for tasks to queue
[2025-07-01T21:59:00.800+0000] {logging_mixin.py:190} INFO - [2025-07-01T21:59:00.800+0000] {dagbag.py:588} INFO - Filling up the DagBag from /opt/airflow/dags/driven_data_pipeline.py
[2025-07-01T21:59:00.834+0000] {processor.py:925} INFO - DAG(s) 'extract_raw_data_pipeline' retrieved from /opt/airflow/dags/driven_data_pipeline.py
[2025-07-01T21:59:00.868+0000] {logging_mixin.py:190} INFO - [2025-07-01T21:59:00.867+0000] {dag.py:3239} INFO - Sync 1 DAGs
[2025-07-01T21:59:00.899+0000] {logging_mixin.py:190} INFO - [2025-07-01T21:59:00.898+0000] {dag.py:4180} INFO - Setting next_dagrun for extract_raw_data_pipeline to 2025-07-01 07:59:00+00:00, run_after=2025-07-02 07:00:00+00:00
[2025-07-01T21:59:00.950+0000] {processor.py:208} INFO - Processing /opt/airflow/dags/driven_data_pipeline.py took 0.162 seconds
[2025-07-01T21:59:31.291+0000] {processor.py:186} INFO - Started process (PID=3197) to work on /opt/airflow/dags/driven_data_pipeline.py
[2025-07-01T21:59:31.292+0000] {processor.py:914} INFO - Processing file /opt/airflow/dags/driven_data_pipeline.py for tasks to queue
[2025-07-01T21:59:31.299+0000] {logging_mixin.py:190} INFO - [2025-07-01T21:59:31.298+0000] {dagbag.py:588} INFO - Filling up the DagBag from /opt/airflow/dags/driven_data_pipeline.py
[2025-07-01T21:59:31.358+0000] {processor.py:925} INFO - DAG(s) 'extract_raw_data_pipeline' retrieved from /opt/airflow/dags/driven_data_pipeline.py
[2025-07-01T21:59:31.411+0000] {logging_mixin.py:190} INFO - [2025-07-01T21:59:31.411+0000] {dag.py:3239} INFO - Sync 1 DAGs
[2025-07-01T21:59:31.459+0000] {logging_mixin.py:190} INFO - [2025-07-01T21:59:31.459+0000] {dag.py:4180} INFO - Setting next_dagrun for extract_raw_data_pipeline to 2025-07-01 07:59:00+00:00, run_after=2025-07-02 07:00:00+00:00
[2025-07-01T21:59:31.504+0000] {processor.py:208} INFO - Processing /opt/airflow/dags/driven_data_pipeline.py took 0.222 seconds
[2025-07-01T22:00:01.689+0000] {processor.py:186} INFO - Started process (PID=3204) to work on /opt/airflow/dags/driven_data_pipeline.py
[2025-07-01T22:00:01.691+0000] {processor.py:914} INFO - Processing file /opt/airflow/dags/driven_data_pipeline.py for tasks to queue
[2025-07-01T22:00:01.696+0000] {logging_mixin.py:190} INFO - [2025-07-01T22:00:01.695+0000] {dagbag.py:588} INFO - Filling up the DagBag from /opt/airflow/dags/driven_data_pipeline.py
[2025-07-01T22:00:01.736+0000] {processor.py:925} INFO - DAG(s) 'extract_raw_data_pipeline' retrieved from /opt/airflow/dags/driven_data_pipeline.py
[2025-07-01T22:00:01.776+0000] {logging_mixin.py:190} INFO - [2025-07-01T22:00:01.775+0000] {dag.py:3239} INFO - Sync 1 DAGs
[2025-07-01T22:00:01.805+0000] {logging_mixin.py:190} INFO - [2025-07-01T22:00:01.805+0000] {dag.py:4180} INFO - Setting next_dagrun for extract_raw_data_pipeline to 2025-07-01 07:59:00+00:00, run_after=2025-07-02 07:00:00+00:00
[2025-07-01T22:00:01.837+0000] {processor.py:208} INFO - Processing /opt/airflow/dags/driven_data_pipeline.py took 0.155 seconds
[2025-07-01T22:00:32.040+0000] {processor.py:186} INFO - Started process (PID=3211) to work on /opt/airflow/dags/driven_data_pipeline.py
[2025-07-01T22:00:32.042+0000] {processor.py:914} INFO - Processing file /opt/airflow/dags/driven_data_pipeline.py for tasks to queue
[2025-07-01T22:00:32.045+0000] {logging_mixin.py:190} INFO - [2025-07-01T22:00:32.045+0000] {dagbag.py:588} INFO - Filling up the DagBag from /opt/airflow/dags/driven_data_pipeline.py
[2025-07-01T22:00:32.090+0000] {processor.py:925} INFO - DAG(s) 'extract_raw_data_pipeline' retrieved from /opt/airflow/dags/driven_data_pipeline.py
[2025-07-01T22:00:32.126+0000] {logging_mixin.py:190} INFO - [2025-07-01T22:00:32.126+0000] {dag.py:3239} INFO - Sync 1 DAGs
[2025-07-01T22:00:32.157+0000] {logging_mixin.py:190} INFO - [2025-07-01T22:00:32.156+0000] {dag.py:4180} INFO - Setting next_dagrun for extract_raw_data_pipeline to 2025-07-01 07:59:00+00:00, run_after=2025-07-02 07:00:00+00:00
[2025-07-01T22:00:32.186+0000] {processor.py:208} INFO - Processing /opt/airflow/dags/driven_data_pipeline.py took 0.153 seconds
[2025-07-01T22:01:02.540+0000] {processor.py:186} INFO - Started process (PID=3218) to work on /opt/airflow/dags/driven_data_pipeline.py
[2025-07-01T22:01:02.541+0000] {processor.py:914} INFO - Processing file /opt/airflow/dags/driven_data_pipeline.py for tasks to queue
[2025-07-01T22:01:02.546+0000] {logging_mixin.py:190} INFO - [2025-07-01T22:01:02.545+0000] {dagbag.py:588} INFO - Filling up the DagBag from /opt/airflow/dags/driven_data_pipeline.py
[2025-07-01T22:01:02.582+0000] {processor.py:925} INFO - DAG(s) 'extract_raw_data_pipeline' retrieved from /opt/airflow/dags/driven_data_pipeline.py
[2025-07-01T22:01:02.622+0000] {logging_mixin.py:190} INFO - [2025-07-01T22:01:02.622+0000] {dag.py:3239} INFO - Sync 1 DAGs
[2025-07-01T22:01:02.687+0000] {logging_mixin.py:190} INFO - [2025-07-01T22:01:02.686+0000] {dag.py:4180} INFO - Setting next_dagrun for extract_raw_data_pipeline to 2025-07-01 07:59:00+00:00, run_after=2025-07-02 07:00:00+00:00
[2025-07-01T22:01:02.734+0000] {processor.py:208} INFO - Processing /opt/airflow/dags/driven_data_pipeline.py took 0.202 seconds
[2025-07-01T22:01:32.872+0000] {processor.py:186} INFO - Started process (PID=3225) to work on /opt/airflow/dags/driven_data_pipeline.py
[2025-07-01T22:01:32.873+0000] {processor.py:914} INFO - Processing file /opt/airflow/dags/driven_data_pipeline.py for tasks to queue
[2025-07-01T22:01:32.877+0000] {logging_mixin.py:190} INFO - [2025-07-01T22:01:32.876+0000] {dagbag.py:588} INFO - Filling up the DagBag from /opt/airflow/dags/driven_data_pipeline.py
[2025-07-01T22:01:32.908+0000] {processor.py:925} INFO - DAG(s) 'extract_raw_data_pipeline' retrieved from /opt/airflow/dags/driven_data_pipeline.py
[2025-07-01T22:01:32.951+0000] {logging_mixin.py:190} INFO - [2025-07-01T22:01:32.950+0000] {dag.py:3239} INFO - Sync 1 DAGs
[2025-07-01T22:01:32.984+0000] {logging_mixin.py:190} INFO - [2025-07-01T22:01:32.984+0000] {dag.py:4180} INFO - Setting next_dagrun for extract_raw_data_pipeline to 2025-07-01 07:59:00+00:00, run_after=2025-07-02 07:00:00+00:00
[2025-07-01T22:01:33.017+0000] {processor.py:208} INFO - Processing /opt/airflow/dags/driven_data_pipeline.py took 0.152 seconds
[2025-07-01T22:02:03.212+0000] {processor.py:186} INFO - Started process (PID=3232) to work on /opt/airflow/dags/driven_data_pipeline.py
[2025-07-01T22:02:03.214+0000] {processor.py:914} INFO - Processing file /opt/airflow/dags/driven_data_pipeline.py for tasks to queue
[2025-07-01T22:02:03.217+0000] {logging_mixin.py:190} INFO - [2025-07-01T22:02:03.216+0000] {dagbag.py:588} INFO - Filling up the DagBag from /opt/airflow/dags/driven_data_pipeline.py
[2025-07-01T22:02:03.250+0000] {processor.py:925} INFO - DAG(s) 'extract_raw_data_pipeline' retrieved from /opt/airflow/dags/driven_data_pipeline.py
[2025-07-01T22:02:03.281+0000] {logging_mixin.py:190} INFO - [2025-07-01T22:02:03.280+0000] {dag.py:3239} INFO - Sync 1 DAGs
[2025-07-01T22:02:03.305+0000] {logging_mixin.py:190} INFO - [2025-07-01T22:02:03.305+0000] {dag.py:4180} INFO - Setting next_dagrun for extract_raw_data_pipeline to 2025-07-01 07:59:00+00:00, run_after=2025-07-02 07:00:00+00:00
[2025-07-01T22:02:03.342+0000] {processor.py:208} INFO - Processing /opt/airflow/dags/driven_data_pipeline.py took 0.137 seconds
[2025-07-01T22:02:33.771+0000] {processor.py:186} INFO - Started process (PID=3239) to work on /opt/airflow/dags/driven_data_pipeline.py
[2025-07-01T22:02:33.774+0000] {processor.py:914} INFO - Processing file /opt/airflow/dags/driven_data_pipeline.py for tasks to queue
[2025-07-01T22:02:33.784+0000] {logging_mixin.py:190} INFO - [2025-07-01T22:02:33.783+0000] {dagbag.py:588} INFO - Filling up the DagBag from /opt/airflow/dags/driven_data_pipeline.py
[2025-07-01T22:02:33.850+0000] {processor.py:925} INFO - DAG(s) 'extract_raw_data_pipeline' retrieved from /opt/airflow/dags/driven_data_pipeline.py
[2025-07-01T22:02:33.915+0000] {logging_mixin.py:190} INFO - [2025-07-01T22:02:33.914+0000] {dag.py:3239} INFO - Sync 1 DAGs
[2025-07-01T22:02:33.969+0000] {logging_mixin.py:190} INFO - [2025-07-01T22:02:33.968+0000] {dag.py:4180} INFO - Setting next_dagrun for extract_raw_data_pipeline to 2025-07-01 07:59:00+00:00, run_after=2025-07-02 07:00:00+00:00
[2025-07-01T22:02:34.019+0000] {processor.py:208} INFO - Processing /opt/airflow/dags/driven_data_pipeline.py took 0.263 seconds
[2025-07-01T22:03:04.095+0000] {processor.py:186} INFO - Started process (PID=3246) to work on /opt/airflow/dags/driven_data_pipeline.py
[2025-07-01T22:03:04.098+0000] {processor.py:914} INFO - Processing file /opt/airflow/dags/driven_data_pipeline.py for tasks to queue
[2025-07-01T22:03:04.102+0000] {logging_mixin.py:190} INFO - [2025-07-01T22:03:04.101+0000] {dagbag.py:588} INFO - Filling up the DagBag from /opt/airflow/dags/driven_data_pipeline.py
[2025-07-01T22:03:04.146+0000] {processor.py:925} INFO - DAG(s) 'extract_raw_data_pipeline' retrieved from /opt/airflow/dags/driven_data_pipeline.py
[2025-07-01T22:03:04.181+0000] {logging_mixin.py:190} INFO - [2025-07-01T22:03:04.180+0000] {dag.py:3239} INFO - Sync 1 DAGs
[2025-07-01T22:03:04.209+0000] {logging_mixin.py:190} INFO - [2025-07-01T22:03:04.209+0000] {dag.py:4180} INFO - Setting next_dagrun for extract_raw_data_pipeline to 2025-07-01 07:59:00+00:00, run_after=2025-07-02 07:00:00+00:00
[2025-07-01T22:03:04.236+0000] {processor.py:208} INFO - Processing /opt/airflow/dags/driven_data_pipeline.py took 0.151 seconds
[2025-07-01T22:03:34.471+0000] {processor.py:186} INFO - Started process (PID=3253) to work on /opt/airflow/dags/driven_data_pipeline.py
[2025-07-01T22:03:34.474+0000] {processor.py:914} INFO - Processing file /opt/airflow/dags/driven_data_pipeline.py for tasks to queue
[2025-07-01T22:03:34.479+0000] {logging_mixin.py:190} INFO - [2025-07-01T22:03:34.478+0000] {dagbag.py:588} INFO - Filling up the DagBag from /opt/airflow/dags/driven_data_pipeline.py
[2025-07-01T22:03:34.517+0000] {processor.py:925} INFO - DAG(s) 'extract_raw_data_pipeline' retrieved from /opt/airflow/dags/driven_data_pipeline.py
[2025-07-01T22:03:34.558+0000] {logging_mixin.py:190} INFO - [2025-07-01T22:03:34.557+0000] {dag.py:3239} INFO - Sync 1 DAGs
[2025-07-01T22:03:34.608+0000] {logging_mixin.py:190} INFO - [2025-07-01T22:03:34.608+0000] {dag.py:4180} INFO - Setting next_dagrun for extract_raw_data_pipeline to 2025-07-01 07:59:00+00:00, run_after=2025-07-02 07:00:00+00:00
[2025-07-01T22:03:34.648+0000] {processor.py:208} INFO - Processing /opt/airflow/dags/driven_data_pipeline.py took 0.190 seconds
[2025-07-01T22:04:04.859+0000] {processor.py:186} INFO - Started process (PID=3260) to work on /opt/airflow/dags/driven_data_pipeline.py
[2025-07-01T22:04:04.861+0000] {processor.py:914} INFO - Processing file /opt/airflow/dags/driven_data_pipeline.py for tasks to queue
[2025-07-01T22:04:04.864+0000] {logging_mixin.py:190} INFO - [2025-07-01T22:04:04.864+0000] {dagbag.py:588} INFO - Filling up the DagBag from /opt/airflow/dags/driven_data_pipeline.py
[2025-07-01T22:04:04.900+0000] {processor.py:925} INFO - DAG(s) 'extract_raw_data_pipeline' retrieved from /opt/airflow/dags/driven_data_pipeline.py
[2025-07-01T22:04:04.947+0000] {logging_mixin.py:190} INFO - [2025-07-01T22:04:04.946+0000] {dag.py:3239} INFO - Sync 1 DAGs
[2025-07-01T22:04:04.972+0000] {logging_mixin.py:190} INFO - [2025-07-01T22:04:04.972+0000] {dag.py:4180} INFO - Setting next_dagrun for extract_raw_data_pipeline to 2025-07-01 07:59:00+00:00, run_after=2025-07-02 07:00:00+00:00
[2025-07-01T22:04:05.001+0000] {processor.py:208} INFO - Processing /opt/airflow/dags/driven_data_pipeline.py took 0.150 seconds
[2025-07-01T22:04:35.368+0000] {processor.py:186} INFO - Started process (PID=3267) to work on /opt/airflow/dags/driven_data_pipeline.py
[2025-07-01T22:04:35.372+0000] {processor.py:914} INFO - Processing file /opt/airflow/dags/driven_data_pipeline.py for tasks to queue
[2025-07-01T22:04:35.375+0000] {logging_mixin.py:190} INFO - [2025-07-01T22:04:35.375+0000] {dagbag.py:588} INFO - Filling up the DagBag from /opt/airflow/dags/driven_data_pipeline.py
[2025-07-01T22:04:35.406+0000] {processor.py:925} INFO - DAG(s) 'extract_raw_data_pipeline' retrieved from /opt/airflow/dags/driven_data_pipeline.py
[2025-07-01T22:04:35.437+0000] {logging_mixin.py:190} INFO - [2025-07-01T22:04:35.436+0000] {dag.py:3239} INFO - Sync 1 DAGs
[2025-07-01T22:04:35.463+0000] {logging_mixin.py:190} INFO - [2025-07-01T22:04:35.463+0000] {dag.py:4180} INFO - Setting next_dagrun for extract_raw_data_pipeline to 2025-07-01 07:59:00+00:00, run_after=2025-07-02 07:00:00+00:00
[2025-07-01T22:04:35.488+0000] {processor.py:208} INFO - Processing /opt/airflow/dags/driven_data_pipeline.py took 0.127 seconds
[2025-07-01T22:05:05.712+0000] {processor.py:186} INFO - Started process (PID=3274) to work on /opt/airflow/dags/driven_data_pipeline.py
[2025-07-01T22:05:05.714+0000] {processor.py:914} INFO - Processing file /opt/airflow/dags/driven_data_pipeline.py for tasks to queue
[2025-07-01T22:05:05.717+0000] {logging_mixin.py:190} INFO - [2025-07-01T22:05:05.717+0000] {dagbag.py:588} INFO - Filling up the DagBag from /opt/airflow/dags/driven_data_pipeline.py
[2025-07-01T22:05:05.759+0000] {processor.py:925} INFO - DAG(s) 'extract_raw_data_pipeline' retrieved from /opt/airflow/dags/driven_data_pipeline.py
[2025-07-01T22:05:05.795+0000] {logging_mixin.py:190} INFO - [2025-07-01T22:05:05.795+0000] {dag.py:3239} INFO - Sync 1 DAGs
[2025-07-01T22:05:05.821+0000] {logging_mixin.py:190} INFO - [2025-07-01T22:05:05.820+0000] {dag.py:4180} INFO - Setting next_dagrun for extract_raw_data_pipeline to 2025-07-01 07:59:00+00:00, run_after=2025-07-02 07:00:00+00:00
[2025-07-01T22:05:05.851+0000] {processor.py:208} INFO - Processing /opt/airflow/dags/driven_data_pipeline.py took 0.146 seconds
[2025-07-01T22:05:36.140+0000] {processor.py:186} INFO - Started process (PID=3281) to work on /opt/airflow/dags/driven_data_pipeline.py
[2025-07-01T22:05:36.142+0000] {processor.py:914} INFO - Processing file /opt/airflow/dags/driven_data_pipeline.py for tasks to queue
[2025-07-01T22:05:36.146+0000] {logging_mixin.py:190} INFO - [2025-07-01T22:05:36.146+0000] {dagbag.py:588} INFO - Filling up the DagBag from /opt/airflow/dags/driven_data_pipeline.py
[2025-07-01T22:05:36.179+0000] {processor.py:925} INFO - DAG(s) 'extract_raw_data_pipeline' retrieved from /opt/airflow/dags/driven_data_pipeline.py
[2025-07-01T22:05:36.215+0000] {logging_mixin.py:190} INFO - [2025-07-01T22:05:36.214+0000] {dag.py:3239} INFO - Sync 1 DAGs
[2025-07-01T22:05:36.242+0000] {logging_mixin.py:190} INFO - [2025-07-01T22:05:36.242+0000] {dag.py:4180} INFO - Setting next_dagrun for extract_raw_data_pipeline to 2025-07-01 07:59:00+00:00, run_after=2025-07-02 07:00:00+00:00
[2025-07-01T22:05:36.271+0000] {processor.py:208} INFO - Processing /opt/airflow/dags/driven_data_pipeline.py took 0.137 seconds
[2025-07-01T22:06:06.575+0000] {processor.py:186} INFO - Started process (PID=3288) to work on /opt/airflow/dags/driven_data_pipeline.py
[2025-07-01T22:06:06.577+0000] {processor.py:914} INFO - Processing file /opt/airflow/dags/driven_data_pipeline.py for tasks to queue
[2025-07-01T22:06:06.581+0000] {logging_mixin.py:190} INFO - [2025-07-01T22:06:06.581+0000] {dagbag.py:588} INFO - Filling up the DagBag from /opt/airflow/dags/driven_data_pipeline.py
[2025-07-01T22:06:06.614+0000] {processor.py:925} INFO - DAG(s) 'extract_raw_data_pipeline' retrieved from /opt/airflow/dags/driven_data_pipeline.py
[2025-07-01T22:06:06.653+0000] {logging_mixin.py:190} INFO - [2025-07-01T22:06:06.653+0000] {dag.py:3239} INFO - Sync 1 DAGs
[2025-07-01T22:06:06.690+0000] {logging_mixin.py:190} INFO - [2025-07-01T22:06:06.690+0000] {dag.py:4180} INFO - Setting next_dagrun for extract_raw_data_pipeline to 2025-07-01 07:59:00+00:00, run_after=2025-07-02 07:00:00+00:00
[2025-07-01T22:06:06.719+0000] {processor.py:208} INFO - Processing /opt/airflow/dags/driven_data_pipeline.py took 0.152 seconds
[2025-07-01T22:06:36.959+0000] {processor.py:186} INFO - Started process (PID=3295) to work on /opt/airflow/dags/driven_data_pipeline.py
[2025-07-01T22:06:36.963+0000] {processor.py:914} INFO - Processing file /opt/airflow/dags/driven_data_pipeline.py for tasks to queue
[2025-07-01T22:06:36.967+0000] {logging_mixin.py:190} INFO - [2025-07-01T22:06:36.966+0000] {dagbag.py:588} INFO - Filling up the DagBag from /opt/airflow/dags/driven_data_pipeline.py
[2025-07-01T22:06:37.005+0000] {processor.py:925} INFO - DAG(s) 'extract_raw_data_pipeline' retrieved from /opt/airflow/dags/driven_data_pipeline.py
[2025-07-01T22:06:37.045+0000] {logging_mixin.py:190} INFO - [2025-07-01T22:06:37.045+0000] {dag.py:3239} INFO - Sync 1 DAGs
[2025-07-01T22:06:37.072+0000] {logging_mixin.py:190} INFO - [2025-07-01T22:06:37.072+0000] {dag.py:4180} INFO - Setting next_dagrun for extract_raw_data_pipeline to 2025-07-01 07:59:00+00:00, run_after=2025-07-02 07:00:00+00:00
[2025-07-01T22:06:37.099+0000] {processor.py:208} INFO - Processing /opt/airflow/dags/driven_data_pipeline.py took 0.146 seconds
[2025-07-01T22:07:07.415+0000] {processor.py:186} INFO - Started process (PID=3302) to work on /opt/airflow/dags/driven_data_pipeline.py
[2025-07-01T22:07:07.416+0000] {processor.py:914} INFO - Processing file /opt/airflow/dags/driven_data_pipeline.py for tasks to queue
[2025-07-01T22:07:07.419+0000] {logging_mixin.py:190} INFO - [2025-07-01T22:07:07.419+0000] {dagbag.py:588} INFO - Filling up the DagBag from /opt/airflow/dags/driven_data_pipeline.py
[2025-07-01T22:07:07.451+0000] {processor.py:925} INFO - DAG(s) 'extract_raw_data_pipeline' retrieved from /opt/airflow/dags/driven_data_pipeline.py
[2025-07-01T22:07:07.482+0000] {logging_mixin.py:190} INFO - [2025-07-01T22:07:07.482+0000] {dag.py:3239} INFO - Sync 1 DAGs
[2025-07-01T22:07:07.518+0000] {logging_mixin.py:190} INFO - [2025-07-01T22:07:07.517+0000] {dag.py:4180} INFO - Setting next_dagrun for extract_raw_data_pipeline to 2025-07-01 07:59:00+00:00, run_after=2025-07-02 07:00:00+00:00
[2025-07-01T22:07:07.547+0000] {processor.py:208} INFO - Processing /opt/airflow/dags/driven_data_pipeline.py took 0.141 seconds
[2025-07-01T22:07:37.831+0000] {processor.py:186} INFO - Started process (PID=3309) to work on /opt/airflow/dags/driven_data_pipeline.py
[2025-07-01T22:07:37.833+0000] {processor.py:914} INFO - Processing file /opt/airflow/dags/driven_data_pipeline.py for tasks to queue
[2025-07-01T22:07:37.836+0000] {logging_mixin.py:190} INFO - [2025-07-01T22:07:37.836+0000] {dagbag.py:588} INFO - Filling up the DagBag from /opt/airflow/dags/driven_data_pipeline.py
[2025-07-01T22:07:37.871+0000] {processor.py:925} INFO - DAG(s) 'extract_raw_data_pipeline' retrieved from /opt/airflow/dags/driven_data_pipeline.py
[2025-07-01T22:07:37.913+0000] {logging_mixin.py:190} INFO - [2025-07-01T22:07:37.912+0000] {dag.py:3239} INFO - Sync 1 DAGs
[2025-07-01T22:07:37.947+0000] {logging_mixin.py:190} INFO - [2025-07-01T22:07:37.947+0000] {dag.py:4180} INFO - Setting next_dagrun for extract_raw_data_pipeline to 2025-07-01 07:59:00+00:00, run_after=2025-07-02 07:00:00+00:00
[2025-07-01T22:07:37.980+0000] {processor.py:208} INFO - Processing /opt/airflow/dags/driven_data_pipeline.py took 0.157 seconds
[2025-07-01T22:08:08.202+0000] {processor.py:186} INFO - Started process (PID=3316) to work on /opt/airflow/dags/driven_data_pipeline.py
[2025-07-01T22:08:08.204+0000] {processor.py:914} INFO - Processing file /opt/airflow/dags/driven_data_pipeline.py for tasks to queue
[2025-07-01T22:08:08.207+0000] {logging_mixin.py:190} INFO - [2025-07-01T22:08:08.207+0000] {dagbag.py:588} INFO - Filling up the DagBag from /opt/airflow/dags/driven_data_pipeline.py
[2025-07-01T22:08:08.248+0000] {processor.py:925} INFO - DAG(s) 'extract_raw_data_pipeline' retrieved from /opt/airflow/dags/driven_data_pipeline.py
[2025-07-01T22:08:08.284+0000] {logging_mixin.py:190} INFO - [2025-07-01T22:08:08.283+0000] {dag.py:3239} INFO - Sync 1 DAGs
[2025-07-01T22:08:08.308+0000] {logging_mixin.py:190} INFO - [2025-07-01T22:08:08.308+0000] {dag.py:4180} INFO - Setting next_dagrun for extract_raw_data_pipeline to 2025-07-01 07:59:00+00:00, run_after=2025-07-02 07:00:00+00:00
[2025-07-01T22:08:08.340+0000] {processor.py:208} INFO - Processing /opt/airflow/dags/driven_data_pipeline.py took 0.147 seconds
[2025-07-01T22:08:38.768+0000] {processor.py:186} INFO - Started process (PID=3323) to work on /opt/airflow/dags/driven_data_pipeline.py
[2025-07-01T22:08:38.771+0000] {processor.py:914} INFO - Processing file /opt/airflow/dags/driven_data_pipeline.py for tasks to queue
[2025-07-01T22:08:38.777+0000] {logging_mixin.py:190} INFO - [2025-07-01T22:08:38.776+0000] {dagbag.py:588} INFO - Filling up the DagBag from /opt/airflow/dags/driven_data_pipeline.py
[2025-07-01T22:08:38.830+0000] {processor.py:925} INFO - DAG(s) 'extract_raw_data_pipeline' retrieved from /opt/airflow/dags/driven_data_pipeline.py
[2025-07-01T22:08:38.906+0000] {logging_mixin.py:190} INFO - [2025-07-01T22:08:38.905+0000] {dag.py:3239} INFO - Sync 1 DAGs
[2025-07-01T22:08:38.960+0000] {logging_mixin.py:190} INFO - [2025-07-01T22:08:38.960+0000] {dag.py:4180} INFO - Setting next_dagrun for extract_raw_data_pipeline to 2025-07-01 07:59:00+00:00, run_after=2025-07-02 07:00:00+00:00
[2025-07-01T22:08:39.009+0000] {processor.py:208} INFO - Processing /opt/airflow/dags/driven_data_pipeline.py took 0.255 seconds
[2025-07-01T22:09:09.220+0000] {processor.py:186} INFO - Started process (PID=3330) to work on /opt/airflow/dags/driven_data_pipeline.py
[2025-07-01T22:09:09.222+0000] {processor.py:914} INFO - Processing file /opt/airflow/dags/driven_data_pipeline.py for tasks to queue
[2025-07-01T22:09:09.225+0000] {logging_mixin.py:190} INFO - [2025-07-01T22:09:09.225+0000] {dagbag.py:588} INFO - Filling up the DagBag from /opt/airflow/dags/driven_data_pipeline.py
[2025-07-01T22:09:09.265+0000] {processor.py:925} INFO - DAG(s) 'extract_raw_data_pipeline' retrieved from /opt/airflow/dags/driven_data_pipeline.py
[2025-07-01T22:09:09.304+0000] {logging_mixin.py:190} INFO - [2025-07-01T22:09:09.304+0000] {dag.py:3239} INFO - Sync 1 DAGs
[2025-07-01T22:09:09.336+0000] {logging_mixin.py:190} INFO - [2025-07-01T22:09:09.336+0000] {dag.py:4180} INFO - Setting next_dagrun for extract_raw_data_pipeline to 2025-07-01 07:59:00+00:00, run_after=2025-07-02 07:00:00+00:00
[2025-07-01T22:09:09.373+0000] {processor.py:208} INFO - Processing /opt/airflow/dags/driven_data_pipeline.py took 0.163 seconds
[2025-07-01T22:09:39.742+0000] {processor.py:186} INFO - Started process (PID=3337) to work on /opt/airflow/dags/driven_data_pipeline.py
[2025-07-01T22:09:39.744+0000] {processor.py:914} INFO - Processing file /opt/airflow/dags/driven_data_pipeline.py for tasks to queue
[2025-07-01T22:09:39.750+0000] {logging_mixin.py:190} INFO - [2025-07-01T22:09:39.749+0000] {dagbag.py:588} INFO - Filling up the DagBag from /opt/airflow/dags/driven_data_pipeline.py
[2025-07-01T22:09:39.790+0000] {processor.py:925} INFO - DAG(s) 'extract_raw_data_pipeline' retrieved from /opt/airflow/dags/driven_data_pipeline.py
[2025-07-01T22:09:39.847+0000] {logging_mixin.py:190} INFO - [2025-07-01T22:09:39.847+0000] {dag.py:3239} INFO - Sync 1 DAGs
[2025-07-01T22:09:39.879+0000] {logging_mixin.py:190} INFO - [2025-07-01T22:09:39.879+0000] {dag.py:4180} INFO - Setting next_dagrun for extract_raw_data_pipeline to 2025-07-01 07:59:00+00:00, run_after=2025-07-02 07:00:00+00:00
[2025-07-01T22:09:39.910+0000] {processor.py:208} INFO - Processing /opt/airflow/dags/driven_data_pipeline.py took 0.174 seconds
[2025-07-01T22:10:10.163+0000] {processor.py:186} INFO - Started process (PID=3344) to work on /opt/airflow/dags/driven_data_pipeline.py
[2025-07-01T22:10:10.165+0000] {processor.py:914} INFO - Processing file /opt/airflow/dags/driven_data_pipeline.py for tasks to queue
[2025-07-01T22:10:10.168+0000] {logging_mixin.py:190} INFO - [2025-07-01T22:10:10.168+0000] {dagbag.py:588} INFO - Filling up the DagBag from /opt/airflow/dags/driven_data_pipeline.py
[2025-07-01T22:10:10.203+0000] {processor.py:925} INFO - DAG(s) 'extract_raw_data_pipeline' retrieved from /opt/airflow/dags/driven_data_pipeline.py
[2025-07-01T22:10:10.240+0000] {logging_mixin.py:190} INFO - [2025-07-01T22:10:10.240+0000] {dag.py:3239} INFO - Sync 1 DAGs
[2025-07-01T22:10:10.273+0000] {logging_mixin.py:190} INFO - [2025-07-01T22:10:10.273+0000] {dag.py:4180} INFO - Setting next_dagrun for extract_raw_data_pipeline to 2025-07-01 07:59:00+00:00, run_after=2025-07-02 07:00:00+00:00
[2025-07-01T22:10:10.306+0000] {processor.py:208} INFO - Processing /opt/airflow/dags/driven_data_pipeline.py took 0.150 seconds
[2025-07-01T22:10:40.755+0000] {processor.py:186} INFO - Started process (PID=3352) to work on /opt/airflow/dags/driven_data_pipeline.py
[2025-07-01T22:10:40.757+0000] {processor.py:914} INFO - Processing file /opt/airflow/dags/driven_data_pipeline.py for tasks to queue
[2025-07-01T22:10:40.764+0000] {logging_mixin.py:190} INFO - [2025-07-01T22:10:40.763+0000] {dagbag.py:588} INFO - Filling up the DagBag from /opt/airflow/dags/driven_data_pipeline.py
[2025-07-01T22:10:40.826+0000] {processor.py:925} INFO - DAG(s) 'extract_raw_data_pipeline' retrieved from /opt/airflow/dags/driven_data_pipeline.py
[2025-07-01T22:10:40.935+0000] {logging_mixin.py:190} INFO - [2025-07-01T22:10:40.934+0000] {dag.py:3239} INFO - Sync 1 DAGs
[2025-07-01T22:10:41.042+0000] {logging_mixin.py:190} INFO - [2025-07-01T22:10:41.041+0000] {dag.py:4180} INFO - Setting next_dagrun for extract_raw_data_pipeline to 2025-07-01 07:59:00+00:00, run_after=2025-07-02 07:00:00+00:00
[2025-07-01T22:10:41.097+0000] {processor.py:208} INFO - Processing /opt/airflow/dags/driven_data_pipeline.py took 0.356 seconds
[2025-07-01T22:11:11.434+0000] {processor.py:186} INFO - Started process (PID=3363) to work on /opt/airflow/dags/driven_data_pipeline.py
[2025-07-01T22:11:11.437+0000] {processor.py:914} INFO - Processing file /opt/airflow/dags/driven_data_pipeline.py for tasks to queue
[2025-07-01T22:11:11.441+0000] {logging_mixin.py:190} INFO - [2025-07-01T22:11:11.440+0000] {dagbag.py:588} INFO - Filling up the DagBag from /opt/airflow/dags/driven_data_pipeline.py
[2025-07-01T22:11:11.487+0000] {processor.py:925} INFO - DAG(s) 'extract_raw_data_pipeline' retrieved from /opt/airflow/dags/driven_data_pipeline.py
[2025-07-01T22:11:11.540+0000] {logging_mixin.py:190} INFO - [2025-07-01T22:11:11.539+0000] {dag.py:3239} INFO - Sync 1 DAGs
[2025-07-01T22:11:11.592+0000] {logging_mixin.py:190} INFO - [2025-07-01T22:11:11.592+0000] {dag.py:4180} INFO - Setting next_dagrun for extract_raw_data_pipeline to 2025-07-01 07:59:00+00:00, run_after=2025-07-02 07:00:00+00:00
[2025-07-01T22:11:11.631+0000] {processor.py:208} INFO - Processing /opt/airflow/dags/driven_data_pipeline.py took 0.210 seconds
[2025-07-01T22:11:41.787+0000] {processor.py:186} INFO - Started process (PID=3371) to work on /opt/airflow/dags/driven_data_pipeline.py
[2025-07-01T22:11:41.789+0000] {processor.py:914} INFO - Processing file /opt/airflow/dags/driven_data_pipeline.py for tasks to queue
[2025-07-01T22:11:41.792+0000] {logging_mixin.py:190} INFO - [2025-07-01T22:11:41.791+0000] {dagbag.py:588} INFO - Filling up the DagBag from /opt/airflow/dags/driven_data_pipeline.py
[2025-07-01T22:11:41.830+0000] {processor.py:925} INFO - DAG(s) 'extract_raw_data_pipeline' retrieved from /opt/airflow/dags/driven_data_pipeline.py
[2025-07-01T22:11:41.866+0000] {logging_mixin.py:190} INFO - [2025-07-01T22:11:41.865+0000] {dag.py:3239} INFO - Sync 1 DAGs
[2025-07-01T22:11:41.898+0000] {logging_mixin.py:190} INFO - [2025-07-01T22:11:41.898+0000] {dag.py:4180} INFO - Setting next_dagrun for extract_raw_data_pipeline to 2025-07-01 07:59:00+00:00, run_after=2025-07-02 07:00:00+00:00
[2025-07-01T22:11:41.931+0000] {processor.py:208} INFO - Processing /opt/airflow/dags/driven_data_pipeline.py took 0.154 seconds
[2025-07-01T22:12:12.190+0000] {processor.py:186} INFO - Started process (PID=3379) to work on /opt/airflow/dags/driven_data_pipeline.py
[2025-07-01T22:12:12.192+0000] {processor.py:914} INFO - Processing file /opt/airflow/dags/driven_data_pipeline.py for tasks to queue
[2025-07-01T22:12:12.196+0000] {logging_mixin.py:190} INFO - [2025-07-01T22:12:12.196+0000] {dagbag.py:588} INFO - Filling up the DagBag from /opt/airflow/dags/driven_data_pipeline.py
[2025-07-01T22:12:12.234+0000] {processor.py:925} INFO - DAG(s) 'extract_raw_data_pipeline' retrieved from /opt/airflow/dags/driven_data_pipeline.py
[2025-07-01T22:12:12.274+0000] {logging_mixin.py:190} INFO - [2025-07-01T22:12:12.274+0000] {dag.py:3239} INFO - Sync 1 DAGs
[2025-07-01T22:12:12.309+0000] {logging_mixin.py:190} INFO - [2025-07-01T22:12:12.309+0000] {dag.py:4180} INFO - Setting next_dagrun for extract_raw_data_pipeline to 2025-07-01 07:59:00+00:00, run_after=2025-07-02 07:00:00+00:00
[2025-07-01T22:12:12.346+0000] {processor.py:208} INFO - Processing /opt/airflow/dags/driven_data_pipeline.py took 0.166 seconds
[2025-07-01T22:12:42.645+0000] {processor.py:186} INFO - Started process (PID=3386) to work on /opt/airflow/dags/driven_data_pipeline.py
[2025-07-01T22:12:42.648+0000] {processor.py:914} INFO - Processing file /opt/airflow/dags/driven_data_pipeline.py for tasks to queue
[2025-07-01T22:12:42.653+0000] {logging_mixin.py:190} INFO - [2025-07-01T22:12:42.652+0000] {dagbag.py:588} INFO - Filling up the DagBag from /opt/airflow/dags/driven_data_pipeline.py
[2025-07-01T22:12:42.690+0000] {processor.py:925} INFO - DAG(s) 'extract_raw_data_pipeline' retrieved from /opt/airflow/dags/driven_data_pipeline.py
[2025-07-01T22:12:42.734+0000] {logging_mixin.py:190} INFO - [2025-07-01T22:12:42.734+0000] {dag.py:3239} INFO - Sync 1 DAGs
[2025-07-01T22:12:42.764+0000] {logging_mixin.py:190} INFO - [2025-07-01T22:12:42.764+0000] {dag.py:4180} INFO - Setting next_dagrun for extract_raw_data_pipeline to 2025-07-01 07:59:00+00:00, run_after=2025-07-02 07:00:00+00:00
[2025-07-01T22:12:42.796+0000] {processor.py:208} INFO - Processing /opt/airflow/dags/driven_data_pipeline.py took 0.169 seconds
[2025-07-01T22:13:13.015+0000] {processor.py:186} INFO - Started process (PID=3393) to work on /opt/airflow/dags/driven_data_pipeline.py
[2025-07-01T22:13:13.017+0000] {processor.py:914} INFO - Processing file /opt/airflow/dags/driven_data_pipeline.py for tasks to queue
[2025-07-01T22:13:13.020+0000] {logging_mixin.py:190} INFO - [2025-07-01T22:13:13.019+0000] {dagbag.py:588} INFO - Filling up the DagBag from /opt/airflow/dags/driven_data_pipeline.py
[2025-07-01T22:13:13.056+0000] {processor.py:925} INFO - DAG(s) 'extract_raw_data_pipeline' retrieved from /opt/airflow/dags/driven_data_pipeline.py
[2025-07-01T22:13:13.110+0000] {logging_mixin.py:190} INFO - [2025-07-01T22:13:13.110+0000] {dag.py:3239} INFO - Sync 1 DAGs
[2025-07-01T22:13:13.153+0000] {logging_mixin.py:190} INFO - [2025-07-01T22:13:13.152+0000] {dag.py:4180} INFO - Setting next_dagrun for extract_raw_data_pipeline to 2025-07-01 07:59:00+00:00, run_after=2025-07-02 07:00:00+00:00
[2025-07-01T22:13:13.187+0000] {processor.py:208} INFO - Processing /opt/airflow/dags/driven_data_pipeline.py took 0.181 seconds
[2025-07-01T22:13:43.440+0000] {processor.py:186} INFO - Started process (PID=3400) to work on /opt/airflow/dags/driven_data_pipeline.py
[2025-07-01T22:13:43.445+0000] {processor.py:914} INFO - Processing file /opt/airflow/dags/driven_data_pipeline.py for tasks to queue
[2025-07-01T22:13:43.449+0000] {logging_mixin.py:190} INFO - [2025-07-01T22:13:43.448+0000] {dagbag.py:588} INFO - Filling up the DagBag from /opt/airflow/dags/driven_data_pipeline.py
[2025-07-01T22:13:43.487+0000] {processor.py:925} INFO - DAG(s) 'extract_raw_data_pipeline' retrieved from /opt/airflow/dags/driven_data_pipeline.py
[2025-07-01T22:13:43.523+0000] {logging_mixin.py:190} INFO - [2025-07-01T22:13:43.523+0000] {dag.py:3239} INFO - Sync 1 DAGs
[2025-07-01T22:13:43.554+0000] {logging_mixin.py:190} INFO - [2025-07-01T22:13:43.553+0000] {dag.py:4180} INFO - Setting next_dagrun for extract_raw_data_pipeline to 2025-07-01 07:59:00+00:00, run_after=2025-07-02 07:00:00+00:00
[2025-07-01T22:13:43.577+0000] {processor.py:208} INFO - Processing /opt/airflow/dags/driven_data_pipeline.py took 0.148 seconds
[2025-07-01T22:17:45.520+0000] {processor.py:186} INFO - Started process (PID=70) to work on /opt/airflow/dags/driven_data_pipeline.py
[2025-07-01T22:17:45.527+0000] {processor.py:914} INFO - Processing file /opt/airflow/dags/driven_data_pipeline.py for tasks to queue
[2025-07-01T22:17:45.535+0000] {logging_mixin.py:190} INFO - [2025-07-01T22:17:45.534+0000] {dagbag.py:588} INFO - Filling up the DagBag from /opt/airflow/dags/driven_data_pipeline.py
[2025-07-01T22:17:45.689+0000] {processor.py:925} INFO - DAG(s) 'extract_raw_data_pipeline' retrieved from /opt/airflow/dags/driven_data_pipeline.py
[2025-07-01T22:17:46.717+0000] {logging_mixin.py:190} INFO - [2025-07-01T22:17:46.715+0000] {override.py:1900} INFO - Created Permission View: can edit on DAG:extract_raw_data_pipeline
[2025-07-01T22:17:46.749+0000] {logging_mixin.py:190} INFO - [2025-07-01T22:17:46.749+0000] {override.py:1900} INFO - Created Permission View: can delete on DAG:extract_raw_data_pipeline
[2025-07-01T22:17:46.774+0000] {logging_mixin.py:190} INFO - [2025-07-01T22:17:46.774+0000] {override.py:1900} INFO - Created Permission View: can read on DAG:extract_raw_data_pipeline
[2025-07-01T22:17:46.801+0000] {logging_mixin.py:190} INFO - [2025-07-01T22:17:46.801+0000] {override.py:1900} INFO - Created Permission View: can delete on DAG Run:extract_raw_data_pipeline
[2025-07-01T22:17:46.822+0000] {logging_mixin.py:190} INFO - [2025-07-01T22:17:46.821+0000] {override.py:1900} INFO - Created Permission View: menu access on DAG Run:extract_raw_data_pipeline
[2025-07-01T22:17:46.841+0000] {logging_mixin.py:190} INFO - [2025-07-01T22:17:46.840+0000] {override.py:1900} INFO - Created Permission View: can create on DAG Run:extract_raw_data_pipeline
[2025-07-01T22:17:46.868+0000] {logging_mixin.py:190} INFO - [2025-07-01T22:17:46.868+0000] {override.py:1900} INFO - Created Permission View: can read on DAG Run:extract_raw_data_pipeline
[2025-07-01T22:17:46.870+0000] {logging_mixin.py:190} INFO - [2025-07-01T22:17:46.870+0000] {dag.py:3239} INFO - Sync 1 DAGs
[2025-07-01T22:17:46.910+0000] {logging_mixin.py:190} INFO - [2025-07-01T22:17:46.910+0000] {dag.py:3262} INFO - Creating ORM DAG for extract_raw_data_pipeline
[2025-07-01T22:17:46.951+0000] {logging_mixin.py:190} INFO - [2025-07-01T22:17:46.950+0000] {dag.py:4180} INFO - Setting next_dagrun for extract_raw_data_pipeline to 2025-07-01 07:58:00+00:00, run_after=2025-07-01 07:59:00+00:00
[2025-07-01T22:17:47.006+0000] {processor.py:208} INFO - Processing /opt/airflow/dags/driven_data_pipeline.py took 1.503 seconds
[2025-07-01T22:18:17.471+0000] {processor.py:186} INFO - Started process (PID=76) to work on /opt/airflow/dags/driven_data_pipeline.py
[2025-07-01T22:18:17.473+0000] {processor.py:914} INFO - Processing file /opt/airflow/dags/driven_data_pipeline.py for tasks to queue
[2025-07-01T22:18:17.478+0000] {logging_mixin.py:190} INFO - [2025-07-01T22:18:17.477+0000] {dagbag.py:588} INFO - Filling up the DagBag from /opt/airflow/dags/driven_data_pipeline.py
[2025-07-01T22:18:17.523+0000] {processor.py:925} INFO - DAG(s) 'extract_raw_data_pipeline' retrieved from /opt/airflow/dags/driven_data_pipeline.py
[2025-07-01T22:18:17.579+0000] {logging_mixin.py:190} INFO - [2025-07-01T22:18:17.578+0000] {dag.py:3239} INFO - Sync 1 DAGs
[2025-07-01T22:18:17.609+0000] {logging_mixin.py:190} INFO - [2025-07-01T22:18:17.609+0000] {dag.py:4180} INFO - Setting next_dagrun for extract_raw_data_pipeline to 2025-07-01 07:58:00+00:00, run_after=2025-07-01 07:59:00+00:00
[2025-07-01T22:18:17.638+0000] {processor.py:208} INFO - Processing /opt/airflow/dags/driven_data_pipeline.py took 0.176 seconds
[2025-07-01T22:18:47.803+0000] {processor.py:186} INFO - Started process (PID=84) to work on /opt/airflow/dags/driven_data_pipeline.py
[2025-07-01T22:18:47.805+0000] {processor.py:914} INFO - Processing file /opt/airflow/dags/driven_data_pipeline.py for tasks to queue
[2025-07-01T22:18:47.808+0000] {logging_mixin.py:190} INFO - [2025-07-01T22:18:47.807+0000] {dagbag.py:588} INFO - Filling up the DagBag from /opt/airflow/dags/driven_data_pipeline.py
[2025-07-01T22:18:47.858+0000] {processor.py:925} INFO - DAG(s) 'extract_raw_data_pipeline' retrieved from /opt/airflow/dags/driven_data_pipeline.py
[2025-07-01T22:18:47.937+0000] {logging_mixin.py:190} INFO - [2025-07-01T22:18:47.936+0000] {dag.py:3239} INFO - Sync 1 DAGs
[2025-07-01T22:18:48.007+0000] {logging_mixin.py:190} INFO - [2025-07-01T22:18:48.006+0000] {dag.py:4180} INFO - Setting next_dagrun for extract_raw_data_pipeline to 2025-07-01 07:58:00+00:00, run_after=2025-07-01 07:59:00+00:00
[2025-07-01T22:18:48.084+0000] {processor.py:208} INFO - Processing /opt/airflow/dags/driven_data_pipeline.py took 0.292 seconds
[2025-07-01T22:19:18.454+0000] {processor.py:186} INFO - Started process (PID=97) to work on /opt/airflow/dags/driven_data_pipeline.py
[2025-07-01T22:19:18.467+0000] {processor.py:914} INFO - Processing file /opt/airflow/dags/driven_data_pipeline.py for tasks to queue
[2025-07-01T22:19:18.477+0000] {logging_mixin.py:190} INFO - [2025-07-01T22:19:18.475+0000] {dagbag.py:588} INFO - Filling up the DagBag from /opt/airflow/dags/driven_data_pipeline.py
[2025-07-01T22:19:18.750+0000] {processor.py:925} INFO - DAG(s) 'extract_raw_data_pipeline' retrieved from /opt/airflow/dags/driven_data_pipeline.py
[2025-07-01T22:19:18.926+0000] {logging_mixin.py:190} INFO - [2025-07-01T22:19:18.925+0000] {dag.py:3239} INFO - Sync 1 DAGs
[2025-07-01T22:19:19.183+0000] {logging_mixin.py:190} INFO - [2025-07-01T22:19:19.175+0000] {dag.py:4180} INFO - Setting next_dagrun for extract_raw_data_pipeline to 2025-07-01 07:59:00+00:00, run_after=2025-07-02 07:00:00+00:00
[2025-07-01T22:19:19.351+0000] {processor.py:208} INFO - Processing /opt/airflow/dags/driven_data_pipeline.py took 0.919 seconds
[2025-07-01T22:19:49.863+0000] {processor.py:186} INFO - Started process (PID=110) to work on /opt/airflow/dags/driven_data_pipeline.py
[2025-07-01T22:19:49.865+0000] {processor.py:914} INFO - Processing file /opt/airflow/dags/driven_data_pipeline.py for tasks to queue
[2025-07-01T22:19:49.869+0000] {logging_mixin.py:190} INFO - [2025-07-01T22:19:49.869+0000] {dagbag.py:588} INFO - Filling up the DagBag from /opt/airflow/dags/driven_data_pipeline.py
[2025-07-01T22:19:49.971+0000] {processor.py:925} INFO - DAG(s) 'extract_raw_data_pipeline' retrieved from /opt/airflow/dags/driven_data_pipeline.py
[2025-07-01T22:19:50.020+0000] {logging_mixin.py:190} INFO - [2025-07-01T22:19:50.020+0000] {dag.py:3239} INFO - Sync 1 DAGs
[2025-07-01T22:19:50.075+0000] {logging_mixin.py:190} INFO - [2025-07-01T22:19:50.075+0000] {dag.py:4180} INFO - Setting next_dagrun for extract_raw_data_pipeline to 2025-07-01 07:59:00+00:00, run_after=2025-07-02 07:00:00+00:00
[2025-07-01T22:19:50.116+0000] {processor.py:208} INFO - Processing /opt/airflow/dags/driven_data_pipeline.py took 0.263 seconds
[2025-07-01T22:20:20.220+0000] {processor.py:186} INFO - Started process (PID=117) to work on /opt/airflow/dags/driven_data_pipeline.py
[2025-07-01T22:20:20.221+0000] {processor.py:914} INFO - Processing file /opt/airflow/dags/driven_data_pipeline.py for tasks to queue
[2025-07-01T22:20:20.225+0000] {logging_mixin.py:190} INFO - [2025-07-01T22:20:20.224+0000] {dagbag.py:588} INFO - Filling up the DagBag from /opt/airflow/dags/driven_data_pipeline.py
[2025-07-01T22:20:20.264+0000] {processor.py:925} INFO - DAG(s) 'extract_raw_data_pipeline' retrieved from /opt/airflow/dags/driven_data_pipeline.py
[2025-07-01T22:20:20.307+0000] {logging_mixin.py:190} INFO - [2025-07-01T22:20:20.307+0000] {dag.py:3239} INFO - Sync 1 DAGs
[2025-07-01T22:20:20.334+0000] {logging_mixin.py:190} INFO - [2025-07-01T22:20:20.334+0000] {dag.py:4180} INFO - Setting next_dagrun for extract_raw_data_pipeline to 2025-07-01 07:59:00+00:00, run_after=2025-07-02 07:00:00+00:00
[2025-07-01T22:20:20.360+0000] {processor.py:208} INFO - Processing /opt/airflow/dags/driven_data_pipeline.py took 0.146 seconds
[2025-07-01T22:20:50.539+0000] {processor.py:186} INFO - Started process (PID=124) to work on /opt/airflow/dags/driven_data_pipeline.py
[2025-07-01T22:20:50.541+0000] {processor.py:914} INFO - Processing file /opt/airflow/dags/driven_data_pipeline.py for tasks to queue
[2025-07-01T22:20:50.546+0000] {logging_mixin.py:190} INFO - [2025-07-01T22:20:50.545+0000] {dagbag.py:588} INFO - Filling up the DagBag from /opt/airflow/dags/driven_data_pipeline.py
[2025-07-01T22:20:50.593+0000] {processor.py:925} INFO - DAG(s) 'extract_raw_data_pipeline' retrieved from /opt/airflow/dags/driven_data_pipeline.py
[2025-07-01T22:20:50.624+0000] {logging_mixin.py:190} INFO - [2025-07-01T22:20:50.624+0000] {dag.py:3239} INFO - Sync 1 DAGs
[2025-07-01T22:20:50.649+0000] {logging_mixin.py:190} INFO - [2025-07-01T22:20:50.648+0000] {dag.py:4180} INFO - Setting next_dagrun for extract_raw_data_pipeline to 2025-07-01 07:59:00+00:00, run_after=2025-07-02 07:00:00+00:00
[2025-07-01T22:20:50.676+0000] {processor.py:208} INFO - Processing /opt/airflow/dags/driven_data_pipeline.py took 0.143 seconds
[2025-07-01T22:21:21.027+0000] {processor.py:186} INFO - Started process (PID=131) to work on /opt/airflow/dags/driven_data_pipeline.py
[2025-07-01T22:21:21.028+0000] {processor.py:914} INFO - Processing file /opt/airflow/dags/driven_data_pipeline.py for tasks to queue
[2025-07-01T22:21:21.032+0000] {logging_mixin.py:190} INFO - [2025-07-01T22:21:21.032+0000] {dagbag.py:588} INFO - Filling up the DagBag from /opt/airflow/dags/driven_data_pipeline.py
[2025-07-01T22:21:21.085+0000] {processor.py:925} INFO - DAG(s) 'extract_raw_data_pipeline' retrieved from /opt/airflow/dags/driven_data_pipeline.py
[2025-07-01T22:21:21.124+0000] {logging_mixin.py:190} INFO - [2025-07-01T22:21:21.123+0000] {dag.py:3239} INFO - Sync 1 DAGs
[2025-07-01T22:21:21.169+0000] {logging_mixin.py:190} INFO - [2025-07-01T22:21:21.169+0000] {dag.py:4180} INFO - Setting next_dagrun for extract_raw_data_pipeline to 2025-07-01 07:59:00+00:00, run_after=2025-07-02 07:00:00+00:00
[2025-07-01T22:21:21.204+0000] {processor.py:208} INFO - Processing /opt/airflow/dags/driven_data_pipeline.py took 0.187 seconds
[2025-07-01T22:21:51.361+0000] {processor.py:186} INFO - Started process (PID=138) to work on /opt/airflow/dags/driven_data_pipeline.py
[2025-07-01T22:21:51.367+0000] {processor.py:914} INFO - Processing file /opt/airflow/dags/driven_data_pipeline.py for tasks to queue
[2025-07-01T22:21:51.372+0000] {logging_mixin.py:190} INFO - [2025-07-01T22:21:51.372+0000] {dagbag.py:588} INFO - Filling up the DagBag from /opt/airflow/dags/driven_data_pipeline.py
[2025-07-01T22:21:51.411+0000] {processor.py:925} INFO - DAG(s) 'extract_raw_data_pipeline' retrieved from /opt/airflow/dags/driven_data_pipeline.py
[2025-07-01T22:21:51.442+0000] {logging_mixin.py:190} INFO - [2025-07-01T22:21:51.441+0000] {dag.py:3239} INFO - Sync 1 DAGs
[2025-07-01T22:21:51.653+0000] {logging_mixin.py:190} INFO - [2025-07-01T22:21:51.653+0000] {dag.py:4180} INFO - Setting next_dagrun for extract_raw_data_pipeline to 2025-07-01 07:59:00+00:00, run_after=2025-07-02 07:00:00+00:00
[2025-07-01T22:21:51.679+0000] {processor.py:208} INFO - Processing /opt/airflow/dags/driven_data_pipeline.py took 0.327 seconds
[2025-07-01T22:22:21.854+0000] {processor.py:186} INFO - Started process (PID=145) to work on /opt/airflow/dags/driven_data_pipeline.py
[2025-07-01T22:22:21.855+0000] {processor.py:914} INFO - Processing file /opt/airflow/dags/driven_data_pipeline.py for tasks to queue
[2025-07-01T22:22:21.858+0000] {logging_mixin.py:190} INFO - [2025-07-01T22:22:21.858+0000] {dagbag.py:588} INFO - Filling up the DagBag from /opt/airflow/dags/driven_data_pipeline.py
[2025-07-01T22:22:21.902+0000] {processor.py:925} INFO - DAG(s) 'extract_raw_data_pipeline' retrieved from /opt/airflow/dags/driven_data_pipeline.py
[2025-07-01T22:22:21.933+0000] {logging_mixin.py:190} INFO - [2025-07-01T22:22:21.933+0000] {dag.py:3239} INFO - Sync 1 DAGs
[2025-07-01T22:22:22.108+0000] {logging_mixin.py:190} INFO - [2025-07-01T22:22:22.108+0000] {dag.py:4180} INFO - Setting next_dagrun for extract_raw_data_pipeline to 2025-07-01 07:59:00+00:00, run_after=2025-07-02 07:00:00+00:00
[2025-07-01T22:22:22.129+0000] {processor.py:208} INFO - Processing /opt/airflow/dags/driven_data_pipeline.py took 0.281 seconds
[2025-07-01T22:22:52.348+0000] {processor.py:186} INFO - Started process (PID=152) to work on /opt/airflow/dags/driven_data_pipeline.py
[2025-07-01T22:22:52.350+0000] {processor.py:914} INFO - Processing file /opt/airflow/dags/driven_data_pipeline.py for tasks to queue
[2025-07-01T22:22:52.354+0000] {logging_mixin.py:190} INFO - [2025-07-01T22:22:52.353+0000] {dagbag.py:588} INFO - Filling up the DagBag from /opt/airflow/dags/driven_data_pipeline.py
[2025-07-01T22:22:52.393+0000] {processor.py:925} INFO - DAG(s) 'extract_raw_data_pipeline' retrieved from /opt/airflow/dags/driven_data_pipeline.py
[2025-07-01T22:22:52.569+0000] {logging_mixin.py:190} INFO - [2025-07-01T22:22:52.569+0000] {dag.py:3239} INFO - Sync 1 DAGs
[2025-07-01T22:22:52.597+0000] {logging_mixin.py:190} INFO - [2025-07-01T22:22:52.597+0000] {dag.py:4180} INFO - Setting next_dagrun for extract_raw_data_pipeline to 2025-07-01 07:59:00+00:00, run_after=2025-07-02 07:00:00+00:00
[2025-07-01T22:22:52.621+0000] {processor.py:208} INFO - Processing /opt/airflow/dags/driven_data_pipeline.py took 0.279 seconds
[2025-07-01T22:23:22.812+0000] {processor.py:186} INFO - Started process (PID=159) to work on /opt/airflow/dags/driven_data_pipeline.py
[2025-07-01T22:23:22.814+0000] {processor.py:914} INFO - Processing file /opt/airflow/dags/driven_data_pipeline.py for tasks to queue
[2025-07-01T22:23:22.818+0000] {logging_mixin.py:190} INFO - [2025-07-01T22:23:22.817+0000] {dagbag.py:588} INFO - Filling up the DagBag from /opt/airflow/dags/driven_data_pipeline.py
[2025-07-01T22:23:22.861+0000] {processor.py:925} INFO - DAG(s) 'extract_raw_data_pipeline' retrieved from /opt/airflow/dags/driven_data_pipeline.py
[2025-07-01T22:23:22.893+0000] {logging_mixin.py:190} INFO - [2025-07-01T22:23:22.893+0000] {dag.py:3239} INFO - Sync 1 DAGs
[2025-07-01T22:23:22.917+0000] {logging_mixin.py:190} INFO - [2025-07-01T22:23:22.917+0000] {dag.py:4180} INFO - Setting next_dagrun for extract_raw_data_pipeline to 2025-07-01 07:59:00+00:00, run_after=2025-07-02 07:00:00+00:00
[2025-07-01T22:23:22.947+0000] {processor.py:208} INFO - Processing /opt/airflow/dags/driven_data_pipeline.py took 0.142 seconds
[2025-07-01T22:23:53.262+0000] {processor.py:186} INFO - Started process (PID=166) to work on /opt/airflow/dags/driven_data_pipeline.py
[2025-07-01T22:23:53.264+0000] {processor.py:914} INFO - Processing file /opt/airflow/dags/driven_data_pipeline.py for tasks to queue
[2025-07-01T22:23:53.267+0000] {logging_mixin.py:190} INFO - [2025-07-01T22:23:53.266+0000] {dagbag.py:588} INFO - Filling up the DagBag from /opt/airflow/dags/driven_data_pipeline.py
[2025-07-01T22:23:53.303+0000] {processor.py:925} INFO - DAG(s) 'extract_raw_data_pipeline' retrieved from /opt/airflow/dags/driven_data_pipeline.py
[2025-07-01T22:23:53.335+0000] {logging_mixin.py:190} INFO - [2025-07-01T22:23:53.333+0000] {dag.py:3239} INFO - Sync 1 DAGs
[2025-07-01T22:23:53.364+0000] {logging_mixin.py:190} INFO - [2025-07-01T22:23:53.364+0000] {dag.py:4180} INFO - Setting next_dagrun for extract_raw_data_pipeline to 2025-07-01 07:59:00+00:00, run_after=2025-07-02 07:00:00+00:00
[2025-07-01T22:23:53.389+0000] {processor.py:208} INFO - Processing /opt/airflow/dags/driven_data_pipeline.py took 0.132 seconds
[2025-07-01T22:24:23.618+0000] {processor.py:186} INFO - Started process (PID=173) to work on /opt/airflow/dags/driven_data_pipeline.py
[2025-07-01T22:24:23.619+0000] {processor.py:914} INFO - Processing file /opt/airflow/dags/driven_data_pipeline.py for tasks to queue
[2025-07-01T22:24:23.624+0000] {logging_mixin.py:190} INFO - [2025-07-01T22:24:23.623+0000] {dagbag.py:588} INFO - Filling up the DagBag from /opt/airflow/dags/driven_data_pipeline.py
[2025-07-01T22:24:23.676+0000] {processor.py:925} INFO - DAG(s) 'extract_raw_data_pipeline' retrieved from /opt/airflow/dags/driven_data_pipeline.py
[2025-07-01T22:24:23.711+0000] {logging_mixin.py:190} INFO - [2025-07-01T22:24:23.711+0000] {dag.py:3239} INFO - Sync 1 DAGs
[2025-07-01T22:24:23.737+0000] {logging_mixin.py:190} INFO - [2025-07-01T22:24:23.737+0000] {dag.py:4180} INFO - Setting next_dagrun for extract_raw_data_pipeline to 2025-07-01 07:59:00+00:00, run_after=2025-07-02 07:00:00+00:00
[2025-07-01T22:24:24.070+0000] {processor.py:208} INFO - Processing /opt/airflow/dags/driven_data_pipeline.py took 0.462 seconds
[2025-07-01T22:24:54.394+0000] {processor.py:186} INFO - Started process (PID=180) to work on /opt/airflow/dags/driven_data_pipeline.py
[2025-07-01T22:24:54.396+0000] {processor.py:914} INFO - Processing file /opt/airflow/dags/driven_data_pipeline.py for tasks to queue
[2025-07-01T22:24:54.399+0000] {logging_mixin.py:190} INFO - [2025-07-01T22:24:54.399+0000] {dagbag.py:588} INFO - Filling up the DagBag from /opt/airflow/dags/driven_data_pipeline.py
[2025-07-01T22:24:54.444+0000] {processor.py:925} INFO - DAG(s) 'extract_raw_data_pipeline' retrieved from /opt/airflow/dags/driven_data_pipeline.py
[2025-07-01T22:24:54.488+0000] {logging_mixin.py:190} INFO - [2025-07-01T22:24:54.487+0000] {dag.py:3239} INFO - Sync 1 DAGs
[2025-07-01T22:24:54.672+0000] {logging_mixin.py:190} INFO - [2025-07-01T22:24:54.672+0000] {dag.py:4180} INFO - Setting next_dagrun for extract_raw_data_pipeline to 2025-07-01 07:59:00+00:00, run_after=2025-07-02 07:00:00+00:00
[2025-07-01T22:24:54.695+0000] {processor.py:208} INFO - Processing /opt/airflow/dags/driven_data_pipeline.py took 0.307 seconds
[2025-07-01T22:25:25.028+0000] {processor.py:186} INFO - Started process (PID=187) to work on /opt/airflow/dags/driven_data_pipeline.py
[2025-07-01T22:25:25.030+0000] {processor.py:914} INFO - Processing file /opt/airflow/dags/driven_data_pipeline.py for tasks to queue
[2025-07-01T22:25:25.034+0000] {logging_mixin.py:190} INFO - [2025-07-01T22:25:25.034+0000] {dagbag.py:588} INFO - Filling up the DagBag from /opt/airflow/dags/driven_data_pipeline.py
[2025-07-01T22:25:25.078+0000] {processor.py:925} INFO - DAG(s) 'extract_raw_data_pipeline' retrieved from /opt/airflow/dags/driven_data_pipeline.py
[2025-07-01T22:25:25.305+0000] {logging_mixin.py:190} INFO - [2025-07-01T22:25:25.305+0000] {dag.py:3239} INFO - Sync 1 DAGs
[2025-07-01T22:25:25.347+0000] {logging_mixin.py:190} INFO - [2025-07-01T22:25:25.347+0000] {dag.py:4180} INFO - Setting next_dagrun for extract_raw_data_pipeline to 2025-07-01 07:59:00+00:00, run_after=2025-07-02 07:00:00+00:00
[2025-07-01T22:25:25.373+0000] {processor.py:208} INFO - Processing /opt/airflow/dags/driven_data_pipeline.py took 0.352 seconds
[2025-07-01T22:25:55.705+0000] {processor.py:186} INFO - Started process (PID=194) to work on /opt/airflow/dags/driven_data_pipeline.py
[2025-07-01T22:25:55.707+0000] {processor.py:914} INFO - Processing file /opt/airflow/dags/driven_data_pipeline.py for tasks to queue
[2025-07-01T22:25:55.709+0000] {logging_mixin.py:190} INFO - [2025-07-01T22:25:55.709+0000] {dagbag.py:588} INFO - Filling up the DagBag from /opt/airflow/dags/driven_data_pipeline.py
[2025-07-01T22:25:55.751+0000] {processor.py:925} INFO - DAG(s) 'extract_raw_data_pipeline' retrieved from /opt/airflow/dags/driven_data_pipeline.py
[2025-07-01T22:25:55.799+0000] {logging_mixin.py:190} INFO - [2025-07-01T22:25:55.798+0000] {dag.py:3239} INFO - Sync 1 DAGs
[2025-07-01T22:25:55.827+0000] {logging_mixin.py:190} INFO - [2025-07-01T22:25:55.827+0000] {dag.py:4180} INFO - Setting next_dagrun for extract_raw_data_pipeline to 2025-07-01 07:59:00+00:00, run_after=2025-07-02 07:00:00+00:00
[2025-07-01T22:25:55.854+0000] {processor.py:208} INFO - Processing /opt/airflow/dags/driven_data_pipeline.py took 0.156 seconds
[2025-07-01T22:26:26.042+0000] {processor.py:186} INFO - Started process (PID=201) to work on /opt/airflow/dags/driven_data_pipeline.py
[2025-07-01T22:26:26.044+0000] {processor.py:914} INFO - Processing file /opt/airflow/dags/driven_data_pipeline.py for tasks to queue
[2025-07-01T22:26:26.048+0000] {logging_mixin.py:190} INFO - [2025-07-01T22:26:26.047+0000] {dagbag.py:588} INFO - Filling up the DagBag from /opt/airflow/dags/driven_data_pipeline.py
[2025-07-01T22:26:26.090+0000] {processor.py:925} INFO - DAG(s) 'extract_raw_data_pipeline' retrieved from /opt/airflow/dags/driven_data_pipeline.py
[2025-07-01T22:26:26.125+0000] {logging_mixin.py:190} INFO - [2025-07-01T22:26:26.125+0000] {dag.py:3239} INFO - Sync 1 DAGs
[2025-07-01T22:26:26.159+0000] {logging_mixin.py:190} INFO - [2025-07-01T22:26:26.159+0000] {dag.py:4180} INFO - Setting next_dagrun for extract_raw_data_pipeline to 2025-07-01 07:59:00+00:00, run_after=2025-07-02 07:00:00+00:00
[2025-07-01T22:26:26.188+0000] {processor.py:208} INFO - Processing /opt/airflow/dags/driven_data_pipeline.py took 0.154 seconds
[2025-07-01T22:26:56.461+0000] {processor.py:186} INFO - Started process (PID=208) to work on /opt/airflow/dags/driven_data_pipeline.py
[2025-07-01T22:26:56.463+0000] {processor.py:914} INFO - Processing file /opt/airflow/dags/driven_data_pipeline.py for tasks to queue
[2025-07-01T22:26:56.466+0000] {logging_mixin.py:190} INFO - [2025-07-01T22:26:56.465+0000] {dagbag.py:588} INFO - Filling up the DagBag from /opt/airflow/dags/driven_data_pipeline.py
[2025-07-01T22:26:56.508+0000] {processor.py:925} INFO - DAG(s) 'extract_raw_data_pipeline' retrieved from /opt/airflow/dags/driven_data_pipeline.py
[2025-07-01T22:26:56.537+0000] {logging_mixin.py:190} INFO - [2025-07-01T22:26:56.536+0000] {dag.py:3239} INFO - Sync 1 DAGs
[2025-07-01T22:26:56.564+0000] {logging_mixin.py:190} INFO - [2025-07-01T22:26:56.563+0000] {dag.py:4180} INFO - Setting next_dagrun for extract_raw_data_pipeline to 2025-07-01 07:59:00+00:00, run_after=2025-07-02 07:00:00+00:00
[2025-07-01T22:26:56.588+0000] {processor.py:208} INFO - Processing /opt/airflow/dags/driven_data_pipeline.py took 0.131 seconds
[2025-07-01T22:27:26.801+0000] {processor.py:186} INFO - Started process (PID=215) to work on /opt/airflow/dags/driven_data_pipeline.py
[2025-07-01T22:27:26.803+0000] {processor.py:914} INFO - Processing file /opt/airflow/dags/driven_data_pipeline.py for tasks to queue
[2025-07-01T22:27:26.807+0000] {logging_mixin.py:190} INFO - [2025-07-01T22:27:26.806+0000] {dagbag.py:588} INFO - Filling up the DagBag from /opt/airflow/dags/driven_data_pipeline.py
[2025-07-01T22:27:26.857+0000] {processor.py:925} INFO - DAG(s) 'extract_raw_data_pipeline' retrieved from /opt/airflow/dags/driven_data_pipeline.py
[2025-07-01T22:27:26.885+0000] {logging_mixin.py:190} INFO - [2025-07-01T22:27:26.885+0000] {dag.py:3239} INFO - Sync 1 DAGs
[2025-07-01T22:27:27.065+0000] {logging_mixin.py:190} INFO - [2025-07-01T22:27:27.064+0000] {dag.py:4180} INFO - Setting next_dagrun for extract_raw_data_pipeline to 2025-07-01 07:59:00+00:00, run_after=2025-07-02 07:00:00+00:00
[2025-07-01T22:27:27.086+0000] {processor.py:208} INFO - Processing /opt/airflow/dags/driven_data_pipeline.py took 0.291 seconds
[2025-07-01T22:27:57.142+0000] {processor.py:186} INFO - Started process (PID=222) to work on /opt/airflow/dags/driven_data_pipeline.py
[2025-07-01T22:27:57.143+0000] {processor.py:914} INFO - Processing file /opt/airflow/dags/driven_data_pipeline.py for tasks to queue
[2025-07-01T22:27:57.148+0000] {logging_mixin.py:190} INFO - [2025-07-01T22:27:57.148+0000] {dagbag.py:588} INFO - Filling up the DagBag from /opt/airflow/dags/driven_data_pipeline.py
[2025-07-01T22:27:57.195+0000] {processor.py:925} INFO - DAG(s) 'extract_raw_data_pipeline' retrieved from /opt/airflow/dags/driven_data_pipeline.py
[2025-07-01T22:27:57.226+0000] {logging_mixin.py:190} INFO - [2025-07-01T22:27:57.226+0000] {dag.py:3239} INFO - Sync 1 DAGs
[2025-07-01T22:27:57.420+0000] {logging_mixin.py:190} INFO - [2025-07-01T22:27:57.420+0000] {dag.py:4180} INFO - Setting next_dagrun for extract_raw_data_pipeline to 2025-07-01 07:59:00+00:00, run_after=2025-07-02 07:00:00+00:00
[2025-07-01T22:27:57.454+0000] {processor.py:208} INFO - Processing /opt/airflow/dags/driven_data_pipeline.py took 0.319 seconds
[2025-07-01T22:28:27.706+0000] {processor.py:186} INFO - Started process (PID=229) to work on /opt/airflow/dags/driven_data_pipeline.py
[2025-07-01T22:28:27.708+0000] {processor.py:914} INFO - Processing file /opt/airflow/dags/driven_data_pipeline.py for tasks to queue
[2025-07-01T22:28:27.711+0000] {logging_mixin.py:190} INFO - [2025-07-01T22:28:27.711+0000] {dagbag.py:588} INFO - Filling up the DagBag from /opt/airflow/dags/driven_data_pipeline.py
[2025-07-01T22:28:27.921+0000] {processor.py:925} INFO - DAG(s) 'extract_raw_data_pipeline' retrieved from /opt/airflow/dags/driven_data_pipeline.py
[2025-07-01T22:28:27.948+0000] {logging_mixin.py:190} INFO - [2025-07-01T22:28:27.948+0000] {dag.py:3239} INFO - Sync 1 DAGs
[2025-07-01T22:28:27.972+0000] {logging_mixin.py:190} INFO - [2025-07-01T22:28:27.971+0000] {dag.py:4180} INFO - Setting next_dagrun for extract_raw_data_pipeline to 2025-07-01 07:59:00+00:00, run_after=2025-07-02 07:00:00+00:00
[2025-07-01T22:28:27.999+0000] {processor.py:208} INFO - Processing /opt/airflow/dags/driven_data_pipeline.py took 0.301 seconds
[2025-07-01T22:28:58.070+0000] {processor.py:186} INFO - Started process (PID=236) to work on /opt/airflow/dags/driven_data_pipeline.py
[2025-07-01T22:28:58.071+0000] {processor.py:914} INFO - Processing file /opt/airflow/dags/driven_data_pipeline.py for tasks to queue
[2025-07-01T22:28:58.075+0000] {logging_mixin.py:190} INFO - [2025-07-01T22:28:58.075+0000] {dagbag.py:588} INFO - Filling up the DagBag from /opt/airflow/dags/driven_data_pipeline.py
[2025-07-01T22:28:58.119+0000] {processor.py:925} INFO - DAG(s) 'extract_raw_data_pipeline' retrieved from /opt/airflow/dags/driven_data_pipeline.py
[2025-07-01T22:28:58.153+0000] {logging_mixin.py:190} INFO - [2025-07-01T22:28:58.153+0000] {dag.py:3239} INFO - Sync 1 DAGs
[2025-07-01T22:28:58.187+0000] {logging_mixin.py:190} INFO - [2025-07-01T22:28:58.187+0000] {dag.py:4180} INFO - Setting next_dagrun for extract_raw_data_pipeline to 2025-07-01 07:59:00+00:00, run_after=2025-07-02 07:00:00+00:00
[2025-07-01T22:28:58.220+0000] {processor.py:208} INFO - Processing /opt/airflow/dags/driven_data_pipeline.py took 0.156 seconds
[2025-07-01T22:29:28.469+0000] {processor.py:186} INFO - Started process (PID=243) to work on /opt/airflow/dags/driven_data_pipeline.py
[2025-07-01T22:29:28.471+0000] {processor.py:914} INFO - Processing file /opt/airflow/dags/driven_data_pipeline.py for tasks to queue
[2025-07-01T22:29:28.479+0000] {logging_mixin.py:190} INFO - [2025-07-01T22:29:28.478+0000] {dagbag.py:588} INFO - Filling up the DagBag from /opt/airflow/dags/driven_data_pipeline.py
[2025-07-01T22:29:28.550+0000] {processor.py:925} INFO - DAG(s) 'extract_raw_data_pipeline' retrieved from /opt/airflow/dags/driven_data_pipeline.py
[2025-07-01T22:29:28.628+0000] {logging_mixin.py:190} INFO - [2025-07-01T22:29:28.628+0000] {dag.py:3239} INFO - Sync 1 DAGs
[2025-07-01T22:29:28.687+0000] {logging_mixin.py:190} INFO - [2025-07-01T22:29:28.687+0000] {dag.py:4180} INFO - Setting next_dagrun for extract_raw_data_pipeline to 2025-07-01 07:59:00+00:00, run_after=2025-07-02 07:00:00+00:00
[2025-07-01T22:29:28.745+0000] {processor.py:208} INFO - Processing /opt/airflow/dags/driven_data_pipeline.py took 0.290 seconds
[2025-07-01T22:29:59.088+0000] {processor.py:186} INFO - Started process (PID=250) to work on /opt/airflow/dags/driven_data_pipeline.py
[2025-07-01T22:29:59.090+0000] {processor.py:914} INFO - Processing file /opt/airflow/dags/driven_data_pipeline.py for tasks to queue
[2025-07-01T22:29:59.093+0000] {logging_mixin.py:190} INFO - [2025-07-01T22:29:59.092+0000] {dagbag.py:588} INFO - Filling up the DagBag from /opt/airflow/dags/driven_data_pipeline.py
[2025-07-01T22:29:59.133+0000] {processor.py:925} INFO - DAG(s) 'extract_raw_data_pipeline' retrieved from /opt/airflow/dags/driven_data_pipeline.py
[2025-07-01T22:29:59.165+0000] {logging_mixin.py:190} INFO - [2025-07-01T22:29:59.164+0000] {dag.py:3239} INFO - Sync 1 DAGs
[2025-07-01T22:29:59.377+0000] {logging_mixin.py:190} INFO - [2025-07-01T22:29:59.377+0000] {dag.py:4180} INFO - Setting next_dagrun for extract_raw_data_pipeline to 2025-07-01 07:59:00+00:00, run_after=2025-07-02 07:00:00+00:00
[2025-07-01T22:29:59.399+0000] {processor.py:208} INFO - Processing /opt/airflow/dags/driven_data_pipeline.py took 0.318 seconds
[2025-07-01T22:30:29.700+0000] {processor.py:186} INFO - Started process (PID=257) to work on /opt/airflow/dags/driven_data_pipeline.py
[2025-07-01T22:30:29.702+0000] {processor.py:914} INFO - Processing file /opt/airflow/dags/driven_data_pipeline.py for tasks to queue
[2025-07-01T22:30:29.705+0000] {logging_mixin.py:190} INFO - [2025-07-01T22:30:29.704+0000] {dagbag.py:588} INFO - Filling up the DagBag from /opt/airflow/dags/driven_data_pipeline.py
[2025-07-01T22:30:29.740+0000] {processor.py:925} INFO - DAG(s) 'extract_raw_data_pipeline' retrieved from /opt/airflow/dags/driven_data_pipeline.py
[2025-07-01T22:30:29.772+0000] {logging_mixin.py:190} INFO - [2025-07-01T22:30:29.771+0000] {dag.py:3239} INFO - Sync 1 DAGs
[2025-07-01T22:30:29.968+0000] {logging_mixin.py:190} INFO - [2025-07-01T22:30:29.968+0000] {dag.py:4180} INFO - Setting next_dagrun for extract_raw_data_pipeline to 2025-07-01 07:59:00+00:00, run_after=2025-07-02 07:00:00+00:00
[2025-07-01T22:30:29.991+0000] {processor.py:208} INFO - Processing /opt/airflow/dags/driven_data_pipeline.py took 0.298 seconds
[2025-07-01T22:32:53.194+0000] {processor.py:186} INFO - Started process (PID=66) to work on /opt/airflow/dags/driven_data_pipeline.py
[2025-07-01T22:32:53.197+0000] {processor.py:914} INFO - Processing file /opt/airflow/dags/driven_data_pipeline.py for tasks to queue
[2025-07-01T22:32:53.203+0000] {logging_mixin.py:190} INFO - [2025-07-01T22:32:53.201+0000] {dagbag.py:588} INFO - Filling up the DagBag from /opt/airflow/dags/driven_data_pipeline.py
[2025-07-01T22:32:53.321+0000] {processor.py:925} INFO - DAG(s) 'extract_raw_data_pipeline' retrieved from /opt/airflow/dags/driven_data_pipeline.py
[2025-07-01T22:32:53.900+0000] {logging_mixin.py:190} INFO - [2025-07-01T22:32:53.897+0000] {override.py:1900} INFO - Created Permission View: can read on DAG:extract_raw_data_pipeline
[2025-07-01T22:32:53.931+0000] {logging_mixin.py:190} INFO - [2025-07-01T22:32:53.930+0000] {override.py:1900} INFO - Created Permission View: can edit on DAG:extract_raw_data_pipeline
[2025-07-01T22:32:53.967+0000] {logging_mixin.py:190} INFO - [2025-07-01T22:32:53.967+0000] {override.py:1900} INFO - Created Permission View: can delete on DAG:extract_raw_data_pipeline
[2025-07-01T22:32:53.993+0000] {logging_mixin.py:190} INFO - [2025-07-01T22:32:53.992+0000] {override.py:1900} INFO - Created Permission View: menu access on DAG Run:extract_raw_data_pipeline
[2025-07-01T22:32:54.015+0000] {logging_mixin.py:190} INFO - [2025-07-01T22:32:54.014+0000] {override.py:1900} INFO - Created Permission View: can read on DAG Run:extract_raw_data_pipeline
[2025-07-01T22:32:54.041+0000] {logging_mixin.py:190} INFO - [2025-07-01T22:32:54.040+0000] {override.py:1900} INFO - Created Permission View: can create on DAG Run:extract_raw_data_pipeline
[2025-07-01T22:32:54.067+0000] {logging_mixin.py:190} INFO - [2025-07-01T22:32:54.067+0000] {override.py:1900} INFO - Created Permission View: can delete on DAG Run:extract_raw_data_pipeline
[2025-07-01T22:32:54.069+0000] {logging_mixin.py:190} INFO - [2025-07-01T22:32:54.069+0000] {dag.py:3239} INFO - Sync 1 DAGs
[2025-07-01T22:32:54.101+0000] {logging_mixin.py:190} INFO - [2025-07-01T22:32:54.101+0000] {dag.py:3262} INFO - Creating ORM DAG for extract_raw_data_pipeline
[2025-07-01T22:32:54.139+0000] {logging_mixin.py:190} INFO - [2025-07-01T22:32:54.138+0000] {dag.py:4180} INFO - Setting next_dagrun for extract_raw_data_pipeline to 2025-07-01 07:58:00+00:00, run_after=2025-07-01 07:59:00+00:00
[2025-07-01T22:32:54.186+0000] {processor.py:208} INFO - Processing /opt/airflow/dags/driven_data_pipeline.py took 1.006 seconds
[2025-07-01T22:33:24.665+0000] {processor.py:186} INFO - Started process (PID=73) to work on /opt/airflow/dags/driven_data_pipeline.py
[2025-07-01T22:33:24.667+0000] {processor.py:914} INFO - Processing file /opt/airflow/dags/driven_data_pipeline.py for tasks to queue
[2025-07-01T22:33:24.669+0000] {logging_mixin.py:190} INFO - [2025-07-01T22:33:24.669+0000] {dagbag.py:588} INFO - Filling up the DagBag from /opt/airflow/dags/driven_data_pipeline.py
[2025-07-01T22:33:24.711+0000] {processor.py:925} INFO - DAG(s) 'extract_raw_data_pipeline' retrieved from /opt/airflow/dags/driven_data_pipeline.py
[2025-07-01T22:33:24.742+0000] {logging_mixin.py:190} INFO - [2025-07-01T22:33:24.741+0000] {dag.py:3239} INFO - Sync 1 DAGs
[2025-07-01T22:33:24.773+0000] {logging_mixin.py:190} INFO - [2025-07-01T22:33:24.773+0000] {dag.py:4180} INFO - Setting next_dagrun for extract_raw_data_pipeline to 2025-07-01 07:58:00+00:00, run_after=2025-07-01 07:59:00+00:00
[2025-07-01T22:33:24.803+0000] {processor.py:208} INFO - Processing /opt/airflow/dags/driven_data_pipeline.py took 0.143 seconds
[2025-07-01T22:33:55.041+0000] {processor.py:186} INFO - Started process (PID=80) to work on /opt/airflow/dags/driven_data_pipeline.py
[2025-07-01T22:33:55.044+0000] {processor.py:914} INFO - Processing file /opt/airflow/dags/driven_data_pipeline.py for tasks to queue
[2025-07-01T22:33:55.052+0000] {logging_mixin.py:190} INFO - [2025-07-01T22:33:55.051+0000] {dagbag.py:588} INFO - Filling up the DagBag from /opt/airflow/dags/driven_data_pipeline.py
[2025-07-01T22:33:55.114+0000] {processor.py:925} INFO - DAG(s) 'extract_raw_data_pipeline' retrieved from /opt/airflow/dags/driven_data_pipeline.py
[2025-07-01T22:33:55.151+0000] {logging_mixin.py:190} INFO - [2025-07-01T22:33:55.151+0000] {dag.py:3239} INFO - Sync 1 DAGs
[2025-07-01T22:33:55.182+0000] {logging_mixin.py:190} INFO - [2025-07-01T22:33:55.182+0000] {dag.py:4180} INFO - Setting next_dagrun for extract_raw_data_pipeline to 2025-07-01 07:58:00+00:00, run_after=2025-07-01 07:59:00+00:00
[2025-07-01T22:33:55.212+0000] {processor.py:208} INFO - Processing /opt/airflow/dags/driven_data_pipeline.py took 0.186 seconds
[2025-07-01T22:34:25.520+0000] {processor.py:186} INFO - Started process (PID=87) to work on /opt/airflow/dags/driven_data_pipeline.py
[2025-07-01T22:34:25.523+0000] {processor.py:914} INFO - Processing file /opt/airflow/dags/driven_data_pipeline.py for tasks to queue
[2025-07-01T22:34:25.527+0000] {logging_mixin.py:190} INFO - [2025-07-01T22:34:25.527+0000] {dagbag.py:588} INFO - Filling up the DagBag from /opt/airflow/dags/driven_data_pipeline.py
[2025-07-01T22:34:25.581+0000] {processor.py:925} INFO - DAG(s) 'extract_raw_data_pipeline' retrieved from /opt/airflow/dags/driven_data_pipeline.py
[2025-07-01T22:34:25.618+0000] {logging_mixin.py:190} INFO - [2025-07-01T22:34:25.618+0000] {dag.py:3239} INFO - Sync 1 DAGs
[2025-07-01T22:34:25.651+0000] {logging_mixin.py:190} INFO - [2025-07-01T22:34:25.651+0000] {dag.py:4180} INFO - Setting next_dagrun for extract_raw_data_pipeline to 2025-07-01 07:58:00+00:00, run_after=2025-07-01 07:59:00+00:00
[2025-07-01T22:34:25.691+0000] {processor.py:208} INFO - Processing /opt/airflow/dags/driven_data_pipeline.py took 0.178 seconds
[2025-07-01T22:34:56.023+0000] {processor.py:186} INFO - Started process (PID=100) to work on /opt/airflow/dags/driven_data_pipeline.py
[2025-07-01T22:34:56.025+0000] {processor.py:914} INFO - Processing file /opt/airflow/dags/driven_data_pipeline.py for tasks to queue
[2025-07-01T22:34:56.032+0000] {logging_mixin.py:190} INFO - [2025-07-01T22:34:56.032+0000] {dagbag.py:588} INFO - Filling up the DagBag from /opt/airflow/dags/driven_data_pipeline.py
[2025-07-01T22:34:56.091+0000] {processor.py:925} INFO - DAG(s) 'extract_raw_data_pipeline' retrieved from /opt/airflow/dags/driven_data_pipeline.py
[2025-07-01T22:34:56.146+0000] {logging_mixin.py:190} INFO - [2025-07-01T22:34:56.145+0000] {dag.py:3239} INFO - Sync 1 DAGs
[2025-07-01T22:34:56.191+0000] {logging_mixin.py:190} INFO - [2025-07-01T22:34:56.190+0000] {dag.py:4180} INFO - Setting next_dagrun for extract_raw_data_pipeline to 2025-07-01 07:59:00+00:00, run_after=2025-07-02 07:00:00+00:00
[2025-07-01T22:34:56.227+0000] {processor.py:208} INFO - Processing /opt/airflow/dags/driven_data_pipeline.py took 0.213 seconds
[2025-07-01T22:35:26.339+0000] {processor.py:186} INFO - Started process (PID=107) to work on /opt/airflow/dags/driven_data_pipeline.py
[2025-07-01T22:35:26.341+0000] {processor.py:914} INFO - Processing file /opt/airflow/dags/driven_data_pipeline.py for tasks to queue
[2025-07-01T22:35:26.344+0000] {logging_mixin.py:190} INFO - [2025-07-01T22:35:26.343+0000] {dagbag.py:588} INFO - Filling up the DagBag from /opt/airflow/dags/driven_data_pipeline.py
[2025-07-01T22:35:26.395+0000] {processor.py:925} INFO - DAG(s) 'extract_raw_data_pipeline' retrieved from /opt/airflow/dags/driven_data_pipeline.py
[2025-07-01T22:35:26.429+0000] {logging_mixin.py:190} INFO - [2025-07-01T22:35:26.429+0000] {dag.py:3239} INFO - Sync 1 DAGs
[2025-07-01T22:35:26.461+0000] {logging_mixin.py:190} INFO - [2025-07-01T22:35:26.460+0000] {dag.py:4180} INFO - Setting next_dagrun for extract_raw_data_pipeline to 2025-07-01 07:59:00+00:00, run_after=2025-07-02 07:00:00+00:00
[2025-07-01T22:35:26.489+0000] {processor.py:208} INFO - Processing /opt/airflow/dags/driven_data_pipeline.py took 0.157 seconds
[2025-07-01T22:35:56.658+0000] {processor.py:186} INFO - Started process (PID=114) to work on /opt/airflow/dags/driven_data_pipeline.py
[2025-07-01T22:35:56.659+0000] {processor.py:914} INFO - Processing file /opt/airflow/dags/driven_data_pipeline.py for tasks to queue
[2025-07-01T22:35:56.663+0000] {logging_mixin.py:190} INFO - [2025-07-01T22:35:56.662+0000] {dagbag.py:588} INFO - Filling up the DagBag from /opt/airflow/dags/driven_data_pipeline.py
[2025-07-01T22:35:56.700+0000] {processor.py:925} INFO - DAG(s) 'extract_raw_data_pipeline' retrieved from /opt/airflow/dags/driven_data_pipeline.py
[2025-07-01T22:35:56.729+0000] {logging_mixin.py:190} INFO - [2025-07-01T22:35:56.729+0000] {dag.py:3239} INFO - Sync 1 DAGs
[2025-07-01T22:35:56.752+0000] {logging_mixin.py:190} INFO - [2025-07-01T22:35:56.752+0000] {dag.py:4180} INFO - Setting next_dagrun for extract_raw_data_pipeline to 2025-07-01 07:59:00+00:00, run_after=2025-07-02 07:00:00+00:00
[2025-07-01T22:35:56.776+0000] {processor.py:208} INFO - Processing /opt/airflow/dags/driven_data_pipeline.py took 0.126 seconds
[2025-07-01T22:36:10.934+0000] {processor.py:186} INFO - Started process (PID=115) to work on /opt/airflow/dags/driven_data_pipeline.py
[2025-07-01T22:36:10.935+0000] {processor.py:914} INFO - Processing file /opt/airflow/dags/driven_data_pipeline.py for tasks to queue
[2025-07-01T22:36:10.938+0000] {logging_mixin.py:190} INFO - [2025-07-01T22:36:10.937+0000] {dagbag.py:588} INFO - Filling up the DagBag from /opt/airflow/dags/driven_data_pipeline.py
[2025-07-01T22:36:10.988+0000] {processor.py:925} INFO - DAG(s) 'extract_raw_data_pipeline' retrieved from /opt/airflow/dags/driven_data_pipeline.py
[2025-07-01T22:36:11.304+0000] {logging_mixin.py:190} INFO - [2025-07-01T22:36:11.304+0000] {dag.py:3239} INFO - Sync 1 DAGs
[2025-07-01T22:36:11.325+0000] {logging_mixin.py:190} INFO - [2025-07-01T22:36:11.325+0000] {dag.py:4180} INFO - Setting next_dagrun for extract_raw_data_pipeline to 2025-07-01 07:59:00+00:00, run_after=2025-07-02 07:00:00+00:00
[2025-07-01T22:36:11.360+0000] {processor.py:208} INFO - Processing /opt/airflow/dags/driven_data_pipeline.py took 0.433 seconds
[2025-07-01T22:36:41.743+0000] {processor.py:186} INFO - Started process (PID=123) to work on /opt/airflow/dags/driven_data_pipeline.py
[2025-07-01T22:36:41.746+0000] {processor.py:914} INFO - Processing file /opt/airflow/dags/driven_data_pipeline.py for tasks to queue
[2025-07-01T22:36:41.751+0000] {logging_mixin.py:190} INFO - [2025-07-01T22:36:41.750+0000] {dagbag.py:588} INFO - Filling up the DagBag from /opt/airflow/dags/driven_data_pipeline.py
[2025-07-01T22:36:41.799+0000] {processor.py:925} INFO - DAG(s) 'extract_raw_data_pipeline' retrieved from /opt/airflow/dags/driven_data_pipeline.py
[2025-07-01T22:36:41.834+0000] {logging_mixin.py:190} INFO - [2025-07-01T22:36:41.834+0000] {dag.py:3239} INFO - Sync 1 DAGs
[2025-07-01T22:36:41.865+0000] {logging_mixin.py:190} INFO - [2025-07-01T22:36:41.865+0000] {dag.py:4180} INFO - Setting next_dagrun for extract_raw_data_pipeline to 2025-07-01 07:59:00+00:00, run_after=2025-07-02 07:00:00+00:00
[2025-07-01T22:36:42.097+0000] {processor.py:208} INFO - Processing /opt/airflow/dags/driven_data_pipeline.py took 0.361 seconds
[2025-07-01T22:37:12.593+0000] {processor.py:186} INFO - Started process (PID=134) to work on /opt/airflow/dags/driven_data_pipeline.py
[2025-07-01T22:37:12.596+0000] {processor.py:914} INFO - Processing file /opt/airflow/dags/driven_data_pipeline.py for tasks to queue
[2025-07-01T22:37:12.603+0000] {logging_mixin.py:190} INFO - [2025-07-01T22:37:12.602+0000] {dagbag.py:588} INFO - Filling up the DagBag from /opt/airflow/dags/driven_data_pipeline.py
[2025-07-01T22:37:12.687+0000] {processor.py:925} INFO - DAG(s) 'extract_raw_data_pipeline' retrieved from /opt/airflow/dags/driven_data_pipeline.py
[2025-07-01T22:37:12.765+0000] {logging_mixin.py:190} INFO - [2025-07-01T22:37:12.765+0000] {dag.py:3239} INFO - Sync 1 DAGs
[2025-07-01T22:37:13.267+0000] {logging_mixin.py:190} INFO - [2025-07-01T22:37:13.266+0000] {dag.py:4180} INFO - Setting next_dagrun for extract_raw_data_pipeline to 2025-07-01 07:59:00+00:00, run_after=2025-07-02 07:00:00+00:00
[2025-07-01T22:37:13.342+0000] {processor.py:208} INFO - Processing /opt/airflow/dags/driven_data_pipeline.py took 0.768 seconds
[2025-07-01T22:37:43.727+0000] {processor.py:186} INFO - Started process (PID=147) to work on /opt/airflow/dags/driven_data_pipeline.py
[2025-07-01T22:37:43.729+0000] {processor.py:914} INFO - Processing file /opt/airflow/dags/driven_data_pipeline.py for tasks to queue
[2025-07-01T22:37:43.734+0000] {logging_mixin.py:190} INFO - [2025-07-01T22:37:43.732+0000] {dagbag.py:588} INFO - Filling up the DagBag from /opt/airflow/dags/driven_data_pipeline.py
[2025-07-01T22:37:43.785+0000] {processor.py:925} INFO - DAG(s) 'extract_raw_data_pipeline' retrieved from /opt/airflow/dags/driven_data_pipeline.py
[2025-07-01T22:37:44.018+0000] {logging_mixin.py:190} INFO - [2025-07-01T22:37:44.018+0000] {dag.py:3239} INFO - Sync 1 DAGs
[2025-07-01T22:37:44.045+0000] {logging_mixin.py:190} INFO - [2025-07-01T22:37:44.045+0000] {dag.py:4180} INFO - Setting next_dagrun for extract_raw_data_pipeline to 2025-07-01 07:59:00+00:00, run_after=2025-07-02 07:00:00+00:00
[2025-07-01T22:37:44.070+0000] {processor.py:208} INFO - Processing /opt/airflow/dags/driven_data_pipeline.py took 0.352 seconds
[2025-07-01T22:38:14.484+0000] {processor.py:186} INFO - Started process (PID=154) to work on /opt/airflow/dags/driven_data_pipeline.py
[2025-07-01T22:38:14.486+0000] {processor.py:914} INFO - Processing file /opt/airflow/dags/driven_data_pipeline.py for tasks to queue
[2025-07-01T22:38:14.491+0000] {logging_mixin.py:190} INFO - [2025-07-01T22:38:14.489+0000] {dagbag.py:588} INFO - Filling up the DagBag from /opt/airflow/dags/driven_data_pipeline.py
[2025-07-01T22:38:14.547+0000] {processor.py:925} INFO - DAG(s) 'extract_raw_data_pipeline' retrieved from /opt/airflow/dags/driven_data_pipeline.py
[2025-07-01T22:38:14.594+0000] {logging_mixin.py:190} INFO - [2025-07-01T22:38:14.593+0000] {dag.py:3239} INFO - Sync 1 DAGs
[2025-07-01T22:38:14.635+0000] {logging_mixin.py:190} INFO - [2025-07-01T22:38:14.634+0000] {dag.py:4180} INFO - Setting next_dagrun for extract_raw_data_pipeline to 2025-07-01 07:59:00+00:00, run_after=2025-07-02 07:00:00+00:00
[2025-07-01T22:38:14.664+0000] {processor.py:208} INFO - Processing /opt/airflow/dags/driven_data_pipeline.py took 0.192 seconds
[2025-07-01T22:38:44.781+0000] {processor.py:186} INFO - Started process (PID=161) to work on /opt/airflow/dags/driven_data_pipeline.py
[2025-07-01T22:38:44.783+0000] {processor.py:914} INFO - Processing file /opt/airflow/dags/driven_data_pipeline.py for tasks to queue
[2025-07-01T22:38:44.786+0000] {logging_mixin.py:190} INFO - [2025-07-01T22:38:44.785+0000] {dagbag.py:588} INFO - Filling up the DagBag from /opt/airflow/dags/driven_data_pipeline.py
[2025-07-01T22:38:44.829+0000] {processor.py:925} INFO - DAG(s) 'extract_raw_data_pipeline' retrieved from /opt/airflow/dags/driven_data_pipeline.py
[2025-07-01T22:38:44.860+0000] {logging_mixin.py:190} INFO - [2025-07-01T22:38:44.860+0000] {dag.py:3239} INFO - Sync 1 DAGs
[2025-07-01T22:38:44.884+0000] {logging_mixin.py:190} INFO - [2025-07-01T22:38:44.884+0000] {dag.py:4180} INFO - Setting next_dagrun for extract_raw_data_pipeline to 2025-07-01 07:59:00+00:00, run_after=2025-07-02 07:00:00+00:00
[2025-07-01T22:38:44.908+0000] {processor.py:208} INFO - Processing /opt/airflow/dags/driven_data_pipeline.py took 0.133 seconds
[2025-07-01T22:41:38.318+0000] {processor.py:186} INFO - Started process (PID=64) to work on /opt/airflow/dags/driven_data_pipeline.py
[2025-07-01T22:41:38.321+0000] {processor.py:914} INFO - Processing file /opt/airflow/dags/driven_data_pipeline.py for tasks to queue
[2025-07-01T22:41:38.326+0000] {logging_mixin.py:190} INFO - [2025-07-01T22:41:38.325+0000] {dagbag.py:588} INFO - Filling up the DagBag from /opt/airflow/dags/driven_data_pipeline.py
[2025-07-01T22:41:38.486+0000] {processor.py:925} INFO - DAG(s) 'extract_raw_data_pipeline' retrieved from /opt/airflow/dags/driven_data_pipeline.py
[2025-07-01T22:41:39.070+0000] {logging_mixin.py:190} INFO - [2025-07-01T22:41:39.069+0000] {override.py:1900} INFO - Created Permission View: can delete on DAG:extract_raw_data_pipeline
[2025-07-01T22:41:39.090+0000] {logging_mixin.py:190} INFO - [2025-07-01T22:41:39.089+0000] {override.py:1900} INFO - Created Permission View: can read on DAG:extract_raw_data_pipeline
[2025-07-01T22:41:39.107+0000] {logging_mixin.py:190} INFO - [2025-07-01T22:41:39.106+0000] {override.py:1900} INFO - Created Permission View: can edit on DAG:extract_raw_data_pipeline
[2025-07-01T22:41:39.134+0000] {logging_mixin.py:190} INFO - [2025-07-01T22:41:39.133+0000] {override.py:1900} INFO - Created Permission View: can delete on DAG Run:extract_raw_data_pipeline
[2025-07-01T22:41:39.153+0000] {logging_mixin.py:190} INFO - [2025-07-01T22:41:39.152+0000] {override.py:1900} INFO - Created Permission View: can read on DAG Run:extract_raw_data_pipeline
[2025-07-01T22:41:39.174+0000] {logging_mixin.py:190} INFO - [2025-07-01T22:41:39.173+0000] {override.py:1900} INFO - Created Permission View: menu access on DAG Run:extract_raw_data_pipeline
[2025-07-01T22:41:39.198+0000] {logging_mixin.py:190} INFO - [2025-07-01T22:41:39.197+0000] {override.py:1900} INFO - Created Permission View: can create on DAG Run:extract_raw_data_pipeline
[2025-07-01T22:41:39.199+0000] {logging_mixin.py:190} INFO - [2025-07-01T22:41:39.199+0000] {dag.py:3239} INFO - Sync 1 DAGs
[2025-07-01T22:41:39.236+0000] {logging_mixin.py:190} INFO - [2025-07-01T22:41:39.235+0000] {dag.py:3262} INFO - Creating ORM DAG for extract_raw_data_pipeline
[2025-07-01T22:41:39.265+0000] {logging_mixin.py:190} INFO - [2025-07-01T22:41:39.264+0000] {dag.py:4180} INFO - Setting next_dagrun for extract_raw_data_pipeline to 2025-07-01 07:58:00+00:00, run_after=2025-07-01 07:59:00+00:00
[2025-07-01T22:41:39.309+0000] {processor.py:208} INFO - Processing /opt/airflow/dags/driven_data_pipeline.py took 1.005 seconds
[2025-07-01T22:42:09.803+0000] {processor.py:186} INFO - Started process (PID=71) to work on /opt/airflow/dags/driven_data_pipeline.py
[2025-07-01T22:42:09.805+0000] {processor.py:914} INFO - Processing file /opt/airflow/dags/driven_data_pipeline.py for tasks to queue
[2025-07-01T22:42:09.808+0000] {logging_mixin.py:190} INFO - [2025-07-01T22:42:09.807+0000] {dagbag.py:588} INFO - Filling up the DagBag from /opt/airflow/dags/driven_data_pipeline.py
[2025-07-01T22:42:09.857+0000] {processor.py:925} INFO - DAG(s) 'extract_raw_data_pipeline' retrieved from /opt/airflow/dags/driven_data_pipeline.py
[2025-07-01T22:42:09.889+0000] {logging_mixin.py:190} INFO - [2025-07-01T22:42:09.889+0000] {dag.py:3239} INFO - Sync 1 DAGs
[2025-07-01T22:42:09.916+0000] {logging_mixin.py:190} INFO - [2025-07-01T22:42:09.915+0000] {dag.py:4180} INFO - Setting next_dagrun for extract_raw_data_pipeline to 2025-07-01 07:58:00+00:00, run_after=2025-07-01 07:59:00+00:00
[2025-07-01T22:42:09.959+0000] {processor.py:208} INFO - Processing /opt/airflow/dags/driven_data_pipeline.py took 0.162 seconds
[2025-07-01T22:42:40.250+0000] {processor.py:186} INFO - Started process (PID=79) to work on /opt/airflow/dags/driven_data_pipeline.py
[2025-07-01T22:42:40.252+0000] {processor.py:914} INFO - Processing file /opt/airflow/dags/driven_data_pipeline.py for tasks to queue
[2025-07-01T22:42:40.256+0000] {logging_mixin.py:190} INFO - [2025-07-01T22:42:40.256+0000] {dagbag.py:588} INFO - Filling up the DagBag from /opt/airflow/dags/driven_data_pipeline.py
[2025-07-01T22:42:40.318+0000] {processor.py:925} INFO - DAG(s) 'extract_raw_data_pipeline' retrieved from /opt/airflow/dags/driven_data_pipeline.py
[2025-07-01T22:42:40.359+0000] {logging_mixin.py:190} INFO - [2025-07-01T22:42:40.359+0000] {dag.py:3239} INFO - Sync 1 DAGs
[2025-07-01T22:42:40.399+0000] {logging_mixin.py:190} INFO - [2025-07-01T22:42:40.398+0000] {dag.py:4180} INFO - Setting next_dagrun for extract_raw_data_pipeline to 2025-07-01 07:58:00+00:00, run_after=2025-07-01 07:59:00+00:00
[2025-07-01T22:42:40.432+0000] {processor.py:208} INFO - Processing /opt/airflow/dags/driven_data_pipeline.py took 0.190 seconds
[2025-07-01T22:43:10.707+0000] {processor.py:186} INFO - Started process (PID=86) to work on /opt/airflow/dags/driven_data_pipeline.py
[2025-07-01T22:43:10.709+0000] {processor.py:914} INFO - Processing file /opt/airflow/dags/driven_data_pipeline.py for tasks to queue
[2025-07-01T22:43:10.715+0000] {logging_mixin.py:190} INFO - [2025-07-01T22:43:10.714+0000] {dagbag.py:588} INFO - Filling up the DagBag from /opt/airflow/dags/driven_data_pipeline.py
[2025-07-01T22:43:10.768+0000] {processor.py:925} INFO - DAG(s) 'extract_raw_data_pipeline' retrieved from /opt/airflow/dags/driven_data_pipeline.py
[2025-07-01T22:43:10.809+0000] {logging_mixin.py:190} INFO - [2025-07-01T22:43:10.808+0000] {dag.py:3239} INFO - Sync 1 DAGs
[2025-07-01T22:43:10.845+0000] {logging_mixin.py:190} INFO - [2025-07-01T22:43:10.845+0000] {dag.py:4180} INFO - Setting next_dagrun for extract_raw_data_pipeline to 2025-07-01 07:58:00+00:00, run_after=2025-07-01 07:59:00+00:00
[2025-07-01T22:43:10.879+0000] {processor.py:208} INFO - Processing /opt/airflow/dags/driven_data_pipeline.py took 0.180 seconds
[2025-07-01T22:43:41.219+0000] {processor.py:186} INFO - Started process (PID=93) to work on /opt/airflow/dags/driven_data_pipeline.py
[2025-07-01T22:43:41.222+0000] {processor.py:914} INFO - Processing file /opt/airflow/dags/driven_data_pipeline.py for tasks to queue
[2025-07-01T22:43:41.234+0000] {logging_mixin.py:190} INFO - [2025-07-01T22:43:41.233+0000] {dagbag.py:588} INFO - Filling up the DagBag from /opt/airflow/dags/driven_data_pipeline.py
[2025-07-01T22:43:41.363+0000] {processor.py:925} INFO - DAG(s) 'extract_raw_data_pipeline' retrieved from /opt/airflow/dags/driven_data_pipeline.py
[2025-07-01T22:43:41.432+0000] {logging_mixin.py:190} INFO - [2025-07-01T22:43:41.431+0000] {dag.py:3239} INFO - Sync 1 DAGs
[2025-07-01T22:43:41.473+0000] {logging_mixin.py:190} INFO - [2025-07-01T22:43:41.473+0000] {dag.py:4180} INFO - Setting next_dagrun for extract_raw_data_pipeline to 2025-07-01 07:58:00+00:00, run_after=2025-07-01 07:59:00+00:00
[2025-07-01T22:43:41.531+0000] {processor.py:208} INFO - Processing /opt/airflow/dags/driven_data_pipeline.py took 0.332 seconds
[2025-07-01T22:44:11.685+0000] {processor.py:186} INFO - Started process (PID=100) to work on /opt/airflow/dags/driven_data_pipeline.py
[2025-07-01T22:44:11.687+0000] {processor.py:914} INFO - Processing file /opt/airflow/dags/driven_data_pipeline.py for tasks to queue
[2025-07-01T22:44:11.694+0000] {logging_mixin.py:190} INFO - [2025-07-01T22:44:11.693+0000] {dagbag.py:588} INFO - Filling up the DagBag from /opt/airflow/dags/driven_data_pipeline.py
[2025-07-01T22:44:11.751+0000] {processor.py:925} INFO - DAG(s) 'extract_raw_data_pipeline' retrieved from /opt/airflow/dags/driven_data_pipeline.py
[2025-07-01T22:44:11.801+0000] {logging_mixin.py:190} INFO - [2025-07-01T22:44:11.800+0000] {dag.py:3239} INFO - Sync 1 DAGs
[2025-07-01T22:44:11.839+0000] {logging_mixin.py:190} INFO - [2025-07-01T22:44:11.839+0000] {dag.py:4180} INFO - Setting next_dagrun for extract_raw_data_pipeline to 2025-07-01 07:58:00+00:00, run_after=2025-07-01 07:59:00+00:00
[2025-07-01T22:44:11.879+0000] {processor.py:208} INFO - Processing /opt/airflow/dags/driven_data_pipeline.py took 0.205 seconds
[2025-07-01T22:44:42.092+0000] {processor.py:186} INFO - Started process (PID=107) to work on /opt/airflow/dags/driven_data_pipeline.py
[2025-07-01T22:44:42.095+0000] {processor.py:914} INFO - Processing file /opt/airflow/dags/driven_data_pipeline.py for tasks to queue
[2025-07-01T22:44:42.104+0000] {logging_mixin.py:190} INFO - [2025-07-01T22:44:42.103+0000] {dagbag.py:588} INFO - Filling up the DagBag from /opt/airflow/dags/driven_data_pipeline.py
[2025-07-01T22:44:42.174+0000] {processor.py:925} INFO - DAG(s) 'extract_raw_data_pipeline' retrieved from /opt/airflow/dags/driven_data_pipeline.py
[2025-07-01T22:44:42.229+0000] {logging_mixin.py:190} INFO - [2025-07-01T22:44:42.228+0000] {dag.py:3239} INFO - Sync 1 DAGs
[2025-07-01T22:44:42.269+0000] {logging_mixin.py:190} INFO - [2025-07-01T22:44:42.268+0000] {dag.py:4180} INFO - Setting next_dagrun for extract_raw_data_pipeline to 2025-07-01 07:58:00+00:00, run_after=2025-07-01 07:59:00+00:00
[2025-07-01T22:44:42.308+0000] {processor.py:208} INFO - Processing /opt/airflow/dags/driven_data_pipeline.py took 0.224 seconds
[2025-07-01T22:45:12.664+0000] {processor.py:186} INFO - Started process (PID=114) to work on /opt/airflow/dags/driven_data_pipeline.py
[2025-07-01T22:45:12.666+0000] {processor.py:914} INFO - Processing file /opt/airflow/dags/driven_data_pipeline.py for tasks to queue
[2025-07-01T22:45:12.670+0000] {logging_mixin.py:190} INFO - [2025-07-01T22:45:12.669+0000] {dagbag.py:588} INFO - Filling up the DagBag from /opt/airflow/dags/driven_data_pipeline.py
[2025-07-01T22:45:12.737+0000] {processor.py:925} INFO - DAG(s) 'extract_raw_data_pipeline' retrieved from /opt/airflow/dags/driven_data_pipeline.py
[2025-07-01T22:45:12.784+0000] {logging_mixin.py:190} INFO - [2025-07-01T22:45:12.784+0000] {dag.py:3239} INFO - Sync 1 DAGs
[2025-07-01T22:45:12.814+0000] {logging_mixin.py:190} INFO - [2025-07-01T22:45:12.814+0000] {dag.py:4180} INFO - Setting next_dagrun for extract_raw_data_pipeline to 2025-07-01 07:58:00+00:00, run_after=2025-07-01 07:59:00+00:00
[2025-07-01T22:45:12.851+0000] {processor.py:208} INFO - Processing /opt/airflow/dags/driven_data_pipeline.py took 0.196 seconds
[2025-07-01T22:45:43.150+0000] {processor.py:186} INFO - Started process (PID=121) to work on /opt/airflow/dags/driven_data_pipeline.py
[2025-07-01T22:45:43.152+0000] {processor.py:914} INFO - Processing file /opt/airflow/dags/driven_data_pipeline.py for tasks to queue
[2025-07-01T22:45:43.157+0000] {logging_mixin.py:190} INFO - [2025-07-01T22:45:43.156+0000] {dagbag.py:588} INFO - Filling up the DagBag from /opt/airflow/dags/driven_data_pipeline.py
[2025-07-01T22:45:43.224+0000] {processor.py:925} INFO - DAG(s) 'extract_raw_data_pipeline' retrieved from /opt/airflow/dags/driven_data_pipeline.py
[2025-07-01T22:45:43.268+0000] {logging_mixin.py:190} INFO - [2025-07-01T22:45:43.268+0000] {dag.py:3239} INFO - Sync 1 DAGs
[2025-07-01T22:45:43.531+0000] {logging_mixin.py:190} INFO - [2025-07-01T22:45:43.531+0000] {dag.py:4180} INFO - Setting next_dagrun for extract_raw_data_pipeline to 2025-07-01 07:58:00+00:00, run_after=2025-07-01 07:59:00+00:00
[2025-07-01T22:45:43.570+0000] {processor.py:208} INFO - Processing /opt/airflow/dags/driven_data_pipeline.py took 0.430 seconds
[2025-07-01T22:46:13.999+0000] {processor.py:186} INFO - Started process (PID=128) to work on /opt/airflow/dags/driven_data_pipeline.py
[2025-07-01T22:46:14.002+0000] {processor.py:914} INFO - Processing file /opt/airflow/dags/driven_data_pipeline.py for tasks to queue
[2025-07-01T22:46:14.011+0000] {logging_mixin.py:190} INFO - [2025-07-01T22:46:14.010+0000] {dagbag.py:588} INFO - Filling up the DagBag from /opt/airflow/dags/driven_data_pipeline.py
[2025-07-01T22:46:14.077+0000] {processor.py:925} INFO - DAG(s) 'extract_raw_data_pipeline' retrieved from /opt/airflow/dags/driven_data_pipeline.py
[2025-07-01T22:46:14.122+0000] {logging_mixin.py:190} INFO - [2025-07-01T22:46:14.122+0000] {dag.py:3239} INFO - Sync 1 DAGs
[2025-07-01T22:46:14.419+0000] {logging_mixin.py:190} INFO - [2025-07-01T22:46:14.419+0000] {dag.py:4180} INFO - Setting next_dagrun for extract_raw_data_pipeline to 2025-07-01 07:58:00+00:00, run_after=2025-07-01 07:59:00+00:00
[2025-07-01T22:46:14.455+0000] {processor.py:208} INFO - Processing /opt/airflow/dags/driven_data_pipeline.py took 0.468 seconds
[2025-07-01T22:46:44.888+0000] {processor.py:186} INFO - Started process (PID=135) to work on /opt/airflow/dags/driven_data_pipeline.py
[2025-07-01T22:46:44.891+0000] {processor.py:914} INFO - Processing file /opt/airflow/dags/driven_data_pipeline.py for tasks to queue
[2025-07-01T22:46:44.897+0000] {logging_mixin.py:190} INFO - [2025-07-01T22:46:44.897+0000] {dagbag.py:588} INFO - Filling up the DagBag from /opt/airflow/dags/driven_data_pipeline.py
[2025-07-01T22:46:44.971+0000] {processor.py:925} INFO - DAG(s) 'extract_raw_data_pipeline' retrieved from /opt/airflow/dags/driven_data_pipeline.py
[2025-07-01T22:46:45.221+0000] {logging_mixin.py:190} INFO - [2025-07-01T22:46:45.220+0000] {dag.py:3239} INFO - Sync 1 DAGs
[2025-07-01T22:46:45.256+0000] {logging_mixin.py:190} INFO - [2025-07-01T22:46:45.255+0000] {dag.py:4180} INFO - Setting next_dagrun for extract_raw_data_pipeline to 2025-07-01 07:58:00+00:00, run_after=2025-07-01 07:59:00+00:00
[2025-07-01T22:46:45.291+0000] {processor.py:208} INFO - Processing /opt/airflow/dags/driven_data_pipeline.py took 0.412 seconds
[2025-07-01T22:47:15.723+0000] {processor.py:186} INFO - Started process (PID=142) to work on /opt/airflow/dags/driven_data_pipeline.py
[2025-07-01T22:47:15.724+0000] {processor.py:914} INFO - Processing file /opt/airflow/dags/driven_data_pipeline.py for tasks to queue
[2025-07-01T22:47:15.728+0000] {logging_mixin.py:190} INFO - [2025-07-01T22:47:15.727+0000] {dagbag.py:588} INFO - Filling up the DagBag from /opt/airflow/dags/driven_data_pipeline.py
[2025-07-01T22:47:15.785+0000] {processor.py:925} INFO - DAG(s) 'extract_raw_data_pipeline' retrieved from /opt/airflow/dags/driven_data_pipeline.py
[2025-07-01T22:47:15.834+0000] {logging_mixin.py:190} INFO - [2025-07-01T22:47:15.833+0000] {dag.py:3239} INFO - Sync 1 DAGs
[2025-07-01T22:47:15.877+0000] {logging_mixin.py:190} INFO - [2025-07-01T22:47:15.877+0000] {dag.py:4180} INFO - Setting next_dagrun for extract_raw_data_pipeline to 2025-07-01 07:58:00+00:00, run_after=2025-07-01 07:59:00+00:00
[2025-07-01T22:47:15.929+0000] {processor.py:208} INFO - Processing /opt/airflow/dags/driven_data_pipeline.py took 0.216 seconds
[2025-07-01T22:47:46.123+0000] {processor.py:186} INFO - Started process (PID=149) to work on /opt/airflow/dags/driven_data_pipeline.py
[2025-07-01T22:47:46.124+0000] {processor.py:914} INFO - Processing file /opt/airflow/dags/driven_data_pipeline.py for tasks to queue
[2025-07-01T22:47:46.129+0000] {logging_mixin.py:190} INFO - [2025-07-01T22:47:46.129+0000] {dagbag.py:588} INFO - Filling up the DagBag from /opt/airflow/dags/driven_data_pipeline.py
[2025-07-01T22:47:46.205+0000] {processor.py:925} INFO - DAG(s) 'extract_raw_data_pipeline' retrieved from /opt/airflow/dags/driven_data_pipeline.py
[2025-07-01T22:47:46.243+0000] {logging_mixin.py:190} INFO - [2025-07-01T22:47:46.243+0000] {dag.py:3239} INFO - Sync 1 DAGs
[2025-07-01T22:47:46.271+0000] {logging_mixin.py:190} INFO - [2025-07-01T22:47:46.271+0000] {dag.py:4180} INFO - Setting next_dagrun for extract_raw_data_pipeline to 2025-07-01 07:58:00+00:00, run_after=2025-07-01 07:59:00+00:00
[2025-07-01T22:47:46.301+0000] {processor.py:208} INFO - Processing /opt/airflow/dags/driven_data_pipeline.py took 0.187 seconds
[2025-07-01T22:48:16.705+0000] {processor.py:186} INFO - Started process (PID=156) to work on /opt/airflow/dags/driven_data_pipeline.py
[2025-07-01T22:48:16.707+0000] {processor.py:914} INFO - Processing file /opt/airflow/dags/driven_data_pipeline.py for tasks to queue
[2025-07-01T22:48:16.712+0000] {logging_mixin.py:190} INFO - [2025-07-01T22:48:16.711+0000] {dagbag.py:588} INFO - Filling up the DagBag from /opt/airflow/dags/driven_data_pipeline.py
[2025-07-01T22:48:16.767+0000] {processor.py:925} INFO - DAG(s) 'extract_raw_data_pipeline' retrieved from /opt/airflow/dags/driven_data_pipeline.py
[2025-07-01T22:48:16.806+0000] {logging_mixin.py:190} INFO - [2025-07-01T22:48:16.806+0000] {dag.py:3239} INFO - Sync 1 DAGs
[2025-07-01T22:48:17.071+0000] {logging_mixin.py:190} INFO - [2025-07-01T22:48:17.070+0000] {dag.py:4180} INFO - Setting next_dagrun for extract_raw_data_pipeline to 2025-07-01 07:58:00+00:00, run_after=2025-07-01 07:59:00+00:00
[2025-07-01T22:48:17.105+0000] {processor.py:208} INFO - Processing /opt/airflow/dags/driven_data_pipeline.py took 0.409 seconds
[2025-07-01T22:48:47.622+0000] {processor.py:186} INFO - Started process (PID=163) to work on /opt/airflow/dags/driven_data_pipeline.py
[2025-07-01T22:48:47.624+0000] {processor.py:914} INFO - Processing file /opt/airflow/dags/driven_data_pipeline.py for tasks to queue
[2025-07-01T22:48:47.629+0000] {logging_mixin.py:190} INFO - [2025-07-01T22:48:47.629+0000] {dagbag.py:588} INFO - Filling up the DagBag from /opt/airflow/dags/driven_data_pipeline.py
[2025-07-01T22:48:47.716+0000] {processor.py:925} INFO - DAG(s) 'extract_raw_data_pipeline' retrieved from /opt/airflow/dags/driven_data_pipeline.py
[2025-07-01T22:48:47.775+0000] {logging_mixin.py:190} INFO - [2025-07-01T22:48:47.774+0000] {dag.py:3239} INFO - Sync 1 DAGs
[2025-07-01T22:48:48.087+0000] {logging_mixin.py:190} INFO - [2025-07-01T22:48:48.086+0000] {dag.py:4180} INFO - Setting next_dagrun for extract_raw_data_pipeline to 2025-07-01 07:58:00+00:00, run_after=2025-07-01 07:59:00+00:00
[2025-07-01T22:48:48.128+0000] {processor.py:208} INFO - Processing /opt/airflow/dags/driven_data_pipeline.py took 0.516 seconds
[2025-07-01T22:49:18.533+0000] {processor.py:186} INFO - Started process (PID=170) to work on /opt/airflow/dags/driven_data_pipeline.py
[2025-07-01T22:49:18.536+0000] {processor.py:914} INFO - Processing file /opt/airflow/dags/driven_data_pipeline.py for tasks to queue
[2025-07-01T22:49:18.542+0000] {logging_mixin.py:190} INFO - [2025-07-01T22:49:18.541+0000] {dagbag.py:588} INFO - Filling up the DagBag from /opt/airflow/dags/driven_data_pipeline.py
[2025-07-01T22:49:18.603+0000] {processor.py:925} INFO - DAG(s) 'extract_raw_data_pipeline' retrieved from /opt/airflow/dags/driven_data_pipeline.py
[2025-07-01T22:49:18.886+0000] {logging_mixin.py:190} INFO - [2025-07-01T22:49:18.886+0000] {dag.py:3239} INFO - Sync 1 DAGs
[2025-07-01T22:49:18.921+0000] {logging_mixin.py:190} INFO - [2025-07-01T22:49:18.921+0000] {dag.py:4180} INFO - Setting next_dagrun for extract_raw_data_pipeline to 2025-07-01 07:58:00+00:00, run_after=2025-07-01 07:59:00+00:00
[2025-07-01T22:49:18.955+0000] {processor.py:208} INFO - Processing /opt/airflow/dags/driven_data_pipeline.py took 0.431 seconds
[2025-07-01T22:49:49.418+0000] {processor.py:186} INFO - Started process (PID=176) to work on /opt/airflow/dags/driven_data_pipeline.py
[2025-07-01T22:49:49.419+0000] {processor.py:914} INFO - Processing file /opt/airflow/dags/driven_data_pipeline.py for tasks to queue
[2025-07-01T22:49:49.423+0000] {logging_mixin.py:190} INFO - [2025-07-01T22:49:49.423+0000] {dagbag.py:588} INFO - Filling up the DagBag from /opt/airflow/dags/driven_data_pipeline.py
[2025-07-01T22:49:49.477+0000] {processor.py:925} INFO - DAG(s) 'extract_raw_data_pipeline' retrieved from /opt/airflow/dags/driven_data_pipeline.py
[2025-07-01T22:49:49.518+0000] {logging_mixin.py:190} INFO - [2025-07-01T22:49:49.518+0000] {dag.py:3239} INFO - Sync 1 DAGs
[2025-07-01T22:49:49.553+0000] {logging_mixin.py:190} INFO - [2025-07-01T22:49:49.552+0000] {dag.py:4180} INFO - Setting next_dagrun for extract_raw_data_pipeline to 2025-07-01 07:58:00+00:00, run_after=2025-07-01 07:59:00+00:00
[2025-07-01T22:49:49.585+0000] {processor.py:208} INFO - Processing /opt/airflow/dags/driven_data_pipeline.py took 0.176 seconds
[2025-07-01T22:50:19.805+0000] {processor.py:186} INFO - Started process (PID=183) to work on /opt/airflow/dags/driven_data_pipeline.py
[2025-07-01T22:50:19.808+0000] {processor.py:914} INFO - Processing file /opt/airflow/dags/driven_data_pipeline.py for tasks to queue
[2025-07-01T22:50:19.815+0000] {logging_mixin.py:190} INFO - [2025-07-01T22:50:19.814+0000] {dagbag.py:588} INFO - Filling up the DagBag from /opt/airflow/dags/driven_data_pipeline.py
[2025-07-01T22:50:19.887+0000] {processor.py:925} INFO - DAG(s) 'extract_raw_data_pipeline' retrieved from /opt/airflow/dags/driven_data_pipeline.py
[2025-07-01T22:50:19.933+0000] {logging_mixin.py:190} INFO - [2025-07-01T22:50:19.932+0000] {dag.py:3239} INFO - Sync 1 DAGs
[2025-07-01T22:50:19.969+0000] {logging_mixin.py:190} INFO - [2025-07-01T22:50:19.969+0000] {dag.py:4180} INFO - Setting next_dagrun for extract_raw_data_pipeline to 2025-07-01 07:58:00+00:00, run_after=2025-07-01 07:59:00+00:00
[2025-07-01T22:50:20.002+0000] {processor.py:208} INFO - Processing /opt/airflow/dags/driven_data_pipeline.py took 0.212 seconds
[2025-07-01T22:50:50.435+0000] {processor.py:186} INFO - Started process (PID=190) to work on /opt/airflow/dags/driven_data_pipeline.py
[2025-07-01T22:50:50.437+0000] {processor.py:914} INFO - Processing file /opt/airflow/dags/driven_data_pipeline.py for tasks to queue
[2025-07-01T22:50:50.441+0000] {logging_mixin.py:190} INFO - [2025-07-01T22:50:50.440+0000] {dagbag.py:588} INFO - Filling up the DagBag from /opt/airflow/dags/driven_data_pipeline.py
[2025-07-01T22:50:50.508+0000] {processor.py:925} INFO - DAG(s) 'extract_raw_data_pipeline' retrieved from /opt/airflow/dags/driven_data_pipeline.py
[2025-07-01T22:50:50.547+0000] {logging_mixin.py:190} INFO - [2025-07-01T22:50:50.547+0000] {dag.py:3239} INFO - Sync 1 DAGs
[2025-07-01T22:50:50.584+0000] {logging_mixin.py:190} INFO - [2025-07-01T22:50:50.583+0000] {dag.py:4180} INFO - Setting next_dagrun for extract_raw_data_pipeline to 2025-07-01 07:58:00+00:00, run_after=2025-07-01 07:59:00+00:00
[2025-07-01T22:50:50.805+0000] {processor.py:208} INFO - Processing /opt/airflow/dags/driven_data_pipeline.py took 0.393 seconds
[2025-07-01T22:51:21.299+0000] {processor.py:186} INFO - Started process (PID=196) to work on /opt/airflow/dags/driven_data_pipeline.py
[2025-07-01T22:51:21.304+0000] {processor.py:914} INFO - Processing file /opt/airflow/dags/driven_data_pipeline.py for tasks to queue
[2025-07-01T22:51:21.309+0000] {logging_mixin.py:190} INFO - [2025-07-01T22:51:21.308+0000] {dagbag.py:588} INFO - Filling up the DagBag from /opt/airflow/dags/driven_data_pipeline.py
[2025-07-01T22:51:21.394+0000] {processor.py:925} INFO - DAG(s) 'extract_raw_data_pipeline' retrieved from /opt/airflow/dags/driven_data_pipeline.py
[2025-07-01T22:51:21.466+0000] {logging_mixin.py:190} INFO - [2025-07-01T22:51:21.465+0000] {dag.py:3239} INFO - Sync 1 DAGs
[2025-07-01T22:51:21.848+0000] {logging_mixin.py:190} INFO - [2025-07-01T22:51:21.844+0000] {dag.py:4180} INFO - Setting next_dagrun for extract_raw_data_pipeline to 2025-07-01 07:58:00+00:00, run_after=2025-07-01 07:59:00+00:00
[2025-07-01T22:51:21.914+0000] {processor.py:208} INFO - Processing /opt/airflow/dags/driven_data_pipeline.py took 0.630 seconds
[2025-07-01T22:51:52.305+0000] {processor.py:186} INFO - Started process (PID=203) to work on /opt/airflow/dags/driven_data_pipeline.py
[2025-07-01T22:51:52.307+0000] {processor.py:914} INFO - Processing file /opt/airflow/dags/driven_data_pipeline.py for tasks to queue
[2025-07-01T22:51:52.313+0000] {logging_mixin.py:190} INFO - [2025-07-01T22:51:52.312+0000] {dagbag.py:588} INFO - Filling up the DagBag from /opt/airflow/dags/driven_data_pipeline.py
[2025-07-01T22:51:52.369+0000] {processor.py:925} INFO - DAG(s) 'extract_raw_data_pipeline' retrieved from /opt/airflow/dags/driven_data_pipeline.py
[2025-07-01T22:51:52.596+0000] {logging_mixin.py:190} INFO - [2025-07-01T22:51:52.596+0000] {dag.py:3239} INFO - Sync 1 DAGs
[2025-07-01T22:51:52.623+0000] {logging_mixin.py:190} INFO - [2025-07-01T22:51:52.623+0000] {dag.py:4180} INFO - Setting next_dagrun for extract_raw_data_pipeline to 2025-07-01 07:58:00+00:00, run_after=2025-07-01 07:59:00+00:00
[2025-07-01T22:51:52.652+0000] {processor.py:208} INFO - Processing /opt/airflow/dags/driven_data_pipeline.py took 0.356 seconds
[2025-07-01T22:52:22.766+0000] {processor.py:186} INFO - Started process (PID=210) to work on /opt/airflow/dags/driven_data_pipeline.py
[2025-07-01T22:52:22.768+0000] {processor.py:914} INFO - Processing file /opt/airflow/dags/driven_data_pipeline.py for tasks to queue
[2025-07-01T22:52:22.773+0000] {logging_mixin.py:190} INFO - [2025-07-01T22:52:22.773+0000] {dagbag.py:588} INFO - Filling up the DagBag from /opt/airflow/dags/driven_data_pipeline.py
[2025-07-01T22:52:22.835+0000] {processor.py:925} INFO - DAG(s) 'extract_raw_data_pipeline' retrieved from /opt/airflow/dags/driven_data_pipeline.py
[2025-07-01T22:52:22.872+0000] {logging_mixin.py:190} INFO - [2025-07-01T22:52:22.871+0000] {dag.py:3239} INFO - Sync 1 DAGs
[2025-07-01T22:52:22.903+0000] {logging_mixin.py:190} INFO - [2025-07-01T22:52:22.903+0000] {dag.py:4180} INFO - Setting next_dagrun for extract_raw_data_pipeline to 2025-07-01 07:58:00+00:00, run_after=2025-07-01 07:59:00+00:00
[2025-07-01T22:52:22.940+0000] {processor.py:208} INFO - Processing /opt/airflow/dags/driven_data_pipeline.py took 0.183 seconds
[2025-07-01T22:52:53.165+0000] {processor.py:186} INFO - Started process (PID=217) to work on /opt/airflow/dags/driven_data_pipeline.py
[2025-07-01T22:52:53.167+0000] {processor.py:914} INFO - Processing file /opt/airflow/dags/driven_data_pipeline.py for tasks to queue
[2025-07-01T22:52:53.173+0000] {logging_mixin.py:190} INFO - [2025-07-01T22:52:53.172+0000] {dagbag.py:588} INFO - Filling up the DagBag from /opt/airflow/dags/driven_data_pipeline.py
[2025-07-01T22:52:53.230+0000] {processor.py:925} INFO - DAG(s) 'extract_raw_data_pipeline' retrieved from /opt/airflow/dags/driven_data_pipeline.py
[2025-07-01T22:52:53.270+0000] {logging_mixin.py:190} INFO - [2025-07-01T22:52:53.269+0000] {dag.py:3239} INFO - Sync 1 DAGs
[2025-07-01T22:52:53.309+0000] {logging_mixin.py:190} INFO - [2025-07-01T22:52:53.309+0000] {dag.py:4180} INFO - Setting next_dagrun for extract_raw_data_pipeline to 2025-07-01 07:58:00+00:00, run_after=2025-07-01 07:59:00+00:00
[2025-07-01T22:52:53.342+0000] {processor.py:208} INFO - Processing /opt/airflow/dags/driven_data_pipeline.py took 0.186 seconds
[2025-07-01T22:53:23.722+0000] {processor.py:186} INFO - Started process (PID=224) to work on /opt/airflow/dags/driven_data_pipeline.py
[2025-07-01T22:53:23.724+0000] {processor.py:914} INFO - Processing file /opt/airflow/dags/driven_data_pipeline.py for tasks to queue
[2025-07-01T22:53:23.728+0000] {logging_mixin.py:190} INFO - [2025-07-01T22:53:23.728+0000] {dagbag.py:588} INFO - Filling up the DagBag from /opt/airflow/dags/driven_data_pipeline.py
[2025-07-01T22:53:23.785+0000] {processor.py:925} INFO - DAG(s) 'extract_raw_data_pipeline' retrieved from /opt/airflow/dags/driven_data_pipeline.py
[2025-07-01T22:53:23.823+0000] {logging_mixin.py:190} INFO - [2025-07-01T22:53:23.823+0000] {dag.py:3239} INFO - Sync 1 DAGs
[2025-07-01T22:53:23.856+0000] {logging_mixin.py:190} INFO - [2025-07-01T22:53:23.856+0000] {dag.py:4180} INFO - Setting next_dagrun for extract_raw_data_pipeline to 2025-07-01 07:58:00+00:00, run_after=2025-07-01 07:59:00+00:00
[2025-07-01T22:53:24.104+0000] {processor.py:208} INFO - Processing /opt/airflow/dags/driven_data_pipeline.py took 0.392 seconds
[2025-07-01T22:53:54.552+0000] {processor.py:186} INFO - Started process (PID=231) to work on /opt/airflow/dags/driven_data_pipeline.py
[2025-07-01T22:53:54.556+0000] {processor.py:914} INFO - Processing file /opt/airflow/dags/driven_data_pipeline.py for tasks to queue
[2025-07-01T22:53:54.563+0000] {logging_mixin.py:190} INFO - [2025-07-01T22:53:54.562+0000] {dagbag.py:588} INFO - Filling up the DagBag from /opt/airflow/dags/driven_data_pipeline.py
[2025-07-01T22:53:54.635+0000] {processor.py:925} INFO - DAG(s) 'extract_raw_data_pipeline' retrieved from /opt/airflow/dags/driven_data_pipeline.py
[2025-07-01T22:53:54.717+0000] {logging_mixin.py:190} INFO - [2025-07-01T22:53:54.717+0000] {dag.py:3239} INFO - Sync 1 DAGs
[2025-07-01T22:53:55.024+0000] {logging_mixin.py:190} INFO - [2025-07-01T22:53:55.023+0000] {dag.py:4180} INFO - Setting next_dagrun for extract_raw_data_pipeline to 2025-07-01 07:58:00+00:00, run_after=2025-07-01 07:59:00+00:00
[2025-07-01T22:53:55.052+0000] {processor.py:208} INFO - Processing /opt/airflow/dags/driven_data_pipeline.py took 0.520 seconds
[2025-07-01T22:54:25.494+0000] {processor.py:186} INFO - Started process (PID=239) to work on /opt/airflow/dags/driven_data_pipeline.py
[2025-07-01T22:54:25.497+0000] {processor.py:914} INFO - Processing file /opt/airflow/dags/driven_data_pipeline.py for tasks to queue
[2025-07-01T22:54:25.503+0000] {logging_mixin.py:190} INFO - [2025-07-01T22:54:25.502+0000] {dagbag.py:588} INFO - Filling up the DagBag from /opt/airflow/dags/driven_data_pipeline.py
[2025-07-01T22:54:25.604+0000] {processor.py:925} INFO - DAG(s) 'extract_raw_data_pipeline' retrieved from /opt/airflow/dags/driven_data_pipeline.py
[2025-07-01T22:54:26.032+0000] {logging_mixin.py:190} INFO - [2025-07-01T22:54:26.032+0000] {dag.py:3239} INFO - Sync 1 DAGs
[2025-07-01T22:54:26.075+0000] {logging_mixin.py:190} INFO - [2025-07-01T22:54:26.075+0000] {dag.py:4180} INFO - Setting next_dagrun for extract_raw_data_pipeline to 2025-07-01 07:58:00+00:00, run_after=2025-07-01 07:59:00+00:00
[2025-07-01T22:54:26.108+0000] {processor.py:208} INFO - Processing /opt/airflow/dags/driven_data_pipeline.py took 0.627 seconds
[2025-07-01T22:54:56.320+0000] {processor.py:186} INFO - Started process (PID=246) to work on /opt/airflow/dags/driven_data_pipeline.py
[2025-07-01T22:54:56.322+0000] {processor.py:914} INFO - Processing file /opt/airflow/dags/driven_data_pipeline.py for tasks to queue
[2025-07-01T22:54:56.325+0000] {logging_mixin.py:190} INFO - [2025-07-01T22:54:56.325+0000] {dagbag.py:588} INFO - Filling up the DagBag from /opt/airflow/dags/driven_data_pipeline.py
[2025-07-01T22:54:56.641+0000] {processor.py:925} INFO - DAG(s) 'extract_raw_data_pipeline' retrieved from /opt/airflow/dags/driven_data_pipeline.py
[2025-07-01T22:54:56.689+0000] {logging_mixin.py:190} INFO - [2025-07-01T22:54:56.688+0000] {dag.py:3239} INFO - Sync 1 DAGs
[2025-07-01T22:54:56.727+0000] {logging_mixin.py:190} INFO - [2025-07-01T22:54:56.727+0000] {dag.py:4180} INFO - Setting next_dagrun for extract_raw_data_pipeline to 2025-07-01 07:58:00+00:00, run_after=2025-07-01 07:59:00+00:00
[2025-07-01T22:54:56.759+0000] {processor.py:208} INFO - Processing /opt/airflow/dags/driven_data_pipeline.py took 0.450 seconds
[2025-07-01T22:55:26.954+0000] {processor.py:186} INFO - Started process (PID=253) to work on /opt/airflow/dags/driven_data_pipeline.py
[2025-07-01T22:55:26.956+0000] {processor.py:914} INFO - Processing file /opt/airflow/dags/driven_data_pipeline.py for tasks to queue
[2025-07-01T22:55:26.962+0000] {logging_mixin.py:190} INFO - [2025-07-01T22:55:26.962+0000] {dagbag.py:588} INFO - Filling up the DagBag from /opt/airflow/dags/driven_data_pipeline.py
[2025-07-01T22:55:27.027+0000] {processor.py:925} INFO - DAG(s) 'extract_raw_data_pipeline' retrieved from /opt/airflow/dags/driven_data_pipeline.py
[2025-07-01T22:55:27.069+0000] {logging_mixin.py:190} INFO - [2025-07-01T22:55:27.069+0000] {dag.py:3239} INFO - Sync 1 DAGs
[2025-07-01T22:55:27.104+0000] {logging_mixin.py:190} INFO - [2025-07-01T22:55:27.104+0000] {dag.py:4180} INFO - Setting next_dagrun for extract_raw_data_pipeline to 2025-07-01 07:58:00+00:00, run_after=2025-07-01 07:59:00+00:00
[2025-07-01T22:55:27.139+0000] {processor.py:208} INFO - Processing /opt/airflow/dags/driven_data_pipeline.py took 0.193 seconds
[2025-07-01T22:55:57.401+0000] {processor.py:186} INFO - Started process (PID=260) to work on /opt/airflow/dags/driven_data_pipeline.py
[2025-07-01T22:55:57.404+0000] {processor.py:914} INFO - Processing file /opt/airflow/dags/driven_data_pipeline.py for tasks to queue
[2025-07-01T22:55:57.409+0000] {logging_mixin.py:190} INFO - [2025-07-01T22:55:57.408+0000] {dagbag.py:588} INFO - Filling up the DagBag from /opt/airflow/dags/driven_data_pipeline.py
[2025-07-01T22:55:57.477+0000] {processor.py:925} INFO - DAG(s) 'extract_raw_data_pipeline' retrieved from /opt/airflow/dags/driven_data_pipeline.py
[2025-07-01T22:55:57.518+0000] {logging_mixin.py:190} INFO - [2025-07-01T22:55:57.518+0000] {dag.py:3239} INFO - Sync 1 DAGs
[2025-07-01T22:55:57.553+0000] {logging_mixin.py:190} INFO - [2025-07-01T22:55:57.553+0000] {dag.py:4180} INFO - Setting next_dagrun for extract_raw_data_pipeline to 2025-07-01 07:58:00+00:00, run_after=2025-07-01 07:59:00+00:00
[2025-07-01T22:55:57.589+0000] {processor.py:208} INFO - Processing /opt/airflow/dags/driven_data_pipeline.py took 0.198 seconds
[2025-07-01T22:56:27.902+0000] {processor.py:186} INFO - Started process (PID=266) to work on /opt/airflow/dags/driven_data_pipeline.py
[2025-07-01T22:56:27.904+0000] {processor.py:914} INFO - Processing file /opt/airflow/dags/driven_data_pipeline.py for tasks to queue
[2025-07-01T22:56:27.908+0000] {logging_mixin.py:190} INFO - [2025-07-01T22:56:27.908+0000] {dagbag.py:588} INFO - Filling up the DagBag from /opt/airflow/dags/driven_data_pipeline.py
[2025-07-01T22:56:27.973+0000] {processor.py:925} INFO - DAG(s) 'extract_raw_data_pipeline' retrieved from /opt/airflow/dags/driven_data_pipeline.py
[2025-07-01T22:56:28.014+0000] {logging_mixin.py:190} INFO - [2025-07-01T22:56:28.014+0000] {dag.py:3239} INFO - Sync 1 DAGs
[2025-07-01T22:56:28.251+0000] {logging_mixin.py:190} INFO - [2025-07-01T22:56:28.250+0000] {dag.py:4180} INFO - Setting next_dagrun for extract_raw_data_pipeline to 2025-07-01 07:58:00+00:00, run_after=2025-07-01 07:59:00+00:00
[2025-07-01T22:56:28.282+0000] {processor.py:208} INFO - Processing /opt/airflow/dags/driven_data_pipeline.py took 0.390 seconds
[2025-07-01T22:56:58.499+0000] {processor.py:186} INFO - Started process (PID=273) to work on /opt/airflow/dags/driven_data_pipeline.py
[2025-07-01T22:56:58.502+0000] {processor.py:914} INFO - Processing file /opt/airflow/dags/driven_data_pipeline.py for tasks to queue
[2025-07-01T22:56:58.506+0000] {logging_mixin.py:190} INFO - [2025-07-01T22:56:58.506+0000] {dagbag.py:588} INFO - Filling up the DagBag from /opt/airflow/dags/driven_data_pipeline.py
[2025-07-01T22:56:58.575+0000] {processor.py:925} INFO - DAG(s) 'extract_raw_data_pipeline' retrieved from /opt/airflow/dags/driven_data_pipeline.py
[2025-07-01T22:56:58.619+0000] {logging_mixin.py:190} INFO - [2025-07-01T22:56:58.619+0000] {dag.py:3239} INFO - Sync 1 DAGs
[2025-07-01T22:56:58.852+0000] {logging_mixin.py:190} INFO - [2025-07-01T22:56:58.852+0000] {dag.py:4180} INFO - Setting next_dagrun for extract_raw_data_pipeline to 2025-07-01 07:58:00+00:00, run_after=2025-07-01 07:59:00+00:00
[2025-07-01T22:56:58.883+0000] {processor.py:208} INFO - Processing /opt/airflow/dags/driven_data_pipeline.py took 0.392 seconds
[2025-07-01T22:57:29.088+0000] {processor.py:186} INFO - Started process (PID=280) to work on /opt/airflow/dags/driven_data_pipeline.py
[2025-07-01T22:57:29.090+0000] {processor.py:914} INFO - Processing file /opt/airflow/dags/driven_data_pipeline.py for tasks to queue
[2025-07-01T22:57:29.096+0000] {logging_mixin.py:190} INFO - [2025-07-01T22:57:29.095+0000] {dagbag.py:588} INFO - Filling up the DagBag from /opt/airflow/dags/driven_data_pipeline.py
[2025-07-01T22:57:29.155+0000] {processor.py:925} INFO - DAG(s) 'extract_raw_data_pipeline' retrieved from /opt/airflow/dags/driven_data_pipeline.py
[2025-07-01T22:57:29.394+0000] {logging_mixin.py:190} INFO - [2025-07-01T22:57:29.394+0000] {dag.py:3239} INFO - Sync 1 DAGs
[2025-07-01T22:57:29.425+0000] {logging_mixin.py:190} INFO - [2025-07-01T22:57:29.425+0000] {dag.py:4180} INFO - Setting next_dagrun for extract_raw_data_pipeline to 2025-07-01 07:58:00+00:00, run_after=2025-07-01 07:59:00+00:00
[2025-07-01T22:57:29.457+0000] {processor.py:208} INFO - Processing /opt/airflow/dags/driven_data_pipeline.py took 0.378 seconds
[2025-07-01T22:57:59.716+0000] {processor.py:186} INFO - Started process (PID=287) to work on /opt/airflow/dags/driven_data_pipeline.py
[2025-07-01T22:57:59.718+0000] {processor.py:914} INFO - Processing file /opt/airflow/dags/driven_data_pipeline.py for tasks to queue
[2025-07-01T22:57:59.723+0000] {logging_mixin.py:190} INFO - [2025-07-01T22:57:59.722+0000] {dagbag.py:588} INFO - Filling up the DagBag from /opt/airflow/dags/driven_data_pipeline.py
[2025-07-01T22:57:59.978+0000] {processor.py:925} INFO - DAG(s) 'extract_raw_data_pipeline' retrieved from /opt/airflow/dags/driven_data_pipeline.py
[2025-07-01T22:58:00.017+0000] {logging_mixin.py:190} INFO - [2025-07-01T22:58:00.017+0000] {dag.py:3239} INFO - Sync 1 DAGs
[2025-07-01T22:58:00.048+0000] {logging_mixin.py:190} INFO - [2025-07-01T22:58:00.048+0000] {dag.py:4180} INFO - Setting next_dagrun for extract_raw_data_pipeline to 2025-07-01 07:58:00+00:00, run_after=2025-07-01 07:59:00+00:00
[2025-07-01T22:58:00.077+0000] {processor.py:208} INFO - Processing /opt/airflow/dags/driven_data_pipeline.py took 0.370 seconds
[2025-07-01T22:58:30.203+0000] {processor.py:186} INFO - Started process (PID=301) to work on /opt/airflow/dags/driven_data_pipeline.py
[2025-07-01T22:58:30.205+0000] {processor.py:914} INFO - Processing file /opt/airflow/dags/driven_data_pipeline.py for tasks to queue
[2025-07-01T22:58:30.212+0000] {logging_mixin.py:190} INFO - [2025-07-01T22:58:30.211+0000] {dagbag.py:588} INFO - Filling up the DagBag from /opt/airflow/dags/driven_data_pipeline.py
[2025-07-01T22:58:30.288+0000] {processor.py:925} INFO - DAG(s) 'extract_raw_data_pipeline' retrieved from /opt/airflow/dags/driven_data_pipeline.py
[2025-07-01T22:58:30.344+0000] {logging_mixin.py:190} INFO - [2025-07-01T22:58:30.343+0000] {dag.py:3239} INFO - Sync 1 DAGs
[2025-07-01T22:58:30.412+0000] {logging_mixin.py:190} INFO - [2025-07-01T22:58:30.411+0000] {dag.py:4180} INFO - Setting next_dagrun for extract_raw_data_pipeline to 2025-07-01 07:59:00+00:00, run_after=2025-07-02 07:00:00+00:00
[2025-07-01T22:58:30.501+0000] {processor.py:208} INFO - Processing /opt/airflow/dags/driven_data_pipeline.py took 0.315 seconds
[2025-07-01T22:59:00.595+0000] {processor.py:186} INFO - Started process (PID=308) to work on /opt/airflow/dags/driven_data_pipeline.py
[2025-07-01T22:59:00.597+0000] {processor.py:914} INFO - Processing file /opt/airflow/dags/driven_data_pipeline.py for tasks to queue
[2025-07-01T22:59:00.601+0000] {logging_mixin.py:190} INFO - [2025-07-01T22:59:00.600+0000] {dagbag.py:588} INFO - Filling up the DagBag from /opt/airflow/dags/driven_data_pipeline.py
[2025-07-01T22:59:00.652+0000] {processor.py:925} INFO - DAG(s) 'extract_raw_data_pipeline' retrieved from /opt/airflow/dags/driven_data_pipeline.py
[2025-07-01T22:59:00.691+0000] {logging_mixin.py:190} INFO - [2025-07-01T22:59:00.691+0000] {dag.py:3239} INFO - Sync 1 DAGs
[2025-07-01T22:59:00.725+0000] {logging_mixin.py:190} INFO - [2025-07-01T22:59:00.724+0000] {dag.py:4180} INFO - Setting next_dagrun for extract_raw_data_pipeline to 2025-07-01 07:59:00+00:00, run_after=2025-07-02 07:00:00+00:00
[2025-07-01T22:59:00.757+0000] {processor.py:208} INFO - Processing /opt/airflow/dags/driven_data_pipeline.py took 0.171 seconds
[2025-07-01T22:59:31.017+0000] {processor.py:186} INFO - Started process (PID=315) to work on /opt/airflow/dags/driven_data_pipeline.py
[2025-07-01T22:59:31.031+0000] {processor.py:914} INFO - Processing file /opt/airflow/dags/driven_data_pipeline.py for tasks to queue
[2025-07-01T22:59:31.051+0000] {logging_mixin.py:190} INFO - [2025-07-01T22:59:31.048+0000] {dagbag.py:588} INFO - Filling up the DagBag from /opt/airflow/dags/driven_data_pipeline.py
[2025-07-01T22:59:31.225+0000] {processor.py:925} INFO - DAG(s) 'extract_raw_data_pipeline' retrieved from /opt/airflow/dags/driven_data_pipeline.py
[2025-07-01T22:59:31.364+0000] {logging_mixin.py:190} INFO - [2025-07-01T22:59:31.363+0000] {dag.py:3239} INFO - Sync 1 DAGs
[2025-07-01T22:59:31.450+0000] {logging_mixin.py:190} INFO - [2025-07-01T22:59:31.450+0000] {dag.py:4180} INFO - Setting next_dagrun for extract_raw_data_pipeline to 2025-07-01 07:59:00+00:00, run_after=2025-07-02 07:00:00+00:00
[2025-07-01T22:59:31.490+0000] {processor.py:208} INFO - Processing /opt/airflow/dags/driven_data_pipeline.py took 0.516 seconds
[2025-07-01T23:00:01.570+0000] {processor.py:186} INFO - Started process (PID=321) to work on /opt/airflow/dags/driven_data_pipeline.py
[2025-07-01T23:00:01.572+0000] {processor.py:914} INFO - Processing file /opt/airflow/dags/driven_data_pipeline.py for tasks to queue
[2025-07-01T23:00:01.577+0000] {logging_mixin.py:190} INFO - [2025-07-01T23:00:01.576+0000] {dagbag.py:588} INFO - Filling up the DagBag from /opt/airflow/dags/driven_data_pipeline.py
[2025-07-01T23:00:01.636+0000] {processor.py:925} INFO - DAG(s) 'extract_raw_data_pipeline' retrieved from /opt/airflow/dags/driven_data_pipeline.py
[2025-07-01T23:00:01.679+0000] {logging_mixin.py:190} INFO - [2025-07-01T23:00:01.678+0000] {dag.py:3239} INFO - Sync 1 DAGs
[2025-07-01T23:00:01.718+0000] {logging_mixin.py:190} INFO - [2025-07-01T23:00:01.718+0000] {dag.py:4180} INFO - Setting next_dagrun for extract_raw_data_pipeline to 2025-07-01 07:59:00+00:00, run_after=2025-07-02 07:00:00+00:00
[2025-07-01T23:00:01.754+0000] {processor.py:208} INFO - Processing /opt/airflow/dags/driven_data_pipeline.py took 0.196 seconds
[2025-07-01T23:00:31.972+0000] {processor.py:186} INFO - Started process (PID=328) to work on /opt/airflow/dags/driven_data_pipeline.py
[2025-07-01T23:00:31.976+0000] {processor.py:914} INFO - Processing file /opt/airflow/dags/driven_data_pipeline.py for tasks to queue
[2025-07-01T23:00:31.982+0000] {logging_mixin.py:190} INFO - [2025-07-01T23:00:31.981+0000] {dagbag.py:588} INFO - Filling up the DagBag from /opt/airflow/dags/driven_data_pipeline.py
[2025-07-01T23:00:32.187+0000] {processor.py:925} INFO - DAG(s) 'extract_raw_data_pipeline' retrieved from /opt/airflow/dags/driven_data_pipeline.py
[2025-07-01T23:00:32.297+0000] {logging_mixin.py:190} INFO - [2025-07-01T23:00:32.297+0000] {dag.py:3239} INFO - Sync 1 DAGs
[2025-07-01T23:00:32.390+0000] {logging_mixin.py:190} INFO - [2025-07-01T23:00:32.390+0000] {dag.py:4180} INFO - Setting next_dagrun for extract_raw_data_pipeline to 2025-07-01 07:59:00+00:00, run_after=2025-07-02 07:00:00+00:00
[2025-07-01T23:00:32.470+0000] {processor.py:208} INFO - Processing /opt/airflow/dags/driven_data_pipeline.py took 0.510 seconds
[2025-07-01T23:01:02.625+0000] {processor.py:186} INFO - Started process (PID=335) to work on /opt/airflow/dags/driven_data_pipeline.py
[2025-07-01T23:01:02.628+0000] {processor.py:914} INFO - Processing file /opt/airflow/dags/driven_data_pipeline.py for tasks to queue
[2025-07-01T23:01:02.635+0000] {logging_mixin.py:190} INFO - [2025-07-01T23:01:02.632+0000] {dagbag.py:588} INFO - Filling up the DagBag from /opt/airflow/dags/driven_data_pipeline.py
[2025-07-01T23:01:02.697+0000] {processor.py:925} INFO - DAG(s) 'extract_raw_data_pipeline' retrieved from /opt/airflow/dags/driven_data_pipeline.py
[2025-07-01T23:01:02.739+0000] {logging_mixin.py:190} INFO - [2025-07-01T23:01:02.738+0000] {dag.py:3239} INFO - Sync 1 DAGs
[2025-07-01T23:01:02.777+0000] {logging_mixin.py:190} INFO - [2025-07-01T23:01:02.776+0000] {dag.py:4180} INFO - Setting next_dagrun for extract_raw_data_pipeline to 2025-07-01 07:59:00+00:00, run_after=2025-07-02 07:00:00+00:00
[2025-07-01T23:01:02.811+0000] {processor.py:208} INFO - Processing /opt/airflow/dags/driven_data_pipeline.py took 0.206 seconds
[2025-07-01T23:01:32.978+0000] {processor.py:186} INFO - Started process (PID=342) to work on /opt/airflow/dags/driven_data_pipeline.py
[2025-07-01T23:01:32.982+0000] {processor.py:914} INFO - Processing file /opt/airflow/dags/driven_data_pipeline.py for tasks to queue
[2025-07-01T23:01:32.987+0000] {logging_mixin.py:190} INFO - [2025-07-01T23:01:32.987+0000] {dagbag.py:588} INFO - Filling up the DagBag from /opt/airflow/dags/driven_data_pipeline.py
[2025-07-01T23:01:33.046+0000] {processor.py:925} INFO - DAG(s) 'extract_raw_data_pipeline' retrieved from /opt/airflow/dags/driven_data_pipeline.py
[2025-07-01T23:01:33.087+0000] {logging_mixin.py:190} INFO - [2025-07-01T23:01:33.087+0000] {dag.py:3239} INFO - Sync 1 DAGs
[2025-07-01T23:01:33.123+0000] {logging_mixin.py:190} INFO - [2025-07-01T23:01:33.123+0000] {dag.py:4180} INFO - Setting next_dagrun for extract_raw_data_pipeline to 2025-07-01 07:59:00+00:00, run_after=2025-07-02 07:00:00+00:00
[2025-07-01T23:01:33.157+0000] {processor.py:208} INFO - Processing /opt/airflow/dags/driven_data_pipeline.py took 0.188 seconds
[2025-07-01T23:02:03.367+0000] {processor.py:186} INFO - Started process (PID=349) to work on /opt/airflow/dags/driven_data_pipeline.py
[2025-07-01T23:02:03.369+0000] {processor.py:914} INFO - Processing file /opt/airflow/dags/driven_data_pipeline.py for tasks to queue
[2025-07-01T23:02:03.373+0000] {logging_mixin.py:190} INFO - [2025-07-01T23:02:03.373+0000] {dagbag.py:588} INFO - Filling up the DagBag from /opt/airflow/dags/driven_data_pipeline.py
[2025-07-01T23:02:03.444+0000] {processor.py:925} INFO - DAG(s) 'extract_raw_data_pipeline' retrieved from /opt/airflow/dags/driven_data_pipeline.py
[2025-07-01T23:02:03.483+0000] {logging_mixin.py:190} INFO - [2025-07-01T23:02:03.483+0000] {dag.py:3239} INFO - Sync 1 DAGs
[2025-07-01T23:02:03.527+0000] {logging_mixin.py:190} INFO - [2025-07-01T23:02:03.526+0000] {dag.py:4180} INFO - Setting next_dagrun for extract_raw_data_pipeline to 2025-07-01 07:59:00+00:00, run_after=2025-07-02 07:00:00+00:00
[2025-07-01T23:02:03.568+0000] {processor.py:208} INFO - Processing /opt/airflow/dags/driven_data_pipeline.py took 0.212 seconds
[2025-07-01T23:02:33.736+0000] {processor.py:186} INFO - Started process (PID=356) to work on /opt/airflow/dags/driven_data_pipeline.py
[2025-07-01T23:02:33.739+0000] {processor.py:914} INFO - Processing file /opt/airflow/dags/driven_data_pipeline.py for tasks to queue
[2025-07-01T23:02:33.744+0000] {logging_mixin.py:190} INFO - [2025-07-01T23:02:33.743+0000] {dagbag.py:588} INFO - Filling up the DagBag from /opt/airflow/dags/driven_data_pipeline.py
[2025-07-01T23:02:33.811+0000] {processor.py:925} INFO - DAG(s) 'extract_raw_data_pipeline' retrieved from /opt/airflow/dags/driven_data_pipeline.py
[2025-07-01T23:02:33.852+0000] {logging_mixin.py:190} INFO - [2025-07-01T23:02:33.852+0000] {dag.py:3239} INFO - Sync 1 DAGs
[2025-07-01T23:02:33.887+0000] {logging_mixin.py:190} INFO - [2025-07-01T23:02:33.886+0000] {dag.py:4180} INFO - Setting next_dagrun for extract_raw_data_pipeline to 2025-07-01 07:59:00+00:00, run_after=2025-07-02 07:00:00+00:00
[2025-07-01T23:02:33.922+0000] {processor.py:208} INFO - Processing /opt/airflow/dags/driven_data_pipeline.py took 0.196 seconds
[2025-07-01T23:03:04.350+0000] {processor.py:186} INFO - Started process (PID=363) to work on /opt/airflow/dags/driven_data_pipeline.py
[2025-07-01T23:03:04.351+0000] {processor.py:914} INFO - Processing file /opt/airflow/dags/driven_data_pipeline.py for tasks to queue
[2025-07-01T23:03:04.355+0000] {logging_mixin.py:190} INFO - [2025-07-01T23:03:04.354+0000] {dagbag.py:588} INFO - Filling up the DagBag from /opt/airflow/dags/driven_data_pipeline.py
[2025-07-01T23:03:04.410+0000] {processor.py:925} INFO - DAG(s) 'extract_raw_data_pipeline' retrieved from /opt/airflow/dags/driven_data_pipeline.py
[2025-07-01T23:03:04.442+0000] {logging_mixin.py:190} INFO - [2025-07-01T23:03:04.442+0000] {dag.py:3239} INFO - Sync 1 DAGs
[2025-07-01T23:03:04.480+0000] {logging_mixin.py:190} INFO - [2025-07-01T23:03:04.479+0000] {dag.py:4180} INFO - Setting next_dagrun for extract_raw_data_pipeline to 2025-07-01 07:59:00+00:00, run_after=2025-07-02 07:00:00+00:00
[2025-07-01T23:03:04.520+0000] {processor.py:208} INFO - Processing /opt/airflow/dags/driven_data_pipeline.py took 0.176 seconds
[2025-07-01T23:03:34.746+0000] {processor.py:186} INFO - Started process (PID=370) to work on /opt/airflow/dags/driven_data_pipeline.py
[2025-07-01T23:03:34.748+0000] {processor.py:914} INFO - Processing file /opt/airflow/dags/driven_data_pipeline.py for tasks to queue
[2025-07-01T23:03:34.753+0000] {logging_mixin.py:190} INFO - [2025-07-01T23:03:34.753+0000] {dagbag.py:588} INFO - Filling up the DagBag from /opt/airflow/dags/driven_data_pipeline.py
[2025-07-01T23:03:34.807+0000] {processor.py:925} INFO - DAG(s) 'extract_raw_data_pipeline' retrieved from /opt/airflow/dags/driven_data_pipeline.py
[2025-07-01T23:03:34.843+0000] {logging_mixin.py:190} INFO - [2025-07-01T23:03:34.843+0000] {dag.py:3239} INFO - Sync 1 DAGs
[2025-07-01T23:03:34.871+0000] {logging_mixin.py:190} INFO - [2025-07-01T23:03:34.871+0000] {dag.py:4180} INFO - Setting next_dagrun for extract_raw_data_pipeline to 2025-07-01 07:59:00+00:00, run_after=2025-07-02 07:00:00+00:00
[2025-07-01T23:03:34.895+0000] {processor.py:208} INFO - Processing /opt/airflow/dags/driven_data_pipeline.py took 0.158 seconds
[2025-07-01T23:04:05.318+0000] {processor.py:186} INFO - Started process (PID=377) to work on /opt/airflow/dags/driven_data_pipeline.py
[2025-07-01T23:04:05.320+0000] {processor.py:914} INFO - Processing file /opt/airflow/dags/driven_data_pipeline.py for tasks to queue
[2025-07-01T23:04:05.325+0000] {logging_mixin.py:190} INFO - [2025-07-01T23:04:05.325+0000] {dagbag.py:588} INFO - Filling up the DagBag from /opt/airflow/dags/driven_data_pipeline.py
[2025-07-01T23:04:05.394+0000] {processor.py:925} INFO - DAG(s) 'extract_raw_data_pipeline' retrieved from /opt/airflow/dags/driven_data_pipeline.py
[2025-07-01T23:04:05.457+0000] {logging_mixin.py:190} INFO - [2025-07-01T23:04:05.457+0000] {dag.py:3239} INFO - Sync 1 DAGs
[2025-07-01T23:04:05.494+0000] {logging_mixin.py:190} INFO - [2025-07-01T23:04:05.493+0000] {dag.py:4180} INFO - Setting next_dagrun for extract_raw_data_pipeline to 2025-07-01 07:59:00+00:00, run_after=2025-07-02 07:00:00+00:00
[2025-07-01T23:04:05.529+0000] {processor.py:208} INFO - Processing /opt/airflow/dags/driven_data_pipeline.py took 0.234 seconds
[2025-07-01T23:04:35.690+0000] {processor.py:186} INFO - Started process (PID=384) to work on /opt/airflow/dags/driven_data_pipeline.py
[2025-07-01T23:04:35.692+0000] {processor.py:914} INFO - Processing file /opt/airflow/dags/driven_data_pipeline.py for tasks to queue
[2025-07-01T23:04:35.698+0000] {logging_mixin.py:190} INFO - [2025-07-01T23:04:35.697+0000] {dagbag.py:588} INFO - Filling up the DagBag from /opt/airflow/dags/driven_data_pipeline.py
[2025-07-01T23:04:35.756+0000] {processor.py:925} INFO - DAG(s) 'extract_raw_data_pipeline' retrieved from /opt/airflow/dags/driven_data_pipeline.py
[2025-07-01T23:04:35.811+0000] {logging_mixin.py:190} INFO - [2025-07-01T23:04:35.811+0000] {dag.py:3239} INFO - Sync 1 DAGs
[2025-07-01T23:04:35.848+0000] {logging_mixin.py:190} INFO - [2025-07-01T23:04:35.848+0000] {dag.py:4180} INFO - Setting next_dagrun for extract_raw_data_pipeline to 2025-07-01 07:59:00+00:00, run_after=2025-07-02 07:00:00+00:00
[2025-07-01T23:04:35.881+0000] {processor.py:208} INFO - Processing /opt/airflow/dags/driven_data_pipeline.py took 0.202 seconds
[2025-07-01T23:05:06.040+0000] {processor.py:186} INFO - Started process (PID=392) to work on /opt/airflow/dags/driven_data_pipeline.py
[2025-07-01T23:05:06.041+0000] {processor.py:914} INFO - Processing file /opt/airflow/dags/driven_data_pipeline.py for tasks to queue
[2025-07-01T23:05:06.044+0000] {logging_mixin.py:190} INFO - [2025-07-01T23:05:06.044+0000] {dagbag.py:588} INFO - Filling up the DagBag from /opt/airflow/dags/driven_data_pipeline.py
[2025-07-01T23:05:06.086+0000] {processor.py:925} INFO - DAG(s) 'extract_raw_data_pipeline' retrieved from /opt/airflow/dags/driven_data_pipeline.py
[2025-07-01T23:05:06.126+0000] {logging_mixin.py:190} INFO - [2025-07-01T23:05:06.126+0000] {dag.py:3239} INFO - Sync 1 DAGs
[2025-07-01T23:05:06.155+0000] {logging_mixin.py:190} INFO - [2025-07-01T23:05:06.155+0000] {dag.py:4180} INFO - Setting next_dagrun for extract_raw_data_pipeline to 2025-07-01 07:59:00+00:00, run_after=2025-07-02 07:00:00+00:00
[2025-07-01T23:05:06.189+0000] {processor.py:208} INFO - Processing /opt/airflow/dags/driven_data_pipeline.py took 0.156 seconds
[2025-07-01T23:05:36.436+0000] {processor.py:186} INFO - Started process (PID=399) to work on /opt/airflow/dags/driven_data_pipeline.py
[2025-07-01T23:05:36.438+0000] {processor.py:914} INFO - Processing file /opt/airflow/dags/driven_data_pipeline.py for tasks to queue
[2025-07-01T23:05:36.442+0000] {logging_mixin.py:190} INFO - [2025-07-01T23:05:36.441+0000] {dagbag.py:588} INFO - Filling up the DagBag from /opt/airflow/dags/driven_data_pipeline.py
[2025-07-01T23:05:36.502+0000] {processor.py:925} INFO - DAG(s) 'extract_raw_data_pipeline' retrieved from /opt/airflow/dags/driven_data_pipeline.py
[2025-07-01T23:05:36.543+0000] {logging_mixin.py:190} INFO - [2025-07-01T23:05:36.543+0000] {dag.py:3239} INFO - Sync 1 DAGs
[2025-07-01T23:05:36.574+0000] {logging_mixin.py:190} INFO - [2025-07-01T23:05:36.574+0000] {dag.py:4180} INFO - Setting next_dagrun for extract_raw_data_pipeline to 2025-07-01 07:59:00+00:00, run_after=2025-07-02 07:00:00+00:00
[2025-07-01T23:05:36.600+0000] {processor.py:208} INFO - Processing /opt/airflow/dags/driven_data_pipeline.py took 0.174 seconds
[2025-07-01T23:06:06.937+0000] {processor.py:186} INFO - Started process (PID=406) to work on /opt/airflow/dags/driven_data_pipeline.py
[2025-07-01T23:06:06.939+0000] {processor.py:914} INFO - Processing file /opt/airflow/dags/driven_data_pipeline.py for tasks to queue
[2025-07-01T23:06:06.943+0000] {logging_mixin.py:190} INFO - [2025-07-01T23:06:06.942+0000] {dagbag.py:588} INFO - Filling up the DagBag from /opt/airflow/dags/driven_data_pipeline.py
[2025-07-01T23:06:06.995+0000] {processor.py:925} INFO - DAG(s) 'extract_raw_data_pipeline' retrieved from /opt/airflow/dags/driven_data_pipeline.py
[2025-07-01T23:06:07.037+0000] {logging_mixin.py:190} INFO - [2025-07-01T23:06:07.036+0000] {dag.py:3239} INFO - Sync 1 DAGs
[2025-07-01T23:06:07.066+0000] {logging_mixin.py:190} INFO - [2025-07-01T23:06:07.065+0000] {dag.py:4180} INFO - Setting next_dagrun for extract_raw_data_pipeline to 2025-07-01 07:59:00+00:00, run_after=2025-07-02 07:00:00+00:00
[2025-07-01T23:06:07.099+0000] {processor.py:208} INFO - Processing /opt/airflow/dags/driven_data_pipeline.py took 0.170 seconds
[2025-07-01T23:06:37.353+0000] {processor.py:186} INFO - Started process (PID=414) to work on /opt/airflow/dags/driven_data_pipeline.py
[2025-07-01T23:06:37.355+0000] {processor.py:914} INFO - Processing file /opt/airflow/dags/driven_data_pipeline.py for tasks to queue
[2025-07-01T23:06:37.358+0000] {logging_mixin.py:190} INFO - [2025-07-01T23:06:37.358+0000] {dagbag.py:588} INFO - Filling up the DagBag from /opt/airflow/dags/driven_data_pipeline.py
[2025-07-01T23:06:37.411+0000] {processor.py:925} INFO - DAG(s) 'extract_raw_data_pipeline' retrieved from /opt/airflow/dags/driven_data_pipeline.py
[2025-07-01T23:06:37.444+0000] {logging_mixin.py:190} INFO - [2025-07-01T23:06:37.444+0000] {dag.py:3239} INFO - Sync 1 DAGs
[2025-07-01T23:06:37.471+0000] {logging_mixin.py:190} INFO - [2025-07-01T23:06:37.471+0000] {dag.py:4180} INFO - Setting next_dagrun for extract_raw_data_pipeline to 2025-07-01 07:59:00+00:00, run_after=2025-07-02 07:00:00+00:00
[2025-07-01T23:06:37.498+0000] {processor.py:208} INFO - Processing /opt/airflow/dags/driven_data_pipeline.py took 0.153 seconds
[2025-07-01T23:07:07.953+0000] {processor.py:186} INFO - Started process (PID=421) to work on /opt/airflow/dags/driven_data_pipeline.py
[2025-07-01T23:07:07.956+0000] {processor.py:914} INFO - Processing file /opt/airflow/dags/driven_data_pipeline.py for tasks to queue
[2025-07-01T23:07:07.960+0000] {logging_mixin.py:190} INFO - [2025-07-01T23:07:07.959+0000] {dagbag.py:588} INFO - Filling up the DagBag from /opt/airflow/dags/driven_data_pipeline.py
[2025-07-01T23:07:08.031+0000] {processor.py:925} INFO - DAG(s) 'extract_raw_data_pipeline' retrieved from /opt/airflow/dags/driven_data_pipeline.py
[2025-07-01T23:07:08.075+0000] {logging_mixin.py:190} INFO - [2025-07-01T23:07:08.074+0000] {dag.py:3239} INFO - Sync 1 DAGs
[2025-07-01T23:07:08.114+0000] {logging_mixin.py:190} INFO - [2025-07-01T23:07:08.114+0000] {dag.py:4180} INFO - Setting next_dagrun for extract_raw_data_pipeline to 2025-07-01 07:59:00+00:00, run_after=2025-07-02 07:00:00+00:00
[2025-07-01T23:07:08.145+0000] {processor.py:208} INFO - Processing /opt/airflow/dags/driven_data_pipeline.py took 0.200 seconds
[2025-07-01T23:07:38.313+0000] {processor.py:186} INFO - Started process (PID=428) to work on /opt/airflow/dags/driven_data_pipeline.py
[2025-07-01T23:07:38.315+0000] {processor.py:914} INFO - Processing file /opt/airflow/dags/driven_data_pipeline.py for tasks to queue
[2025-07-01T23:07:38.320+0000] {logging_mixin.py:190} INFO - [2025-07-01T23:07:38.319+0000] {dagbag.py:588} INFO - Filling up the DagBag from /opt/airflow/dags/driven_data_pipeline.py
[2025-07-01T23:07:38.366+0000] {processor.py:925} INFO - DAG(s) 'extract_raw_data_pipeline' retrieved from /opt/airflow/dags/driven_data_pipeline.py
[2025-07-01T23:07:38.400+0000] {logging_mixin.py:190} INFO - [2025-07-01T23:07:38.399+0000] {dag.py:3239} INFO - Sync 1 DAGs
[2025-07-01T23:07:38.430+0000] {logging_mixin.py:190} INFO - [2025-07-01T23:07:38.430+0000] {dag.py:4180} INFO - Setting next_dagrun for extract_raw_data_pipeline to 2025-07-01 07:59:00+00:00, run_after=2025-07-02 07:00:00+00:00
[2025-07-01T23:07:38.460+0000] {processor.py:208} INFO - Processing /opt/airflow/dags/driven_data_pipeline.py took 0.155 seconds
[2025-07-01T23:08:08.719+0000] {processor.py:186} INFO - Started process (PID=442) to work on /opt/airflow/dags/driven_data_pipeline.py
[2025-07-01T23:08:08.722+0000] {processor.py:914} INFO - Processing file /opt/airflow/dags/driven_data_pipeline.py for tasks to queue
[2025-07-01T23:08:08.727+0000] {logging_mixin.py:190} INFO - [2025-07-01T23:08:08.726+0000] {dagbag.py:588} INFO - Filling up the DagBag from /opt/airflow/dags/driven_data_pipeline.py
[2025-07-01T23:08:08.819+0000] {processor.py:925} INFO - DAG(s) 'extract_raw_data_pipeline' retrieved from /opt/airflow/dags/driven_data_pipeline.py
[2025-07-01T23:08:08.863+0000] {logging_mixin.py:190} INFO - [2025-07-01T23:08:08.862+0000] {dag.py:3239} INFO - Sync 1 DAGs
[2025-07-01T23:08:08.890+0000] {logging_mixin.py:190} INFO - [2025-07-01T23:08:08.890+0000] {dag.py:4180} INFO - Setting next_dagrun for extract_raw_data_pipeline to 2025-07-01 07:59:00+00:00, run_after=2025-07-02 07:00:00+00:00
[2025-07-01T23:08:08.919+0000] {processor.py:208} INFO - Processing /opt/airflow/dags/driven_data_pipeline.py took 0.216 seconds
[2025-07-01T23:08:39.204+0000] {processor.py:186} INFO - Started process (PID=449) to work on /opt/airflow/dags/driven_data_pipeline.py
[2025-07-01T23:08:39.207+0000] {processor.py:914} INFO - Processing file /opt/airflow/dags/driven_data_pipeline.py for tasks to queue
[2025-07-01T23:08:39.212+0000] {logging_mixin.py:190} INFO - [2025-07-01T23:08:39.211+0000] {dagbag.py:588} INFO - Filling up the DagBag from /opt/airflow/dags/driven_data_pipeline.py
[2025-07-01T23:08:39.284+0000] {processor.py:925} INFO - DAG(s) 'extract_raw_data_pipeline' retrieved from /opt/airflow/dags/driven_data_pipeline.py
[2025-07-01T23:08:39.384+0000] {logging_mixin.py:190} INFO - [2025-07-01T23:08:39.384+0000] {dag.py:3239} INFO - Sync 1 DAGs
[2025-07-01T23:08:39.463+0000] {logging_mixin.py:190} INFO - [2025-07-01T23:08:39.462+0000] {dag.py:4180} INFO - Setting next_dagrun for extract_raw_data_pipeline to 2025-07-01 07:59:00+00:00, run_after=2025-07-02 07:00:00+00:00
[2025-07-01T23:08:39.500+0000] {processor.py:208} INFO - Processing /opt/airflow/dags/driven_data_pipeline.py took 0.306 seconds
[2025-07-01T23:09:09.642+0000] {processor.py:186} INFO - Started process (PID=456) to work on /opt/airflow/dags/driven_data_pipeline.py
[2025-07-01T23:09:09.644+0000] {processor.py:914} INFO - Processing file /opt/airflow/dags/driven_data_pipeline.py for tasks to queue
[2025-07-01T23:09:09.650+0000] {logging_mixin.py:190} INFO - [2025-07-01T23:09:09.649+0000] {dagbag.py:588} INFO - Filling up the DagBag from /opt/airflow/dags/driven_data_pipeline.py
[2025-07-01T23:09:09.719+0000] {processor.py:925} INFO - DAG(s) 'extract_raw_data_pipeline' retrieved from /opt/airflow/dags/driven_data_pipeline.py
[2025-07-01T23:09:09.758+0000] {logging_mixin.py:190} INFO - [2025-07-01T23:09:09.757+0000] {dag.py:3239} INFO - Sync 1 DAGs
[2025-07-01T23:09:09.791+0000] {logging_mixin.py:190} INFO - [2025-07-01T23:09:09.791+0000] {dag.py:4180} INFO - Setting next_dagrun for extract_raw_data_pipeline to 2025-07-01 07:59:00+00:00, run_after=2025-07-02 07:00:00+00:00
[2025-07-01T23:09:09.825+0000] {processor.py:208} INFO - Processing /opt/airflow/dags/driven_data_pipeline.py took 0.194 seconds
[2025-07-01T23:09:40.251+0000] {processor.py:186} INFO - Started process (PID=463) to work on /opt/airflow/dags/driven_data_pipeline.py
[2025-07-01T23:09:40.253+0000] {processor.py:914} INFO - Processing file /opt/airflow/dags/driven_data_pipeline.py for tasks to queue
[2025-07-01T23:09:40.257+0000] {logging_mixin.py:190} INFO - [2025-07-01T23:09:40.257+0000] {dagbag.py:588} INFO - Filling up the DagBag from /opt/airflow/dags/driven_data_pipeline.py
[2025-07-01T23:09:40.327+0000] {processor.py:925} INFO - DAG(s) 'extract_raw_data_pipeline' retrieved from /opt/airflow/dags/driven_data_pipeline.py
[2025-07-01T23:09:40.372+0000] {logging_mixin.py:190} INFO - [2025-07-01T23:09:40.372+0000] {dag.py:3239} INFO - Sync 1 DAGs
[2025-07-01T23:09:40.403+0000] {logging_mixin.py:190} INFO - [2025-07-01T23:09:40.403+0000] {dag.py:4180} INFO - Setting next_dagrun for extract_raw_data_pipeline to 2025-07-01 07:59:00+00:00, run_after=2025-07-02 07:00:00+00:00
[2025-07-01T23:09:40.436+0000] {processor.py:208} INFO - Processing /opt/airflow/dags/driven_data_pipeline.py took 0.198 seconds
[2025-07-01T23:10:10.616+0000] {processor.py:186} INFO - Started process (PID=470) to work on /opt/airflow/dags/driven_data_pipeline.py
[2025-07-01T23:10:10.618+0000] {processor.py:914} INFO - Processing file /opt/airflow/dags/driven_data_pipeline.py for tasks to queue
[2025-07-01T23:10:10.621+0000] {logging_mixin.py:190} INFO - [2025-07-01T23:10:10.620+0000] {dagbag.py:588} INFO - Filling up the DagBag from /opt/airflow/dags/driven_data_pipeline.py
[2025-07-01T23:10:10.686+0000] {processor.py:925} INFO - DAG(s) 'extract_raw_data_pipeline' retrieved from /opt/airflow/dags/driven_data_pipeline.py
[2025-07-01T23:10:10.718+0000] {logging_mixin.py:190} INFO - [2025-07-01T23:10:10.718+0000] {dag.py:3239} INFO - Sync 1 DAGs
[2025-07-01T23:10:10.746+0000] {logging_mixin.py:190} INFO - [2025-07-01T23:10:10.746+0000] {dag.py:4180} INFO - Setting next_dagrun for extract_raw_data_pipeline to 2025-07-01 07:59:00+00:00, run_after=2025-07-02 07:00:00+00:00
[2025-07-01T23:10:10.774+0000] {processor.py:208} INFO - Processing /opt/airflow/dags/driven_data_pipeline.py took 0.174 seconds
[2025-07-01T23:10:41.148+0000] {processor.py:186} INFO - Started process (PID=477) to work on /opt/airflow/dags/driven_data_pipeline.py
[2025-07-01T23:10:41.151+0000] {processor.py:914} INFO - Processing file /opt/airflow/dags/driven_data_pipeline.py for tasks to queue
[2025-07-01T23:10:41.155+0000] {logging_mixin.py:190} INFO - [2025-07-01T23:10:41.154+0000] {dagbag.py:588} INFO - Filling up the DagBag from /opt/airflow/dags/driven_data_pipeline.py
[2025-07-01T23:10:41.208+0000] {processor.py:925} INFO - DAG(s) 'extract_raw_data_pipeline' retrieved from /opt/airflow/dags/driven_data_pipeline.py
[2025-07-01T23:10:41.252+0000] {logging_mixin.py:190} INFO - [2025-07-01T23:10:41.252+0000] {dag.py:3239} INFO - Sync 1 DAGs
[2025-07-01T23:10:41.288+0000] {logging_mixin.py:190} INFO - [2025-07-01T23:10:41.288+0000] {dag.py:4180} INFO - Setting next_dagrun for extract_raw_data_pipeline to 2025-07-01 07:59:00+00:00, run_after=2025-07-02 07:00:00+00:00
[2025-07-01T23:10:41.319+0000] {processor.py:208} INFO - Processing /opt/airflow/dags/driven_data_pipeline.py took 0.182 seconds
[2025-07-01T23:11:11.532+0000] {processor.py:186} INFO - Started process (PID=485) to work on /opt/airflow/dags/driven_data_pipeline.py
[2025-07-01T23:11:11.534+0000] {processor.py:914} INFO - Processing file /opt/airflow/dags/driven_data_pipeline.py for tasks to queue
[2025-07-01T23:11:11.537+0000] {logging_mixin.py:190} INFO - [2025-07-01T23:11:11.537+0000] {dagbag.py:588} INFO - Filling up the DagBag from /opt/airflow/dags/driven_data_pipeline.py
[2025-07-01T23:11:11.576+0000] {processor.py:925} INFO - DAG(s) 'extract_raw_data_pipeline' retrieved from /opt/airflow/dags/driven_data_pipeline.py
[2025-07-01T23:11:11.610+0000] {logging_mixin.py:190} INFO - [2025-07-01T23:11:11.610+0000] {dag.py:3239} INFO - Sync 1 DAGs
[2025-07-01T23:11:11.636+0000] {logging_mixin.py:190} INFO - [2025-07-01T23:11:11.636+0000] {dag.py:4180} INFO - Setting next_dagrun for extract_raw_data_pipeline to 2025-07-01 07:59:00+00:00, run_after=2025-07-02 07:00:00+00:00
[2025-07-01T23:11:11.661+0000] {processor.py:208} INFO - Processing /opt/airflow/dags/driven_data_pipeline.py took 0.137 seconds
[2025-07-01T23:11:42.107+0000] {processor.py:186} INFO - Started process (PID=493) to work on /opt/airflow/dags/driven_data_pipeline.py
[2025-07-01T23:11:42.110+0000] {processor.py:914} INFO - Processing file /opt/airflow/dags/driven_data_pipeline.py for tasks to queue
[2025-07-01T23:11:42.116+0000] {logging_mixin.py:190} INFO - [2025-07-01T23:11:42.115+0000] {dagbag.py:588} INFO - Filling up the DagBag from /opt/airflow/dags/driven_data_pipeline.py
[2025-07-01T23:11:42.157+0000] {processor.py:925} INFO - DAG(s) 'extract_raw_data_pipeline' retrieved from /opt/airflow/dags/driven_data_pipeline.py
[2025-07-01T23:11:42.193+0000] {logging_mixin.py:190} INFO - [2025-07-01T23:11:42.193+0000] {dag.py:3239} INFO - Sync 1 DAGs
[2025-07-01T23:11:42.227+0000] {logging_mixin.py:190} INFO - [2025-07-01T23:11:42.226+0000] {dag.py:4180} INFO - Setting next_dagrun for extract_raw_data_pipeline to 2025-07-01 07:59:00+00:00, run_after=2025-07-02 07:00:00+00:00
[2025-07-01T23:11:42.251+0000] {processor.py:208} INFO - Processing /opt/airflow/dags/driven_data_pipeline.py took 0.155 seconds
[2025-07-01T23:12:12.474+0000] {processor.py:186} INFO - Started process (PID=500) to work on /opt/airflow/dags/driven_data_pipeline.py
[2025-07-01T23:12:12.476+0000] {processor.py:914} INFO - Processing file /opt/airflow/dags/driven_data_pipeline.py for tasks to queue
[2025-07-01T23:12:12.479+0000] {logging_mixin.py:190} INFO - [2025-07-01T23:12:12.479+0000] {dagbag.py:588} INFO - Filling up the DagBag from /opt/airflow/dags/driven_data_pipeline.py
[2025-07-01T23:12:12.521+0000] {processor.py:925} INFO - DAG(s) 'extract_raw_data_pipeline' retrieved from /opt/airflow/dags/driven_data_pipeline.py
[2025-07-01T23:12:12.553+0000] {logging_mixin.py:190} INFO - [2025-07-01T23:12:12.553+0000] {dag.py:3239} INFO - Sync 1 DAGs
[2025-07-01T23:12:12.589+0000] {logging_mixin.py:190} INFO - [2025-07-01T23:12:12.588+0000] {dag.py:4180} INFO - Setting next_dagrun for extract_raw_data_pipeline to 2025-07-01 07:59:00+00:00, run_after=2025-07-02 07:00:00+00:00
[2025-07-01T23:12:12.616+0000] {processor.py:208} INFO - Processing /opt/airflow/dags/driven_data_pipeline.py took 0.149 seconds
[2025-07-01T23:12:42.973+0000] {processor.py:186} INFO - Started process (PID=507) to work on /opt/airflow/dags/driven_data_pipeline.py
[2025-07-01T23:12:42.974+0000] {processor.py:914} INFO - Processing file /opt/airflow/dags/driven_data_pipeline.py for tasks to queue
[2025-07-01T23:12:42.978+0000] {logging_mixin.py:190} INFO - [2025-07-01T23:12:42.977+0000] {dagbag.py:588} INFO - Filling up the DagBag from /opt/airflow/dags/driven_data_pipeline.py
[2025-07-01T23:12:43.041+0000] {processor.py:925} INFO - DAG(s) 'extract_raw_data_pipeline' retrieved from /opt/airflow/dags/driven_data_pipeline.py
[2025-07-01T23:12:43.088+0000] {logging_mixin.py:190} INFO - [2025-07-01T23:12:43.087+0000] {dag.py:3239} INFO - Sync 1 DAGs
[2025-07-01T23:12:43.128+0000] {logging_mixin.py:190} INFO - [2025-07-01T23:12:43.128+0000] {dag.py:4180} INFO - Setting next_dagrun for extract_raw_data_pipeline to 2025-07-01 07:59:00+00:00, run_after=2025-07-02 07:00:00+00:00
[2025-07-01T23:12:43.166+0000] {processor.py:208} INFO - Processing /opt/airflow/dags/driven_data_pipeline.py took 0.202 seconds
[2025-07-01T23:13:13.361+0000] {processor.py:186} INFO - Started process (PID=514) to work on /opt/airflow/dags/driven_data_pipeline.py
[2025-07-01T23:13:13.363+0000] {processor.py:914} INFO - Processing file /opt/airflow/dags/driven_data_pipeline.py for tasks to queue
[2025-07-01T23:13:13.366+0000] {logging_mixin.py:190} INFO - [2025-07-01T23:13:13.366+0000] {dagbag.py:588} INFO - Filling up the DagBag from /opt/airflow/dags/driven_data_pipeline.py
[2025-07-01T23:13:13.415+0000] {processor.py:925} INFO - DAG(s) 'extract_raw_data_pipeline' retrieved from /opt/airflow/dags/driven_data_pipeline.py
[2025-07-01T23:13:13.447+0000] {logging_mixin.py:190} INFO - [2025-07-01T23:13:13.447+0000] {dag.py:3239} INFO - Sync 1 DAGs
[2025-07-01T23:13:13.474+0000] {logging_mixin.py:190} INFO - [2025-07-01T23:13:13.474+0000] {dag.py:4180} INFO - Setting next_dagrun for extract_raw_data_pipeline to 2025-07-01 07:59:00+00:00, run_after=2025-07-02 07:00:00+00:00
[2025-07-01T23:13:13.506+0000] {processor.py:208} INFO - Processing /opt/airflow/dags/driven_data_pipeline.py took 0.154 seconds
[2025-07-01T23:13:43.924+0000] {processor.py:186} INFO - Started process (PID=521) to work on /opt/airflow/dags/driven_data_pipeline.py
[2025-07-01T23:13:43.926+0000] {processor.py:914} INFO - Processing file /opt/airflow/dags/driven_data_pipeline.py for tasks to queue
[2025-07-01T23:13:43.930+0000] {logging_mixin.py:190} INFO - [2025-07-01T23:13:43.929+0000] {dagbag.py:588} INFO - Filling up the DagBag from /opt/airflow/dags/driven_data_pipeline.py
[2025-07-01T23:13:43.984+0000] {processor.py:925} INFO - DAG(s) 'extract_raw_data_pipeline' retrieved from /opt/airflow/dags/driven_data_pipeline.py
[2025-07-01T23:13:44.025+0000] {logging_mixin.py:190} INFO - [2025-07-01T23:13:44.025+0000] {dag.py:3239} INFO - Sync 1 DAGs
[2025-07-01T23:13:44.060+0000] {logging_mixin.py:190} INFO - [2025-07-01T23:13:44.059+0000] {dag.py:4180} INFO - Setting next_dagrun for extract_raw_data_pipeline to 2025-07-01 07:59:00+00:00, run_after=2025-07-02 07:00:00+00:00
[2025-07-01T23:13:44.095+0000] {processor.py:208} INFO - Processing /opt/airflow/dags/driven_data_pipeline.py took 0.178 seconds
[2025-07-01T23:14:14.298+0000] {processor.py:186} INFO - Started process (PID=528) to work on /opt/airflow/dags/driven_data_pipeline.py
[2025-07-01T23:14:14.300+0000] {processor.py:914} INFO - Processing file /opt/airflow/dags/driven_data_pipeline.py for tasks to queue
[2025-07-01T23:14:14.303+0000] {logging_mixin.py:190} INFO - [2025-07-01T23:14:14.303+0000] {dagbag.py:588} INFO - Filling up the DagBag from /opt/airflow/dags/driven_data_pipeline.py
[2025-07-01T23:14:14.359+0000] {processor.py:925} INFO - DAG(s) 'extract_raw_data_pipeline' retrieved from /opt/airflow/dags/driven_data_pipeline.py
[2025-07-01T23:14:14.392+0000] {logging_mixin.py:190} INFO - [2025-07-01T23:14:14.392+0000] {dag.py:3239} INFO - Sync 1 DAGs
[2025-07-01T23:14:14.419+0000] {logging_mixin.py:190} INFO - [2025-07-01T23:14:14.419+0000] {dag.py:4180} INFO - Setting next_dagrun for extract_raw_data_pipeline to 2025-07-01 07:59:00+00:00, run_after=2025-07-02 07:00:00+00:00
[2025-07-01T23:14:14.445+0000] {processor.py:208} INFO - Processing /opt/airflow/dags/driven_data_pipeline.py took 0.156 seconds
[2025-07-01T23:14:44.836+0000] {processor.py:186} INFO - Started process (PID=535) to work on /opt/airflow/dags/driven_data_pipeline.py
[2025-07-01T23:14:44.838+0000] {processor.py:914} INFO - Processing file /opt/airflow/dags/driven_data_pipeline.py for tasks to queue
[2025-07-01T23:14:44.842+0000] {logging_mixin.py:190} INFO - [2025-07-01T23:14:44.841+0000] {dagbag.py:588} INFO - Filling up the DagBag from /opt/airflow/dags/driven_data_pipeline.py
[2025-07-01T23:14:44.891+0000] {processor.py:925} INFO - DAG(s) 'extract_raw_data_pipeline' retrieved from /opt/airflow/dags/driven_data_pipeline.py
[2025-07-01T23:14:44.924+0000] {logging_mixin.py:190} INFO - [2025-07-01T23:14:44.924+0000] {dag.py:3239} INFO - Sync 1 DAGs
[2025-07-01T23:14:44.953+0000] {logging_mixin.py:190} INFO - [2025-07-01T23:14:44.953+0000] {dag.py:4180} INFO - Setting next_dagrun for extract_raw_data_pipeline to 2025-07-01 07:59:00+00:00, run_after=2025-07-02 07:00:00+00:00
[2025-07-01T23:14:44.982+0000] {processor.py:208} INFO - Processing /opt/airflow/dags/driven_data_pipeline.py took 0.154 seconds
[2025-07-01T23:15:15.227+0000] {processor.py:186} INFO - Started process (PID=542) to work on /opt/airflow/dags/driven_data_pipeline.py
[2025-07-01T23:15:15.229+0000] {processor.py:914} INFO - Processing file /opt/airflow/dags/driven_data_pipeline.py for tasks to queue
[2025-07-01T23:15:15.234+0000] {logging_mixin.py:190} INFO - [2025-07-01T23:15:15.234+0000] {dagbag.py:588} INFO - Filling up the DagBag from /opt/airflow/dags/driven_data_pipeline.py
[2025-07-01T23:15:15.298+0000] {processor.py:925} INFO - DAG(s) 'extract_raw_data_pipeline' retrieved from /opt/airflow/dags/driven_data_pipeline.py
[2025-07-01T23:15:15.337+0000] {logging_mixin.py:190} INFO - [2025-07-01T23:15:15.336+0000] {dag.py:3239} INFO - Sync 1 DAGs
[2025-07-01T23:15:15.376+0000] {logging_mixin.py:190} INFO - [2025-07-01T23:15:15.376+0000] {dag.py:4180} INFO - Setting next_dagrun for extract_raw_data_pipeline to 2025-07-01 07:59:00+00:00, run_after=2025-07-02 07:00:00+00:00
[2025-07-01T23:15:15.408+0000] {processor.py:208} INFO - Processing /opt/airflow/dags/driven_data_pipeline.py took 0.191 seconds
[2025-07-01T23:15:45.795+0000] {processor.py:186} INFO - Started process (PID=549) to work on /opt/airflow/dags/driven_data_pipeline.py
[2025-07-01T23:15:45.797+0000] {processor.py:914} INFO - Processing file /opt/airflow/dags/driven_data_pipeline.py for tasks to queue
[2025-07-01T23:15:45.804+0000] {logging_mixin.py:190} INFO - [2025-07-01T23:15:45.803+0000] {dagbag.py:588} INFO - Filling up the DagBag from /opt/airflow/dags/driven_data_pipeline.py
[2025-07-01T23:15:45.884+0000] {processor.py:925} INFO - DAG(s) 'extract_raw_data_pipeline' retrieved from /opt/airflow/dags/driven_data_pipeline.py
[2025-07-01T23:15:45.951+0000] {logging_mixin.py:190} INFO - [2025-07-01T23:15:45.951+0000] {dag.py:3239} INFO - Sync 1 DAGs
[2025-07-01T23:15:45.992+0000] {logging_mixin.py:190} INFO - [2025-07-01T23:15:45.992+0000] {dag.py:4180} INFO - Setting next_dagrun for extract_raw_data_pipeline to 2025-07-01 07:59:00+00:00, run_after=2025-07-02 07:00:00+00:00
[2025-07-01T23:15:46.024+0000] {processor.py:208} INFO - Processing /opt/airflow/dags/driven_data_pipeline.py took 0.238 seconds
[2025-07-01T23:16:16.153+0000] {processor.py:186} INFO - Started process (PID=557) to work on /opt/airflow/dags/driven_data_pipeline.py
[2025-07-01T23:16:16.156+0000] {processor.py:914} INFO - Processing file /opt/airflow/dags/driven_data_pipeline.py for tasks to queue
[2025-07-01T23:16:16.161+0000] {logging_mixin.py:190} INFO - [2025-07-01T23:16:16.160+0000] {dagbag.py:588} INFO - Filling up the DagBag from /opt/airflow/dags/driven_data_pipeline.py
[2025-07-01T23:16:16.222+0000] {processor.py:925} INFO - DAG(s) 'extract_raw_data_pipeline' retrieved from /opt/airflow/dags/driven_data_pipeline.py
[2025-07-01T23:16:16.280+0000] {logging_mixin.py:190} INFO - [2025-07-01T23:16:16.279+0000] {dag.py:3239} INFO - Sync 1 DAGs
[2025-07-01T23:16:16.319+0000] {logging_mixin.py:190} INFO - [2025-07-01T23:16:16.319+0000] {dag.py:4180} INFO - Setting next_dagrun for extract_raw_data_pipeline to 2025-07-01 07:59:00+00:00, run_after=2025-07-02 07:00:00+00:00
[2025-07-01T23:16:16.351+0000] {processor.py:208} INFO - Processing /opt/airflow/dags/driven_data_pipeline.py took 0.210 seconds
[2025-07-01T23:16:46.573+0000] {processor.py:186} INFO - Started process (PID=564) to work on /opt/airflow/dags/driven_data_pipeline.py
[2025-07-01T23:16:46.575+0000] {processor.py:914} INFO - Processing file /opt/airflow/dags/driven_data_pipeline.py for tasks to queue
[2025-07-01T23:16:46.578+0000] {logging_mixin.py:190} INFO - [2025-07-01T23:16:46.578+0000] {dagbag.py:588} INFO - Filling up the DagBag from /opt/airflow/dags/driven_data_pipeline.py
[2025-07-01T23:16:46.624+0000] {processor.py:925} INFO - DAG(s) 'extract_raw_data_pipeline' retrieved from /opt/airflow/dags/driven_data_pipeline.py
[2025-07-01T23:16:46.665+0000] {logging_mixin.py:190} INFO - [2025-07-01T23:16:46.665+0000] {dag.py:3239} INFO - Sync 1 DAGs
[2025-07-01T23:16:46.693+0000] {logging_mixin.py:190} INFO - [2025-07-01T23:16:46.693+0000] {dag.py:4180} INFO - Setting next_dagrun for extract_raw_data_pipeline to 2025-07-01 07:59:00+00:00, run_after=2025-07-02 07:00:00+00:00
[2025-07-01T23:16:46.719+0000] {processor.py:208} INFO - Processing /opt/airflow/dags/driven_data_pipeline.py took 0.153 seconds
[2025-07-01T23:17:17.077+0000] {processor.py:186} INFO - Started process (PID=571) to work on /opt/airflow/dags/driven_data_pipeline.py
[2025-07-01T23:17:17.079+0000] {processor.py:914} INFO - Processing file /opt/airflow/dags/driven_data_pipeline.py for tasks to queue
[2025-07-01T23:17:17.083+0000] {logging_mixin.py:190} INFO - [2025-07-01T23:17:17.083+0000] {dagbag.py:588} INFO - Filling up the DagBag from /opt/airflow/dags/driven_data_pipeline.py
[2025-07-01T23:17:17.140+0000] {processor.py:925} INFO - DAG(s) 'extract_raw_data_pipeline' retrieved from /opt/airflow/dags/driven_data_pipeline.py
[2025-07-01T23:17:17.179+0000] {logging_mixin.py:190} INFO - [2025-07-01T23:17:17.178+0000] {dag.py:3239} INFO - Sync 1 DAGs
[2025-07-01T23:17:17.209+0000] {logging_mixin.py:190} INFO - [2025-07-01T23:17:17.209+0000] {dag.py:4180} INFO - Setting next_dagrun for extract_raw_data_pipeline to 2025-07-01 07:59:00+00:00, run_after=2025-07-02 07:00:00+00:00
[2025-07-01T23:17:17.242+0000] {processor.py:208} INFO - Processing /opt/airflow/dags/driven_data_pipeline.py took 0.174 seconds
[2025-07-01T23:17:47.444+0000] {processor.py:186} INFO - Started process (PID=583) to work on /opt/airflow/dags/driven_data_pipeline.py
[2025-07-01T23:17:47.446+0000] {processor.py:914} INFO - Processing file /opt/airflow/dags/driven_data_pipeline.py for tasks to queue
[2025-07-01T23:17:47.449+0000] {logging_mixin.py:190} INFO - [2025-07-01T23:17:47.448+0000] {dagbag.py:588} INFO - Filling up the DagBag from /opt/airflow/dags/driven_data_pipeline.py
[2025-07-01T23:17:47.503+0000] {processor.py:925} INFO - DAG(s) 'extract_raw_data_pipeline' retrieved from /opt/airflow/dags/driven_data_pipeline.py
[2025-07-01T23:17:47.560+0000] {logging_mixin.py:190} INFO - [2025-07-01T23:17:47.560+0000] {dag.py:3239} INFO - Sync 1 DAGs
[2025-07-01T23:17:47.600+0000] {logging_mixin.py:190} INFO - [2025-07-01T23:17:47.599+0000] {dag.py:4180} INFO - Setting next_dagrun for extract_raw_data_pipeline to 2025-07-01 07:59:00+00:00, run_after=2025-07-02 07:00:00+00:00
[2025-07-01T23:17:47.633+0000] {processor.py:208} INFO - Processing /opt/airflow/dags/driven_data_pipeline.py took 0.198 seconds
[2025-07-01T23:18:17.998+0000] {processor.py:186} INFO - Started process (PID=590) to work on /opt/airflow/dags/driven_data_pipeline.py
[2025-07-01T23:18:17.999+0000] {processor.py:914} INFO - Processing file /opt/airflow/dags/driven_data_pipeline.py for tasks to queue
[2025-07-01T23:18:18.003+0000] {logging_mixin.py:190} INFO - [2025-07-01T23:18:18.003+0000] {dagbag.py:588} INFO - Filling up the DagBag from /opt/airflow/dags/driven_data_pipeline.py
[2025-07-01T23:18:18.060+0000] {processor.py:925} INFO - DAG(s) 'extract_raw_data_pipeline' retrieved from /opt/airflow/dags/driven_data_pipeline.py
[2025-07-01T23:18:18.093+0000] {logging_mixin.py:190} INFO - [2025-07-01T23:18:18.093+0000] {dag.py:3239} INFO - Sync 1 DAGs
[2025-07-01T23:18:18.124+0000] {logging_mixin.py:190} INFO - [2025-07-01T23:18:18.123+0000] {dag.py:4180} INFO - Setting next_dagrun for extract_raw_data_pipeline to 2025-07-01 07:59:00+00:00, run_after=2025-07-02 07:00:00+00:00
[2025-07-01T23:18:18.159+0000] {processor.py:208} INFO - Processing /opt/airflow/dags/driven_data_pipeline.py took 0.169 seconds
[2025-07-01T23:18:48.368+0000] {processor.py:186} INFO - Started process (PID=597) to work on /opt/airflow/dags/driven_data_pipeline.py
[2025-07-01T23:18:48.370+0000] {processor.py:914} INFO - Processing file /opt/airflow/dags/driven_data_pipeline.py for tasks to queue
[2025-07-01T23:18:48.373+0000] {logging_mixin.py:190} INFO - [2025-07-01T23:18:48.373+0000] {dagbag.py:588} INFO - Filling up the DagBag from /opt/airflow/dags/driven_data_pipeline.py
[2025-07-01T23:18:48.421+0000] {processor.py:925} INFO - DAG(s) 'extract_raw_data_pipeline' retrieved from /opt/airflow/dags/driven_data_pipeline.py
[2025-07-01T23:18:48.453+0000] {logging_mixin.py:190} INFO - [2025-07-01T23:18:48.453+0000] {dag.py:3239} INFO - Sync 1 DAGs
[2025-07-01T23:18:48.479+0000] {logging_mixin.py:190} INFO - [2025-07-01T23:18:48.479+0000] {dag.py:4180} INFO - Setting next_dagrun for extract_raw_data_pipeline to 2025-07-01 07:59:00+00:00, run_after=2025-07-02 07:00:00+00:00
[2025-07-01T23:18:48.508+0000] {processor.py:208} INFO - Processing /opt/airflow/dags/driven_data_pipeline.py took 0.147 seconds
[2025-07-01T23:19:18.918+0000] {processor.py:186} INFO - Started process (PID=604) to work on /opt/airflow/dags/driven_data_pipeline.py
[2025-07-01T23:19:18.920+0000] {processor.py:914} INFO - Processing file /opt/airflow/dags/driven_data_pipeline.py for tasks to queue
[2025-07-01T23:19:18.924+0000] {logging_mixin.py:190} INFO - [2025-07-01T23:19:18.924+0000] {dagbag.py:588} INFO - Filling up the DagBag from /opt/airflow/dags/driven_data_pipeline.py
[2025-07-01T23:19:18.986+0000] {processor.py:925} INFO - DAG(s) 'extract_raw_data_pipeline' retrieved from /opt/airflow/dags/driven_data_pipeline.py
[2025-07-01T23:19:19.025+0000] {logging_mixin.py:190} INFO - [2025-07-01T23:19:19.025+0000] {dag.py:3239} INFO - Sync 1 DAGs
[2025-07-01T23:19:19.058+0000] {logging_mixin.py:190} INFO - [2025-07-01T23:19:19.058+0000] {dag.py:4180} INFO - Setting next_dagrun for extract_raw_data_pipeline to 2025-07-01 07:59:00+00:00, run_after=2025-07-02 07:00:00+00:00
[2025-07-01T23:19:19.097+0000] {processor.py:208} INFO - Processing /opt/airflow/dags/driven_data_pipeline.py took 0.190 seconds
[2025-07-01T23:19:49.319+0000] {processor.py:186} INFO - Started process (PID=611) to work on /opt/airflow/dags/driven_data_pipeline.py
[2025-07-01T23:19:49.324+0000] {processor.py:914} INFO - Processing file /opt/airflow/dags/driven_data_pipeline.py for tasks to queue
[2025-07-01T23:19:49.329+0000] {logging_mixin.py:190} INFO - [2025-07-01T23:19:49.329+0000] {dagbag.py:588} INFO - Filling up the DagBag from /opt/airflow/dags/driven_data_pipeline.py
[2025-07-01T23:19:49.397+0000] {processor.py:925} INFO - DAG(s) 'extract_raw_data_pipeline' retrieved from /opt/airflow/dags/driven_data_pipeline.py
[2025-07-01T23:19:49.438+0000] {logging_mixin.py:190} INFO - [2025-07-01T23:19:49.437+0000] {dag.py:3239} INFO - Sync 1 DAGs
[2025-07-01T23:19:49.466+0000] {logging_mixin.py:190} INFO - [2025-07-01T23:19:49.465+0000] {dag.py:4180} INFO - Setting next_dagrun for extract_raw_data_pipeline to 2025-07-01 07:59:00+00:00, run_after=2025-07-02 07:00:00+00:00
[2025-07-01T23:19:49.493+0000] {processor.py:208} INFO - Processing /opt/airflow/dags/driven_data_pipeline.py took 0.188 seconds
[2025-07-01T23:20:19.861+0000] {processor.py:186} INFO - Started process (PID=618) to work on /opt/airflow/dags/driven_data_pipeline.py
[2025-07-01T23:20:19.863+0000] {processor.py:914} INFO - Processing file /opt/airflow/dags/driven_data_pipeline.py for tasks to queue
[2025-07-01T23:20:19.868+0000] {logging_mixin.py:190} INFO - [2025-07-01T23:20:19.867+0000] {dagbag.py:588} INFO - Filling up the DagBag from /opt/airflow/dags/driven_data_pipeline.py
[2025-07-01T23:20:19.942+0000] {processor.py:925} INFO - DAG(s) 'extract_raw_data_pipeline' retrieved from /opt/airflow/dags/driven_data_pipeline.py
[2025-07-01T23:20:19.984+0000] {logging_mixin.py:190} INFO - [2025-07-01T23:20:19.984+0000] {dag.py:3239} INFO - Sync 1 DAGs
[2025-07-01T23:20:20.024+0000] {logging_mixin.py:190} INFO - [2025-07-01T23:20:20.023+0000] {dag.py:4180} INFO - Setting next_dagrun for extract_raw_data_pipeline to 2025-07-01 07:59:00+00:00, run_after=2025-07-02 07:00:00+00:00
[2025-07-01T23:20:20.056+0000] {processor.py:208} INFO - Processing /opt/airflow/dags/driven_data_pipeline.py took 0.205 seconds
[2025-07-01T23:20:50.235+0000] {processor.py:186} INFO - Started process (PID=625) to work on /opt/airflow/dags/driven_data_pipeline.py
[2025-07-01T23:20:50.237+0000] {processor.py:914} INFO - Processing file /opt/airflow/dags/driven_data_pipeline.py for tasks to queue
[2025-07-01T23:20:50.242+0000] {logging_mixin.py:190} INFO - [2025-07-01T23:20:50.241+0000] {dagbag.py:588} INFO - Filling up the DagBag from /opt/airflow/dags/driven_data_pipeline.py
[2025-07-01T23:20:50.293+0000] {processor.py:925} INFO - DAG(s) 'extract_raw_data_pipeline' retrieved from /opt/airflow/dags/driven_data_pipeline.py
[2025-07-01T23:20:50.336+0000] {logging_mixin.py:190} INFO - [2025-07-01T23:20:50.336+0000] {dag.py:3239} INFO - Sync 1 DAGs
[2025-07-01T23:20:50.372+0000] {logging_mixin.py:190} INFO - [2025-07-01T23:20:50.372+0000] {dag.py:4180} INFO - Setting next_dagrun for extract_raw_data_pipeline to 2025-07-01 07:59:00+00:00, run_after=2025-07-02 07:00:00+00:00
[2025-07-01T23:20:50.403+0000] {processor.py:208} INFO - Processing /opt/airflow/dags/driven_data_pipeline.py took 0.178 seconds
[2025-07-01T23:21:20.741+0000] {processor.py:186} INFO - Started process (PID=636) to work on /opt/airflow/dags/driven_data_pipeline.py
[2025-07-01T23:21:20.743+0000] {processor.py:914} INFO - Processing file /opt/airflow/dags/driven_data_pipeline.py for tasks to queue
[2025-07-01T23:21:20.748+0000] {logging_mixin.py:190} INFO - [2025-07-01T23:21:20.748+0000] {dagbag.py:588} INFO - Filling up the DagBag from /opt/airflow/dags/driven_data_pipeline.py
[2025-07-01T23:21:20.804+0000] {processor.py:925} INFO - DAG(s) 'extract_raw_data_pipeline' retrieved from /opt/airflow/dags/driven_data_pipeline.py
[2025-07-01T23:21:20.838+0000] {logging_mixin.py:190} INFO - [2025-07-01T23:21:20.837+0000] {dag.py:3239} INFO - Sync 1 DAGs
[2025-07-01T23:21:20.873+0000] {logging_mixin.py:190} INFO - [2025-07-01T23:21:20.873+0000] {dag.py:4180} INFO - Setting next_dagrun for extract_raw_data_pipeline to 2025-07-01 07:59:00+00:00, run_after=2025-07-02 07:00:00+00:00
[2025-07-01T23:21:20.901+0000] {processor.py:208} INFO - Processing /opt/airflow/dags/driven_data_pipeline.py took 0.168 seconds
[2025-07-01T23:21:51.127+0000] {processor.py:186} INFO - Started process (PID=643) to work on /opt/airflow/dags/driven_data_pipeline.py
[2025-07-01T23:21:51.129+0000] {processor.py:914} INFO - Processing file /opt/airflow/dags/driven_data_pipeline.py for tasks to queue
[2025-07-01T23:21:51.132+0000] {logging_mixin.py:190} INFO - [2025-07-01T23:21:51.132+0000] {dagbag.py:588} INFO - Filling up the DagBag from /opt/airflow/dags/driven_data_pipeline.py
[2025-07-01T23:21:51.175+0000] {processor.py:925} INFO - DAG(s) 'extract_raw_data_pipeline' retrieved from /opt/airflow/dags/driven_data_pipeline.py
[2025-07-01T23:21:51.205+0000] {logging_mixin.py:190} INFO - [2025-07-01T23:21:51.205+0000] {dag.py:3239} INFO - Sync 1 DAGs
[2025-07-01T23:21:51.231+0000] {logging_mixin.py:190} INFO - [2025-07-01T23:21:51.231+0000] {dag.py:4180} INFO - Setting next_dagrun for extract_raw_data_pipeline to 2025-07-01 07:59:00+00:00, run_after=2025-07-02 07:00:00+00:00
[2025-07-01T23:21:51.254+0000] {processor.py:208} INFO - Processing /opt/airflow/dags/driven_data_pipeline.py took 0.133 seconds
[2025-07-01T23:22:21.539+0000] {processor.py:186} INFO - Started process (PID=651) to work on /opt/airflow/dags/driven_data_pipeline.py
[2025-07-01T23:22:21.540+0000] {processor.py:914} INFO - Processing file /opt/airflow/dags/driven_data_pipeline.py for tasks to queue
[2025-07-01T23:22:21.544+0000] {logging_mixin.py:190} INFO - [2025-07-01T23:22:21.544+0000] {dagbag.py:588} INFO - Filling up the DagBag from /opt/airflow/dags/driven_data_pipeline.py
[2025-07-01T23:22:21.591+0000] {processor.py:925} INFO - DAG(s) 'extract_raw_data_pipeline' retrieved from /opt/airflow/dags/driven_data_pipeline.py
[2025-07-01T23:22:21.629+0000] {logging_mixin.py:190} INFO - [2025-07-01T23:22:21.629+0000] {dag.py:3239} INFO - Sync 1 DAGs
[2025-07-01T23:22:21.670+0000] {logging_mixin.py:190} INFO - [2025-07-01T23:22:21.670+0000] {dag.py:4180} INFO - Setting next_dagrun for extract_raw_data_pipeline to 2025-07-01 07:59:00+00:00, run_after=2025-07-02 07:00:00+00:00
[2025-07-01T23:22:21.700+0000] {processor.py:208} INFO - Processing /opt/airflow/dags/driven_data_pipeline.py took 0.173 seconds
[2025-07-01T23:22:51.884+0000] {processor.py:186} INFO - Started process (PID=658) to work on /opt/airflow/dags/driven_data_pipeline.py
[2025-07-01T23:22:51.886+0000] {processor.py:914} INFO - Processing file /opt/airflow/dags/driven_data_pipeline.py for tasks to queue
[2025-07-01T23:22:51.889+0000] {logging_mixin.py:190} INFO - [2025-07-01T23:22:51.888+0000] {dagbag.py:588} INFO - Filling up the DagBag from /opt/airflow/dags/driven_data_pipeline.py
[2025-07-01T23:22:51.924+0000] {processor.py:925} INFO - DAG(s) 'extract_raw_data_pipeline' retrieved from /opt/airflow/dags/driven_data_pipeline.py
[2025-07-01T23:22:51.956+0000] {logging_mixin.py:190} INFO - [2025-07-01T23:22:51.956+0000] {dag.py:3239} INFO - Sync 1 DAGs
[2025-07-01T23:22:51.983+0000] {logging_mixin.py:190} INFO - [2025-07-01T23:22:51.983+0000] {dag.py:4180} INFO - Setting next_dagrun for extract_raw_data_pipeline to 2025-07-01 07:59:00+00:00, run_after=2025-07-02 07:00:00+00:00
[2025-07-01T23:22:52.006+0000] {processor.py:208} INFO - Processing /opt/airflow/dags/driven_data_pipeline.py took 0.129 seconds
[2025-07-01T23:23:22.292+0000] {processor.py:186} INFO - Started process (PID=665) to work on /opt/airflow/dags/driven_data_pipeline.py
[2025-07-01T23:23:22.294+0000] {processor.py:914} INFO - Processing file /opt/airflow/dags/driven_data_pipeline.py for tasks to queue
[2025-07-01T23:23:22.297+0000] {logging_mixin.py:190} INFO - [2025-07-01T23:23:22.297+0000] {dagbag.py:588} INFO - Filling up the DagBag from /opt/airflow/dags/driven_data_pipeline.py
[2025-07-01T23:23:22.337+0000] {processor.py:925} INFO - DAG(s) 'extract_raw_data_pipeline' retrieved from /opt/airflow/dags/driven_data_pipeline.py
[2025-07-01T23:23:22.370+0000] {logging_mixin.py:190} INFO - [2025-07-01T23:23:22.370+0000] {dag.py:3239} INFO - Sync 1 DAGs
[2025-07-01T23:23:22.412+0000] {logging_mixin.py:190} INFO - [2025-07-01T23:23:22.412+0000] {dag.py:4180} INFO - Setting next_dagrun for extract_raw_data_pipeline to 2025-07-01 07:59:00+00:00, run_after=2025-07-02 07:00:00+00:00
[2025-07-01T23:23:22.444+0000] {processor.py:208} INFO - Processing /opt/airflow/dags/driven_data_pipeline.py took 0.157 seconds
[2025-07-01T23:23:52.643+0000] {processor.py:186} INFO - Started process (PID=672) to work on /opt/airflow/dags/driven_data_pipeline.py
[2025-07-01T23:23:52.645+0000] {processor.py:914} INFO - Processing file /opt/airflow/dags/driven_data_pipeline.py for tasks to queue
[2025-07-01T23:23:52.649+0000] {logging_mixin.py:190} INFO - [2025-07-01T23:23:52.649+0000] {dagbag.py:588} INFO - Filling up the DagBag from /opt/airflow/dags/driven_data_pipeline.py
[2025-07-01T23:23:52.705+0000] {processor.py:925} INFO - DAG(s) 'extract_raw_data_pipeline' retrieved from /opt/airflow/dags/driven_data_pipeline.py
[2025-07-01T23:23:52.746+0000] {logging_mixin.py:190} INFO - [2025-07-01T23:23:52.746+0000] {dag.py:3239} INFO - Sync 1 DAGs
[2025-07-01T23:23:52.770+0000] {logging_mixin.py:190} INFO - [2025-07-01T23:23:52.770+0000] {dag.py:4180} INFO - Setting next_dagrun for extract_raw_data_pipeline to 2025-07-01 07:59:00+00:00, run_after=2025-07-02 07:00:00+00:00
[2025-07-01T23:23:52.793+0000] {processor.py:208} INFO - Processing /opt/airflow/dags/driven_data_pipeline.py took 0.167 seconds
[2025-07-01T23:24:23.108+0000] {processor.py:186} INFO - Started process (PID=679) to work on /opt/airflow/dags/driven_data_pipeline.py
[2025-07-01T23:24:23.111+0000] {processor.py:914} INFO - Processing file /opt/airflow/dags/driven_data_pipeline.py for tasks to queue
[2025-07-01T23:24:23.115+0000] {logging_mixin.py:190} INFO - [2025-07-01T23:24:23.115+0000] {dagbag.py:588} INFO - Filling up the DagBag from /opt/airflow/dags/driven_data_pipeline.py
[2025-07-01T23:24:23.177+0000] {processor.py:925} INFO - DAG(s) 'extract_raw_data_pipeline' retrieved from /opt/airflow/dags/driven_data_pipeline.py
[2025-07-01T23:24:23.243+0000] {logging_mixin.py:190} INFO - [2025-07-01T23:24:23.243+0000] {dag.py:3239} INFO - Sync 1 DAGs
[2025-07-01T23:24:23.300+0000] {logging_mixin.py:190} INFO - [2025-07-01T23:24:23.299+0000] {dag.py:4180} INFO - Setting next_dagrun for extract_raw_data_pipeline to 2025-07-01 07:59:00+00:00, run_after=2025-07-02 07:00:00+00:00
[2025-07-01T23:24:23.332+0000] {processor.py:208} INFO - Processing /opt/airflow/dags/driven_data_pipeline.py took 0.238 seconds
[2025-07-01T23:24:53.420+0000] {processor.py:186} INFO - Started process (PID=686) to work on /opt/airflow/dags/driven_data_pipeline.py
[2025-07-01T23:24:53.422+0000] {processor.py:914} INFO - Processing file /opt/airflow/dags/driven_data_pipeline.py for tasks to queue
[2025-07-01T23:24:53.427+0000] {logging_mixin.py:190} INFO - [2025-07-01T23:24:53.427+0000] {dagbag.py:588} INFO - Filling up the DagBag from /opt/airflow/dags/driven_data_pipeline.py
[2025-07-01T23:24:53.494+0000] {processor.py:925} INFO - DAG(s) 'extract_raw_data_pipeline' retrieved from /opt/airflow/dags/driven_data_pipeline.py
[2025-07-01T23:24:53.545+0000] {logging_mixin.py:190} INFO - [2025-07-01T23:24:53.544+0000] {dag.py:3239} INFO - Sync 1 DAGs
[2025-07-01T23:24:53.595+0000] {logging_mixin.py:190} INFO - [2025-07-01T23:24:53.595+0000] {dag.py:4180} INFO - Setting next_dagrun for extract_raw_data_pipeline to 2025-07-01 07:59:00+00:00, run_after=2025-07-02 07:00:00+00:00
[2025-07-01T23:24:53.644+0000] {processor.py:208} INFO - Processing /opt/airflow/dags/driven_data_pipeline.py took 0.235 seconds
[2025-07-01T23:25:24.008+0000] {processor.py:186} INFO - Started process (PID=693) to work on /opt/airflow/dags/driven_data_pipeline.py
[2025-07-01T23:25:24.011+0000] {processor.py:914} INFO - Processing file /opt/airflow/dags/driven_data_pipeline.py for tasks to queue
[2025-07-01T23:25:24.019+0000] {logging_mixin.py:190} INFO - [2025-07-01T23:25:24.018+0000] {dagbag.py:588} INFO - Filling up the DagBag from /opt/airflow/dags/driven_data_pipeline.py
[2025-07-01T23:25:24.093+0000] {processor.py:925} INFO - DAG(s) 'extract_raw_data_pipeline' retrieved from /opt/airflow/dags/driven_data_pipeline.py
[2025-07-01T23:25:24.141+0000] {logging_mixin.py:190} INFO - [2025-07-01T23:25:24.140+0000] {dag.py:3239} INFO - Sync 1 DAGs
[2025-07-01T23:25:24.183+0000] {logging_mixin.py:190} INFO - [2025-07-01T23:25:24.183+0000] {dag.py:4180} INFO - Setting next_dagrun for extract_raw_data_pipeline to 2025-07-01 07:59:00+00:00, run_after=2025-07-02 07:00:00+00:00
[2025-07-01T23:25:24.225+0000] {processor.py:208} INFO - Processing /opt/airflow/dags/driven_data_pipeline.py took 0.241 seconds
[2025-07-01T23:53:26.719+0000] {processor.py:186} INFO - Started process (PID=694) to work on /opt/airflow/dags/driven_data_pipeline.py
[2025-07-01T23:53:26.722+0000] {processor.py:914} INFO - Processing file /opt/airflow/dags/driven_data_pipeline.py for tasks to queue
[2025-07-01T23:53:26.729+0000] {logging_mixin.py:190} INFO - [2025-07-01T23:53:26.728+0000] {dagbag.py:588} INFO - Filling up the DagBag from /opt/airflow/dags/driven_data_pipeline.py
[2025-07-02T00:23:51.290+0000] {processor.py:925} INFO - DAG(s) 'extract_raw_data_pipeline' retrieved from /opt/airflow/dags/driven_data_pipeline.py
[2025-07-02T00:23:51.696+0000] {logging_mixin.py:190} INFO - [2025-07-02T00:23:51.684+0000] {dag.py:3239} INFO - Sync 1 DAGs
