[0m21:07:24.830547 [debug] [MainThread]: Sending event: {'category': 'dbt', 'action': 'invocation', 'label': 'start', 'context': [<snowplow_tracker.self_describing_json.SelfDescribingJson object at 0x76fb07c707d0>, <snowplow_tracker.self_describing_json.SelfDescribingJson object at 0x76fb08009dc0>, <snowplow_tracker.self_describing_json.SelfDescribingJson object at 0x76fb07c73c80>]}


============================== 21:07:24.867946 | 3d75b702-b03b-4c0d-89da-ac35cfc62931 ==============================
[0m21:07:24.867946 [info ] [MainThread]: Running with dbt=1.8.0
[0m21:07:24.869368 [debug] [MainThread]: running dbt with arguments {'printer_width': '80', 'indirect_selection': 'eager', 'write_json': 'True', 'log_cache_events': 'False', 'partial_parse': 'True', 'cache_selected_only': 'False', 'profiles_dir': '/opt/airflow/dbt', 'debug': 'False', 'fail_fast': 'False', 'log_path': '/opt/airflow/dbt/logs', 'warn_error': 'None', 'version_check': 'True', 'use_colors': 'True', 'use_experimental_parser': 'False', 'no_print': 'None', 'quiet': 'False', 'log_format': 'default', 'invocation_command': 'dbt run --select tag:staging', 'warn_error_options': 'WarnErrorOptions(include=[], exclude=[])', 'introspect': 'True', 'target_path': 'None', 'static_parser': 'True', 'send_anonymous_usage_stats': 'True'}
[0m21:07:24.883838 [error] [MainThread]: Encountered an error:
argument of type 'NoneType' is not iterable
[0m21:07:24.888115 [error] [MainThread]: Traceback (most recent call last):
  File "/home/airflow/.local/lib/python3.12/site-packages/dbt/cli/requires.py", line 138, in wrapper
    result, success = func(*args, **kwargs)
                      ^^^^^^^^^^^^^^^^^^^^^
  File "/home/airflow/.local/lib/python3.12/site-packages/dbt/cli/requires.py", line 101, in wrapper
    return func(*args, **kwargs)
           ^^^^^^^^^^^^^^^^^^^^^
  File "/home/airflow/.local/lib/python3.12/site-packages/dbt/cli/requires.py", line 215, in wrapper
    profile = load_profile(flags.PROJECT_DIR, flags.VARS, flags.PROFILE, flags.TARGET, threads)
              ^^^^^^^^^^^^^^^^^^^^^^^^^^^^^^^^^^^^^^^^^^^^^^^^^^^^^^^^^^^^^^^^^^^^^^^^^^^^^^^^^
  File "/home/airflow/.local/lib/python3.12/site-packages/dbt/config/runtime.py", line 71, in load_profile
    profile = Profile.render(
              ^^^^^^^^^^^^^^^
  File "/home/airflow/.local/lib/python3.12/site-packages/dbt/config/profile.py", line 403, in render
    return cls.from_raw_profiles(
           ^^^^^^^^^^^^^^^^^^^^^^
  File "/home/airflow/.local/lib/python3.12/site-packages/dbt/config/profile.py", line 369, in from_raw_profiles
    return cls.from_raw_profile_info(
           ^^^^^^^^^^^^^^^^^^^^^^^^^^
  File "/home/airflow/.local/lib/python3.12/site-packages/dbt/config/profile.py", line 315, in from_raw_profile_info
    target_name, profile_data = cls.render_profile(
                                ^^^^^^^^^^^^^^^^^^^
  File "/home/airflow/.local/lib/python3.12/site-packages/dbt/config/profile.py", line 281, in render_profile
    raw_profile_data = cls._get_profile_data(raw_profile, profile_name, target_name)
                       ^^^^^^^^^^^^^^^^^^^^^^^^^^^^^^^^^^^^^^^^^^^^^^^^^^^^^^^^^^^^^
  File "/home/airflow/.local/lib/python3.12/site-packages/dbt/config/profile.py", line 206, in _get_profile_data
    if target_name not in outputs:
       ^^^^^^^^^^^^^^^^^^^^^^^^^^
TypeError: argument of type 'NoneType' is not iterable

[0m21:07:24.889473 [debug] [MainThread]: Resource report: {"command_name": "run", "command_wall_clock_time": 0.18904454, "process_user_time": 2.534377, "process_kernel_time": 1.162926, "process_mem_max_rss": "109104", "process_in_blocks": "256", "process_out_blocks": "4056", "command_success": false}
[0m21:07:24.890452 [debug] [MainThread]: Command `dbt run` failed at 21:07:24.890328 after 0.19 seconds
[0m21:07:24.891468 [debug] [MainThread]: Sending event: {'category': 'dbt', 'action': 'invocation', 'label': 'end', 'context': [<snowplow_tracker.self_describing_json.SelfDescribingJson object at 0x76fb07dec350>, <snowplow_tracker.self_describing_json.SelfDescribingJson object at 0x76fb07bf6ea0>, <snowplow_tracker.self_describing_json.SelfDescribingJson object at 0x76fb07c706e0>]}
[0m21:07:24.892678 [debug] [MainThread]: Flushing usage events
[0m21:07:37.132292 [debug] [MainThread]: Sending event: {'category': 'dbt', 'action': 'invocation', 'label': 'start', 'context': [<snowplow_tracker.self_describing_json.SelfDescribingJson object at 0x77262d20a870>, <snowplow_tracker.self_describing_json.SelfDescribingJson object at 0x77262c9ed3a0>, <snowplow_tracker.self_describing_json.SelfDescribingJson object at 0x77262c9a2840>]}


============================== 21:07:37.142614 | 40ae2fe9-c4e3-4e42-80cb-e99c9785acd6 ==============================
[0m21:07:37.142614 [info ] [MainThread]: Running with dbt=1.8.0
[0m21:07:37.143849 [debug] [MainThread]: running dbt with arguments {'printer_width': '80', 'indirect_selection': 'eager', 'log_cache_events': 'False', 'write_json': 'True', 'partial_parse': 'True', 'cache_selected_only': 'False', 'profiles_dir': '/opt/airflow/dbt', 'version_check': 'True', 'fail_fast': 'False', 'log_path': '/opt/airflow/dbt/logs', 'warn_error': 'None', 'debug': 'False', 'use_colors': 'True', 'use_experimental_parser': 'False', 'no_print': 'None', 'quiet': 'False', 'warn_error_options': 'WarnErrorOptions(include=[], exclude=[])', 'static_parser': 'True', 'introspect': 'True', 'invocation_command': 'dbt run --select tag:staging', 'target_path': 'None', 'log_format': 'default', 'send_anonymous_usage_stats': 'True'}
[0m21:07:37.159824 [error] [MainThread]: Encountered an error:
argument of type 'NoneType' is not iterable
[0m21:07:37.162691 [error] [MainThread]: Traceback (most recent call last):
  File "/home/airflow/.local/lib/python3.12/site-packages/dbt/cli/requires.py", line 138, in wrapper
    result, success = func(*args, **kwargs)
                      ^^^^^^^^^^^^^^^^^^^^^
  File "/home/airflow/.local/lib/python3.12/site-packages/dbt/cli/requires.py", line 101, in wrapper
    return func(*args, **kwargs)
           ^^^^^^^^^^^^^^^^^^^^^
  File "/home/airflow/.local/lib/python3.12/site-packages/dbt/cli/requires.py", line 215, in wrapper
    profile = load_profile(flags.PROJECT_DIR, flags.VARS, flags.PROFILE, flags.TARGET, threads)
              ^^^^^^^^^^^^^^^^^^^^^^^^^^^^^^^^^^^^^^^^^^^^^^^^^^^^^^^^^^^^^^^^^^^^^^^^^^^^^^^^^
  File "/home/airflow/.local/lib/python3.12/site-packages/dbt/config/runtime.py", line 71, in load_profile
    profile = Profile.render(
              ^^^^^^^^^^^^^^^
  File "/home/airflow/.local/lib/python3.12/site-packages/dbt/config/profile.py", line 403, in render
    return cls.from_raw_profiles(
           ^^^^^^^^^^^^^^^^^^^^^^
  File "/home/airflow/.local/lib/python3.12/site-packages/dbt/config/profile.py", line 369, in from_raw_profiles
    return cls.from_raw_profile_info(
           ^^^^^^^^^^^^^^^^^^^^^^^^^^
  File "/home/airflow/.local/lib/python3.12/site-packages/dbt/config/profile.py", line 315, in from_raw_profile_info
    target_name, profile_data = cls.render_profile(
                                ^^^^^^^^^^^^^^^^^^^
  File "/home/airflow/.local/lib/python3.12/site-packages/dbt/config/profile.py", line 281, in render_profile
    raw_profile_data = cls._get_profile_data(raw_profile, profile_name, target_name)
                       ^^^^^^^^^^^^^^^^^^^^^^^^^^^^^^^^^^^^^^^^^^^^^^^^^^^^^^^^^^^^^
  File "/home/airflow/.local/lib/python3.12/site-packages/dbt/config/profile.py", line 206, in _get_profile_data
    if target_name not in outputs:
       ^^^^^^^^^^^^^^^^^^^^^^^^^^
TypeError: argument of type 'NoneType' is not iterable

[0m21:07:37.165435 [debug] [MainThread]: Resource report: {"command_name": "run", "command_wall_clock_time": 0.10957469, "process_user_time": 1.953199, "process_kernel_time": 0.207702, "process_mem_max_rss": "99644", "command_success": false, "process_in_blocks": "0", "process_out_blocks": "0"}
[0m21:07:37.166904 [debug] [MainThread]: Command `dbt run` failed at 21:07:37.166628 after 0.11 seconds
[0m21:07:37.168755 [debug] [MainThread]: Sending event: {'category': 'dbt', 'action': 'invocation', 'label': 'end', 'context': [<snowplow_tracker.self_describing_json.SelfDescribingJson object at 0x77262ce04230>, <snowplow_tracker.self_describing_json.SelfDescribingJson object at 0x77262ccf6570>, <snowplow_tracker.self_describing_json.SelfDescribingJson object at 0x77262ccf61b0>]}
[0m21:07:37.171733 [debug] [MainThread]: Flushing usage events
[0m21:32:40.140236 [debug] [MainThread]: Sending event: {'category': 'dbt', 'action': 'invocation', 'label': 'start', 'context': [<snowplow_tracker.self_describing_json.SelfDescribingJson object at 0x7f543763d3d0>, <snowplow_tracker.self_describing_json.SelfDescribingJson object at 0x7f54383d1dc0>, <snowplow_tracker.self_describing_json.SelfDescribingJson object at 0x7f543763fef0>]}


============================== 21:32:40.153837 | 81048d5b-8e85-4b90-ab11-f280aed70767 ==============================
[0m21:32:40.153837 [info ] [MainThread]: Running with dbt=1.8.0
[0m21:32:40.155545 [debug] [MainThread]: running dbt with arguments {'printer_width': '80', 'indirect_selection': 'eager', 'write_json': 'True', 'log_cache_events': 'False', 'partial_parse': 'True', 'cache_selected_only': 'False', 'warn_error': 'None', 'fail_fast': 'False', 'profiles_dir': '/opt/airflow/dbt', 'log_path': '/opt/airflow/dbt/logs', 'version_check': 'True', 'debug': 'False', 'use_colors': 'True', 'use_experimental_parser': 'False', 'no_print': 'None', 'quiet': 'False', 'warn_error_options': 'WarnErrorOptions(include=[], exclude=[])', 'static_parser': 'True', 'introspect': 'True', 'invocation_command': 'dbt run --select tag:staging', 'target_path': 'None', 'log_format': 'default', 'send_anonymous_usage_stats': 'True'}
[0m21:32:40.183480 [error] [MainThread]: Encountered an error:
argument of type 'NoneType' is not iterable
[0m21:32:40.188044 [error] [MainThread]: Traceback (most recent call last):
  File "/home/airflow/.local/lib/python3.12/site-packages/dbt/cli/requires.py", line 138, in wrapper
    result, success = func(*args, **kwargs)
                      ^^^^^^^^^^^^^^^^^^^^^
  File "/home/airflow/.local/lib/python3.12/site-packages/dbt/cli/requires.py", line 101, in wrapper
    return func(*args, **kwargs)
           ^^^^^^^^^^^^^^^^^^^^^
  File "/home/airflow/.local/lib/python3.12/site-packages/dbt/cli/requires.py", line 215, in wrapper
    profile = load_profile(flags.PROJECT_DIR, flags.VARS, flags.PROFILE, flags.TARGET, threads)
              ^^^^^^^^^^^^^^^^^^^^^^^^^^^^^^^^^^^^^^^^^^^^^^^^^^^^^^^^^^^^^^^^^^^^^^^^^^^^^^^^^
  File "/home/airflow/.local/lib/python3.12/site-packages/dbt/config/runtime.py", line 71, in load_profile
    profile = Profile.render(
              ^^^^^^^^^^^^^^^
  File "/home/airflow/.local/lib/python3.12/site-packages/dbt/config/profile.py", line 403, in render
    return cls.from_raw_profiles(
           ^^^^^^^^^^^^^^^^^^^^^^
  File "/home/airflow/.local/lib/python3.12/site-packages/dbt/config/profile.py", line 369, in from_raw_profiles
    return cls.from_raw_profile_info(
           ^^^^^^^^^^^^^^^^^^^^^^^^^^
  File "/home/airflow/.local/lib/python3.12/site-packages/dbt/config/profile.py", line 315, in from_raw_profile_info
    target_name, profile_data = cls.render_profile(
                                ^^^^^^^^^^^^^^^^^^^
  File "/home/airflow/.local/lib/python3.12/site-packages/dbt/config/profile.py", line 281, in render_profile
    raw_profile_data = cls._get_profile_data(raw_profile, profile_name, target_name)
                       ^^^^^^^^^^^^^^^^^^^^^^^^^^^^^^^^^^^^^^^^^^^^^^^^^^^^^^^^^^^^^
  File "/home/airflow/.local/lib/python3.12/site-packages/dbt/config/profile.py", line 206, in _get_profile_data
    if target_name not in outputs:
       ^^^^^^^^^^^^^^^^^^^^^^^^^^
TypeError: argument of type 'NoneType' is not iterable

[0m21:32:40.191643 [debug] [MainThread]: Resource report: {"command_name": "run", "command_wall_clock_time": 0.19677459, "process_user_time": 6.164384, "process_kernel_time": 0.649944, "process_mem_max_rss": "100056", "command_success": false, "process_in_blocks": "0", "process_out_blocks": "0"}
[0m21:32:40.195089 [debug] [MainThread]: Command `dbt run` failed at 21:32:40.194661 after 0.20 seconds
[0m21:32:40.197821 [debug] [MainThread]: Sending event: {'category': 'dbt', 'action': 'invocation', 'label': 'end', 'context': [<snowplow_tracker.self_describing_json.SelfDescribingJson object at 0x7f54378cc410>, <snowplow_tracker.self_describing_json.SelfDescribingJson object at 0x7f543726d040>, <snowplow_tracker.self_describing_json.SelfDescribingJson object at 0x7f543724f7d0>]}
[0m21:32:40.199718 [debug] [MainThread]: Flushing usage events
[0m21:49:02.574757 [debug] [MainThread]: Sending event: {'category': 'dbt', 'action': 'invocation', 'label': 'start', 'context': [<snowplow_tracker.self_describing_json.SelfDescribingJson object at 0x74a181e008f0>, <snowplow_tracker.self_describing_json.SelfDescribingJson object at 0x74a18273d280>, <snowplow_tracker.self_describing_json.SelfDescribingJson object at 0x74a181b21dc0>]}


============================== 21:49:02.588657 | 8c657b09-7764-4715-9a75-94ba8ca90d5e ==============================
[0m21:49:02.588657 [info ] [MainThread]: Running with dbt=1.8.0
[0m21:49:02.590073 [debug] [MainThread]: running dbt with arguments {'printer_width': '80', 'indirect_selection': 'eager', 'write_json': 'True', 'log_cache_events': 'False', 'partial_parse': 'True', 'cache_selected_only': 'False', 'profiles_dir': '/opt/airflow/dbt', 'debug': 'False', 'warn_error': 'None', 'log_path': '/opt/airflow/dbt/logs', 'fail_fast': 'False', 'version_check': 'True', 'use_colors': 'True', 'use_experimental_parser': 'False', 'no_print': 'None', 'quiet': 'False', 'warn_error_options': 'WarnErrorOptions(include=[], exclude=[])', 'static_parser': 'True', 'introspect': 'True', 'log_format': 'default', 'target_path': 'None', 'invocation_command': 'dbt run --select tag:staging', 'send_anonymous_usage_stats': 'True'}
[0m21:49:02.614420 [error] [MainThread]: Encountered an error:
argument of type 'NoneType' is not iterable
[0m21:49:02.617038 [error] [MainThread]: Traceback (most recent call last):
  File "/home/airflow/.local/lib/python3.12/site-packages/dbt/cli/requires.py", line 138, in wrapper
    result, success = func(*args, **kwargs)
                      ^^^^^^^^^^^^^^^^^^^^^
  File "/home/airflow/.local/lib/python3.12/site-packages/dbt/cli/requires.py", line 101, in wrapper
    return func(*args, **kwargs)
           ^^^^^^^^^^^^^^^^^^^^^
  File "/home/airflow/.local/lib/python3.12/site-packages/dbt/cli/requires.py", line 215, in wrapper
    profile = load_profile(flags.PROJECT_DIR, flags.VARS, flags.PROFILE, flags.TARGET, threads)
              ^^^^^^^^^^^^^^^^^^^^^^^^^^^^^^^^^^^^^^^^^^^^^^^^^^^^^^^^^^^^^^^^^^^^^^^^^^^^^^^^^
  File "/home/airflow/.local/lib/python3.12/site-packages/dbt/config/runtime.py", line 71, in load_profile
    profile = Profile.render(
              ^^^^^^^^^^^^^^^
  File "/home/airflow/.local/lib/python3.12/site-packages/dbt/config/profile.py", line 403, in render
    return cls.from_raw_profiles(
           ^^^^^^^^^^^^^^^^^^^^^^
  File "/home/airflow/.local/lib/python3.12/site-packages/dbt/config/profile.py", line 369, in from_raw_profiles
    return cls.from_raw_profile_info(
           ^^^^^^^^^^^^^^^^^^^^^^^^^^
  File "/home/airflow/.local/lib/python3.12/site-packages/dbt/config/profile.py", line 315, in from_raw_profile_info
    target_name, profile_data = cls.render_profile(
                                ^^^^^^^^^^^^^^^^^^^
  File "/home/airflow/.local/lib/python3.12/site-packages/dbt/config/profile.py", line 281, in render_profile
    raw_profile_data = cls._get_profile_data(raw_profile, profile_name, target_name)
                       ^^^^^^^^^^^^^^^^^^^^^^^^^^^^^^^^^^^^^^^^^^^^^^^^^^^^^^^^^^^^^
  File "/home/airflow/.local/lib/python3.12/site-packages/dbt/config/profile.py", line 206, in _get_profile_data
    if target_name not in outputs:
       ^^^^^^^^^^^^^^^^^^^^^^^^^^
TypeError: argument of type 'NoneType' is not iterable

[0m21:49:02.619795 [debug] [MainThread]: Resource report: {"command_name": "run", "command_wall_clock_time": 0.16661423, "process_user_time": 4.094379, "process_kernel_time": 0.590072, "process_mem_max_rss": "99652", "command_success": false, "process_in_blocks": "0", "process_out_blocks": "0"}
[0m21:49:02.622303 [debug] [MainThread]: Command `dbt run` failed at 21:49:02.621961 after 0.17 seconds
[0m21:49:02.623430 [debug] [MainThread]: Sending event: {'category': 'dbt', 'action': 'invocation', 'label': 'end', 'context': [<snowplow_tracker.self_describing_json.SelfDescribingJson object at 0x74a181e008f0>, <snowplow_tracker.self_describing_json.SelfDescribingJson object at 0x74a181db0ce0>, <snowplow_tracker.self_describing_json.SelfDescribingJson object at 0x74a18236f9b0>]}
[0m21:49:02.624380 [debug] [MainThread]: Flushing usage events
[0m22:05:17.766676 [debug] [MainThread]: Sending event: {'category': 'dbt', 'action': 'invocation', 'label': 'start', 'context': [<snowplow_tracker.self_describing_json.SelfDescribingJson object at 0x79e91b5fb080>, <snowplow_tracker.self_describing_json.SelfDescribingJson object at 0x79e91ee12ae0>, <snowplow_tracker.self_describing_json.SelfDescribingJson object at 0x79e91bec0bc0>]}


============================== 22:05:17.774062 | 5e103d6d-a19a-4711-b30e-0ba6c00a3b71 ==============================
[0m22:05:17.774062 [info ] [MainThread]: Running with dbt=1.8.0
[0m22:05:17.775076 [debug] [MainThread]: running dbt with arguments {'printer_width': '80', 'indirect_selection': 'eager', 'log_cache_events': 'False', 'write_json': 'True', 'partial_parse': 'True', 'cache_selected_only': 'False', 'profiles_dir': '/opt/airflow/dbt', 'version_check': 'True', 'warn_error': 'None', 'log_path': '/opt/airflow/dbt/logs', 'debug': 'False', 'fail_fast': 'False', 'use_colors': 'True', 'use_experimental_parser': 'False', 'no_print': 'None', 'quiet': 'False', 'log_format': 'default', 'introspect': 'True', 'static_parser': 'True', 'warn_error_options': 'WarnErrorOptions(include=[], exclude=[])', 'target_path': 'None', 'invocation_command': 'dbt debug', 'send_anonymous_usage_stats': 'True'}
[0m22:05:17.804519 [info ] [MainThread]: dbt version: 1.8.0
[0m22:05:17.806496 [info ] [MainThread]: python version: 3.12.6
[0m22:05:17.808047 [info ] [MainThread]: python path: /home/airflow/.local/bin/python
[0m22:05:17.808924 [info ] [MainThread]: os info: Linux-6.6.87.1-microsoft-standard-WSL2-x86_64-with-glibc2.36
[0m22:05:17.830580 [error] [MainThread]: Encountered an error:
argument of type 'NoneType' is not iterable
[0m22:05:17.840300 [error] [MainThread]: Traceback (most recent call last):
  File "/home/airflow/.local/lib/python3.12/site-packages/dbt/cli/requires.py", line 138, in wrapper
    result, success = func(*args, **kwargs)
                      ^^^^^^^^^^^^^^^^^^^^^
  File "/home/airflow/.local/lib/python3.12/site-packages/dbt/cli/requires.py", line 101, in wrapper
    return func(*args, **kwargs)
           ^^^^^^^^^^^^^^^^^^^^^
  File "/home/airflow/.local/lib/python3.12/site-packages/dbt/cli/main.py", line 405, in debug
    results = task.run()
              ^^^^^^^^^^
  File "/home/airflow/.local/lib/python3.12/site-packages/dbt/task/debug.py", line 120, in run
    load_profile_status: SubtaskStatus = self._load_profile()
                                         ^^^^^^^^^^^^^^^^^^^^
  File "/home/airflow/.local/lib/python3.12/site-packages/dbt/task/debug.py", line 211, in _load_profile
    profile: Profile = Profile.render(
                       ^^^^^^^^^^^^^^^
  File "/home/airflow/.local/lib/python3.12/site-packages/dbt/config/profile.py", line 403, in render
    return cls.from_raw_profiles(
           ^^^^^^^^^^^^^^^^^^^^^^
  File "/home/airflow/.local/lib/python3.12/site-packages/dbt/config/profile.py", line 369, in from_raw_profiles
    return cls.from_raw_profile_info(
           ^^^^^^^^^^^^^^^^^^^^^^^^^^
  File "/home/airflow/.local/lib/python3.12/site-packages/dbt/config/profile.py", line 315, in from_raw_profile_info
    target_name, profile_data = cls.render_profile(
                                ^^^^^^^^^^^^^^^^^^^
  File "/home/airflow/.local/lib/python3.12/site-packages/dbt/config/profile.py", line 281, in render_profile
    raw_profile_data = cls._get_profile_data(raw_profile, profile_name, target_name)
                       ^^^^^^^^^^^^^^^^^^^^^^^^^^^^^^^^^^^^^^^^^^^^^^^^^^^^^^^^^^^^^
  File "/home/airflow/.local/lib/python3.12/site-packages/dbt/config/profile.py", line 206, in _get_profile_data
    if target_name not in outputs:
       ^^^^^^^^^^^^^^^^^^^^^^^^^^
TypeError: argument of type 'NoneType' is not iterable

[0m22:05:17.845098 [debug] [MainThread]: Resource report: {"command_name": "debug", "command_wall_clock_time": 0.16009806, "process_user_time": 1.928311, "process_kernel_time": 0.147412, "process_mem_max_rss": "99904", "command_success": false, "process_in_blocks": "0", "process_out_blocks": "0"}
[0m22:05:17.848424 [debug] [MainThread]: Command `dbt debug` failed at 22:05:17.848014 after 0.16 seconds
[0m22:05:17.853723 [debug] [MainThread]: Sending event: {'category': 'dbt', 'action': 'invocation', 'label': 'end', 'context': [<snowplow_tracker.self_describing_json.SelfDescribingJson object at 0x79e91b63d520>, <snowplow_tracker.self_describing_json.SelfDescribingJson object at 0x79e91b63c230>, <snowplow_tracker.self_describing_json.SelfDescribingJson object at 0x79e91bec0bc0>]}
[0m22:05:17.859792 [debug] [MainThread]: Flushing usage events
[0m22:11:15.400951 [debug] [MainThread]: Sending event: {'category': 'dbt', 'action': 'invocation', 'label': 'start', 'context': [<snowplow_tracker.self_describing_json.SelfDescribingJson object at 0x71280cc7ffb0>, <snowplow_tracker.self_describing_json.SelfDescribingJson object at 0x71280cc7fc20>, <snowplow_tracker.self_describing_json.SelfDescribingJson object at 0x71280d1b5670>]}


============================== 22:11:15.409035 | 84468676-e7fb-4c7d-a388-5297f6d6e586 ==============================
[0m22:11:15.409035 [info ] [MainThread]: Running with dbt=1.8.0
[0m22:11:15.410215 [debug] [MainThread]: running dbt with arguments {'printer_width': '80', 'indirect_selection': 'eager', 'write_json': 'True', 'log_cache_events': 'False', 'partial_parse': 'True', 'cache_selected_only': 'False', 'warn_error': 'None', 'debug': 'False', 'fail_fast': 'False', 'log_path': '/opt/airflow/dbt/logs', 'version_check': 'True', 'profiles_dir': '/opt/airflow/dbt', 'use_colors': 'True', 'use_experimental_parser': 'False', 'no_print': 'None', 'quiet': 'False', 'log_format': 'default', 'invocation_command': 'dbt run --select tag:staging', 'warn_error_options': 'WarnErrorOptions(include=[], exclude=[])', 'introspect': 'True', 'target_path': 'None', 'static_parser': 'True', 'send_anonymous_usage_stats': 'True'}
[0m22:11:15.424434 [error] [MainThread]: Encountered an error:
argument of type 'NoneType' is not iterable
[0m22:11:15.426552 [error] [MainThread]: Traceback (most recent call last):
  File "/home/airflow/.local/lib/python3.12/site-packages/dbt/cli/requires.py", line 138, in wrapper
    result, success = func(*args, **kwargs)
                      ^^^^^^^^^^^^^^^^^^^^^
  File "/home/airflow/.local/lib/python3.12/site-packages/dbt/cli/requires.py", line 101, in wrapper
    return func(*args, **kwargs)
           ^^^^^^^^^^^^^^^^^^^^^
  File "/home/airflow/.local/lib/python3.12/site-packages/dbt/cli/requires.py", line 215, in wrapper
    profile = load_profile(flags.PROJECT_DIR, flags.VARS, flags.PROFILE, flags.TARGET, threads)
              ^^^^^^^^^^^^^^^^^^^^^^^^^^^^^^^^^^^^^^^^^^^^^^^^^^^^^^^^^^^^^^^^^^^^^^^^^^^^^^^^^
  File "/home/airflow/.local/lib/python3.12/site-packages/dbt/config/runtime.py", line 71, in load_profile
    profile = Profile.render(
              ^^^^^^^^^^^^^^^
  File "/home/airflow/.local/lib/python3.12/site-packages/dbt/config/profile.py", line 403, in render
    return cls.from_raw_profiles(
           ^^^^^^^^^^^^^^^^^^^^^^
  File "/home/airflow/.local/lib/python3.12/site-packages/dbt/config/profile.py", line 369, in from_raw_profiles
    return cls.from_raw_profile_info(
           ^^^^^^^^^^^^^^^^^^^^^^^^^^
  File "/home/airflow/.local/lib/python3.12/site-packages/dbt/config/profile.py", line 315, in from_raw_profile_info
    target_name, profile_data = cls.render_profile(
                                ^^^^^^^^^^^^^^^^^^^
  File "/home/airflow/.local/lib/python3.12/site-packages/dbt/config/profile.py", line 281, in render_profile
    raw_profile_data = cls._get_profile_data(raw_profile, profile_name, target_name)
                       ^^^^^^^^^^^^^^^^^^^^^^^^^^^^^^^^^^^^^^^^^^^^^^^^^^^^^^^^^^^^^
  File "/home/airflow/.local/lib/python3.12/site-packages/dbt/config/profile.py", line 206, in _get_profile_data
    if target_name not in outputs:
       ^^^^^^^^^^^^^^^^^^^^^^^^^^
TypeError: argument of type 'NoneType' is not iterable

[0m22:11:15.429706 [debug] [MainThread]: Resource report: {"command_name": "run", "command_wall_clock_time": 0.11771441, "process_user_time": 2.700482, "process_kernel_time": 0.296052, "process_mem_max_rss": "99740", "command_success": false, "process_in_blocks": "0", "process_out_blocks": "0"}
[0m22:11:15.431328 [debug] [MainThread]: Command `dbt run` failed at 22:11:15.431091 after 0.12 seconds
[0m22:11:15.432453 [debug] [MainThread]: Sending event: {'category': 'dbt', 'action': 'invocation', 'label': 'end', 'context': [<snowplow_tracker.self_describing_json.SelfDescribingJson object at 0x71280cc7fc20>, <snowplow_tracker.self_describing_json.SelfDescribingJson object at 0x71280c08eed0>, <snowplow_tracker.self_describing_json.SelfDescribingJson object at 0x71280c65d970>]}
[0m22:11:15.433616 [debug] [MainThread]: Flushing usage events
[0m23:21:00.896510 [debug] [MainThread]: Sending event: {'category': 'dbt', 'action': 'invocation', 'label': 'start', 'context': [<snowplow_tracker.self_describing_json.SelfDescribingJson object at 0x7d539bd3eed0>, <snowplow_tracker.self_describing_json.SelfDescribingJson object at 0x7d539cddddc0>, <snowplow_tracker.self_describing_json.SelfDescribingJson object at 0x7d539bd3ed50>]}


============================== 23:21:00.925720 | 39729666-c548-4c54-ba0c-07f7365b02a3 ==============================
[0m23:21:00.925720 [info ] [MainThread]: Running with dbt=1.8.0
[0m23:21:00.927090 [debug] [MainThread]: running dbt with arguments {'printer_width': '80', 'indirect_selection': 'eager', 'write_json': 'True', 'log_cache_events': 'False', 'partial_parse': 'True', 'cache_selected_only': 'False', 'warn_error': 'None', 'debug': 'False', 'version_check': 'True', 'log_path': '/opt/airflow/dbt/logs', 'profiles_dir': '/opt/airflow/dbt', 'fail_fast': 'False', 'use_colors': 'True', 'use_experimental_parser': 'False', 'no_print': 'None', 'quiet': 'False', 'log_format': 'default', 'introspect': 'True', 'warn_error_options': 'WarnErrorOptions(include=[], exclude=[])', 'invocation_command': 'dbt run --select tag:staging', 'target_path': 'None', 'static_parser': 'True', 'send_anonymous_usage_stats': 'True'}
[0m23:21:00.944796 [error] [MainThread]: Encountered an error:
argument of type 'NoneType' is not iterable
[0m23:21:00.946996 [error] [MainThread]: Traceback (most recent call last):
  File "/home/airflow/.local/lib/python3.12/site-packages/dbt/cli/requires.py", line 138, in wrapper
    result, success = func(*args, **kwargs)
                      ^^^^^^^^^^^^^^^^^^^^^
  File "/home/airflow/.local/lib/python3.12/site-packages/dbt/cli/requires.py", line 101, in wrapper
    return func(*args, **kwargs)
           ^^^^^^^^^^^^^^^^^^^^^
  File "/home/airflow/.local/lib/python3.12/site-packages/dbt/cli/requires.py", line 215, in wrapper
    profile = load_profile(flags.PROJECT_DIR, flags.VARS, flags.PROFILE, flags.TARGET, threads)
              ^^^^^^^^^^^^^^^^^^^^^^^^^^^^^^^^^^^^^^^^^^^^^^^^^^^^^^^^^^^^^^^^^^^^^^^^^^^^^^^^^
  File "/home/airflow/.local/lib/python3.12/site-packages/dbt/config/runtime.py", line 71, in load_profile
    profile = Profile.render(
              ^^^^^^^^^^^^^^^
  File "/home/airflow/.local/lib/python3.12/site-packages/dbt/config/profile.py", line 403, in render
    return cls.from_raw_profiles(
           ^^^^^^^^^^^^^^^^^^^^^^
  File "/home/airflow/.local/lib/python3.12/site-packages/dbt/config/profile.py", line 369, in from_raw_profiles
    return cls.from_raw_profile_info(
           ^^^^^^^^^^^^^^^^^^^^^^^^^^
  File "/home/airflow/.local/lib/python3.12/site-packages/dbt/config/profile.py", line 315, in from_raw_profile_info
    target_name, profile_data = cls.render_profile(
                                ^^^^^^^^^^^^^^^^^^^
  File "/home/airflow/.local/lib/python3.12/site-packages/dbt/config/profile.py", line 281, in render_profile
    raw_profile_data = cls._get_profile_data(raw_profile, profile_name, target_name)
                       ^^^^^^^^^^^^^^^^^^^^^^^^^^^^^^^^^^^^^^^^^^^^^^^^^^^^^^^^^^^^^
  File "/home/airflow/.local/lib/python3.12/site-packages/dbt/config/profile.py", line 206, in _get_profile_data
    if target_name not in outputs:
       ^^^^^^^^^^^^^^^^^^^^^^^^^^
TypeError: argument of type 'NoneType' is not iterable

[0m23:21:00.948544 [debug] [MainThread]: Resource report: {"command_name": "run", "command_wall_clock_time": 0.19258428, "process_user_time": 2.258647, "process_kernel_time": 0.506387, "process_mem_max_rss": "109004", "process_in_blocks": "216", "process_out_blocks": "4056", "command_success": false}
[0m23:21:00.949518 [debug] [MainThread]: Command `dbt run` failed at 23:21:00.949381 after 0.19 seconds
[0m23:21:00.950084 [debug] [MainThread]: Sending event: {'category': 'dbt', 'action': 'invocation', 'label': 'end', 'context': [<snowplow_tracker.self_describing_json.SelfDescribingJson object at 0x7d539bbbc0b0>, <snowplow_tracker.self_describing_json.SelfDescribingJson object at 0x7d539b994650>, <snowplow_tracker.self_describing_json.SelfDescribingJson object at 0x7d539b9bbd40>]}
[0m23:21:00.951037 [debug] [MainThread]: Flushing usage events
[0m02:21:40.362420 [debug] [MainThread]: Sending event: {'category': 'dbt', 'action': 'invocation', 'label': 'start', 'context': [<snowplow_tracker.self_describing_json.SelfDescribingJson object at 0x729035ccd5b0>, <snowplow_tracker.self_describing_json.SelfDescribingJson object at 0x729035ab86b0>, <snowplow_tracker.self_describing_json.SelfDescribingJson object at 0x729037f42ba0>]}


============================== 02:21:40.393284 | a881711b-c8cb-4db7-918a-9737c32d7954 ==============================
[0m02:21:40.393284 [info ] [MainThread]: Running with dbt=1.8.0
[0m02:21:40.394901 [debug] [MainThread]: running dbt with arguments {'printer_width': '80', 'indirect_selection': 'eager', 'log_cache_events': 'False', 'write_json': 'True', 'partial_parse': 'True', 'cache_selected_only': 'False', 'profiles_dir': '/opt/airflow/dbt', 'debug': 'False', 'version_check': 'True', 'log_path': '/opt/airflow/dbt/logs', 'warn_error': 'None', 'fail_fast': 'False', 'use_colors': 'True', 'use_experimental_parser': 'False', 'no_print': 'None', 'quiet': 'False', 'log_format': 'default', 'static_parser': 'True', 'introspect': 'True', 'invocation_command': 'dbt run --select tag:staging', 'target_path': 'None', 'warn_error_options': 'WarnErrorOptions(include=[], exclude=[])', 'send_anonymous_usage_stats': 'True'}
[0m02:21:40.687049 [debug] [MainThread]: Sending event: {'category': 'dbt', 'action': 'project_id', 'label': 'a881711b-c8cb-4db7-918a-9737c32d7954', 'context': [<snowplow_tracker.self_describing_json.SelfDescribingJson object at 0x729035af44a0>]}
[0m02:21:40.731769 [debug] [MainThread]: Sending event: {'category': 'dbt', 'action': 'adapter_info', 'label': 'a881711b-c8cb-4db7-918a-9737c32d7954', 'context': [<snowplow_tracker.self_describing_json.SelfDescribingJson object at 0x72903553cce0>]}
[0m02:21:40.733706 [info ] [MainThread]: Registered adapter: postgres=1.8.2
[0m02:21:40.809275 [debug] [MainThread]: checksum: dbb12d416fdb55e3665e4828703bbedf40c5c90ed7ca6ff39bbbfb29b12b0a92, vars: {}, profile: , target: , version: 1.8.0
[0m02:21:40.816684 [info ] [MainThread]: Unable to do partial parsing because saved manifest not found. Starting full parse.
[0m02:21:40.817761 [debug] [MainThread]: Sending event: {'category': 'dbt', 'action': 'partial_parser', 'label': 'a881711b-c8cb-4db7-918a-9737c32d7954', 'context': [<snowplow_tracker.self_describing_json.SelfDescribingJson object at 0x72903479cfe0>]}
[0m02:21:40.951497 [error] [MainThread]: Encountered an error:
Parsing Error
  Error reading dbt_driven_data: source.yml - Runtime Error
    Syntax error near line 4
    ------------------------------
    1  | version: 2
    2  | sources:
    3  |  - name: raw_source
    4  |  database: airflow
    5  |  schema: driven_raw
    6  |  tables:
    7  |  - name: raw_batch_data
    
    Raw Error:
    ------------------------------
    while parsing a block collection
      in "<unicode string>", line 3, column 2
    did not find expected '-' indicator
      in "<unicode string>", line 4, column 2
[0m02:21:40.952951 [debug] [MainThread]: Resource report: {"command_name": "run", "command_wall_clock_time": 0.703706, "process_user_time": 2.045995, "process_kernel_time": 0.472764, "process_mem_max_rss": "108896", "process_in_blocks": "56", "process_out_blocks": "4056", "command_success": false}
[0m02:21:40.954417 [debug] [MainThread]: Command `dbt run` failed at 02:21:40.954043 after 0.71 seconds
[0m02:21:40.955458 [debug] [MainThread]: Sending event: {'category': 'dbt', 'action': 'invocation', 'label': 'end', 'context': [<snowplow_tracker.self_describing_json.SelfDescribingJson object at 0x729034dc2990>, <snowplow_tracker.self_describing_json.SelfDescribingJson object at 0x72903479e960>, <snowplow_tracker.self_describing_json.SelfDescribingJson object at 0x7290347abc50>]}
[0m02:21:40.956277 [debug] [MainThread]: Flushing usage events
[0m02:24:12.953458 [debug] [MainThread]: Sending event: {'category': 'dbt', 'action': 'invocation', 'label': 'start', 'context': [<snowplow_tracker.self_describing_json.SelfDescribingJson object at 0x75dce13843e0>, <snowplow_tracker.self_describing_json.SelfDescribingJson object at 0x75dcdfee2f30>, <snowplow_tracker.self_describing_json.SelfDescribingJson object at 0x75dcdfbed970>]}


============================== 02:24:12.960776 | df4da19d-d9b5-4ffb-8dce-883c38a91558 ==============================
[0m02:24:12.960776 [info ] [MainThread]: Running with dbt=1.8.0
[0m02:24:12.961778 [debug] [MainThread]: running dbt with arguments {'printer_width': '80', 'indirect_selection': 'eager', 'log_cache_events': 'False', 'write_json': 'True', 'partial_parse': 'True', 'cache_selected_only': 'False', 'warn_error': 'None', 'version_check': 'True', 'debug': 'False', 'log_path': '/opt/airflow/dbt/logs', 'profiles_dir': '/opt/airflow/dbt', 'fail_fast': 'False', 'use_colors': 'True', 'use_experimental_parser': 'False', 'no_print': 'None', 'quiet': 'False', 'warn_error_options': 'WarnErrorOptions(include=[], exclude=[])', 'static_parser': 'True', 'introspect': 'True', 'invocation_command': 'dbt run --select tag:staging', 'target_path': 'None', 'log_format': 'default', 'send_anonymous_usage_stats': 'True'}
[0m02:24:13.152783 [debug] [MainThread]: Sending event: {'category': 'dbt', 'action': 'project_id', 'label': 'df4da19d-d9b5-4ffb-8dce-883c38a91558', 'context': [<snowplow_tracker.self_describing_json.SelfDescribingJson object at 0x75dcdeb00da0>]}
[0m02:24:13.199162 [debug] [MainThread]: Sending event: {'category': 'dbt', 'action': 'adapter_info', 'label': 'df4da19d-d9b5-4ffb-8dce-883c38a91558', 'context': [<snowplow_tracker.self_describing_json.SelfDescribingJson object at 0x75dcdf33fbf0>]}
[0m02:24:13.201152 [info ] [MainThread]: Registered adapter: postgres=1.8.2
[0m02:24:13.286869 [debug] [MainThread]: checksum: dbb12d416fdb55e3665e4828703bbedf40c5c90ed7ca6ff39bbbfb29b12b0a92, vars: {}, profile: , target: , version: 1.8.0
[0m02:24:13.293180 [info ] [MainThread]: Unable to do partial parsing because saved manifest not found. Starting full parse.
[0m02:24:13.294443 [debug] [MainThread]: Sending event: {'category': 'dbt', 'action': 'partial_parser', 'label': 'df4da19d-d9b5-4ffb-8dce-883c38a91558', 'context': [<snowplow_tracker.self_describing_json.SelfDescribingJson object at 0x75dcdeb7c830>]}
[0m02:24:14.524401 [debug] [MainThread]: Sending event: {'category': 'dbt', 'action': 'load_project', 'label': 'df4da19d-d9b5-4ffb-8dce-883c38a91558', 'context': [<snowplow_tracker.self_describing_json.SelfDescribingJson object at 0x75dcddffc7a0>]}
[0m02:24:14.679386 [debug] [MainThread]: Sending event: {'category': 'dbt', 'action': 'resource_counts', 'label': 'df4da19d-d9b5-4ffb-8dce-883c38a91558', 'context': [<snowplow_tracker.self_describing_json.SelfDescribingJson object at 0x75dcddf85b20>]}
[0m02:24:14.680746 [info ] [MainThread]: Found 9 models, 10 sources, 428 macros
[0m02:24:14.681765 [debug] [MainThread]: Sending event: {'category': 'dbt', 'action': 'runnable_timing', 'label': 'df4da19d-d9b5-4ffb-8dce-883c38a91558', 'context': [<snowplow_tracker.self_describing_json.SelfDescribingJson object at 0x75dcde3bb140>]}
[0m02:24:14.684015 [info ] [MainThread]: 
[0m02:24:14.685101 [debug] [MainThread]: Acquiring new postgres connection 'master'
[0m02:24:14.690568 [debug] [ThreadPool]: Acquiring new postgres connection 'list_airflow'
[0m02:24:14.739518 [debug] [ThreadPool]: Using postgres connection "list_airflow"
[0m02:24:14.740806 [debug] [ThreadPool]: On list_airflow: /* {"app": "dbt", "dbt_version": "1.8.0", "profile_name": "default", "target_name": "dev", "connection_name": "list_airflow"} */

    select distinct nspname from pg_namespace
  
[0m02:24:14.741942 [debug] [ThreadPool]: Opening a new connection, currently in state init
[0m02:24:14.749771 [debug] [ThreadPool]: SQL status: SELECT 5 in 0.008 seconds
[0m02:24:14.751779 [debug] [ThreadPool]: On list_airflow: Close
[0m02:24:14.753561 [debug] [ThreadPool]: Re-using an available connection from the pool (formerly list_airflow, now create_airflow_driven_staging)
[0m02:24:14.755883 [debug] [ThreadPool]: Creating schema "database: "airflow"
schema: "driven_staging"
"
[0m02:24:14.762276 [debug] [ThreadPool]: Using postgres connection "create_airflow_driven_staging"
[0m02:24:14.763471 [debug] [ThreadPool]: On create_airflow_driven_staging: BEGIN
[0m02:24:14.764604 [debug] [ThreadPool]: Opening a new connection, currently in state closed
[0m02:24:14.769879 [debug] [ThreadPool]: SQL status: BEGIN in 0.005 seconds
[0m02:24:14.771248 [debug] [ThreadPool]: Using postgres connection "create_airflow_driven_staging"
[0m02:24:14.772043 [debug] [ThreadPool]: On create_airflow_driven_staging: /* {"app": "dbt", "dbt_version": "1.8.0", "profile_name": "default", "target_name": "dev", "connection_name": "create_airflow_driven_staging"} */
create schema if not exists "driven_staging"
[0m02:24:14.773739 [debug] [ThreadPool]: SQL status: CREATE SCHEMA in 0.001 seconds
[0m02:24:14.774940 [debug] [ThreadPool]: On create_airflow_driven_staging: COMMIT
[0m02:24:14.775563 [debug] [ThreadPool]: Using postgres connection "create_airflow_driven_staging"
[0m02:24:14.776239 [debug] [ThreadPool]: On create_airflow_driven_staging: COMMIT
[0m02:24:14.778907 [debug] [ThreadPool]: SQL status: COMMIT in 0.002 seconds
[0m02:24:14.779805 [debug] [ThreadPool]: On create_airflow_driven_staging: Close
[0m02:24:14.783128 [debug] [ThreadPool]: Re-using an available connection from the pool (formerly create_airflow_driven_staging, now list_airflow_driven_trusted)
[0m02:24:14.860087 [debug] [ThreadPool]: Using postgres connection "list_airflow_driven_trusted"
[0m02:24:14.861294 [debug] [ThreadPool]: On list_airflow_driven_trusted: BEGIN
[0m02:24:14.862285 [debug] [ThreadPool]: Opening a new connection, currently in state closed
[0m02:24:14.869386 [debug] [ThreadPool]: SQL status: BEGIN in 0.007 seconds
[0m02:24:14.870640 [debug] [ThreadPool]: Using postgres connection "list_airflow_driven_trusted"
[0m02:24:14.871657 [debug] [ThreadPool]: On list_airflow_driven_trusted: /* {"app": "dbt", "dbt_version": "1.8.0", "profile_name": "default", "target_name": "dev", "connection_name": "list_airflow_driven_trusted"} */
select
      'airflow' as database,
      tablename as name,
      schemaname as schema,
      'table' as type
    from pg_tables
    where schemaname ilike 'driven_trusted'
    union all
    select
      'airflow' as database,
      viewname as name,
      schemaname as schema,
      'view' as type
    from pg_views
    where schemaname ilike 'driven_trusted'
    union all
    select
      'airflow' as database,
      matviewname as name,
      schemaname as schema,
      'materialized_view' as type
    from pg_matviews
    where schemaname ilike 'driven_trusted'
  
[0m02:24:14.877080 [debug] [ThreadPool]: SQL status: SELECT 0 in 0.004 seconds
[0m02:24:14.879215 [debug] [ThreadPool]: On list_airflow_driven_trusted: ROLLBACK
[0m02:24:14.880715 [debug] [ThreadPool]: On list_airflow_driven_trusted: Close
[0m02:24:14.882405 [debug] [ThreadPool]: Re-using an available connection from the pool (formerly list_airflow_driven_trusted, now list_airflow_driven)
[0m02:24:14.885912 [debug] [ThreadPool]: Using postgres connection "list_airflow_driven"
[0m02:24:14.887109 [debug] [ThreadPool]: On list_airflow_driven: BEGIN
[0m02:24:14.888049 [debug] [ThreadPool]: Opening a new connection, currently in state closed
[0m02:24:14.895549 [debug] [ThreadPool]: SQL status: BEGIN in 0.007 seconds
[0m02:24:14.896612 [debug] [ThreadPool]: Using postgres connection "list_airflow_driven"
[0m02:24:14.897776 [debug] [ThreadPool]: On list_airflow_driven: /* {"app": "dbt", "dbt_version": "1.8.0", "profile_name": "default", "target_name": "dev", "connection_name": "list_airflow_driven"} */
select
      'airflow' as database,
      tablename as name,
      schemaname as schema,
      'table' as type
    from pg_tables
    where schemaname ilike 'driven'
    union all
    select
      'airflow' as database,
      viewname as name,
      schemaname as schema,
      'view' as type
    from pg_views
    where schemaname ilike 'driven'
    union all
    select
      'airflow' as database,
      matviewname as name,
      schemaname as schema,
      'materialized_view' as type
    from pg_matviews
    where schemaname ilike 'driven'
  
[0m02:24:14.902260 [debug] [ThreadPool]: SQL status: SELECT 0 in 0.003 seconds
[0m02:24:14.905811 [debug] [ThreadPool]: On list_airflow_driven: ROLLBACK
[0m02:24:14.907286 [debug] [ThreadPool]: On list_airflow_driven: Close
[0m02:24:14.908860 [debug] [ThreadPool]: Re-using an available connection from the pool (formerly list_airflow_driven, now list_airflow_driven_staging)
[0m02:24:14.912141 [debug] [ThreadPool]: Using postgres connection "list_airflow_driven_staging"
[0m02:24:14.913227 [debug] [ThreadPool]: On list_airflow_driven_staging: BEGIN
[0m02:24:14.914320 [debug] [ThreadPool]: Opening a new connection, currently in state closed
[0m02:24:14.919993 [debug] [ThreadPool]: SQL status: BEGIN in 0.006 seconds
[0m02:24:14.921512 [debug] [ThreadPool]: Using postgres connection "list_airflow_driven_staging"
[0m02:24:14.922410 [debug] [ThreadPool]: On list_airflow_driven_staging: /* {"app": "dbt", "dbt_version": "1.8.0", "profile_name": "default", "target_name": "dev", "connection_name": "list_airflow_driven_staging"} */
select
      'airflow' as database,
      tablename as name,
      schemaname as schema,
      'table' as type
    from pg_tables
    where schemaname ilike 'driven_staging'
    union all
    select
      'airflow' as database,
      viewname as name,
      schemaname as schema,
      'view' as type
    from pg_views
    where schemaname ilike 'driven_staging'
    union all
    select
      'airflow' as database,
      matviewname as name,
      schemaname as schema,
      'materialized_view' as type
    from pg_matviews
    where schemaname ilike 'driven_staging'
  
[0m02:24:14.926375 [debug] [ThreadPool]: SQL status: SELECT 0 in 0.003 seconds
[0m02:24:14.928139 [debug] [ThreadPool]: On list_airflow_driven_staging: ROLLBACK
[0m02:24:14.929088 [debug] [ThreadPool]: On list_airflow_driven_staging: Close
[0m02:24:14.937633 [debug] [MainThread]: Using postgres connection "master"
[0m02:24:14.938921 [debug] [MainThread]: On master: BEGIN
[0m02:24:14.940039 [debug] [MainThread]: Opening a new connection, currently in state init
[0m02:24:14.950526 [debug] [MainThread]: SQL status: BEGIN in 0.010 seconds
[0m02:24:14.951684 [debug] [MainThread]: Using postgres connection "master"
[0m02:24:14.953331 [debug] [MainThread]: On master: /* {"app": "dbt", "dbt_version": "1.8.0", "profile_name": "default", "target_name": "dev", "connection_name": "master"} */
with relation as (
        select
            pg_rewrite.ev_class as class,
            pg_rewrite.oid as id
        from pg_rewrite
    ),
    class as (
        select
            oid as id,
            relname as name,
            relnamespace as schema,
            relkind as kind
        from pg_class
    ),
    dependency as (
        select distinct
            pg_depend.objid as id,
            pg_depend.refobjid as ref
        from pg_depend
    ),
    schema as (
        select
            pg_namespace.oid as id,
            pg_namespace.nspname as name
        from pg_namespace
        where nspname != 'information_schema' and nspname not like 'pg\_%'
    ),
    referenced as (
        select
            relation.id AS id,
            referenced_class.name ,
            referenced_class.schema ,
            referenced_class.kind
        from relation
        join class as referenced_class on relation.class=referenced_class.id
        where referenced_class.kind in ('r', 'v', 'm')
    ),
    relationships as (
        select
            referenced.name as referenced_name,
            referenced.schema as referenced_schema_id,
            dependent_class.name as dependent_name,
            dependent_class.schema as dependent_schema_id,
            referenced.kind as kind
        from referenced
        join dependency on referenced.id=dependency.id
        join class as dependent_class on dependency.ref=dependent_class.id
        where
            (referenced.name != dependent_class.name or
             referenced.schema != dependent_class.schema)
    )

    select
        referenced_schema.name as referenced_schema,
        relationships.referenced_name as referenced_name,
        dependent_schema.name as dependent_schema,
        relationships.dependent_name as dependent_name
    from relationships
    join schema as dependent_schema on relationships.dependent_schema_id=dependent_schema.id
    join schema as referenced_schema on relationships.referenced_schema_id=referenced_schema.id
    group by referenced_schema, referenced_name, dependent_schema, dependent_name
    order by referenced_schema, referenced_name, dependent_schema, dependent_name;
[0m02:24:14.976781 [debug] [MainThread]: SQL status: SELECT 0 in 0.022 seconds
[0m02:24:14.979082 [debug] [MainThread]: Sending event: {'category': 'dbt', 'action': 'runnable_timing', 'label': 'df4da19d-d9b5-4ffb-8dce-883c38a91558', 'context': [<snowplow_tracker.self_describing_json.SelfDescribingJson object at 0x75dcd759cb00>]}
[0m02:24:14.979745 [debug] [MainThread]: On master: ROLLBACK
[0m02:24:14.980968 [debug] [MainThread]: Using postgres connection "master"
[0m02:24:14.982210 [debug] [MainThread]: On master: BEGIN
[0m02:24:14.983513 [debug] [MainThread]: SQL status: BEGIN in 0.000 seconds
[0m02:24:14.984398 [debug] [MainThread]: On master: COMMIT
[0m02:24:14.985077 [debug] [MainThread]: Using postgres connection "master"
[0m02:24:14.985752 [debug] [MainThread]: On master: COMMIT
[0m02:24:14.986552 [debug] [MainThread]: SQL status: COMMIT in 0.000 seconds
[0m02:24:14.987068 [debug] [MainThread]: On master: Close
[0m02:24:14.987742 [info ] [MainThread]: Concurrency: 1 threads (target='dev')
[0m02:24:14.988537 [info ] [MainThread]: 
[0m02:24:14.998456 [debug] [Thread-1 (]: Began running node model.dbt_driven_data.staging_dim_address
[0m02:24:14.999361 [info ] [Thread-1 (]: 1 of 4 START sql table model driven_staging.dim_address ........................ [RUN]
[0m02:24:15.000308 [debug] [Thread-1 (]: Re-using an available connection from the pool (formerly list_airflow_driven_staging, now model.dbt_driven_data.staging_dim_address)
[0m02:24:15.000902 [debug] [Thread-1 (]: Began compiling node model.dbt_driven_data.staging_dim_address
[0m02:24:15.008232 [debug] [Thread-1 (]: Writing injected SQL for node "model.dbt_driven_data.staging_dim_address"
[0m02:24:15.035373 [debug] [Thread-1 (]: Began executing node model.dbt_driven_data.staging_dim_address
[0m02:24:15.068332 [debug] [Thread-1 (]: Writing runtime sql for node "model.dbt_driven_data.staging_dim_address"
[0m02:24:15.092433 [debug] [Thread-1 (]: Using postgres connection "model.dbt_driven_data.staging_dim_address"
[0m02:24:15.093440 [debug] [Thread-1 (]: On model.dbt_driven_data.staging_dim_address: BEGIN
[0m02:24:15.094100 [debug] [Thread-1 (]: Opening a new connection, currently in state closed
[0m02:24:15.099436 [debug] [Thread-1 (]: SQL status: BEGIN in 0.005 seconds
[0m02:24:15.100500 [debug] [Thread-1 (]: Using postgres connection "model.dbt_driven_data.staging_dim_address"
[0m02:24:15.101141 [debug] [Thread-1 (]: On model.dbt_driven_data.staging_dim_address: /* {"app": "dbt", "dbt_version": "1.8.0", "profile_name": "default", "target_name": "dev", "node_id": "model.dbt_driven_data.staging_dim_address"} */

  
    

  create  table "airflow"."driven_staging"."dim_address__dbt_tmp"
  
  
    as
  
  (
    
WITH source_data AS (
 SELECT
 unique_id,
 address,
 mac_address,
 ip_address
 FROM
 "airflow"."driven_raw"."raw_batch_data"
)
SELECT
 *
FROM
 source_data
  );
  
[0m02:24:15.103321 [debug] [Thread-1 (]: SQL status: SELECT 20 in 0.001 seconds
[0m02:24:15.109434 [debug] [Thread-1 (]: Using postgres connection "model.dbt_driven_data.staging_dim_address"
[0m02:24:15.110542 [debug] [Thread-1 (]: On model.dbt_driven_data.staging_dim_address: /* {"app": "dbt", "dbt_version": "1.8.0", "profile_name": "default", "target_name": "dev", "node_id": "model.dbt_driven_data.staging_dim_address"} */
alter table "airflow"."driven_staging"."dim_address__dbt_tmp" rename to "dim_address"
[0m02:24:15.112302 [debug] [Thread-1 (]: SQL status: ALTER TABLE in 0.001 seconds
[0m02:24:15.128853 [debug] [Thread-1 (]: On model.dbt_driven_data.staging_dim_address: COMMIT
[0m02:24:15.130524 [debug] [Thread-1 (]: Using postgres connection "model.dbt_driven_data.staging_dim_address"
[0m02:24:15.132657 [debug] [Thread-1 (]: On model.dbt_driven_data.staging_dim_address: COMMIT
[0m02:24:15.136378 [debug] [Thread-1 (]: SQL status: COMMIT in 0.002 seconds
[0m02:24:15.143321 [debug] [Thread-1 (]: Applying DROP to: "airflow"."driven_staging"."dim_address__dbt_backup"
[0m02:24:15.151247 [debug] [Thread-1 (]: Using postgres connection "model.dbt_driven_data.staging_dim_address"
[0m02:24:15.152509 [debug] [Thread-1 (]: On model.dbt_driven_data.staging_dim_address: /* {"app": "dbt", "dbt_version": "1.8.0", "profile_name": "default", "target_name": "dev", "node_id": "model.dbt_driven_data.staging_dim_address"} */
drop table if exists "airflow"."driven_staging"."dim_address__dbt_backup" cascade
[0m02:24:15.156625 [debug] [Thread-1 (]: SQL status: DROP TABLE in 0.003 seconds
[0m02:24:15.159439 [debug] [Thread-1 (]: On model.dbt_driven_data.staging_dim_address: Close
[0m02:24:15.161398 [debug] [Thread-1 (]: Sending event: {'category': 'dbt', 'action': 'run_model', 'label': 'df4da19d-d9b5-4ffb-8dce-883c38a91558', 'context': [<snowplow_tracker.self_describing_json.SelfDescribingJson object at 0x75dce0d0dd60>]}
[0m02:24:15.162626 [info ] [Thread-1 (]: 1 of 4 OK created sql table model driven_staging.dim_address ................... [[32mSELECT 20[0m in 0.16s]
[0m02:24:15.163980 [debug] [Thread-1 (]: Finished running node model.dbt_driven_data.staging_dim_address
[0m02:24:15.165195 [debug] [Thread-1 (]: Began running node model.dbt_driven_data.staging_dim_finance
[0m02:24:15.169712 [info ] [Thread-1 (]: 2 of 4 START sql table model driven_staging.dim_finance ........................ [RUN]
[0m02:24:15.170804 [debug] [Thread-1 (]: Re-using an available connection from the pool (formerly model.dbt_driven_data.staging_dim_address, now model.dbt_driven_data.staging_dim_finance)
[0m02:24:15.171803 [debug] [Thread-1 (]: Began compiling node model.dbt_driven_data.staging_dim_finance
[0m02:24:15.176828 [debug] [Thread-1 (]: Writing injected SQL for node "model.dbt_driven_data.staging_dim_finance"
[0m02:24:15.186935 [debug] [Thread-1 (]: Began executing node model.dbt_driven_data.staging_dim_finance
[0m02:24:15.190625 [debug] [Thread-1 (]: Writing runtime sql for node "model.dbt_driven_data.staging_dim_finance"
[0m02:24:15.200766 [debug] [Thread-1 (]: Using postgres connection "model.dbt_driven_data.staging_dim_finance"
[0m02:24:15.201488 [debug] [Thread-1 (]: On model.dbt_driven_data.staging_dim_finance: BEGIN
[0m02:24:15.202073 [debug] [Thread-1 (]: Opening a new connection, currently in state closed
[0m02:24:15.207801 [debug] [Thread-1 (]: SQL status: BEGIN in 0.006 seconds
[0m02:24:15.208810 [debug] [Thread-1 (]: Using postgres connection "model.dbt_driven_data.staging_dim_finance"
[0m02:24:15.209415 [debug] [Thread-1 (]: On model.dbt_driven_data.staging_dim_finance: /* {"app": "dbt", "dbt_version": "1.8.0", "profile_name": "default", "target_name": "dev", "node_id": "model.dbt_driven_data.staging_dim_finance"} */

  
    

  create  table "airflow"."driven_staging"."dim_finance__dbt_tmp"
  
  
    as
  
  (
    
WITH source_data AS (
 SELECT
 unique_id,
 iban
 FROM
 "airflow"."driven_raw"."raw_batch_data"
)
SELECT
 *
FROM
 source_data
  );
  
[0m02:24:15.211613 [debug] [Thread-1 (]: SQL status: SELECT 20 in 0.002 seconds
[0m02:24:15.215552 [debug] [Thread-1 (]: Using postgres connection "model.dbt_driven_data.staging_dim_finance"
[0m02:24:15.216415 [debug] [Thread-1 (]: On model.dbt_driven_data.staging_dim_finance: /* {"app": "dbt", "dbt_version": "1.8.0", "profile_name": "default", "target_name": "dev", "node_id": "model.dbt_driven_data.staging_dim_finance"} */
alter table "airflow"."driven_staging"."dim_finance__dbt_tmp" rename to "dim_finance"
[0m02:24:15.217618 [debug] [Thread-1 (]: SQL status: ALTER TABLE in 0.001 seconds
[0m02:24:15.219513 [debug] [Thread-1 (]: On model.dbt_driven_data.staging_dim_finance: COMMIT
[0m02:24:15.220205 [debug] [Thread-1 (]: Using postgres connection "model.dbt_driven_data.staging_dim_finance"
[0m02:24:15.220915 [debug] [Thread-1 (]: On model.dbt_driven_data.staging_dim_finance: COMMIT
[0m02:24:15.225535 [debug] [Thread-1 (]: SQL status: COMMIT in 0.004 seconds
[0m02:24:15.228689 [debug] [Thread-1 (]: Applying DROP to: "airflow"."driven_staging"."dim_finance__dbt_backup"
[0m02:24:15.229863 [debug] [Thread-1 (]: Using postgres connection "model.dbt_driven_data.staging_dim_finance"
[0m02:24:15.237618 [debug] [Thread-1 (]: On model.dbt_driven_data.staging_dim_finance: /* {"app": "dbt", "dbt_version": "1.8.0", "profile_name": "default", "target_name": "dev", "node_id": "model.dbt_driven_data.staging_dim_finance"} */
drop table if exists "airflow"."driven_staging"."dim_finance__dbt_backup" cascade
[0m02:24:15.240086 [debug] [Thread-1 (]: SQL status: DROP TABLE in 0.001 seconds
[0m02:24:15.242264 [debug] [Thread-1 (]: On model.dbt_driven_data.staging_dim_finance: Close
[0m02:24:15.243718 [debug] [Thread-1 (]: Sending event: {'category': 'dbt', 'action': 'run_model', 'label': 'df4da19d-d9b5-4ffb-8dce-883c38a91558', 'context': [<snowplow_tracker.self_describing_json.SelfDescribingJson object at 0x75dcd75b4b30>]}
[0m02:24:15.245111 [info ] [Thread-1 (]: 2 of 4 OK created sql table model driven_staging.dim_finance ................... [[32mSELECT 20[0m in 0.07s]
[0m02:24:15.246460 [debug] [Thread-1 (]: Finished running node model.dbt_driven_data.staging_dim_finance
[0m02:24:15.247847 [debug] [Thread-1 (]: Began running node model.dbt_driven_data.staging_dim_person
[0m02:24:15.249159 [info ] [Thread-1 (]: 3 of 4 START sql table model driven_staging.dim_person ......................... [RUN]
[0m02:24:15.250487 [debug] [Thread-1 (]: Re-using an available connection from the pool (formerly model.dbt_driven_data.staging_dim_finance, now model.dbt_driven_data.staging_dim_person)
[0m02:24:15.251378 [debug] [Thread-1 (]: Began compiling node model.dbt_driven_data.staging_dim_person
[0m02:24:15.256380 [debug] [Thread-1 (]: Writing injected SQL for node "model.dbt_driven_data.staging_dim_person"
[0m02:24:15.275417 [debug] [Thread-1 (]: Began executing node model.dbt_driven_data.staging_dim_person
[0m02:24:15.279115 [debug] [Thread-1 (]: Writing runtime sql for node "model.dbt_driven_data.staging_dim_person"
[0m02:24:15.291106 [debug] [Thread-1 (]: Using postgres connection "model.dbt_driven_data.staging_dim_person"
[0m02:24:15.292314 [debug] [Thread-1 (]: On model.dbt_driven_data.staging_dim_person: BEGIN
[0m02:24:15.293515 [debug] [Thread-1 (]: Opening a new connection, currently in state closed
[0m02:24:15.303176 [debug] [Thread-1 (]: SQL status: BEGIN in 0.010 seconds
[0m02:24:15.304347 [debug] [Thread-1 (]: Using postgres connection "model.dbt_driven_data.staging_dim_person"
[0m02:24:15.305018 [debug] [Thread-1 (]: On model.dbt_driven_data.staging_dim_person: /* {"app": "dbt", "dbt_version": "1.8.0", "profile_name": "default", "target_name": "dev", "node_id": "model.dbt_driven_data.staging_dim_person"} */

  
    

  create  table "airflow"."driven_staging"."dim_person__dbt_tmp"
  
  
    as
  
  (
    
WITH source_data AS (
 SELECT
 unique_id,
 person_name,
 user_name,
 email,
 phone,
 birth_date,
 personal_number
 FROM
 "airflow"."driven_raw"."raw_batch_data"
)
SELECT
 *
FROM
 source_data
  );
  
[0m02:24:15.319978 [debug] [Thread-1 (]: SQL status: SELECT 20 in 0.014 seconds
[0m02:24:15.323632 [debug] [Thread-1 (]: Using postgres connection "model.dbt_driven_data.staging_dim_person"
[0m02:24:15.325333 [debug] [Thread-1 (]: On model.dbt_driven_data.staging_dim_person: /* {"app": "dbt", "dbt_version": "1.8.0", "profile_name": "default", "target_name": "dev", "node_id": "model.dbt_driven_data.staging_dim_person"} */
alter table "airflow"."driven_staging"."dim_person__dbt_tmp" rename to "dim_person"
[0m02:24:15.327997 [debug] [Thread-1 (]: SQL status: ALTER TABLE in 0.002 seconds
[0m02:24:15.334922 [debug] [Thread-1 (]: On model.dbt_driven_data.staging_dim_person: COMMIT
[0m02:24:15.335888 [debug] [Thread-1 (]: Using postgres connection "model.dbt_driven_data.staging_dim_person"
[0m02:24:15.336612 [debug] [Thread-1 (]: On model.dbt_driven_data.staging_dim_person: COMMIT
[0m02:24:15.340465 [debug] [Thread-1 (]: SQL status: COMMIT in 0.003 seconds
[0m02:24:15.343333 [debug] [Thread-1 (]: Applying DROP to: "airflow"."driven_staging"."dim_person__dbt_backup"
[0m02:24:15.344296 [debug] [Thread-1 (]: Using postgres connection "model.dbt_driven_data.staging_dim_person"
[0m02:24:15.344903 [debug] [Thread-1 (]: On model.dbt_driven_data.staging_dim_person: /* {"app": "dbt", "dbt_version": "1.8.0", "profile_name": "default", "target_name": "dev", "node_id": "model.dbt_driven_data.staging_dim_person"} */
drop table if exists "airflow"."driven_staging"."dim_person__dbt_backup" cascade
[0m02:24:15.346121 [debug] [Thread-1 (]: SQL status: DROP TABLE in 0.000 seconds
[0m02:24:15.348349 [debug] [Thread-1 (]: On model.dbt_driven_data.staging_dim_person: Close
[0m02:24:15.349693 [debug] [Thread-1 (]: Sending event: {'category': 'dbt', 'action': 'run_model', 'label': 'df4da19d-d9b5-4ffb-8dce-883c38a91558', 'context': [<snowplow_tracker.self_describing_json.SelfDescribingJson object at 0x75dcdf3657c0>]}
[0m02:24:15.350977 [info ] [Thread-1 (]: 3 of 4 OK created sql table model driven_staging.dim_person .................... [[32mSELECT 20[0m in 0.10s]
[0m02:24:15.352033 [debug] [Thread-1 (]: Finished running node model.dbt_driven_data.staging_dim_person
[0m02:24:15.353104 [debug] [Thread-1 (]: Began running node model.dbt_driven_data.staging_fact_network_usage
[0m02:24:15.354503 [info ] [Thread-1 (]: 4 of 4 START sql table model driven_staging.fact_network_usage ................. [RUN]
[0m02:24:15.356227 [debug] [Thread-1 (]: Re-using an available connection from the pool (formerly model.dbt_driven_data.staging_dim_person, now model.dbt_driven_data.staging_fact_network_usage)
[0m02:24:15.357612 [debug] [Thread-1 (]: Began compiling node model.dbt_driven_data.staging_fact_network_usage
[0m02:24:15.361624 [debug] [Thread-1 (]: Writing injected SQL for node "model.dbt_driven_data.staging_fact_network_usage"
[0m02:24:15.375695 [debug] [Thread-1 (]: Began executing node model.dbt_driven_data.staging_fact_network_usage
[0m02:24:15.379419 [debug] [Thread-1 (]: Writing runtime sql for node "model.dbt_driven_data.staging_fact_network_usage"
[0m02:24:15.390897 [debug] [Thread-1 (]: Using postgres connection "model.dbt_driven_data.staging_fact_network_usage"
[0m02:24:15.391917 [debug] [Thread-1 (]: On model.dbt_driven_data.staging_fact_network_usage: BEGIN
[0m02:24:15.392714 [debug] [Thread-1 (]: Opening a new connection, currently in state closed
[0m02:24:15.398355 [debug] [Thread-1 (]: SQL status: BEGIN in 0.005 seconds
[0m02:24:15.399439 [debug] [Thread-1 (]: Using postgres connection "model.dbt_driven_data.staging_fact_network_usage"
[0m02:24:15.400008 [debug] [Thread-1 (]: On model.dbt_driven_data.staging_fact_network_usage: /* {"app": "dbt", "dbt_version": "1.8.0", "profile_name": "default", "target_name": "dev", "node_id": "model.dbt_driven_data.staging_fact_network_usage"} */

  
    

  create  table "airflow"."driven_staging"."fact_network_usage__dbt_tmp"
  
  
    as
  
  (
    
WITH source_data AS (
 SELECT
 unique_id,
 session_duration,
 download_speed,
 upload_speed,
 consumed_traffic
 FROM
 "airflow"."driven_raw"."raw_batch_data"
)
SELECT
 *
FROM
 source_data
  );
  
[0m02:24:15.404438 [debug] [Thread-1 (]: SQL status: SELECT 20 in 0.004 seconds
[0m02:24:15.408023 [debug] [Thread-1 (]: Using postgres connection "model.dbt_driven_data.staging_fact_network_usage"
[0m02:24:15.409011 [debug] [Thread-1 (]: On model.dbt_driven_data.staging_fact_network_usage: /* {"app": "dbt", "dbt_version": "1.8.0", "profile_name": "default", "target_name": "dev", "node_id": "model.dbt_driven_data.staging_fact_network_usage"} */
alter table "airflow"."driven_staging"."fact_network_usage__dbt_tmp" rename to "fact_network_usage"
[0m02:24:15.410363 [debug] [Thread-1 (]: SQL status: ALTER TABLE in 0.000 seconds
[0m02:24:15.412395 [debug] [Thread-1 (]: On model.dbt_driven_data.staging_fact_network_usage: COMMIT
[0m02:24:15.413169 [debug] [Thread-1 (]: Using postgres connection "model.dbt_driven_data.staging_fact_network_usage"
[0m02:24:15.414051 [debug] [Thread-1 (]: On model.dbt_driven_data.staging_fact_network_usage: COMMIT
[0m02:24:15.416743 [debug] [Thread-1 (]: SQL status: COMMIT in 0.002 seconds
[0m02:24:15.419239 [debug] [Thread-1 (]: Applying DROP to: "airflow"."driven_staging"."fact_network_usage__dbt_backup"
[0m02:24:15.423943 [debug] [Thread-1 (]: Using postgres connection "model.dbt_driven_data.staging_fact_network_usage"
[0m02:24:15.425505 [debug] [Thread-1 (]: On model.dbt_driven_data.staging_fact_network_usage: /* {"app": "dbt", "dbt_version": "1.8.0", "profile_name": "default", "target_name": "dev", "node_id": "model.dbt_driven_data.staging_fact_network_usage"} */
drop table if exists "airflow"."driven_staging"."fact_network_usage__dbt_backup" cascade
[0m02:24:15.426979 [debug] [Thread-1 (]: SQL status: DROP TABLE in 0.000 seconds
[0m02:24:15.428932 [debug] [Thread-1 (]: On model.dbt_driven_data.staging_fact_network_usage: Close
[0m02:24:15.430095 [debug] [Thread-1 (]: Sending event: {'category': 'dbt', 'action': 'run_model', 'label': 'df4da19d-d9b5-4ffb-8dce-883c38a91558', 'context': [<snowplow_tracker.self_describing_json.SelfDescribingJson object at 0x75dcd74367e0>]}
[0m02:24:15.432158 [info ] [Thread-1 (]: 4 of 4 OK created sql table model driven_staging.fact_network_usage ............ [[32mSELECT 20[0m in 0.07s]
[0m02:24:15.433806 [debug] [Thread-1 (]: Finished running node model.dbt_driven_data.staging_fact_network_usage
[0m02:24:15.436360 [debug] [MainThread]: Using postgres connection "master"
[0m02:24:15.437553 [debug] [MainThread]: On master: BEGIN
[0m02:24:15.438385 [debug] [MainThread]: Opening a new connection, currently in state closed
[0m02:24:15.444619 [debug] [MainThread]: SQL status: BEGIN in 0.006 seconds
[0m02:24:15.445581 [debug] [MainThread]: On master: COMMIT
[0m02:24:15.446575 [debug] [MainThread]: Using postgres connection "master"
[0m02:24:15.447449 [debug] [MainThread]: On master: COMMIT
[0m02:24:15.448809 [debug] [MainThread]: SQL status: COMMIT in 0.000 seconds
[0m02:24:15.449414 [debug] [MainThread]: On master: Close
[0m02:24:15.450304 [debug] [MainThread]: Connection 'master' was properly closed.
[0m02:24:15.451019 [debug] [MainThread]: Connection 'model.dbt_driven_data.staging_fact_network_usage' was properly closed.
[0m02:24:15.452049 [info ] [MainThread]: 
[0m02:24:15.453088 [info ] [MainThread]: Finished running 4 table models in 0 hours 0 minutes and 0.77 seconds (0.77s).
[0m02:24:15.454843 [debug] [MainThread]: Command end result
[0m02:24:15.534377 [info ] [MainThread]: 
[0m02:24:15.535155 [info ] [MainThread]: [32mCompleted successfully[0m
[0m02:24:15.535837 [info ] [MainThread]: 
[0m02:24:15.536519 [info ] [MainThread]: Done. PASS=4 WARN=0 ERROR=0 SKIP=0 TOTAL=4
[0m02:24:15.538161 [debug] [MainThread]: Resource report: {"command_name": "run", "command_success": true, "command_wall_clock_time": 2.646281, "process_user_time": 3.304461, "process_kernel_time": 0.362684, "process_mem_max_rss": "122008", "process_in_blocks": "16", "process_out_blocks": "0"}
[0m02:24:15.539842 [debug] [MainThread]: Command `dbt run` succeeded at 02:24:15.539602 after 2.65 seconds
[0m02:24:15.540561 [debug] [MainThread]: Sending event: {'category': 'dbt', 'action': 'invocation', 'label': 'end', 'context': [<snowplow_tracker.self_describing_json.SelfDescribingJson object at 0x75dcdfebeb40>, <snowplow_tracker.self_describing_json.SelfDescribingJson object at 0x75dce3417110>, <snowplow_tracker.self_describing_json.SelfDescribingJson object at 0x75dce34170e0>]}
[0m02:24:15.541153 [debug] [MainThread]: Flushing usage events
[0m02:24:19.551535 [debug] [MainThread]: Sending event: {'category': 'dbt', 'action': 'invocation', 'label': 'start', 'context': [<snowplow_tracker.self_describing_json.SelfDescribingJson object at 0x746459f4ec00>, <snowplow_tracker.self_describing_json.SelfDescribingJson object at 0x746456924da0>, <snowplow_tracker.self_describing_json.SelfDescribingJson object at 0x7464571483e0>]}


============================== 02:24:19.559145 | 2b649cd6-4fde-4cf4-81be-68064eca9792 ==============================
[0m02:24:19.559145 [info ] [MainThread]: Running with dbt=1.8.0
[0m02:24:19.560330 [debug] [MainThread]: running dbt with arguments {'printer_width': '80', 'indirect_selection': 'eager', 'write_json': 'True', 'log_cache_events': 'False', 'partial_parse': 'True', 'cache_selected_only': 'False', 'warn_error': 'None', 'debug': 'False', 'profiles_dir': '/opt/airflow/dbt', 'log_path': '/opt/airflow/dbt/logs', 'version_check': 'True', 'fail_fast': 'False', 'use_colors': 'True', 'use_experimental_parser': 'False', 'no_print': 'None', 'quiet': 'False', 'log_format': 'default', 'static_parser': 'True', 'warn_error_options': 'WarnErrorOptions(include=[], exclude=[])', 'introspect': 'True', 'target_path': 'None', 'invocation_command': 'dbt run --select tag:trusted', 'send_anonymous_usage_stats': 'True'}
[0m02:24:19.803172 [debug] [MainThread]: Sending event: {'category': 'dbt', 'action': 'project_id', 'label': '2b649cd6-4fde-4cf4-81be-68064eca9792', 'context': [<snowplow_tracker.self_describing_json.SelfDescribingJson object at 0x746455a83470>]}
[0m02:24:19.871688 [debug] [MainThread]: Sending event: {'category': 'dbt', 'action': 'adapter_info', 'label': '2b649cd6-4fde-4cf4-81be-68064eca9792', 'context': [<snowplow_tracker.self_describing_json.SelfDescribingJson object at 0x7464599a9be0>]}
[0m02:24:19.873817 [info ] [MainThread]: Registered adapter: postgres=1.8.2
[0m02:24:19.949907 [debug] [MainThread]: checksum: dbb12d416fdb55e3665e4828703bbedf40c5c90ed7ca6ff39bbbfb29b12b0a92, vars: {}, profile: , target: , version: 1.8.0
[0m02:24:20.282196 [debug] [MainThread]: Partial parsing enabled: 0 files deleted, 0 files added, 0 files changed.
[0m02:24:20.283598 [debug] [MainThread]: Partial parsing enabled, no changes found, skipping parsing
[0m02:24:20.315940 [debug] [MainThread]: Sending event: {'category': 'dbt', 'action': 'load_project', 'label': '2b649cd6-4fde-4cf4-81be-68064eca9792', 'context': [<snowplow_tracker.self_describing_json.SelfDescribingJson object at 0x74645677a060>]}
[0m02:24:20.489897 [debug] [MainThread]: Sending event: {'category': 'dbt', 'action': 'resource_counts', 'label': '2b649cd6-4fde-4cf4-81be-68064eca9792', 'context': [<snowplow_tracker.self_describing_json.SelfDescribingJson object at 0x746455300890>]}
[0m02:24:20.491505 [info ] [MainThread]: Found 9 models, 10 sources, 428 macros
[0m02:24:20.492994 [debug] [MainThread]: Sending event: {'category': 'dbt', 'action': 'runnable_timing', 'label': '2b649cd6-4fde-4cf4-81be-68064eca9792', 'context': [<snowplow_tracker.self_describing_json.SelfDescribingJson object at 0x746456030950>]}
[0m02:24:20.497530 [info ] [MainThread]: 
[0m02:24:20.499164 [debug] [MainThread]: Acquiring new postgres connection 'master'
[0m02:24:20.506963 [debug] [ThreadPool]: Acquiring new postgres connection 'list_airflow'
[0m02:24:20.557254 [debug] [ThreadPool]: Using postgres connection "list_airflow"
[0m02:24:20.558201 [debug] [ThreadPool]: On list_airflow: /* {"app": "dbt", "dbt_version": "1.8.0", "profile_name": "default", "target_name": "dev", "connection_name": "list_airflow"} */

    select distinct nspname from pg_namespace
  
[0m02:24:20.558854 [debug] [ThreadPool]: Opening a new connection, currently in state init
[0m02:24:20.566079 [debug] [ThreadPool]: SQL status: SELECT 6 in 0.007 seconds
[0m02:24:20.567951 [debug] [ThreadPool]: On list_airflow: Close
[0m02:24:20.569946 [debug] [ThreadPool]: Re-using an available connection from the pool (formerly list_airflow, now create_airflow_driven_trusted)
[0m02:24:20.571390 [debug] [ThreadPool]: Creating schema "database: "airflow"
schema: "driven_trusted"
"
[0m02:24:20.577367 [debug] [ThreadPool]: Using postgres connection "create_airflow_driven_trusted"
[0m02:24:20.578853 [debug] [ThreadPool]: On create_airflow_driven_trusted: BEGIN
[0m02:24:20.579697 [debug] [ThreadPool]: Opening a new connection, currently in state closed
[0m02:24:20.584807 [debug] [ThreadPool]: SQL status: BEGIN in 0.005 seconds
[0m02:24:20.586304 [debug] [ThreadPool]: Using postgres connection "create_airflow_driven_trusted"
[0m02:24:20.587162 [debug] [ThreadPool]: On create_airflow_driven_trusted: /* {"app": "dbt", "dbt_version": "1.8.0", "profile_name": "default", "target_name": "dev", "connection_name": "create_airflow_driven_trusted"} */
create schema if not exists "driven_trusted"
[0m02:24:20.588419 [debug] [ThreadPool]: SQL status: CREATE SCHEMA in 0.001 seconds
[0m02:24:20.589678 [debug] [ThreadPool]: On create_airflow_driven_trusted: COMMIT
[0m02:24:20.590386 [debug] [ThreadPool]: Using postgres connection "create_airflow_driven_trusted"
[0m02:24:20.590957 [debug] [ThreadPool]: On create_airflow_driven_trusted: COMMIT
[0m02:24:20.595249 [debug] [ThreadPool]: SQL status: COMMIT in 0.003 seconds
[0m02:24:20.596175 [debug] [ThreadPool]: On create_airflow_driven_trusted: Close
[0m02:24:20.599119 [debug] [ThreadPool]: Re-using an available connection from the pool (formerly create_airflow_driven_trusted, now list_airflow_driven)
[0m02:24:20.605463 [debug] [ThreadPool]: Using postgres connection "list_airflow_driven"
[0m02:24:20.606599 [debug] [ThreadPool]: On list_airflow_driven: BEGIN
[0m02:24:20.607452 [debug] [ThreadPool]: Opening a new connection, currently in state closed
[0m02:24:20.613190 [debug] [ThreadPool]: SQL status: BEGIN in 0.006 seconds
[0m02:24:20.614293 [debug] [ThreadPool]: Using postgres connection "list_airflow_driven"
[0m02:24:20.614974 [debug] [ThreadPool]: On list_airflow_driven: /* {"app": "dbt", "dbt_version": "1.8.0", "profile_name": "default", "target_name": "dev", "connection_name": "list_airflow_driven"} */
select
      'airflow' as database,
      tablename as name,
      schemaname as schema,
      'table' as type
    from pg_tables
    where schemaname ilike 'driven'
    union all
    select
      'airflow' as database,
      viewname as name,
      schemaname as schema,
      'view' as type
    from pg_views
    where schemaname ilike 'driven'
    union all
    select
      'airflow' as database,
      matviewname as name,
      schemaname as schema,
      'materialized_view' as type
    from pg_matviews
    where schemaname ilike 'driven'
  
[0m02:24:20.620151 [debug] [ThreadPool]: SQL status: SELECT 0 in 0.004 seconds
[0m02:24:20.621876 [debug] [ThreadPool]: On list_airflow_driven: ROLLBACK
[0m02:24:20.622889 [debug] [ThreadPool]: On list_airflow_driven: Close
[0m02:24:20.624073 [debug] [ThreadPool]: Re-using an available connection from the pool (formerly list_airflow_driven, now list_airflow_driven_staging)
[0m02:24:20.629005 [debug] [ThreadPool]: Using postgres connection "list_airflow_driven_staging"
[0m02:24:20.630358 [debug] [ThreadPool]: On list_airflow_driven_staging: BEGIN
[0m02:24:20.631287 [debug] [ThreadPool]: Opening a new connection, currently in state closed
[0m02:24:20.637690 [debug] [ThreadPool]: SQL status: BEGIN in 0.006 seconds
[0m02:24:20.638970 [debug] [ThreadPool]: Using postgres connection "list_airflow_driven_staging"
[0m02:24:20.639994 [debug] [ThreadPool]: On list_airflow_driven_staging: /* {"app": "dbt", "dbt_version": "1.8.0", "profile_name": "default", "target_name": "dev", "connection_name": "list_airflow_driven_staging"} */
select
      'airflow' as database,
      tablename as name,
      schemaname as schema,
      'table' as type
    from pg_tables
    where schemaname ilike 'driven_staging'
    union all
    select
      'airflow' as database,
      viewname as name,
      schemaname as schema,
      'view' as type
    from pg_views
    where schemaname ilike 'driven_staging'
    union all
    select
      'airflow' as database,
      matviewname as name,
      schemaname as schema,
      'materialized_view' as type
    from pg_matviews
    where schemaname ilike 'driven_staging'
  
[0m02:24:20.643787 [debug] [ThreadPool]: SQL status: SELECT 4 in 0.003 seconds
[0m02:24:20.646085 [debug] [ThreadPool]: On list_airflow_driven_staging: ROLLBACK
[0m02:24:20.647362 [debug] [ThreadPool]: On list_airflow_driven_staging: Close
[0m02:24:20.648399 [debug] [ThreadPool]: Re-using an available connection from the pool (formerly list_airflow_driven_staging, now list_airflow_driven_trusted)
[0m02:24:20.651329 [debug] [ThreadPool]: Using postgres connection "list_airflow_driven_trusted"
[0m02:24:20.652337 [debug] [ThreadPool]: On list_airflow_driven_trusted: BEGIN
[0m02:24:20.653557 [debug] [ThreadPool]: Opening a new connection, currently in state closed
[0m02:24:20.658003 [debug] [ThreadPool]: SQL status: BEGIN in 0.004 seconds
[0m02:24:20.658887 [debug] [ThreadPool]: Using postgres connection "list_airflow_driven_trusted"
[0m02:24:20.659625 [debug] [ThreadPool]: On list_airflow_driven_trusted: /* {"app": "dbt", "dbt_version": "1.8.0", "profile_name": "default", "target_name": "dev", "connection_name": "list_airflow_driven_trusted"} */
select
      'airflow' as database,
      tablename as name,
      schemaname as schema,
      'table' as type
    from pg_tables
    where schemaname ilike 'driven_trusted'
    union all
    select
      'airflow' as database,
      viewname as name,
      schemaname as schema,
      'view' as type
    from pg_views
    where schemaname ilike 'driven_trusted'
    union all
    select
      'airflow' as database,
      matviewname as name,
      schemaname as schema,
      'materialized_view' as type
    from pg_matviews
    where schemaname ilike 'driven_trusted'
  
[0m02:24:20.663326 [debug] [ThreadPool]: SQL status: SELECT 0 in 0.003 seconds
[0m02:24:20.667156 [debug] [ThreadPool]: On list_airflow_driven_trusted: ROLLBACK
[0m02:24:20.668321 [debug] [ThreadPool]: On list_airflow_driven_trusted: Close
[0m02:24:20.675374 [debug] [MainThread]: Using postgres connection "master"
[0m02:24:20.676841 [debug] [MainThread]: On master: BEGIN
[0m02:24:20.677979 [debug] [MainThread]: Opening a new connection, currently in state init
[0m02:24:20.684652 [debug] [MainThread]: SQL status: BEGIN in 0.007 seconds
[0m02:24:20.685932 [debug] [MainThread]: Using postgres connection "master"
[0m02:24:20.687121 [debug] [MainThread]: On master: /* {"app": "dbt", "dbt_version": "1.8.0", "profile_name": "default", "target_name": "dev", "connection_name": "master"} */
with relation as (
        select
            pg_rewrite.ev_class as class,
            pg_rewrite.oid as id
        from pg_rewrite
    ),
    class as (
        select
            oid as id,
            relname as name,
            relnamespace as schema,
            relkind as kind
        from pg_class
    ),
    dependency as (
        select distinct
            pg_depend.objid as id,
            pg_depend.refobjid as ref
        from pg_depend
    ),
    schema as (
        select
            pg_namespace.oid as id,
            pg_namespace.nspname as name
        from pg_namespace
        where nspname != 'information_schema' and nspname not like 'pg\_%'
    ),
    referenced as (
        select
            relation.id AS id,
            referenced_class.name ,
            referenced_class.schema ,
            referenced_class.kind
        from relation
        join class as referenced_class on relation.class=referenced_class.id
        where referenced_class.kind in ('r', 'v', 'm')
    ),
    relationships as (
        select
            referenced.name as referenced_name,
            referenced.schema as referenced_schema_id,
            dependent_class.name as dependent_name,
            dependent_class.schema as dependent_schema_id,
            referenced.kind as kind
        from referenced
        join dependency on referenced.id=dependency.id
        join class as dependent_class on dependency.ref=dependent_class.id
        where
            (referenced.name != dependent_class.name or
             referenced.schema != dependent_class.schema)
    )

    select
        referenced_schema.name as referenced_schema,
        relationships.referenced_name as referenced_name,
        dependent_schema.name as dependent_schema,
        relationships.dependent_name as dependent_name
    from relationships
    join schema as dependent_schema on relationships.dependent_schema_id=dependent_schema.id
    join schema as referenced_schema on relationships.referenced_schema_id=referenced_schema.id
    group by referenced_schema, referenced_name, dependent_schema, dependent_name
    order by referenced_schema, referenced_name, dependent_schema, dependent_name;
[0m02:24:20.691404 [debug] [MainThread]: SQL status: SELECT 0 in 0.003 seconds
[0m02:24:20.693401 [debug] [MainThread]: Sending event: {'category': 'dbt', 'action': 'runnable_timing', 'label': '2b649cd6-4fde-4cf4-81be-68064eca9792', 'context': [<snowplow_tracker.self_describing_json.SelfDescribingJson object at 0x746453f34fe0>]}
[0m02:24:20.694928 [debug] [MainThread]: On master: ROLLBACK
[0m02:24:20.696260 [debug] [MainThread]: Using postgres connection "master"
[0m02:24:20.696901 [debug] [MainThread]: On master: BEGIN
[0m02:24:20.697764 [debug] [MainThread]: SQL status: BEGIN in 0.000 seconds
[0m02:24:20.698417 [debug] [MainThread]: On master: COMMIT
[0m02:24:20.700416 [debug] [MainThread]: Using postgres connection "master"
[0m02:24:20.701331 [debug] [MainThread]: On master: COMMIT
[0m02:24:20.702735 [debug] [MainThread]: SQL status: COMMIT in 0.000 seconds
[0m02:24:20.703659 [debug] [MainThread]: On master: Close
[0m02:24:20.704663 [info ] [MainThread]: Concurrency: 1 threads (target='dev')
[0m02:24:20.705311 [info ] [MainThread]: 
[0m02:24:20.716669 [debug] [Thread-1 (]: Began running node model.dbt_driven_data.trusted_non_pii_data
[0m02:24:20.717929 [info ] [Thread-1 (]: 1 of 4 START sql table model driven_trusted.non_pii_data ....................... [RUN]
[0m02:24:20.718839 [debug] [Thread-1 (]: Re-using an available connection from the pool (formerly list_airflow_driven_trusted, now model.dbt_driven_data.trusted_non_pii_data)
[0m02:24:20.719830 [debug] [Thread-1 (]: Began compiling node model.dbt_driven_data.trusted_non_pii_data
[0m02:24:20.728844 [debug] [Thread-1 (]: Writing injected SQL for node "model.dbt_driven_data.trusted_non_pii_data"
[0m02:24:20.740388 [debug] [Thread-1 (]: Began executing node model.dbt_driven_data.trusted_non_pii_data
[0m02:24:20.769617 [debug] [Thread-1 (]: Writing runtime sql for node "model.dbt_driven_data.trusted_non_pii_data"
[0m02:24:20.781179 [debug] [Thread-1 (]: Using postgres connection "model.dbt_driven_data.trusted_non_pii_data"
[0m02:24:20.781943 [debug] [Thread-1 (]: On model.dbt_driven_data.trusted_non_pii_data: BEGIN
[0m02:24:20.782816 [debug] [Thread-1 (]: Opening a new connection, currently in state closed
[0m02:24:20.788070 [debug] [Thread-1 (]: SQL status: BEGIN in 0.005 seconds
[0m02:24:20.788979 [debug] [Thread-1 (]: Using postgres connection "model.dbt_driven_data.trusted_non_pii_data"
[0m02:24:20.789972 [debug] [Thread-1 (]: On model.dbt_driven_data.trusted_non_pii_data: /* {"app": "dbt", "dbt_version": "1.8.0", "profile_name": "default", "target_name": "dev", "node_id": "model.dbt_driven_data.trusted_non_pii_data"} */

  
    

  create  table "airflow"."driven_trusted"."non_pii_data__dbt_tmp"
  
  
    as
  
  (
    
WITH source_data AS (
 SELECT
 '***MASKED***' AS person_name,
 SUBSTRING(dp.user_name, 1, 5) || '*****' user_name,
 SUBSTRING(dp.email, 1, 5) || '*****' AS email,
 '***MASKED***' AS personal_number,
 '***MASKED***' AS birth_date,
 '***MASKED***' AS address,
 '***MASKED***' AS phone,
 SUBSTRING(da.mac_address, 1, 5) || '*****' AS mac_address,
 SUBSTRING(da.ip_address, 1, 5) || '*****' AS ip_address,
 SUBSTRING(df.iban, 1, 5) || '*****' AS iban,
 dd.accessed_at,
 fnu.session_duration,
 fnu.download_speed,
 fnu.upload_speed,
 fnu.consumed_traffic,
 fnu.unique_id
 FROM
 "airflow"."driven_staging"."fact_network_usage" fnu
 INNER JOIN
 "airflow"."driven_staging"."dim_address" da ON
fnu.unique_id = da.unique_id
 INNER JOIN
 "airflow"."driven_staging"."dim_date" dd ON da.unique_id =
dd.unique_id
 INNER JOIN
 "airflow"."driven_staging"."dim_finance" df ON dd.unique_id
= df.unique_id
 INNER JOIN
 "airflow"."driven_staging"."dim_person" dp ON df.unique_id
= dp.unique_id
)
SELECT
 *
FROM
 source_data
  );
  
[0m02:24:20.793762 [debug] [Thread-1 (]: Postgres adapter: Postgres error: relation "driven_staging.dim_date" does not exist
LINE 37:  "airflow"."driven_staging"."dim_date" dd ON da.unique_id =
          ^

[0m02:24:20.795755 [debug] [Thread-1 (]: On model.dbt_driven_data.trusted_non_pii_data: ROLLBACK
[0m02:24:20.797321 [debug] [Thread-1 (]: On model.dbt_driven_data.trusted_non_pii_data: Close
[0m02:24:20.807411 [debug] [Thread-1 (]: Database Error in model trusted_non_pii_data (models/trusted_non_pii_data.sql)
  relation "driven_staging.dim_date" does not exist
  LINE 37:  "airflow"."driven_staging"."dim_date" dd ON da.unique_id =
            ^
  compiled code at target/run/dbt_driven_data/models/trusted_non_pii_data.sql
[0m02:24:20.810393 [debug] [Thread-1 (]: Sending event: {'category': 'dbt', 'action': 'run_model', 'label': '2b649cd6-4fde-4cf4-81be-68064eca9792', 'context': [<snowplow_tracker.self_describing_json.SelfDescribingJson object at 0x746456d0be90>]}
[0m02:24:20.812406 [error] [Thread-1 (]: 1 of 4 ERROR creating sql table model driven_trusted.non_pii_data .............. [[31mERROR[0m in 0.09s]
[0m02:24:20.814111 [debug] [Thread-1 (]: Finished running node model.dbt_driven_data.trusted_non_pii_data
[0m02:24:20.815183 [debug] [Thread-1 (]: Began running node model.dbt_driven_data.trusted_payment_data
[0m02:24:20.817544 [info ] [Thread-1 (]: 2 of 4 START sql table model driven_trusted.payment_data ....................... [RUN]
[0m02:24:20.819251 [debug] [Thread-1 (]: Re-using an available connection from the pool (formerly model.dbt_driven_data.trusted_non_pii_data, now model.dbt_driven_data.trusted_payment_data)
[0m02:24:20.820771 [debug] [Thread-1 (]: Began compiling node model.dbt_driven_data.trusted_payment_data
[0m02:24:20.824393 [debug] [Thread-1 (]: Writing injected SQL for node "model.dbt_driven_data.trusted_payment_data"
[0m02:24:20.836763 [debug] [Thread-1 (]: Began executing node model.dbt_driven_data.trusted_payment_data
[0m02:24:20.840181 [debug] [Thread-1 (]: Writing runtime sql for node "model.dbt_driven_data.trusted_payment_data"
[0m02:24:20.855203 [debug] [Thread-1 (]: Using postgres connection "model.dbt_driven_data.trusted_payment_data"
[0m02:24:20.856214 [debug] [Thread-1 (]: On model.dbt_driven_data.trusted_payment_data: BEGIN
[0m02:24:20.856905 [debug] [Thread-1 (]: Opening a new connection, currently in state closed
[0m02:24:20.865054 [debug] [Thread-1 (]: SQL status: BEGIN in 0.008 seconds
[0m02:24:20.866045 [debug] [Thread-1 (]: Using postgres connection "model.dbt_driven_data.trusted_payment_data"
[0m02:24:20.867588 [debug] [Thread-1 (]: On model.dbt_driven_data.trusted_payment_data: /* {"app": "dbt", "dbt_version": "1.8.0", "profile_name": "default", "target_name": "dev", "node_id": "model.dbt_driven_data.trusted_payment_data"} */

  
    

  create  table "airflow"."driven_trusted"."payment_data__dbt_tmp"
  
  
    as
  
  (
    
WITH source_data AS (
 SELECT
 fnu.unique_id,
 df.iban,
 fnu.download_speed,
 fnu.upload_speed,
 fnu.session_duration,
 fnu.consumed_traffic,
 ((fnu.download_speed + fnu.upload_speed + 1)/2) +
(fnu.consumed_traffic / (fnu.session_duration + 1)) AS payment_amount
 FROM
 "airflow"."driven_staging"."fact_network_usage" fnu
 JOIN
 "airflow"."driven_staging"."dim_finance" df
 ON
 fnu.unique_id = df.unique_id
)
SELECT
 *
FROM
 source_data
  );
  
[0m02:24:20.871915 [debug] [Thread-1 (]: SQL status: SELECT 20 in 0.003 seconds
[0m02:24:20.879506 [debug] [Thread-1 (]: Using postgres connection "model.dbt_driven_data.trusted_payment_data"
[0m02:24:20.880641 [debug] [Thread-1 (]: On model.dbt_driven_data.trusted_payment_data: /* {"app": "dbt", "dbt_version": "1.8.0", "profile_name": "default", "target_name": "dev", "node_id": "model.dbt_driven_data.trusted_payment_data"} */
alter table "airflow"."driven_trusted"."payment_data__dbt_tmp" rename to "payment_data"
[0m02:24:20.882581 [debug] [Thread-1 (]: SQL status: ALTER TABLE in 0.001 seconds
[0m02:24:20.904529 [debug] [Thread-1 (]: On model.dbt_driven_data.trusted_payment_data: COMMIT
[0m02:24:20.906731 [debug] [Thread-1 (]: Using postgres connection "model.dbt_driven_data.trusted_payment_data"
[0m02:24:20.908534 [debug] [Thread-1 (]: On model.dbt_driven_data.trusted_payment_data: COMMIT
[0m02:24:20.912049 [debug] [Thread-1 (]: SQL status: COMMIT in 0.002 seconds
[0m02:24:20.920887 [debug] [Thread-1 (]: Applying DROP to: "airflow"."driven_trusted"."payment_data__dbt_backup"
[0m02:24:20.927020 [debug] [Thread-1 (]: Using postgres connection "model.dbt_driven_data.trusted_payment_data"
[0m02:24:20.928703 [debug] [Thread-1 (]: On model.dbt_driven_data.trusted_payment_data: /* {"app": "dbt", "dbt_version": "1.8.0", "profile_name": "default", "target_name": "dev", "node_id": "model.dbt_driven_data.trusted_payment_data"} */
drop table if exists "airflow"."driven_trusted"."payment_data__dbt_backup" cascade
[0m02:24:20.930292 [debug] [Thread-1 (]: SQL status: DROP TABLE in 0.000 seconds
[0m02:24:20.933688 [debug] [Thread-1 (]: On model.dbt_driven_data.trusted_payment_data: Close
[0m02:24:20.934765 [debug] [Thread-1 (]: Sending event: {'category': 'dbt', 'action': 'run_model', 'label': '2b649cd6-4fde-4cf4-81be-68064eca9792', 'context': [<snowplow_tracker.self_describing_json.SelfDescribingJson object at 0x7464579f1e80>]}
[0m02:24:20.936715 [info ] [Thread-1 (]: 2 of 4 OK created sql table model driven_trusted.payment_data .................. [[32mSELECT 20[0m in 0.12s]
[0m02:24:20.938974 [debug] [Thread-1 (]: Finished running node model.dbt_driven_data.trusted_payment_data
[0m02:24:20.940096 [debug] [Thread-1 (]: Began running node model.dbt_driven_data.trusted_pii_data
[0m02:24:20.940898 [info ] [Thread-1 (]: 3 of 4 START sql table model driven_trusted.pii_data ........................... [RUN]
[0m02:24:20.941971 [debug] [Thread-1 (]: Re-using an available connection from the pool (formerly model.dbt_driven_data.trusted_payment_data, now model.dbt_driven_data.trusted_pii_data)
[0m02:24:20.942647 [debug] [Thread-1 (]: Began compiling node model.dbt_driven_data.trusted_pii_data
[0m02:24:20.948410 [debug] [Thread-1 (]: Writing injected SQL for node "model.dbt_driven_data.trusted_pii_data"
[0m02:24:20.960082 [debug] [Thread-1 (]: Began executing node model.dbt_driven_data.trusted_pii_data
[0m02:24:20.964215 [debug] [Thread-1 (]: Writing runtime sql for node "model.dbt_driven_data.trusted_pii_data"
[0m02:24:20.978154 [debug] [Thread-1 (]: Using postgres connection "model.dbt_driven_data.trusted_pii_data"
[0m02:24:20.979229 [debug] [Thread-1 (]: On model.dbt_driven_data.trusted_pii_data: BEGIN
[0m02:24:20.980203 [debug] [Thread-1 (]: Opening a new connection, currently in state closed
[0m02:24:20.985255 [debug] [Thread-1 (]: SQL status: BEGIN in 0.005 seconds
[0m02:24:20.987015 [debug] [Thread-1 (]: Using postgres connection "model.dbt_driven_data.trusted_pii_data"
[0m02:24:20.989413 [debug] [Thread-1 (]: On model.dbt_driven_data.trusted_pii_data: /* {"app": "dbt", "dbt_version": "1.8.0", "profile_name": "default", "target_name": "dev", "node_id": "model.dbt_driven_data.trusted_pii_data"} */

  
    

  create  table "airflow"."driven_trusted"."pii_data__dbt_tmp"
  
  
    as
  
  (
    
WITH source_data AS (
 SELECT
 dp.person_name,
 dp.user_name,
 dp.email,
 dp.personal_number,
 dp.birth_date,
 da.address,
 dp.phone,
 da.mac_address,
 da.ip_address,
 df.iban,
 dd.accessed_at,
 fnu.session_duration,
 fnu.download_speed,
 fnu.upload_speed,
 fnu.consumed_traffic,
 fnu.unique_id
 FROM
 "airflow"."driven_staging"."fact_network_usage" fnu
 INNER JOIN
 "airflow"."driven_staging"."dim_address" da ON
fnu.unique_id = da.unique_id
 INNER JOIN
 "airflow"."driven_staging"."dim_date" dd ON da.unique_id =
dd.unique_id
 INNER JOIN
 "airflow"."driven_staging"."dim_finance" df ON dd.unique_id
= df.unique_id
 INNER JOIN
 "airflow"."driven_staging"."dim_person" dp ON df.unique_id
= dp.unique_id
)
SELECT
 *
FROM
 source_data
  );
  
[0m02:24:20.991860 [debug] [Thread-1 (]: Postgres adapter: Postgres error: relation "driven_staging.dim_date" does not exist
LINE 37:  "airflow"."driven_staging"."dim_date" dd ON da.unique_id =
          ^

[0m02:24:20.992992 [debug] [Thread-1 (]: On model.dbt_driven_data.trusted_pii_data: ROLLBACK
[0m02:24:20.995619 [debug] [Thread-1 (]: On model.dbt_driven_data.trusted_pii_data: Close
[0m02:24:20.999464 [debug] [Thread-1 (]: Database Error in model trusted_pii_data (models/trusted_pii_data.sql)
  relation "driven_staging.dim_date" does not exist
  LINE 37:  "airflow"."driven_staging"."dim_date" dd ON da.unique_id =
            ^
  compiled code at target/run/dbt_driven_data/models/trusted_pii_data.sql
[0m02:24:21.000350 [debug] [Thread-1 (]: Sending event: {'category': 'dbt', 'action': 'run_model', 'label': '2b649cd6-4fde-4cf4-81be-68064eca9792', 'context': [<snowplow_tracker.self_describing_json.SelfDescribingJson object at 0x74645338f860>]}
[0m02:24:21.001264 [error] [Thread-1 (]: 3 of 4 ERROR creating sql table model driven_trusted.pii_data .................. [[31mERROR[0m in 0.06s]
[0m02:24:21.003410 [debug] [Thread-1 (]: Finished running node model.dbt_driven_data.trusted_pii_data
[0m02:24:21.005204 [debug] [Thread-1 (]: Began running node model.dbt_driven_data.trusted_technical_data
[0m02:24:21.006322 [info ] [Thread-1 (]: 4 of 4 START sql table model driven_trusted.technical_data ..................... [RUN]
[0m02:24:21.007306 [debug] [Thread-1 (]: Re-using an available connection from the pool (formerly model.dbt_driven_data.trusted_pii_data, now model.dbt_driven_data.trusted_technical_data)
[0m02:24:21.007970 [debug] [Thread-1 (]: Began compiling node model.dbt_driven_data.trusted_technical_data
[0m02:24:21.014007 [debug] [Thread-1 (]: Writing injected SQL for node "model.dbt_driven_data.trusted_technical_data"
[0m02:24:21.027854 [debug] [Thread-1 (]: Began executing node model.dbt_driven_data.trusted_technical_data
[0m02:24:21.031916 [debug] [Thread-1 (]: Writing runtime sql for node "model.dbt_driven_data.trusted_technical_data"
[0m02:24:21.044826 [debug] [Thread-1 (]: Using postgres connection "model.dbt_driven_data.trusted_technical_data"
[0m02:24:21.046288 [debug] [Thread-1 (]: On model.dbt_driven_data.trusted_technical_data: BEGIN
[0m02:24:21.047353 [debug] [Thread-1 (]: Opening a new connection, currently in state closed
[0m02:24:21.052574 [debug] [Thread-1 (]: SQL status: BEGIN in 0.005 seconds
[0m02:24:21.053862 [debug] [Thread-1 (]: Using postgres connection "model.dbt_driven_data.trusted_technical_data"
[0m02:24:21.054935 [debug] [Thread-1 (]: On model.dbt_driven_data.trusted_technical_data: /* {"app": "dbt", "dbt_version": "1.8.0", "profile_name": "default", "target_name": "dev", "node_id": "model.dbt_driven_data.trusted_technical_data"} */

  
    

  create  table "airflow"."driven_trusted"."technical_data__dbt_tmp"
  
  
    as
  
  (
    
WITH source_data AS (
 SELECT
 fnu.unique_id,
 da.address,
 da.mac_address,
 da.ip_address,
 fnu.download_speed,
 fnu.upload_speed,
 ROUND((fnu.session_duration/60), 1) as min_session_duration,
 CASE 
 WHEN fnu.download_speed < 50 OR fnu.upload_speed < 30 OR
fnu.session_duration/60 < 1 THEN true
 ELSE false
 END AS technical_issue
 FROM
 "airflow"."driven_staging"."fact_network_usage" fnu
 JOIN
 "airflow"."driven_staging"."dim_address" da
 ON
 fnu.unique_id = da.unique_id
)
SELECT
 *
FROM
 source_data
  );
  
[0m02:24:21.064349 [debug] [Thread-1 (]: SQL status: SELECT 20 in 0.008 seconds
[0m02:24:21.069061 [debug] [Thread-1 (]: Using postgres connection "model.dbt_driven_data.trusted_technical_data"
[0m02:24:21.070296 [debug] [Thread-1 (]: On model.dbt_driven_data.trusted_technical_data: /* {"app": "dbt", "dbt_version": "1.8.0", "profile_name": "default", "target_name": "dev", "node_id": "model.dbt_driven_data.trusted_technical_data"} */
alter table "airflow"."driven_trusted"."technical_data__dbt_tmp" rename to "technical_data"
[0m02:24:21.072219 [debug] [Thread-1 (]: SQL status: ALTER TABLE in 0.001 seconds
[0m02:24:21.075269 [debug] [Thread-1 (]: On model.dbt_driven_data.trusted_technical_data: COMMIT
[0m02:24:21.076136 [debug] [Thread-1 (]: Using postgres connection "model.dbt_driven_data.trusted_technical_data"
[0m02:24:21.077182 [debug] [Thread-1 (]: On model.dbt_driven_data.trusted_technical_data: COMMIT
[0m02:24:21.081300 [debug] [Thread-1 (]: SQL status: COMMIT in 0.003 seconds
[0m02:24:21.083951 [debug] [Thread-1 (]: Applying DROP to: "airflow"."driven_trusted"."technical_data__dbt_backup"
[0m02:24:21.085383 [debug] [Thread-1 (]: Using postgres connection "model.dbt_driven_data.trusted_technical_data"
[0m02:24:21.086549 [debug] [Thread-1 (]: On model.dbt_driven_data.trusted_technical_data: /* {"app": "dbt", "dbt_version": "1.8.0", "profile_name": "default", "target_name": "dev", "node_id": "model.dbt_driven_data.trusted_technical_data"} */
drop table if exists "airflow"."driven_trusted"."technical_data__dbt_backup" cascade
[0m02:24:21.088654 [debug] [Thread-1 (]: SQL status: DROP TABLE in 0.001 seconds
[0m02:24:21.090653 [debug] [Thread-1 (]: On model.dbt_driven_data.trusted_technical_data: Close
[0m02:24:21.091760 [debug] [Thread-1 (]: Sending event: {'category': 'dbt', 'action': 'run_model', 'label': '2b649cd6-4fde-4cf4-81be-68064eca9792', 'context': [<snowplow_tracker.self_describing_json.SelfDescribingJson object at 0x74645437f8f0>]}
[0m02:24:21.092721 [info ] [Thread-1 (]: 4 of 4 OK created sql table model driven_trusted.technical_data ................ [[32mSELECT 20[0m in 0.08s]
[0m02:24:21.094161 [debug] [Thread-1 (]: Finished running node model.dbt_driven_data.trusted_technical_data
[0m02:24:21.097593 [debug] [MainThread]: Using postgres connection "master"
[0m02:24:21.098363 [debug] [MainThread]: On master: BEGIN
[0m02:24:21.098891 [debug] [MainThread]: Opening a new connection, currently in state closed
[0m02:24:21.103826 [debug] [MainThread]: SQL status: BEGIN in 0.005 seconds
[0m02:24:21.105339 [debug] [MainThread]: On master: COMMIT
[0m02:24:21.106242 [debug] [MainThread]: Using postgres connection "master"
[0m02:24:21.107235 [debug] [MainThread]: On master: COMMIT
[0m02:24:21.108128 [debug] [MainThread]: SQL status: COMMIT in 0.000 seconds
[0m02:24:21.108720 [debug] [MainThread]: On master: Close
[0m02:24:21.109484 [debug] [MainThread]: Connection 'master' was properly closed.
[0m02:24:21.112426 [debug] [MainThread]: Connection 'model.dbt_driven_data.trusted_technical_data' was properly closed.
[0m02:24:21.114239 [info ] [MainThread]: 
[0m02:24:21.115313 [info ] [MainThread]: Finished running 4 table models in 0 hours 0 minutes and 0.62 seconds (0.62s).
[0m02:24:21.116896 [debug] [MainThread]: Command end result
[0m02:24:21.194542 [info ] [MainThread]: 
[0m02:24:21.196558 [info ] [MainThread]: [31mCompleted with 2 errors and 0 warnings:[0m
[0m02:24:21.197686 [info ] [MainThread]: 
[0m02:24:21.198615 [error] [MainThread]:   Database Error in model trusted_non_pii_data (models/trusted_non_pii_data.sql)
  relation "driven_staging.dim_date" does not exist
  LINE 37:  "airflow"."driven_staging"."dim_date" dd ON da.unique_id =
            ^
  compiled code at target/run/dbt_driven_data/models/trusted_non_pii_data.sql
[0m02:24:21.199233 [info ] [MainThread]: 
[0m02:24:21.199845 [error] [MainThread]:   Database Error in model trusted_pii_data (models/trusted_pii_data.sql)
  relation "driven_staging.dim_date" does not exist
  LINE 37:  "airflow"."driven_staging"."dim_date" dd ON da.unique_id =
            ^
  compiled code at target/run/dbt_driven_data/models/trusted_pii_data.sql
[0m02:24:21.200351 [info ] [MainThread]: 
[0m02:24:21.200901 [info ] [MainThread]: Done. PASS=2 WARN=0 ERROR=2 SKIP=0 TOTAL=4
[0m02:24:21.204347 [debug] [MainThread]: Resource report: {"command_name": "run", "command_wall_clock_time": 1.7332312, "process_user_time": 2.526867, "process_kernel_time": 0.281644, "process_mem_max_rss": "119688", "process_in_blocks": "1928", "command_success": false, "process_out_blocks": "0"}
[0m02:24:21.205932 [debug] [MainThread]: Command `dbt run` failed at 02:24:21.205717 after 1.73 seconds
[0m02:24:21.206740 [debug] [MainThread]: Sending event: {'category': 'dbt', 'action': 'invocation', 'label': 'end', 'context': [<snowplow_tracker.self_describing_json.SelfDescribingJson object at 0x746459f4ec00>, <snowplow_tracker.self_describing_json.SelfDescribingJson object at 0x746457d57b00>, <snowplow_tracker.self_describing_json.SelfDescribingJson object at 0x7464553002f0>]}
[0m02:24:21.207432 [debug] [MainThread]: Flushing usage events
[0m02:52:09.654499 [debug] [MainThread]: Sending event: {'category': 'dbt', 'action': 'invocation', 'label': 'start', 'context': [<snowplow_tracker.self_describing_json.SelfDescribingJson object at 0x77cb058b6000>, <snowplow_tracker.self_describing_json.SelfDescribingJson object at 0x77cb04d5db80>, <snowplow_tracker.self_describing_json.SelfDescribingJson object at 0x77cb04e85ee0>]}


============================== 02:52:09.662177 | 657bd21d-5a91-4626-b668-55c1e772177a ==============================
[0m02:52:09.662177 [info ] [MainThread]: Running with dbt=1.8.0
[0m02:52:09.663171 [debug] [MainThread]: running dbt with arguments {'printer_width': '80', 'indirect_selection': 'eager', 'log_cache_events': 'False', 'write_json': 'True', 'partial_parse': 'True', 'cache_selected_only': 'False', 'profiles_dir': '/opt/airflow/dbt', 'debug': 'False', 'fail_fast': 'False', 'log_path': '/opt/airflow/dbt/logs', 'version_check': 'True', 'warn_error': 'None', 'use_colors': 'True', 'use_experimental_parser': 'False', 'no_print': 'None', 'quiet': 'False', 'warn_error_options': 'WarnErrorOptions(include=[], exclude=[])', 'static_parser': 'True', 'log_format': 'default', 'invocation_command': 'dbt run --select tag:staging', 'target_path': 'None', 'introspect': 'True', 'send_anonymous_usage_stats': 'True'}
[0m02:52:09.866147 [debug] [MainThread]: Sending event: {'category': 'dbt', 'action': 'project_id', 'label': '657bd21d-5a91-4626-b668-55c1e772177a', 'context': [<snowplow_tracker.self_describing_json.SelfDescribingJson object at 0x77cb046efb30>]}
[0m02:52:09.912905 [debug] [MainThread]: Sending event: {'category': 'dbt', 'action': 'adapter_info', 'label': '657bd21d-5a91-4626-b668-55c1e772177a', 'context': [<snowplow_tracker.self_describing_json.SelfDescribingJson object at 0x77cb047ced50>]}
[0m02:52:09.914895 [info ] [MainThread]: Registered adapter: postgres=1.8.2
[0m02:52:09.991478 [debug] [MainThread]: checksum: dbb12d416fdb55e3665e4828703bbedf40c5c90ed7ca6ff39bbbfb29b12b0a92, vars: {}, profile: , target: , version: 1.8.0
[0m02:52:10.227895 [debug] [MainThread]: Partial parsing enabled: 0 files deleted, 0 files added, 0 files changed.
[0m02:52:10.229172 [debug] [MainThread]: Partial parsing enabled, no changes found, skipping parsing
[0m02:52:10.256118 [debug] [MainThread]: Sending event: {'category': 'dbt', 'action': 'load_project', 'label': '657bd21d-5a91-4626-b668-55c1e772177a', 'context': [<snowplow_tracker.self_describing_json.SelfDescribingJson object at 0x77cb046a8ce0>]}
[0m02:52:10.387910 [debug] [MainThread]: Sending event: {'category': 'dbt', 'action': 'resource_counts', 'label': '657bd21d-5a91-4626-b668-55c1e772177a', 'context': [<snowplow_tracker.self_describing_json.SelfDescribingJson object at 0x77cb02f71c10>]}
[0m02:52:10.388826 [info ] [MainThread]: Found 9 models, 10 sources, 428 macros
[0m02:52:10.391396 [debug] [MainThread]: Sending event: {'category': 'dbt', 'action': 'runnable_timing', 'label': '657bd21d-5a91-4626-b668-55c1e772177a', 'context': [<snowplow_tracker.self_describing_json.SelfDescribingJson object at 0x77cb05df2960>]}
[0m02:52:10.393571 [info ] [MainThread]: 
[0m02:52:10.394841 [debug] [MainThread]: Acquiring new postgres connection 'master'
[0m02:52:10.399599 [debug] [ThreadPool]: Acquiring new postgres connection 'list_airflow'
[0m02:52:10.430980 [debug] [ThreadPool]: Using postgres connection "list_airflow"
[0m02:52:10.432222 [debug] [ThreadPool]: On list_airflow: /* {"app": "dbt", "dbt_version": "1.8.0", "profile_name": "default", "target_name": "dev", "connection_name": "list_airflow"} */

    select distinct nspname from pg_namespace
  
[0m02:52:10.433265 [debug] [ThreadPool]: Opening a new connection, currently in state init
[0m02:52:10.440967 [debug] [ThreadPool]: SQL status: SELECT 7 in 0.008 seconds
[0m02:52:10.442867 [debug] [ThreadPool]: On list_airflow: Close
[0m02:52:10.446492 [debug] [ThreadPool]: Re-using an available connection from the pool (formerly list_airflow, now list_airflow_driven_staging)
[0m02:52:10.452601 [debug] [ThreadPool]: Using postgres connection "list_airflow_driven_staging"
[0m02:52:10.453786 [debug] [ThreadPool]: On list_airflow_driven_staging: BEGIN
[0m02:52:10.454769 [debug] [ThreadPool]: Opening a new connection, currently in state closed
[0m02:52:10.460655 [debug] [ThreadPool]: SQL status: BEGIN in 0.006 seconds
[0m02:52:10.461662 [debug] [ThreadPool]: Using postgres connection "list_airflow_driven_staging"
[0m02:52:10.462379 [debug] [ThreadPool]: On list_airflow_driven_staging: /* {"app": "dbt", "dbt_version": "1.8.0", "profile_name": "default", "target_name": "dev", "connection_name": "list_airflow_driven_staging"} */
select
      'airflow' as database,
      tablename as name,
      schemaname as schema,
      'table' as type
    from pg_tables
    where schemaname ilike 'driven_staging'
    union all
    select
      'airflow' as database,
      viewname as name,
      schemaname as schema,
      'view' as type
    from pg_views
    where schemaname ilike 'driven_staging'
    union all
    select
      'airflow' as database,
      matviewname as name,
      schemaname as schema,
      'materialized_view' as type
    from pg_matviews
    where schemaname ilike 'driven_staging'
  
[0m02:52:10.466550 [debug] [ThreadPool]: SQL status: SELECT 4 in 0.003 seconds
[0m02:52:10.468420 [debug] [ThreadPool]: On list_airflow_driven_staging: ROLLBACK
[0m02:52:10.469170 [debug] [ThreadPool]: On list_airflow_driven_staging: Close
[0m02:52:10.469947 [debug] [ThreadPool]: Re-using an available connection from the pool (formerly list_airflow_driven_staging, now list_airflow_driven_trusted)
[0m02:52:10.472508 [debug] [ThreadPool]: Using postgres connection "list_airflow_driven_trusted"
[0m02:52:10.473272 [debug] [ThreadPool]: On list_airflow_driven_trusted: BEGIN
[0m02:52:10.474338 [debug] [ThreadPool]: Opening a new connection, currently in state closed
[0m02:52:10.478924 [debug] [ThreadPool]: SQL status: BEGIN in 0.005 seconds
[0m02:52:10.480443 [debug] [ThreadPool]: Using postgres connection "list_airflow_driven_trusted"
[0m02:52:10.481768 [debug] [ThreadPool]: On list_airflow_driven_trusted: /* {"app": "dbt", "dbt_version": "1.8.0", "profile_name": "default", "target_name": "dev", "connection_name": "list_airflow_driven_trusted"} */
select
      'airflow' as database,
      tablename as name,
      schemaname as schema,
      'table' as type
    from pg_tables
    where schemaname ilike 'driven_trusted'
    union all
    select
      'airflow' as database,
      viewname as name,
      schemaname as schema,
      'view' as type
    from pg_views
    where schemaname ilike 'driven_trusted'
    union all
    select
      'airflow' as database,
      matviewname as name,
      schemaname as schema,
      'materialized_view' as type
    from pg_matviews
    where schemaname ilike 'driven_trusted'
  
[0m02:52:10.486256 [debug] [ThreadPool]: SQL status: SELECT 2 in 0.003 seconds
[0m02:52:10.488179 [debug] [ThreadPool]: On list_airflow_driven_trusted: ROLLBACK
[0m02:52:10.489270 [debug] [ThreadPool]: On list_airflow_driven_trusted: Close
[0m02:52:10.490255 [debug] [ThreadPool]: Re-using an available connection from the pool (formerly list_airflow_driven_trusted, now list_airflow_driven)
[0m02:52:10.492996 [debug] [ThreadPool]: Using postgres connection "list_airflow_driven"
[0m02:52:10.493920 [debug] [ThreadPool]: On list_airflow_driven: BEGIN
[0m02:52:10.494650 [debug] [ThreadPool]: Opening a new connection, currently in state closed
[0m02:52:10.501422 [debug] [ThreadPool]: SQL status: BEGIN in 0.007 seconds
[0m02:52:10.502460 [debug] [ThreadPool]: Using postgres connection "list_airflow_driven"
[0m02:52:10.503674 [debug] [ThreadPool]: On list_airflow_driven: /* {"app": "dbt", "dbt_version": "1.8.0", "profile_name": "default", "target_name": "dev", "connection_name": "list_airflow_driven"} */
select
      'airflow' as database,
      tablename as name,
      schemaname as schema,
      'table' as type
    from pg_tables
    where schemaname ilike 'driven'
    union all
    select
      'airflow' as database,
      viewname as name,
      schemaname as schema,
      'view' as type
    from pg_views
    where schemaname ilike 'driven'
    union all
    select
      'airflow' as database,
      matviewname as name,
      schemaname as schema,
      'materialized_view' as type
    from pg_matviews
    where schemaname ilike 'driven'
  
[0m02:52:10.506800 [debug] [ThreadPool]: SQL status: SELECT 0 in 0.002 seconds
[0m02:52:10.509373 [debug] [ThreadPool]: On list_airflow_driven: ROLLBACK
[0m02:52:10.510425 [debug] [ThreadPool]: On list_airflow_driven: Close
[0m02:52:10.517064 [debug] [MainThread]: Using postgres connection "master"
[0m02:52:10.518082 [debug] [MainThread]: On master: BEGIN
[0m02:52:10.518960 [debug] [MainThread]: Opening a new connection, currently in state init
[0m02:52:10.524188 [debug] [MainThread]: SQL status: BEGIN in 0.005 seconds
[0m02:52:10.525415 [debug] [MainThread]: Using postgres connection "master"
[0m02:52:10.526174 [debug] [MainThread]: On master: /* {"app": "dbt", "dbt_version": "1.8.0", "profile_name": "default", "target_name": "dev", "connection_name": "master"} */
with relation as (
        select
            pg_rewrite.ev_class as class,
            pg_rewrite.oid as id
        from pg_rewrite
    ),
    class as (
        select
            oid as id,
            relname as name,
            relnamespace as schema,
            relkind as kind
        from pg_class
    ),
    dependency as (
        select distinct
            pg_depend.objid as id,
            pg_depend.refobjid as ref
        from pg_depend
    ),
    schema as (
        select
            pg_namespace.oid as id,
            pg_namespace.nspname as name
        from pg_namespace
        where nspname != 'information_schema' and nspname not like 'pg\_%'
    ),
    referenced as (
        select
            relation.id AS id,
            referenced_class.name ,
            referenced_class.schema ,
            referenced_class.kind
        from relation
        join class as referenced_class on relation.class=referenced_class.id
        where referenced_class.kind in ('r', 'v', 'm')
    ),
    relationships as (
        select
            referenced.name as referenced_name,
            referenced.schema as referenced_schema_id,
            dependent_class.name as dependent_name,
            dependent_class.schema as dependent_schema_id,
            referenced.kind as kind
        from referenced
        join dependency on referenced.id=dependency.id
        join class as dependent_class on dependency.ref=dependent_class.id
        where
            (referenced.name != dependent_class.name or
             referenced.schema != dependent_class.schema)
    )

    select
        referenced_schema.name as referenced_schema,
        relationships.referenced_name as referenced_name,
        dependent_schema.name as dependent_schema,
        relationships.dependent_name as dependent_name
    from relationships
    join schema as dependent_schema on relationships.dependent_schema_id=dependent_schema.id
    join schema as referenced_schema on relationships.referenced_schema_id=referenced_schema.id
    group by referenced_schema, referenced_name, dependent_schema, dependent_name
    order by referenced_schema, referenced_name, dependent_schema, dependent_name;
[0m02:52:10.530263 [debug] [MainThread]: SQL status: SELECT 0 in 0.003 seconds
[0m02:52:10.532800 [debug] [MainThread]: Sending event: {'category': 'dbt', 'action': 'runnable_timing', 'label': '657bd21d-5a91-4626-b668-55c1e772177a', 'context': [<snowplow_tracker.self_describing_json.SelfDescribingJson object at 0x77cb02f5ef00>]}
[0m02:52:10.533870 [debug] [MainThread]: On master: ROLLBACK
[0m02:52:10.534747 [debug] [MainThread]: Using postgres connection "master"
[0m02:52:10.536113 [debug] [MainThread]: On master: BEGIN
[0m02:52:10.537674 [debug] [MainThread]: SQL status: BEGIN in 0.001 seconds
[0m02:52:10.538449 [debug] [MainThread]: On master: COMMIT
[0m02:52:10.539031 [debug] [MainThread]: Using postgres connection "master"
[0m02:52:10.539593 [debug] [MainThread]: On master: COMMIT
[0m02:52:10.540327 [debug] [MainThread]: SQL status: COMMIT in 0.000 seconds
[0m02:52:10.541507 [debug] [MainThread]: On master: Close
[0m02:52:10.542539 [info ] [MainThread]: Concurrency: 1 threads (target='dev')
[0m02:52:10.544128 [info ] [MainThread]: 
[0m02:52:10.554761 [debug] [Thread-1 (]: Began running node model.dbt_driven_data.staging_dim_address
[0m02:52:10.555910 [info ] [Thread-1 (]: 1 of 4 START sql table model driven_staging.dim_address ........................ [RUN]
[0m02:52:10.557201 [debug] [Thread-1 (]: Re-using an available connection from the pool (formerly list_airflow_driven, now model.dbt_driven_data.staging_dim_address)
[0m02:52:10.558599 [debug] [Thread-1 (]: Began compiling node model.dbt_driven_data.staging_dim_address
[0m02:52:10.564657 [debug] [Thread-1 (]: Writing injected SQL for node "model.dbt_driven_data.staging_dim_address"
[0m02:52:10.584237 [debug] [Thread-1 (]: Began executing node model.dbt_driven_data.staging_dim_address
[0m02:52:10.619800 [debug] [Thread-1 (]: Writing runtime sql for node "model.dbt_driven_data.staging_dim_address"
[0m02:52:10.633888 [debug] [Thread-1 (]: Using postgres connection "model.dbt_driven_data.staging_dim_address"
[0m02:52:10.634678 [debug] [Thread-1 (]: On model.dbt_driven_data.staging_dim_address: BEGIN
[0m02:52:10.635345 [debug] [Thread-1 (]: Opening a new connection, currently in state closed
[0m02:52:10.639789 [debug] [Thread-1 (]: SQL status: BEGIN in 0.004 seconds
[0m02:52:10.641077 [debug] [Thread-1 (]: Using postgres connection "model.dbt_driven_data.staging_dim_address"
[0m02:52:10.641758 [debug] [Thread-1 (]: On model.dbt_driven_data.staging_dim_address: /* {"app": "dbt", "dbt_version": "1.8.0", "profile_name": "default", "target_name": "dev", "node_id": "model.dbt_driven_data.staging_dim_address"} */

  
    

  create  table "airflow"."driven_staging"."dim_address__dbt_tmp"
  
  
    as
  
  (
    
WITH source_data AS (
 SELECT
 unique_id,
 address,
 mac_address,
 ip_address
 FROM
 "airflow"."driven_raw"."raw_batch_data"
)
SELECT
 *
FROM
 source_data
  );
  
[0m02:52:10.645907 [debug] [Thread-1 (]: SQL status: SELECT 30 in 0.003 seconds
[0m02:52:10.652578 [debug] [Thread-1 (]: Using postgres connection "model.dbt_driven_data.staging_dim_address"
[0m02:52:10.653421 [debug] [Thread-1 (]: On model.dbt_driven_data.staging_dim_address: /* {"app": "dbt", "dbt_version": "1.8.0", "profile_name": "default", "target_name": "dev", "node_id": "model.dbt_driven_data.staging_dim_address"} */
alter table "airflow"."driven_staging"."dim_address" rename to "dim_address__dbt_backup"
[0m02:52:10.654595 [debug] [Thread-1 (]: SQL status: ALTER TABLE in 0.001 seconds
[0m02:52:10.657916 [debug] [Thread-1 (]: Using postgres connection "model.dbt_driven_data.staging_dim_address"
[0m02:52:10.658762 [debug] [Thread-1 (]: On model.dbt_driven_data.staging_dim_address: /* {"app": "dbt", "dbt_version": "1.8.0", "profile_name": "default", "target_name": "dev", "node_id": "model.dbt_driven_data.staging_dim_address"} */
alter table "airflow"."driven_staging"."dim_address__dbt_tmp" rename to "dim_address"
[0m02:52:10.659923 [debug] [Thread-1 (]: SQL status: ALTER TABLE in 0.000 seconds
[0m02:52:10.678208 [debug] [Thread-1 (]: On model.dbt_driven_data.staging_dim_address: COMMIT
[0m02:52:10.679700 [debug] [Thread-1 (]: Using postgres connection "model.dbt_driven_data.staging_dim_address"
[0m02:52:10.680964 [debug] [Thread-1 (]: On model.dbt_driven_data.staging_dim_address: COMMIT
[0m02:52:10.685715 [debug] [Thread-1 (]: SQL status: COMMIT in 0.003 seconds
[0m02:52:10.693135 [debug] [Thread-1 (]: Applying DROP to: "airflow"."driven_staging"."dim_address__dbt_backup"
[0m02:52:10.698867 [debug] [Thread-1 (]: Using postgres connection "model.dbt_driven_data.staging_dim_address"
[0m02:52:10.700313 [debug] [Thread-1 (]: On model.dbt_driven_data.staging_dim_address: /* {"app": "dbt", "dbt_version": "1.8.0", "profile_name": "default", "target_name": "dev", "node_id": "model.dbt_driven_data.staging_dim_address"} */
drop table if exists "airflow"."driven_staging"."dim_address__dbt_backup" cascade
[0m02:52:10.705847 [debug] [Thread-1 (]: SQL status: DROP TABLE in 0.004 seconds
[0m02:52:10.709236 [debug] [Thread-1 (]: On model.dbt_driven_data.staging_dim_address: Close
[0m02:52:10.711375 [debug] [Thread-1 (]: Sending event: {'category': 'dbt', 'action': 'run_model', 'label': '657bd21d-5a91-4626-b668-55c1e772177a', 'context': [<snowplow_tracker.self_describing_json.SelfDescribingJson object at 0x77cb03bb4050>]}
[0m02:52:10.712647 [info ] [Thread-1 (]: 1 of 4 OK created sql table model driven_staging.dim_address ................... [[32mSELECT 30[0m in 0.15s]
[0m02:52:10.713728 [debug] [Thread-1 (]: Finished running node model.dbt_driven_data.staging_dim_address
[0m02:52:10.714455 [debug] [Thread-1 (]: Began running node model.dbt_driven_data.staging_dim_finance
[0m02:52:10.715619 [info ] [Thread-1 (]: 2 of 4 START sql table model driven_staging.dim_finance ........................ [RUN]
[0m02:52:10.717126 [debug] [Thread-1 (]: Re-using an available connection from the pool (formerly model.dbt_driven_data.staging_dim_address, now model.dbt_driven_data.staging_dim_finance)
[0m02:52:10.718014 [debug] [Thread-1 (]: Began compiling node model.dbt_driven_data.staging_dim_finance
[0m02:52:10.720964 [debug] [Thread-1 (]: Writing injected SQL for node "model.dbt_driven_data.staging_dim_finance"
[0m02:52:10.734407 [debug] [Thread-1 (]: Began executing node model.dbt_driven_data.staging_dim_finance
[0m02:52:10.737860 [debug] [Thread-1 (]: Writing runtime sql for node "model.dbt_driven_data.staging_dim_finance"
[0m02:52:10.751642 [debug] [Thread-1 (]: Using postgres connection "model.dbt_driven_data.staging_dim_finance"
[0m02:52:10.752497 [debug] [Thread-1 (]: On model.dbt_driven_data.staging_dim_finance: BEGIN
[0m02:52:10.753188 [debug] [Thread-1 (]: Opening a new connection, currently in state closed
[0m02:52:10.758647 [debug] [Thread-1 (]: SQL status: BEGIN in 0.005 seconds
[0m02:52:10.760359 [debug] [Thread-1 (]: Using postgres connection "model.dbt_driven_data.staging_dim_finance"
[0m02:52:10.761317 [debug] [Thread-1 (]: On model.dbt_driven_data.staging_dim_finance: /* {"app": "dbt", "dbt_version": "1.8.0", "profile_name": "default", "target_name": "dev", "node_id": "model.dbt_driven_data.staging_dim_finance"} */

  
    

  create  table "airflow"."driven_staging"."dim_finance__dbt_tmp"
  
  
    as
  
  (
    
WITH source_data AS (
 SELECT
 unique_id,
 iban
 FROM
 "airflow"."driven_raw"."raw_batch_data"
)
SELECT
 *
FROM
 source_data
  );
  
[0m02:52:10.763457 [debug] [Thread-1 (]: SQL status: SELECT 30 in 0.001 seconds
[0m02:52:10.766880 [debug] [Thread-1 (]: Using postgres connection "model.dbt_driven_data.staging_dim_finance"
[0m02:52:10.767708 [debug] [Thread-1 (]: On model.dbt_driven_data.staging_dim_finance: /* {"app": "dbt", "dbt_version": "1.8.0", "profile_name": "default", "target_name": "dev", "node_id": "model.dbt_driven_data.staging_dim_finance"} */
alter table "airflow"."driven_staging"."dim_finance" rename to "dim_finance__dbt_backup"
[0m02:52:10.768956 [debug] [Thread-1 (]: SQL status: ALTER TABLE in 0.001 seconds
[0m02:52:10.771578 [debug] [Thread-1 (]: Using postgres connection "model.dbt_driven_data.staging_dim_finance"
[0m02:52:10.772145 [debug] [Thread-1 (]: On model.dbt_driven_data.staging_dim_finance: /* {"app": "dbt", "dbt_version": "1.8.0", "profile_name": "default", "target_name": "dev", "node_id": "model.dbt_driven_data.staging_dim_finance"} */
alter table "airflow"."driven_staging"."dim_finance__dbt_tmp" rename to "dim_finance"
[0m02:52:10.772878 [debug] [Thread-1 (]: SQL status: ALTER TABLE in 0.000 seconds
[0m02:52:10.774741 [debug] [Thread-1 (]: On model.dbt_driven_data.staging_dim_finance: COMMIT
[0m02:52:10.776120 [debug] [Thread-1 (]: Using postgres connection "model.dbt_driven_data.staging_dim_finance"
[0m02:52:10.776947 [debug] [Thread-1 (]: On model.dbt_driven_data.staging_dim_finance: COMMIT
[0m02:52:10.780827 [debug] [Thread-1 (]: SQL status: COMMIT in 0.003 seconds
[0m02:52:10.784169 [debug] [Thread-1 (]: Applying DROP to: "airflow"."driven_staging"."dim_finance__dbt_backup"
[0m02:52:10.785948 [debug] [Thread-1 (]: Using postgres connection "model.dbt_driven_data.staging_dim_finance"
[0m02:52:10.787047 [debug] [Thread-1 (]: On model.dbt_driven_data.staging_dim_finance: /* {"app": "dbt", "dbt_version": "1.8.0", "profile_name": "default", "target_name": "dev", "node_id": "model.dbt_driven_data.staging_dim_finance"} */
drop table if exists "airflow"."driven_staging"."dim_finance__dbt_backup" cascade
[0m02:52:10.791589 [debug] [Thread-1 (]: SQL status: DROP TABLE in 0.004 seconds
[0m02:52:10.793945 [debug] [Thread-1 (]: On model.dbt_driven_data.staging_dim_finance: Close
[0m02:52:10.795163 [debug] [Thread-1 (]: Sending event: {'category': 'dbt', 'action': 'run_model', 'label': '657bd21d-5a91-4626-b668-55c1e772177a', 'context': [<snowplow_tracker.self_describing_json.SelfDescribingJson object at 0x77cb01aaa150>]}
[0m02:52:10.796251 [info ] [Thread-1 (]: 2 of 4 OK created sql table model driven_staging.dim_finance ................... [[32mSELECT 30[0m in 0.08s]
[0m02:52:10.797447 [debug] [Thread-1 (]: Finished running node model.dbt_driven_data.staging_dim_finance
[0m02:52:10.798358 [debug] [Thread-1 (]: Began running node model.dbt_driven_data.staging_dim_person
[0m02:52:10.800230 [info ] [Thread-1 (]: 3 of 4 START sql table model driven_staging.dim_person ......................... [RUN]
[0m02:52:10.801759 [debug] [Thread-1 (]: Re-using an available connection from the pool (formerly model.dbt_driven_data.staging_dim_finance, now model.dbt_driven_data.staging_dim_person)
[0m02:52:10.802849 [debug] [Thread-1 (]: Began compiling node model.dbt_driven_data.staging_dim_person
[0m02:52:10.807007 [debug] [Thread-1 (]: Writing injected SQL for node "model.dbt_driven_data.staging_dim_person"
[0m02:52:10.821341 [debug] [Thread-1 (]: Began executing node model.dbt_driven_data.staging_dim_person
[0m02:52:10.825622 [debug] [Thread-1 (]: Writing runtime sql for node "model.dbt_driven_data.staging_dim_person"
[0m02:52:10.835447 [debug] [Thread-1 (]: Using postgres connection "model.dbt_driven_data.staging_dim_person"
[0m02:52:10.836534 [debug] [Thread-1 (]: On model.dbt_driven_data.staging_dim_person: BEGIN
[0m02:52:10.837642 [debug] [Thread-1 (]: Opening a new connection, currently in state closed
[0m02:52:10.844291 [debug] [Thread-1 (]: SQL status: BEGIN in 0.007 seconds
[0m02:52:10.845546 [debug] [Thread-1 (]: Using postgres connection "model.dbt_driven_data.staging_dim_person"
[0m02:52:10.846104 [debug] [Thread-1 (]: On model.dbt_driven_data.staging_dim_person: /* {"app": "dbt", "dbt_version": "1.8.0", "profile_name": "default", "target_name": "dev", "node_id": "model.dbt_driven_data.staging_dim_person"} */

  
    

  create  table "airflow"."driven_staging"."dim_person__dbt_tmp"
  
  
    as
  
  (
    
WITH source_data AS (
 SELECT
 unique_id,
 person_name,
 user_name,
 email,
 phone,
 birth_date,
 personal_number
 FROM
 "airflow"."driven_raw"."raw_batch_data"
)
SELECT
 *
FROM
 source_data
  );
  
[0m02:52:10.854553 [debug] [Thread-1 (]: SQL status: SELECT 30 in 0.008 seconds
[0m02:52:10.858553 [debug] [Thread-1 (]: Using postgres connection "model.dbt_driven_data.staging_dim_person"
[0m02:52:10.859464 [debug] [Thread-1 (]: On model.dbt_driven_data.staging_dim_person: /* {"app": "dbt", "dbt_version": "1.8.0", "profile_name": "default", "target_name": "dev", "node_id": "model.dbt_driven_data.staging_dim_person"} */
alter table "airflow"."driven_staging"."dim_person" rename to "dim_person__dbt_backup"
[0m02:52:10.860975 [debug] [Thread-1 (]: SQL status: ALTER TABLE in 0.001 seconds
[0m02:52:10.865292 [debug] [Thread-1 (]: Using postgres connection "model.dbt_driven_data.staging_dim_person"
[0m02:52:10.866551 [debug] [Thread-1 (]: On model.dbt_driven_data.staging_dim_person: /* {"app": "dbt", "dbt_version": "1.8.0", "profile_name": "default", "target_name": "dev", "node_id": "model.dbt_driven_data.staging_dim_person"} */
alter table "airflow"."driven_staging"."dim_person__dbt_tmp" rename to "dim_person"
[0m02:52:10.868380 [debug] [Thread-1 (]: SQL status: ALTER TABLE in 0.001 seconds
[0m02:52:10.871018 [debug] [Thread-1 (]: On model.dbt_driven_data.staging_dim_person: COMMIT
[0m02:52:10.871944 [debug] [Thread-1 (]: Using postgres connection "model.dbt_driven_data.staging_dim_person"
[0m02:52:10.872738 [debug] [Thread-1 (]: On model.dbt_driven_data.staging_dim_person: COMMIT
[0m02:52:10.876448 [debug] [Thread-1 (]: SQL status: COMMIT in 0.003 seconds
[0m02:52:10.879159 [debug] [Thread-1 (]: Applying DROP to: "airflow"."driven_staging"."dim_person__dbt_backup"
[0m02:52:10.880276 [debug] [Thread-1 (]: Using postgres connection "model.dbt_driven_data.staging_dim_person"
[0m02:52:10.881229 [debug] [Thread-1 (]: On model.dbt_driven_data.staging_dim_person: /* {"app": "dbt", "dbt_version": "1.8.0", "profile_name": "default", "target_name": "dev", "node_id": "model.dbt_driven_data.staging_dim_person"} */
drop table if exists "airflow"."driven_staging"."dim_person__dbt_backup" cascade
[0m02:52:10.885856 [debug] [Thread-1 (]: SQL status: DROP TABLE in 0.004 seconds
[0m02:52:10.888297 [debug] [Thread-1 (]: On model.dbt_driven_data.staging_dim_person: Close
[0m02:52:10.889506 [debug] [Thread-1 (]: Sending event: {'category': 'dbt', 'action': 'run_model', 'label': '657bd21d-5a91-4626-b668-55c1e772177a', 'context': [<snowplow_tracker.self_describing_json.SelfDescribingJson object at 0x77cb019332c0>]}
[0m02:52:10.890963 [info ] [Thread-1 (]: 3 of 4 OK created sql table model driven_staging.dim_person .................... [[32mSELECT 30[0m in 0.09s]
[0m02:52:10.892183 [debug] [Thread-1 (]: Finished running node model.dbt_driven_data.staging_dim_person
[0m02:52:10.892995 [debug] [Thread-1 (]: Began running node model.dbt_driven_data.staging_fact_network_usage
[0m02:52:10.893766 [info ] [Thread-1 (]: 4 of 4 START sql table model driven_staging.fact_network_usage ................. [RUN]
[0m02:52:10.894536 [debug] [Thread-1 (]: Re-using an available connection from the pool (formerly model.dbt_driven_data.staging_dim_person, now model.dbt_driven_data.staging_fact_network_usage)
[0m02:52:10.895423 [debug] [Thread-1 (]: Began compiling node model.dbt_driven_data.staging_fact_network_usage
[0m02:52:10.900377 [debug] [Thread-1 (]: Writing injected SQL for node "model.dbt_driven_data.staging_fact_network_usage"
[0m02:52:10.916941 [debug] [Thread-1 (]: Began executing node model.dbt_driven_data.staging_fact_network_usage
[0m02:52:10.921961 [debug] [Thread-1 (]: Writing runtime sql for node "model.dbt_driven_data.staging_fact_network_usage"
[0m02:52:10.933632 [debug] [Thread-1 (]: Using postgres connection "model.dbt_driven_data.staging_fact_network_usage"
[0m02:52:10.934576 [debug] [Thread-1 (]: On model.dbt_driven_data.staging_fact_network_usage: BEGIN
[0m02:52:10.935300 [debug] [Thread-1 (]: Opening a new connection, currently in state closed
[0m02:52:10.939916 [debug] [Thread-1 (]: SQL status: BEGIN in 0.004 seconds
[0m02:52:10.941174 [debug] [Thread-1 (]: Using postgres connection "model.dbt_driven_data.staging_fact_network_usage"
[0m02:52:10.942031 [debug] [Thread-1 (]: On model.dbt_driven_data.staging_fact_network_usage: /* {"app": "dbt", "dbt_version": "1.8.0", "profile_name": "default", "target_name": "dev", "node_id": "model.dbt_driven_data.staging_fact_network_usage"} */

  
    

  create  table "airflow"."driven_staging"."fact_network_usage__dbt_tmp"
  
  
    as
  
  (
    
WITH source_data AS (
 SELECT
 unique_id,
 session_duration,
 download_speed,
 upload_speed,
 consumed_traffic
 FROM
 "airflow"."driven_raw"."raw_batch_data"
)
SELECT
 *
FROM
 source_data
  );
  
[0m02:52:10.944536 [debug] [Thread-1 (]: SQL status: SELECT 30 in 0.002 seconds
[0m02:52:10.947692 [debug] [Thread-1 (]: Using postgres connection "model.dbt_driven_data.staging_fact_network_usage"
[0m02:52:10.949044 [debug] [Thread-1 (]: On model.dbt_driven_data.staging_fact_network_usage: /* {"app": "dbt", "dbt_version": "1.8.0", "profile_name": "default", "target_name": "dev", "node_id": "model.dbt_driven_data.staging_fact_network_usage"} */
alter table "airflow"."driven_staging"."fact_network_usage" rename to "fact_network_usage__dbt_backup"
[0m02:52:10.950624 [debug] [Thread-1 (]: SQL status: ALTER TABLE in 0.001 seconds
[0m02:52:10.953302 [debug] [Thread-1 (]: Using postgres connection "model.dbt_driven_data.staging_fact_network_usage"
[0m02:52:10.953916 [debug] [Thread-1 (]: On model.dbt_driven_data.staging_fact_network_usage: /* {"app": "dbt", "dbt_version": "1.8.0", "profile_name": "default", "target_name": "dev", "node_id": "model.dbt_driven_data.staging_fact_network_usage"} */
alter table "airflow"."driven_staging"."fact_network_usage__dbt_tmp" rename to "fact_network_usage"
[0m02:52:10.955351 [debug] [Thread-1 (]: SQL status: ALTER TABLE in 0.001 seconds
[0m02:52:10.958208 [debug] [Thread-1 (]: On model.dbt_driven_data.staging_fact_network_usage: COMMIT
[0m02:52:10.959185 [debug] [Thread-1 (]: Using postgres connection "model.dbt_driven_data.staging_fact_network_usage"
[0m02:52:10.960242 [debug] [Thread-1 (]: On model.dbt_driven_data.staging_fact_network_usage: COMMIT
[0m02:52:10.965950 [debug] [Thread-1 (]: SQL status: COMMIT in 0.004 seconds
[0m02:52:10.970164 [debug] [Thread-1 (]: Applying DROP to: "airflow"."driven_staging"."fact_network_usage__dbt_backup"
[0m02:52:10.971754 [debug] [Thread-1 (]: Using postgres connection "model.dbt_driven_data.staging_fact_network_usage"
[0m02:52:10.972543 [debug] [Thread-1 (]: On model.dbt_driven_data.staging_fact_network_usage: /* {"app": "dbt", "dbt_version": "1.8.0", "profile_name": "default", "target_name": "dev", "node_id": "model.dbt_driven_data.staging_fact_network_usage"} */
drop table if exists "airflow"."driven_staging"."fact_network_usage__dbt_backup" cascade
[0m02:52:10.977270 [debug] [Thread-1 (]: SQL status: DROP TABLE in 0.004 seconds
[0m02:52:10.979057 [debug] [Thread-1 (]: On model.dbt_driven_data.staging_fact_network_usage: Close
[0m02:52:10.980083 [debug] [Thread-1 (]: Sending event: {'category': 'dbt', 'action': 'run_model', 'label': '657bd21d-5a91-4626-b668-55c1e772177a', 'context': [<snowplow_tracker.self_describing_json.SelfDescribingJson object at 0x77cb0191ce00>]}
[0m02:52:10.981606 [info ] [Thread-1 (]: 4 of 4 OK created sql table model driven_staging.fact_network_usage ............ [[32mSELECT 30[0m in 0.09s]
[0m02:52:10.984072 [debug] [Thread-1 (]: Finished running node model.dbt_driven_data.staging_fact_network_usage
[0m02:52:10.986452 [debug] [MainThread]: Using postgres connection "master"
[0m02:52:10.987859 [debug] [MainThread]: On master: BEGIN
[0m02:52:10.988760 [debug] [MainThread]: Opening a new connection, currently in state closed
[0m02:52:10.994019 [debug] [MainThread]: SQL status: BEGIN in 0.005 seconds
[0m02:52:10.994946 [debug] [MainThread]: On master: COMMIT
[0m02:52:10.995506 [debug] [MainThread]: Using postgres connection "master"
[0m02:52:10.995982 [debug] [MainThread]: On master: COMMIT
[0m02:52:10.996540 [debug] [MainThread]: SQL status: COMMIT in 0.000 seconds
[0m02:52:10.997033 [debug] [MainThread]: On master: Close
[0m02:52:10.997759 [debug] [MainThread]: Connection 'master' was properly closed.
[0m02:52:10.998388 [debug] [MainThread]: Connection 'model.dbt_driven_data.staging_fact_network_usage' was properly closed.
[0m02:52:10.999328 [info ] [MainThread]: 
[0m02:52:11.000087 [info ] [MainThread]: Finished running 4 table models in 0 hours 0 minutes and 0.60 seconds (0.60s).
[0m02:52:11.001335 [debug] [MainThread]: Command end result
[0m02:52:11.063763 [info ] [MainThread]: 
[0m02:52:11.064695 [info ] [MainThread]: [32mCompleted successfully[0m
[0m02:52:11.065545 [info ] [MainThread]: 
[0m02:52:11.066694 [info ] [MainThread]: Done. PASS=4 WARN=0 ERROR=0 SKIP=0 TOTAL=4
[0m02:52:11.068360 [debug] [MainThread]: Resource report: {"command_name": "run", "command_success": true, "command_wall_clock_time": 1.4817164, "process_user_time": 2.306805, "process_kernel_time": 0.338277, "process_mem_max_rss": "119800", "process_in_blocks": "0", "process_out_blocks": "0"}
[0m02:52:11.069096 [debug] [MainThread]: Command `dbt run` succeeded at 02:52:11.068989 after 1.48 seconds
[0m02:52:11.069682 [debug] [MainThread]: Sending event: {'category': 'dbt', 'action': 'invocation', 'label': 'end', 'context': [<snowplow_tracker.self_describing_json.SelfDescribingJson object at 0x77cb05e87ce0>, <snowplow_tracker.self_describing_json.SelfDescribingJson object at 0x77cb04e04500>, <snowplow_tracker.self_describing_json.SelfDescribingJson object at 0x77cb01a9a450>]}
[0m02:52:11.070241 [debug] [MainThread]: Flushing usage events
[0m02:52:14.930681 [debug] [MainThread]: Sending event: {'category': 'dbt', 'action': 'invocation', 'label': 'start', 'context': [<snowplow_tracker.self_describing_json.SelfDescribingJson object at 0x7ec170af88f0>, <snowplow_tracker.self_describing_json.SelfDescribingJson object at 0x7ec1702f73e0>, <snowplow_tracker.self_describing_json.SelfDescribingJson object at 0x7ec16efd6c30>]}


============================== 02:52:14.938412 | f840b7c0-8598-4bbb-b673-312204edef92 ==============================
[0m02:52:14.938412 [info ] [MainThread]: Running with dbt=1.8.0
[0m02:52:14.941461 [debug] [MainThread]: running dbt with arguments {'printer_width': '80', 'indirect_selection': 'eager', 'write_json': 'True', 'log_cache_events': 'False', 'partial_parse': 'True', 'cache_selected_only': 'False', 'warn_error': 'None', 'version_check': 'True', 'debug': 'False', 'log_path': '/opt/airflow/dbt/logs', 'fail_fast': 'False', 'profiles_dir': '/opt/airflow/dbt', 'use_colors': 'True', 'use_experimental_parser': 'False', 'no_print': 'None', 'quiet': 'False', 'warn_error_options': 'WarnErrorOptions(include=[], exclude=[])', 'invocation_command': 'dbt run --select tag:trusted', 'static_parser': 'True', 'introspect': 'True', 'target_path': 'None', 'log_format': 'default', 'send_anonymous_usage_stats': 'True'}
[0m02:52:15.151252 [debug] [MainThread]: Sending event: {'category': 'dbt', 'action': 'project_id', 'label': 'f840b7c0-8598-4bbb-b673-312204edef92', 'context': [<snowplow_tracker.self_describing_json.SelfDescribingJson object at 0x7ec16ebdaff0>]}
[0m02:52:15.200791 [debug] [MainThread]: Sending event: {'category': 'dbt', 'action': 'adapter_info', 'label': 'f840b7c0-8598-4bbb-b673-312204edef92', 'context': [<snowplow_tracker.self_describing_json.SelfDescribingJson object at 0x7ec16ebbc410>]}
[0m02:52:15.202771 [info ] [MainThread]: Registered adapter: postgres=1.8.2
[0m02:52:15.276530 [debug] [MainThread]: checksum: dbb12d416fdb55e3665e4828703bbedf40c5c90ed7ca6ff39bbbfb29b12b0a92, vars: {}, profile: , target: , version: 1.8.0
[0m02:52:15.543149 [debug] [MainThread]: Partial parsing enabled: 0 files deleted, 0 files added, 0 files changed.
[0m02:52:15.544488 [debug] [MainThread]: Partial parsing enabled, no changes found, skipping parsing
[0m02:52:15.575439 [debug] [MainThread]: Sending event: {'category': 'dbt', 'action': 'load_project', 'label': 'f840b7c0-8598-4bbb-b673-312204edef92', 'context': [<snowplow_tracker.self_describing_json.SelfDescribingJson object at 0x7ec16efd1700>]}
[0m02:52:15.723892 [debug] [MainThread]: Sending event: {'category': 'dbt', 'action': 'resource_counts', 'label': 'f840b7c0-8598-4bbb-b673-312204edef92', 'context': [<snowplow_tracker.self_describing_json.SelfDescribingJson object at 0x7ec16d381df0>]}
[0m02:52:15.725128 [info ] [MainThread]: Found 9 models, 10 sources, 428 macros
[0m02:52:15.726079 [debug] [MainThread]: Sending event: {'category': 'dbt', 'action': 'runnable_timing', 'label': 'f840b7c0-8598-4bbb-b673-312204edef92', 'context': [<snowplow_tracker.self_describing_json.SelfDescribingJson object at 0x7ec16df9e750>]}
[0m02:52:15.728236 [info ] [MainThread]: 
[0m02:52:15.729426 [debug] [MainThread]: Acquiring new postgres connection 'master'
[0m02:52:15.734432 [debug] [ThreadPool]: Acquiring new postgres connection 'list_airflow'
[0m02:52:15.764448 [debug] [ThreadPool]: Using postgres connection "list_airflow"
[0m02:52:15.765896 [debug] [ThreadPool]: On list_airflow: /* {"app": "dbt", "dbt_version": "1.8.0", "profile_name": "default", "target_name": "dev", "connection_name": "list_airflow"} */

    select distinct nspname from pg_namespace
  
[0m02:52:15.766784 [debug] [ThreadPool]: Opening a new connection, currently in state init
[0m02:52:15.773815 [debug] [ThreadPool]: SQL status: SELECT 7 in 0.007 seconds
[0m02:52:15.775706 [debug] [ThreadPool]: On list_airflow: Close
[0m02:52:15.778807 [debug] [ThreadPool]: Re-using an available connection from the pool (formerly list_airflow, now list_airflow_driven_staging)
[0m02:52:15.784427 [debug] [ThreadPool]: Using postgres connection "list_airflow_driven_staging"
[0m02:52:15.785523 [debug] [ThreadPool]: On list_airflow_driven_staging: BEGIN
[0m02:52:15.786224 [debug] [ThreadPool]: Opening a new connection, currently in state closed
[0m02:52:15.792410 [debug] [ThreadPool]: SQL status: BEGIN in 0.006 seconds
[0m02:52:15.793390 [debug] [ThreadPool]: Using postgres connection "list_airflow_driven_staging"
[0m02:52:15.794033 [debug] [ThreadPool]: On list_airflow_driven_staging: /* {"app": "dbt", "dbt_version": "1.8.0", "profile_name": "default", "target_name": "dev", "connection_name": "list_airflow_driven_staging"} */
select
      'airflow' as database,
      tablename as name,
      schemaname as schema,
      'table' as type
    from pg_tables
    where schemaname ilike 'driven_staging'
    union all
    select
      'airflow' as database,
      viewname as name,
      schemaname as schema,
      'view' as type
    from pg_views
    where schemaname ilike 'driven_staging'
    union all
    select
      'airflow' as database,
      matviewname as name,
      schemaname as schema,
      'materialized_view' as type
    from pg_matviews
    where schemaname ilike 'driven_staging'
  
[0m02:52:15.797992 [debug] [ThreadPool]: SQL status: SELECT 4 in 0.003 seconds
[0m02:52:15.800047 [debug] [ThreadPool]: On list_airflow_driven_staging: ROLLBACK
[0m02:52:15.801389 [debug] [ThreadPool]: On list_airflow_driven_staging: Close
[0m02:52:15.802325 [debug] [ThreadPool]: Re-using an available connection from the pool (formerly list_airflow_driven_staging, now list_airflow_driven)
[0m02:52:15.805031 [debug] [ThreadPool]: Using postgres connection "list_airflow_driven"
[0m02:52:15.806036 [debug] [ThreadPool]: On list_airflow_driven: BEGIN
[0m02:52:15.806990 [debug] [ThreadPool]: Opening a new connection, currently in state closed
[0m02:52:15.812109 [debug] [ThreadPool]: SQL status: BEGIN in 0.005 seconds
[0m02:52:15.813274 [debug] [ThreadPool]: Using postgres connection "list_airflow_driven"
[0m02:52:15.814226 [debug] [ThreadPool]: On list_airflow_driven: /* {"app": "dbt", "dbt_version": "1.8.0", "profile_name": "default", "target_name": "dev", "connection_name": "list_airflow_driven"} */
select
      'airflow' as database,
      tablename as name,
      schemaname as schema,
      'table' as type
    from pg_tables
    where schemaname ilike 'driven'
    union all
    select
      'airflow' as database,
      viewname as name,
      schemaname as schema,
      'view' as type
    from pg_views
    where schemaname ilike 'driven'
    union all
    select
      'airflow' as database,
      matviewname as name,
      schemaname as schema,
      'materialized_view' as type
    from pg_matviews
    where schemaname ilike 'driven'
  
[0m02:52:15.817792 [debug] [ThreadPool]: SQL status: SELECT 0 in 0.002 seconds
[0m02:52:15.819566 [debug] [ThreadPool]: On list_airflow_driven: ROLLBACK
[0m02:52:15.821051 [debug] [ThreadPool]: On list_airflow_driven: Close
[0m02:52:15.822879 [debug] [ThreadPool]: Re-using an available connection from the pool (formerly list_airflow_driven, now list_airflow_driven_trusted)
[0m02:52:15.825582 [debug] [ThreadPool]: Using postgres connection "list_airflow_driven_trusted"
[0m02:52:15.826461 [debug] [ThreadPool]: On list_airflow_driven_trusted: BEGIN
[0m02:52:15.827147 [debug] [ThreadPool]: Opening a new connection, currently in state closed
[0m02:52:15.832290 [debug] [ThreadPool]: SQL status: BEGIN in 0.005 seconds
[0m02:52:15.833239 [debug] [ThreadPool]: Using postgres connection "list_airflow_driven_trusted"
[0m02:52:15.833852 [debug] [ThreadPool]: On list_airflow_driven_trusted: /* {"app": "dbt", "dbt_version": "1.8.0", "profile_name": "default", "target_name": "dev", "connection_name": "list_airflow_driven_trusted"} */
select
      'airflow' as database,
      tablename as name,
      schemaname as schema,
      'table' as type
    from pg_tables
    where schemaname ilike 'driven_trusted'
    union all
    select
      'airflow' as database,
      viewname as name,
      schemaname as schema,
      'view' as type
    from pg_views
    where schemaname ilike 'driven_trusted'
    union all
    select
      'airflow' as database,
      matviewname as name,
      schemaname as schema,
      'materialized_view' as type
    from pg_matviews
    where schemaname ilike 'driven_trusted'
  
[0m02:52:15.836988 [debug] [ThreadPool]: SQL status: SELECT 2 in 0.003 seconds
[0m02:52:15.840391 [debug] [ThreadPool]: On list_airflow_driven_trusted: ROLLBACK
[0m02:52:15.841495 [debug] [ThreadPool]: On list_airflow_driven_trusted: Close
[0m02:52:15.848739 [debug] [MainThread]: Using postgres connection "master"
[0m02:52:15.849974 [debug] [MainThread]: On master: BEGIN
[0m02:52:15.851279 [debug] [MainThread]: Opening a new connection, currently in state init
[0m02:52:15.856168 [debug] [MainThread]: SQL status: BEGIN in 0.005 seconds
[0m02:52:15.857387 [debug] [MainThread]: Using postgres connection "master"
[0m02:52:15.858386 [debug] [MainThread]: On master: /* {"app": "dbt", "dbt_version": "1.8.0", "profile_name": "default", "target_name": "dev", "connection_name": "master"} */
with relation as (
        select
            pg_rewrite.ev_class as class,
            pg_rewrite.oid as id
        from pg_rewrite
    ),
    class as (
        select
            oid as id,
            relname as name,
            relnamespace as schema,
            relkind as kind
        from pg_class
    ),
    dependency as (
        select distinct
            pg_depend.objid as id,
            pg_depend.refobjid as ref
        from pg_depend
    ),
    schema as (
        select
            pg_namespace.oid as id,
            pg_namespace.nspname as name
        from pg_namespace
        where nspname != 'information_schema' and nspname not like 'pg\_%'
    ),
    referenced as (
        select
            relation.id AS id,
            referenced_class.name ,
            referenced_class.schema ,
            referenced_class.kind
        from relation
        join class as referenced_class on relation.class=referenced_class.id
        where referenced_class.kind in ('r', 'v', 'm')
    ),
    relationships as (
        select
            referenced.name as referenced_name,
            referenced.schema as referenced_schema_id,
            dependent_class.name as dependent_name,
            dependent_class.schema as dependent_schema_id,
            referenced.kind as kind
        from referenced
        join dependency on referenced.id=dependency.id
        join class as dependent_class on dependency.ref=dependent_class.id
        where
            (referenced.name != dependent_class.name or
             referenced.schema != dependent_class.schema)
    )

    select
        referenced_schema.name as referenced_schema,
        relationships.referenced_name as referenced_name,
        dependent_schema.name as dependent_schema,
        relationships.dependent_name as dependent_name
    from relationships
    join schema as dependent_schema on relationships.dependent_schema_id=dependent_schema.id
    join schema as referenced_schema on relationships.referenced_schema_id=referenced_schema.id
    group by referenced_schema, referenced_name, dependent_schema, dependent_name
    order by referenced_schema, referenced_name, dependent_schema, dependent_name;
[0m02:52:15.861828 [debug] [MainThread]: SQL status: SELECT 0 in 0.003 seconds
[0m02:52:15.863584 [debug] [MainThread]: Sending event: {'category': 'dbt', 'action': 'runnable_timing', 'label': 'f840b7c0-8598-4bbb-b673-312204edef92', 'context': [<snowplow_tracker.self_describing_json.SelfDescribingJson object at 0x7ec16d3ffe00>]}
[0m02:52:15.864594 [debug] [MainThread]: On master: ROLLBACK
[0m02:52:15.865740 [debug] [MainThread]: Using postgres connection "master"
[0m02:52:15.866452 [debug] [MainThread]: On master: BEGIN
[0m02:52:15.867461 [debug] [MainThread]: SQL status: BEGIN in 0.000 seconds
[0m02:52:15.868235 [debug] [MainThread]: On master: COMMIT
[0m02:52:15.868802 [debug] [MainThread]: Using postgres connection "master"
[0m02:52:15.869266 [debug] [MainThread]: On master: COMMIT
[0m02:52:15.869990 [debug] [MainThread]: SQL status: COMMIT in 0.000 seconds
[0m02:52:15.872015 [debug] [MainThread]: On master: Close
[0m02:52:15.874564 [info ] [MainThread]: Concurrency: 1 threads (target='dev')
[0m02:52:15.875749 [info ] [MainThread]: 
[0m02:52:15.886137 [debug] [Thread-1 (]: Began running node model.dbt_driven_data.trusted_non_pii_data
[0m02:52:15.888103 [info ] [Thread-1 (]: 1 of 4 START sql table model driven_trusted.non_pii_data ....................... [RUN]
[0m02:52:15.889656 [debug] [Thread-1 (]: Re-using an available connection from the pool (formerly list_airflow_driven_trusted, now model.dbt_driven_data.trusted_non_pii_data)
[0m02:52:15.890923 [debug] [Thread-1 (]: Began compiling node model.dbt_driven_data.trusted_non_pii_data
[0m02:52:15.899434 [debug] [Thread-1 (]: Writing injected SQL for node "model.dbt_driven_data.trusted_non_pii_data"
[0m02:52:15.918747 [debug] [Thread-1 (]: Began executing node model.dbt_driven_data.trusted_non_pii_data
[0m02:52:15.951705 [debug] [Thread-1 (]: Writing runtime sql for node "model.dbt_driven_data.trusted_non_pii_data"
[0m02:52:15.969474 [debug] [Thread-1 (]: Using postgres connection "model.dbt_driven_data.trusted_non_pii_data"
[0m02:52:15.970344 [debug] [Thread-1 (]: On model.dbt_driven_data.trusted_non_pii_data: BEGIN
[0m02:52:15.971200 [debug] [Thread-1 (]: Opening a new connection, currently in state closed
[0m02:52:15.976460 [debug] [Thread-1 (]: SQL status: BEGIN in 0.005 seconds
[0m02:52:15.977639 [debug] [Thread-1 (]: Using postgres connection "model.dbt_driven_data.trusted_non_pii_data"
[0m02:52:15.978450 [debug] [Thread-1 (]: On model.dbt_driven_data.trusted_non_pii_data: /* {"app": "dbt", "dbt_version": "1.8.0", "profile_name": "default", "target_name": "dev", "node_id": "model.dbt_driven_data.trusted_non_pii_data"} */

  
    

  create  table "airflow"."driven_trusted"."non_pii_data__dbt_tmp"
  
  
    as
  
  (
    
WITH source_data AS (
 SELECT
 '***MASKED***' AS person_name,
 SUBSTRING(dp.user_name, 1, 5) || '*****' user_name,
 SUBSTRING(dp.email, 1, 5) || '*****' AS email,
 '***MASKED***' AS personal_number,
 '***MASKED***' AS birth_date,
 '***MASKED***' AS address,
 '***MASKED***' AS phone,
 SUBSTRING(da.mac_address, 1, 5) || '*****' AS mac_address,
 SUBSTRING(da.ip_address, 1, 5) || '*****' AS ip_address,
 SUBSTRING(df.iban, 1, 5) || '*****' AS iban,
 dd.accessed_at,
 fnu.session_duration,
 fnu.download_speed,
 fnu.upload_speed,
 fnu.consumed_traffic,
 fnu.unique_id
 FROM
 "airflow"."driven_staging"."fact_network_usage" fnu
 INNER JOIN
 "airflow"."driven_staging"."dim_address" da ON
fnu.unique_id = da.unique_id
 INNER JOIN
 "airflow"."driven_staging"."dim_date" dd ON da.unique_id =
dd.unique_id
 INNER JOIN
 "airflow"."driven_staging"."dim_finance" df ON dd.unique_id
= df.unique_id
 INNER JOIN
 "airflow"."driven_staging"."dim_person" dp ON df.unique_id
= dp.unique_id
)
SELECT
 *
FROM
 source_data
  );
  
[0m02:52:15.980108 [debug] [Thread-1 (]: Postgres adapter: Postgres error: relation "driven_staging.dim_date" does not exist
LINE 37:  "airflow"."driven_staging"."dim_date" dd ON da.unique_id =
          ^

[0m02:52:15.980806 [debug] [Thread-1 (]: On model.dbt_driven_data.trusted_non_pii_data: ROLLBACK
[0m02:52:15.982251 [debug] [Thread-1 (]: On model.dbt_driven_data.trusted_non_pii_data: Close
[0m02:52:15.986023 [debug] [Thread-1 (]: Database Error in model trusted_non_pii_data (models/trusted_non_pii_data.sql)
  relation "driven_staging.dim_date" does not exist
  LINE 37:  "airflow"."driven_staging"."dim_date" dd ON da.unique_id =
            ^
  compiled code at target/run/dbt_driven_data/models/trusted_non_pii_data.sql
[0m02:52:15.988154 [debug] [Thread-1 (]: Sending event: {'category': 'dbt', 'action': 'run_model', 'label': 'f840b7c0-8598-4bbb-b673-312204edef92', 'context': [<snowplow_tracker.self_describing_json.SelfDescribingJson object at 0x7ec16f7ac170>]}
[0m02:52:15.989418 [error] [Thread-1 (]: 1 of 4 ERROR creating sql table model driven_trusted.non_pii_data .............. [[31mERROR[0m in 0.10s]
[0m02:52:15.991179 [debug] [Thread-1 (]: Finished running node model.dbt_driven_data.trusted_non_pii_data
[0m02:52:15.992184 [debug] [Thread-1 (]: Began running node model.dbt_driven_data.trusted_payment_data
[0m02:52:15.996163 [info ] [Thread-1 (]: 2 of 4 START sql table model driven_trusted.payment_data ....................... [RUN]
[0m02:52:15.997415 [debug] [Thread-1 (]: Re-using an available connection from the pool (formerly model.dbt_driven_data.trusted_non_pii_data, now model.dbt_driven_data.trusted_payment_data)
[0m02:52:15.998583 [debug] [Thread-1 (]: Began compiling node model.dbt_driven_data.trusted_payment_data
[0m02:52:16.003707 [debug] [Thread-1 (]: Writing injected SQL for node "model.dbt_driven_data.trusted_payment_data"
[0m02:52:16.012946 [debug] [Thread-1 (]: Began executing node model.dbt_driven_data.trusted_payment_data
[0m02:52:16.017716 [debug] [Thread-1 (]: Writing runtime sql for node "model.dbt_driven_data.trusted_payment_data"
[0m02:52:16.026686 [debug] [Thread-1 (]: Using postgres connection "model.dbt_driven_data.trusted_payment_data"
[0m02:52:16.027527 [debug] [Thread-1 (]: On model.dbt_driven_data.trusted_payment_data: BEGIN
[0m02:52:16.028149 [debug] [Thread-1 (]: Opening a new connection, currently in state closed
[0m02:52:16.033650 [debug] [Thread-1 (]: SQL status: BEGIN in 0.005 seconds
[0m02:52:16.035570 [debug] [Thread-1 (]: Using postgres connection "model.dbt_driven_data.trusted_payment_data"
[0m02:52:16.035702 [debug] [Thread-1 (]: On model.dbt_driven_data.trusted_payment_data: /* {"app": "dbt", "dbt_version": "1.8.0", "profile_name": "default", "target_name": "dev", "node_id": "model.dbt_driven_data.trusted_payment_data"} */

  
    

  create  table "airflow"."driven_trusted"."payment_data__dbt_tmp"
  
  
    as
  
  (
    
WITH source_data AS (
 SELECT
 fnu.unique_id,
 df.iban,
 fnu.download_speed,
 fnu.upload_speed,
 fnu.session_duration,
 fnu.consumed_traffic,
 ((fnu.download_speed + fnu.upload_speed + 1)/2) +
(fnu.consumed_traffic / (fnu.session_duration + 1)) AS payment_amount
 FROM
 "airflow"."driven_staging"."fact_network_usage" fnu
 JOIN
 "airflow"."driven_staging"."dim_finance" df
 ON
 fnu.unique_id = df.unique_id
)
SELECT
 *
FROM
 source_data
  );
  
[0m02:52:16.039958 [debug] [Thread-1 (]: SQL status: SELECT 30 in 0.003 seconds
[0m02:52:16.047751 [debug] [Thread-1 (]: Using postgres connection "model.dbt_driven_data.trusted_payment_data"
[0m02:52:16.049839 [debug] [Thread-1 (]: On model.dbt_driven_data.trusted_payment_data: /* {"app": "dbt", "dbt_version": "1.8.0", "profile_name": "default", "target_name": "dev", "node_id": "model.dbt_driven_data.trusted_payment_data"} */
alter table "airflow"."driven_trusted"."payment_data" rename to "payment_data__dbt_backup"
[0m02:52:16.051345 [debug] [Thread-1 (]: SQL status: ALTER TABLE in 0.000 seconds
[0m02:52:16.054389 [debug] [Thread-1 (]: Using postgres connection "model.dbt_driven_data.trusted_payment_data"
[0m02:52:16.057495 [debug] [Thread-1 (]: On model.dbt_driven_data.trusted_payment_data: /* {"app": "dbt", "dbt_version": "1.8.0", "profile_name": "default", "target_name": "dev", "node_id": "model.dbt_driven_data.trusted_payment_data"} */
alter table "airflow"."driven_trusted"."payment_data__dbt_tmp" rename to "payment_data"
[0m02:52:16.059489 [debug] [Thread-1 (]: SQL status: ALTER TABLE in 0.000 seconds
[0m02:52:16.083681 [debug] [Thread-1 (]: On model.dbt_driven_data.trusted_payment_data: COMMIT
[0m02:52:16.084836 [debug] [Thread-1 (]: Using postgres connection "model.dbt_driven_data.trusted_payment_data"
[0m02:52:16.085726 [debug] [Thread-1 (]: On model.dbt_driven_data.trusted_payment_data: COMMIT
[0m02:52:16.090276 [debug] [Thread-1 (]: SQL status: COMMIT in 0.003 seconds
[0m02:52:16.098460 [debug] [Thread-1 (]: Applying DROP to: "airflow"."driven_trusted"."payment_data__dbt_backup"
[0m02:52:16.106499 [debug] [Thread-1 (]: Using postgres connection "model.dbt_driven_data.trusted_payment_data"
[0m02:52:16.107904 [debug] [Thread-1 (]: On model.dbt_driven_data.trusted_payment_data: /* {"app": "dbt", "dbt_version": "1.8.0", "profile_name": "default", "target_name": "dev", "node_id": "model.dbt_driven_data.trusted_payment_data"} */
drop table if exists "airflow"."driven_trusted"."payment_data__dbt_backup" cascade
[0m02:52:16.112276 [debug] [Thread-1 (]: SQL status: DROP TABLE in 0.003 seconds
[0m02:52:16.116423 [debug] [Thread-1 (]: On model.dbt_driven_data.trusted_payment_data: Close
[0m02:52:16.117838 [debug] [Thread-1 (]: Sending event: {'category': 'dbt', 'action': 'run_model', 'label': 'f840b7c0-8598-4bbb-b673-312204edef92', 'context': [<snowplow_tracker.self_describing_json.SelfDescribingJson object at 0x7ec170481f10>]}
[0m02:52:16.119824 [info ] [Thread-1 (]: 2 of 4 OK created sql table model driven_trusted.payment_data .................. [[32mSELECT 30[0m in 0.12s]
[0m02:52:16.120942 [debug] [Thread-1 (]: Finished running node model.dbt_driven_data.trusted_payment_data
[0m02:52:16.122630 [debug] [Thread-1 (]: Began running node model.dbt_driven_data.trusted_pii_data
[0m02:52:16.124096 [info ] [Thread-1 (]: 3 of 4 START sql table model driven_trusted.pii_data ........................... [RUN]
[0m02:52:16.125435 [debug] [Thread-1 (]: Re-using an available connection from the pool (formerly model.dbt_driven_data.trusted_payment_data, now model.dbt_driven_data.trusted_pii_data)
[0m02:52:16.126683 [debug] [Thread-1 (]: Began compiling node model.dbt_driven_data.trusted_pii_data
[0m02:52:16.131662 [debug] [Thread-1 (]: Writing injected SQL for node "model.dbt_driven_data.trusted_pii_data"
[0m02:52:16.145008 [debug] [Thread-1 (]: Began executing node model.dbt_driven_data.trusted_pii_data
[0m02:52:16.149852 [debug] [Thread-1 (]: Writing runtime sql for node "model.dbt_driven_data.trusted_pii_data"
[0m02:52:16.159589 [debug] [Thread-1 (]: Using postgres connection "model.dbt_driven_data.trusted_pii_data"
[0m02:52:16.160276 [debug] [Thread-1 (]: On model.dbt_driven_data.trusted_pii_data: BEGIN
[0m02:52:16.160827 [debug] [Thread-1 (]: Opening a new connection, currently in state closed
[0m02:52:16.166692 [debug] [Thread-1 (]: SQL status: BEGIN in 0.006 seconds
[0m02:52:16.167673 [debug] [Thread-1 (]: Using postgres connection "model.dbt_driven_data.trusted_pii_data"
[0m02:52:16.168265 [debug] [Thread-1 (]: On model.dbt_driven_data.trusted_pii_data: /* {"app": "dbt", "dbt_version": "1.8.0", "profile_name": "default", "target_name": "dev", "node_id": "model.dbt_driven_data.trusted_pii_data"} */

  
    

  create  table "airflow"."driven_trusted"."pii_data__dbt_tmp"
  
  
    as
  
  (
    
WITH source_data AS (
 SELECT
 dp.person_name,
 dp.user_name,
 dp.email,
 dp.personal_number,
 dp.birth_date,
 da.address,
 dp.phone,
 da.mac_address,
 da.ip_address,
 df.iban,
 dd.accessed_at,
 fnu.session_duration,
 fnu.download_speed,
 fnu.upload_speed,
 fnu.consumed_traffic,
 fnu.unique_id
 FROM
 "airflow"."driven_staging"."fact_network_usage" fnu
 INNER JOIN
 "airflow"."driven_staging"."dim_address" da ON
fnu.unique_id = da.unique_id
 INNER JOIN
 "airflow"."driven_staging"."dim_date" dd ON da.unique_id =
dd.unique_id
 INNER JOIN
 "airflow"."driven_staging"."dim_finance" df ON dd.unique_id
= df.unique_id
 INNER JOIN
 "airflow"."driven_staging"."dim_person" dp ON df.unique_id
= dp.unique_id
)
SELECT
 *
FROM
 source_data
  );
  
[0m02:52:16.169673 [debug] [Thread-1 (]: Postgres adapter: Postgres error: relation "driven_staging.dim_date" does not exist
LINE 37:  "airflow"."driven_staging"."dim_date" dd ON da.unique_id =
          ^

[0m02:52:16.170317 [debug] [Thread-1 (]: On model.dbt_driven_data.trusted_pii_data: ROLLBACK
[0m02:52:16.171613 [debug] [Thread-1 (]: On model.dbt_driven_data.trusted_pii_data: Close
[0m02:52:16.175230 [debug] [Thread-1 (]: Database Error in model trusted_pii_data (models/trusted_pii_data.sql)
  relation "driven_staging.dim_date" does not exist
  LINE 37:  "airflow"."driven_staging"."dim_date" dd ON da.unique_id =
            ^
  compiled code at target/run/dbt_driven_data/models/trusted_pii_data.sql
[0m02:52:16.176204 [debug] [Thread-1 (]: Sending event: {'category': 'dbt', 'action': 'run_model', 'label': 'f840b7c0-8598-4bbb-b673-312204edef92', 'context': [<snowplow_tracker.self_describing_json.SelfDescribingJson object at 0x7ec16bd8bd40>]}
[0m02:52:16.177069 [error] [Thread-1 (]: 3 of 4 ERROR creating sql table model driven_trusted.pii_data .................. [[31mERROR[0m in 0.05s]
[0m02:52:16.177970 [debug] [Thread-1 (]: Finished running node model.dbt_driven_data.trusted_pii_data
[0m02:52:16.178590 [debug] [Thread-1 (]: Began running node model.dbt_driven_data.trusted_technical_data
[0m02:52:16.179267 [info ] [Thread-1 (]: 4 of 4 START sql table model driven_trusted.technical_data ..................... [RUN]
[0m02:52:16.180674 [debug] [Thread-1 (]: Re-using an available connection from the pool (formerly model.dbt_driven_data.trusted_pii_data, now model.dbt_driven_data.trusted_technical_data)
[0m02:52:16.182350 [debug] [Thread-1 (]: Began compiling node model.dbt_driven_data.trusted_technical_data
[0m02:52:16.187548 [debug] [Thread-1 (]: Writing injected SQL for node "model.dbt_driven_data.trusted_technical_data"
[0m02:52:16.197999 [debug] [Thread-1 (]: Began executing node model.dbt_driven_data.trusted_technical_data
[0m02:52:16.202070 [debug] [Thread-1 (]: Writing runtime sql for node "model.dbt_driven_data.trusted_technical_data"
[0m02:52:16.211535 [debug] [Thread-1 (]: Using postgres connection "model.dbt_driven_data.trusted_technical_data"
[0m02:52:16.212213 [debug] [Thread-1 (]: On model.dbt_driven_data.trusted_technical_data: BEGIN
[0m02:52:16.213010 [debug] [Thread-1 (]: Opening a new connection, currently in state closed
[0m02:52:16.218497 [debug] [Thread-1 (]: SQL status: BEGIN in 0.005 seconds
[0m02:52:16.219629 [debug] [Thread-1 (]: Using postgres connection "model.dbt_driven_data.trusted_technical_data"
[0m02:52:16.220225 [debug] [Thread-1 (]: On model.dbt_driven_data.trusted_technical_data: /* {"app": "dbt", "dbt_version": "1.8.0", "profile_name": "default", "target_name": "dev", "node_id": "model.dbt_driven_data.trusted_technical_data"} */

  
    

  create  table "airflow"."driven_trusted"."technical_data__dbt_tmp"
  
  
    as
  
  (
    
WITH source_data AS (
 SELECT
 fnu.unique_id,
 da.address,
 da.mac_address,
 da.ip_address,
 fnu.download_speed,
 fnu.upload_speed,
 ROUND((fnu.session_duration/60), 1) as min_session_duration,
 CASE 
 WHEN fnu.download_speed < 50 OR fnu.upload_speed < 30 OR
fnu.session_duration/60 < 1 THEN true
 ELSE false
 END AS technical_issue
 FROM
 "airflow"."driven_staging"."fact_network_usage" fnu
 JOIN
 "airflow"."driven_staging"."dim_address" da
 ON
 fnu.unique_id = da.unique_id
)
SELECT
 *
FROM
 source_data
  );
  
[0m02:52:16.230670 [debug] [Thread-1 (]: SQL status: SELECT 30 in 0.010 seconds
[0m02:52:16.234769 [debug] [Thread-1 (]: Using postgres connection "model.dbt_driven_data.trusted_technical_data"
[0m02:52:16.235486 [debug] [Thread-1 (]: On model.dbt_driven_data.trusted_technical_data: /* {"app": "dbt", "dbt_version": "1.8.0", "profile_name": "default", "target_name": "dev", "node_id": "model.dbt_driven_data.trusted_technical_data"} */
alter table "airflow"."driven_trusted"."technical_data" rename to "technical_data__dbt_backup"
[0m02:52:16.236651 [debug] [Thread-1 (]: SQL status: ALTER TABLE in 0.000 seconds
[0m02:52:16.240632 [debug] [Thread-1 (]: Using postgres connection "model.dbt_driven_data.trusted_technical_data"
[0m02:52:16.242010 [debug] [Thread-1 (]: On model.dbt_driven_data.trusted_technical_data: /* {"app": "dbt", "dbt_version": "1.8.0", "profile_name": "default", "target_name": "dev", "node_id": "model.dbt_driven_data.trusted_technical_data"} */
alter table "airflow"."driven_trusted"."technical_data__dbt_tmp" rename to "technical_data"
[0m02:52:16.243252 [debug] [Thread-1 (]: SQL status: ALTER TABLE in 0.000 seconds
[0m02:52:16.245196 [debug] [Thread-1 (]: On model.dbt_driven_data.trusted_technical_data: COMMIT
[0m02:52:16.246083 [debug] [Thread-1 (]: Using postgres connection "model.dbt_driven_data.trusted_technical_data"
[0m02:52:16.248187 [debug] [Thread-1 (]: On model.dbt_driven_data.trusted_technical_data: COMMIT
[0m02:52:16.251933 [debug] [Thread-1 (]: SQL status: COMMIT in 0.002 seconds
[0m02:52:16.255148 [debug] [Thread-1 (]: Applying DROP to: "airflow"."driven_trusted"."technical_data__dbt_backup"
[0m02:52:16.257369 [debug] [Thread-1 (]: Using postgres connection "model.dbt_driven_data.trusted_technical_data"
[0m02:52:16.258704 [debug] [Thread-1 (]: On model.dbt_driven_data.trusted_technical_data: /* {"app": "dbt", "dbt_version": "1.8.0", "profile_name": "default", "target_name": "dev", "node_id": "model.dbt_driven_data.trusted_technical_data"} */
drop table if exists "airflow"."driven_trusted"."technical_data__dbt_backup" cascade
[0m02:52:16.263668 [debug] [Thread-1 (]: SQL status: DROP TABLE in 0.004 seconds
[0m02:52:16.267366 [debug] [Thread-1 (]: On model.dbt_driven_data.trusted_technical_data: Close
[0m02:52:16.268323 [debug] [Thread-1 (]: Sending event: {'category': 'dbt', 'action': 'run_model', 'label': 'f840b7c0-8598-4bbb-b673-312204edef92', 'context': [<snowplow_tracker.self_describing_json.SelfDescribingJson object at 0x7ec16bd76d50>]}
[0m02:52:16.269218 [info ] [Thread-1 (]: 4 of 4 OK created sql table model driven_trusted.technical_data ................ [[32mSELECT 30[0m in 0.09s]
[0m02:52:16.270104 [debug] [Thread-1 (]: Finished running node model.dbt_driven_data.trusted_technical_data
[0m02:52:16.273473 [debug] [MainThread]: Using postgres connection "master"
[0m02:52:16.275110 [debug] [MainThread]: On master: BEGIN
[0m02:52:16.276060 [debug] [MainThread]: Opening a new connection, currently in state closed
[0m02:52:16.281497 [debug] [MainThread]: SQL status: BEGIN in 0.005 seconds
[0m02:52:16.282920 [debug] [MainThread]: On master: COMMIT
[0m02:52:16.283709 [debug] [MainThread]: Using postgres connection "master"
[0m02:52:16.284286 [debug] [MainThread]: On master: COMMIT
[0m02:52:16.285153 [debug] [MainThread]: SQL status: COMMIT in 0.000 seconds
[0m02:52:16.285922 [debug] [MainThread]: On master: Close
[0m02:52:16.286786 [debug] [MainThread]: Connection 'master' was properly closed.
[0m02:52:16.289309 [debug] [MainThread]: Connection 'model.dbt_driven_data.trusted_technical_data' was properly closed.
[0m02:52:16.290740 [info ] [MainThread]: 
[0m02:52:16.291486 [info ] [MainThread]: Finished running 4 table models in 0 hours 0 minutes and 0.56 seconds (0.56s).
[0m02:52:16.292643 [debug] [MainThread]: Command end result
[0m02:52:16.351412 [info ] [MainThread]: 
[0m02:52:16.352225 [info ] [MainThread]: [31mCompleted with 2 errors and 0 warnings:[0m
[0m02:52:16.352844 [info ] [MainThread]: 
[0m02:52:16.353488 [error] [MainThread]:   Database Error in model trusted_non_pii_data (models/trusted_non_pii_data.sql)
  relation "driven_staging.dim_date" does not exist
  LINE 37:  "airflow"."driven_staging"."dim_date" dd ON da.unique_id =
            ^
  compiled code at target/run/dbt_driven_data/models/trusted_non_pii_data.sql
[0m02:52:16.354037 [info ] [MainThread]: 
[0m02:52:16.355642 [error] [MainThread]:   Database Error in model trusted_pii_data (models/trusted_pii_data.sql)
  relation "driven_staging.dim_date" does not exist
  LINE 37:  "airflow"."driven_staging"."dim_date" dd ON da.unique_id =
            ^
  compiled code at target/run/dbt_driven_data/models/trusted_pii_data.sql
[0m02:52:16.357266 [info ] [MainThread]: 
[0m02:52:16.358097 [info ] [MainThread]: Done. PASS=2 WARN=0 ERROR=2 SKIP=0 TOTAL=4
[0m02:52:16.359340 [debug] [MainThread]: Resource report: {"command_name": "run", "command_wall_clock_time": 1.5161988, "process_user_time": 2.389772, "process_kernel_time": 0.219062, "process_mem_max_rss": "119904", "command_success": false, "process_in_blocks": "0", "process_out_blocks": "0"}
[0m02:52:16.360094 [debug] [MainThread]: Command `dbt run` failed at 02:52:16.359972 after 1.52 seconds
[0m02:52:16.360712 [debug] [MainThread]: Sending event: {'category': 'dbt', 'action': 'invocation', 'label': 'end', 'context': [<snowplow_tracker.self_describing_json.SelfDescribingJson object at 0x7ec16df7c590>, <snowplow_tracker.self_describing_json.SelfDescribingJson object at 0x7ec16be93b90>, <snowplow_tracker.self_describing_json.SelfDescribingJson object at 0x7ec16be910a0>]}
[0m02:52:16.361367 [debug] [MainThread]: Flushing usage events
[0m03:25:00.869025 [debug] [MainThread]: Sending event: {'category': 'dbt', 'action': 'invocation', 'label': 'start', 'context': [<snowplow_tracker.self_describing_json.SelfDescribingJson object at 0x7f2824095d00>, <snowplow_tracker.self_describing_json.SelfDescribingJson object at 0x7f2823384680>, <snowplow_tracker.self_describing_json.SelfDescribingJson object at 0x7f2822e4fb00>]}


============================== 03:25:00.878632 | 5ac8e663-2f60-46ef-ab9f-959447b27242 ==============================
[0m03:25:00.878632 [info ] [MainThread]: Running with dbt=1.8.0
[0m03:25:00.879573 [debug] [MainThread]: running dbt with arguments {'printer_width': '80', 'indirect_selection': 'eager', 'log_cache_events': 'False', 'write_json': 'True', 'partial_parse': 'True', 'cache_selected_only': 'False', 'profiles_dir': '/opt/airflow/dbt', 'version_check': 'True', 'debug': 'False', 'log_path': '/opt/airflow/dbt/logs', 'warn_error': 'None', 'fail_fast': 'False', 'use_colors': 'True', 'use_experimental_parser': 'False', 'no_print': 'None', 'quiet': 'False', 'log_format': 'default', 'introspect': 'True', 'invocation_command': 'dbt run --select tag:staging', 'warn_error_options': 'WarnErrorOptions(include=[], exclude=[])', 'target_path': 'None', 'static_parser': 'True', 'send_anonymous_usage_stats': 'True'}
[0m03:25:01.236062 [debug] [MainThread]: Sending event: {'category': 'dbt', 'action': 'project_id', 'label': '5ac8e663-2f60-46ef-ab9f-959447b27242', 'context': [<snowplow_tracker.self_describing_json.SelfDescribingJson object at 0x7f2821901670>]}
[0m03:25:01.287985 [debug] [MainThread]: Sending event: {'category': 'dbt', 'action': 'adapter_info', 'label': '5ac8e663-2f60-46ef-ab9f-959447b27242', 'context': [<snowplow_tracker.self_describing_json.SelfDescribingJson object at 0x7f2822178950>]}
[0m03:25:01.289801 [info ] [MainThread]: Registered adapter: postgres=1.8.2
[0m03:25:01.374732 [debug] [MainThread]: checksum: dbb12d416fdb55e3665e4828703bbedf40c5c90ed7ca6ff39bbbfb29b12b0a92, vars: {}, profile: , target: , version: 1.8.0
[0m03:25:01.713260 [debug] [MainThread]: Partial parsing enabled: 0 files deleted, 0 files added, 1 files changed.
[0m03:25:01.714960 [debug] [MainThread]: Partial parsing: updated file: dbt_driven_data://models/staging_dim_date.sql
[0m03:25:01.995065 [debug] [MainThread]: Sending event: {'category': 'dbt', 'action': 'load_project', 'label': '5ac8e663-2f60-46ef-ab9f-959447b27242', 'context': [<snowplow_tracker.self_describing_json.SelfDescribingJson object at 0x7f28209c7a10>]}
[0m03:25:02.158229 [debug] [MainThread]: Sending event: {'category': 'dbt', 'action': 'resource_counts', 'label': '5ac8e663-2f60-46ef-ab9f-959447b27242', 'context': [<snowplow_tracker.self_describing_json.SelfDescribingJson object at 0x7f2820989b80>]}
[0m03:25:02.159699 [info ] [MainThread]: Found 9 models, 10 sources, 428 macros
[0m03:25:02.161009 [debug] [MainThread]: Sending event: {'category': 'dbt', 'action': 'runnable_timing', 'label': '5ac8e663-2f60-46ef-ab9f-959447b27242', 'context': [<snowplow_tracker.self_describing_json.SelfDescribingJson object at 0x7f28219628d0>]}
[0m03:25:02.164030 [info ] [MainThread]: 
[0m03:25:02.165945 [debug] [MainThread]: Acquiring new postgres connection 'master'
[0m03:25:02.171136 [debug] [ThreadPool]: Acquiring new postgres connection 'list_airflow'
[0m03:25:02.237617 [debug] [ThreadPool]: Using postgres connection "list_airflow"
[0m03:25:02.238947 [debug] [ThreadPool]: On list_airflow: /* {"app": "dbt", "dbt_version": "1.8.0", "profile_name": "default", "target_name": "dev", "connection_name": "list_airflow"} */

    select distinct nspname from pg_namespace
  
[0m03:25:02.240674 [debug] [ThreadPool]: Opening a new connection, currently in state init
[0m03:25:02.255411 [debug] [ThreadPool]: SQL status: SELECT 7 in 0.015 seconds
[0m03:25:02.258058 [debug] [ThreadPool]: On list_airflow: Close
[0m03:25:02.262342 [debug] [ThreadPool]: Re-using an available connection from the pool (formerly list_airflow, now list_airflow_driven_trusted)
[0m03:25:02.278464 [debug] [ThreadPool]: Using postgres connection "list_airflow_driven_trusted"
[0m03:25:02.279843 [debug] [ThreadPool]: On list_airflow_driven_trusted: BEGIN
[0m03:25:02.281139 [debug] [ThreadPool]: Opening a new connection, currently in state closed
[0m03:25:02.291679 [debug] [ThreadPool]: SQL status: BEGIN in 0.011 seconds
[0m03:25:02.292743 [debug] [ThreadPool]: Using postgres connection "list_airflow_driven_trusted"
[0m03:25:02.293574 [debug] [ThreadPool]: On list_airflow_driven_trusted: /* {"app": "dbt", "dbt_version": "1.8.0", "profile_name": "default", "target_name": "dev", "connection_name": "list_airflow_driven_trusted"} */
select
      'airflow' as database,
      tablename as name,
      schemaname as schema,
      'table' as type
    from pg_tables
    where schemaname ilike 'driven_trusted'
    union all
    select
      'airflow' as database,
      viewname as name,
      schemaname as schema,
      'view' as type
    from pg_views
    where schemaname ilike 'driven_trusted'
    union all
    select
      'airflow' as database,
      matviewname as name,
      schemaname as schema,
      'materialized_view' as type
    from pg_matviews
    where schemaname ilike 'driven_trusted'
  
[0m03:25:02.299348 [debug] [ThreadPool]: SQL status: SELECT 2 in 0.005 seconds
[0m03:25:02.301107 [debug] [ThreadPool]: On list_airflow_driven_trusted: ROLLBACK
[0m03:25:02.302041 [debug] [ThreadPool]: On list_airflow_driven_trusted: Close
[0m03:25:02.303111 [debug] [ThreadPool]: Re-using an available connection from the pool (formerly list_airflow_driven_trusted, now list_airflow_driven_staging)
[0m03:25:02.306934 [debug] [ThreadPool]: Using postgres connection "list_airflow_driven_staging"
[0m03:25:02.307851 [debug] [ThreadPool]: On list_airflow_driven_staging: BEGIN
[0m03:25:02.308840 [debug] [ThreadPool]: Opening a new connection, currently in state closed
[0m03:25:02.318876 [debug] [ThreadPool]: SQL status: BEGIN in 0.010 seconds
[0m03:25:02.321129 [debug] [ThreadPool]: Using postgres connection "list_airflow_driven_staging"
[0m03:25:02.322384 [debug] [ThreadPool]: On list_airflow_driven_staging: /* {"app": "dbt", "dbt_version": "1.8.0", "profile_name": "default", "target_name": "dev", "connection_name": "list_airflow_driven_staging"} */
select
      'airflow' as database,
      tablename as name,
      schemaname as schema,
      'table' as type
    from pg_tables
    where schemaname ilike 'driven_staging'
    union all
    select
      'airflow' as database,
      viewname as name,
      schemaname as schema,
      'view' as type
    from pg_views
    where schemaname ilike 'driven_staging'
    union all
    select
      'airflow' as database,
      matviewname as name,
      schemaname as schema,
      'materialized_view' as type
    from pg_matviews
    where schemaname ilike 'driven_staging'
  
[0m03:25:02.329870 [debug] [ThreadPool]: SQL status: SELECT 4 in 0.006 seconds
[0m03:25:02.332620 [debug] [ThreadPool]: On list_airflow_driven_staging: ROLLBACK
[0m03:25:02.334370 [debug] [ThreadPool]: On list_airflow_driven_staging: Close
[0m03:25:02.345772 [debug] [MainThread]: Using postgres connection "master"
[0m03:25:02.347093 [debug] [MainThread]: On master: BEGIN
[0m03:25:02.348527 [debug] [MainThread]: Opening a new connection, currently in state init
[0m03:25:02.353690 [debug] [MainThread]: SQL status: BEGIN in 0.005 seconds
[0m03:25:02.354731 [debug] [MainThread]: Using postgres connection "master"
[0m03:25:02.356461 [debug] [MainThread]: On master: /* {"app": "dbt", "dbt_version": "1.8.0", "profile_name": "default", "target_name": "dev", "connection_name": "master"} */
with relation as (
        select
            pg_rewrite.ev_class as class,
            pg_rewrite.oid as id
        from pg_rewrite
    ),
    class as (
        select
            oid as id,
            relname as name,
            relnamespace as schema,
            relkind as kind
        from pg_class
    ),
    dependency as (
        select distinct
            pg_depend.objid as id,
            pg_depend.refobjid as ref
        from pg_depend
    ),
    schema as (
        select
            pg_namespace.oid as id,
            pg_namespace.nspname as name
        from pg_namespace
        where nspname != 'information_schema' and nspname not like 'pg\_%'
    ),
    referenced as (
        select
            relation.id AS id,
            referenced_class.name ,
            referenced_class.schema ,
            referenced_class.kind
        from relation
        join class as referenced_class on relation.class=referenced_class.id
        where referenced_class.kind in ('r', 'v', 'm')
    ),
    relationships as (
        select
            referenced.name as referenced_name,
            referenced.schema as referenced_schema_id,
            dependent_class.name as dependent_name,
            dependent_class.schema as dependent_schema_id,
            referenced.kind as kind
        from referenced
        join dependency on referenced.id=dependency.id
        join class as dependent_class on dependency.ref=dependent_class.id
        where
            (referenced.name != dependent_class.name or
             referenced.schema != dependent_class.schema)
    )

    select
        referenced_schema.name as referenced_schema,
        relationships.referenced_name as referenced_name,
        dependent_schema.name as dependent_schema,
        relationships.dependent_name as dependent_name
    from relationships
    join schema as dependent_schema on relationships.dependent_schema_id=dependent_schema.id
    join schema as referenced_schema on relationships.referenced_schema_id=referenced_schema.id
    group by referenced_schema, referenced_name, dependent_schema, dependent_name
    order by referenced_schema, referenced_name, dependent_schema, dependent_name;
[0m03:25:02.360631 [debug] [MainThread]: SQL status: SELECT 0 in 0.003 seconds
[0m03:25:02.363615 [debug] [MainThread]: Sending event: {'category': 'dbt', 'action': 'runnable_timing', 'label': '5ac8e663-2f60-46ef-ab9f-959447b27242', 'context': [<snowplow_tracker.self_describing_json.SelfDescribingJson object at 0x7f28219a2690>]}
[0m03:25:02.365401 [debug] [MainThread]: On master: ROLLBACK
[0m03:25:02.366761 [debug] [MainThread]: Using postgres connection "master"
[0m03:25:02.367780 [debug] [MainThread]: On master: BEGIN
[0m03:25:02.369061 [debug] [MainThread]: SQL status: BEGIN in 0.001 seconds
[0m03:25:02.370071 [debug] [MainThread]: On master: COMMIT
[0m03:25:02.370698 [debug] [MainThread]: Using postgres connection "master"
[0m03:25:02.371188 [debug] [MainThread]: On master: COMMIT
[0m03:25:02.372008 [debug] [MainThread]: SQL status: COMMIT in 0.000 seconds
[0m03:25:02.374071 [debug] [MainThread]: On master: Close
[0m03:25:02.375296 [info ] [MainThread]: Concurrency: 1 threads (target='dev')
[0m03:25:02.376061 [info ] [MainThread]: 
[0m03:25:02.395262 [debug] [Thread-1 (]: Began running node model.dbt_driven_data.staging_dim_address
[0m03:25:02.396462 [info ] [Thread-1 (]: 1 of 5 START sql table model driven_staging.dim_address ........................ [RUN]
[0m03:25:02.397245 [debug] [Thread-1 (]: Re-using an available connection from the pool (formerly list_airflow_driven_staging, now model.dbt_driven_data.staging_dim_address)
[0m03:25:02.398636 [debug] [Thread-1 (]: Began compiling node model.dbt_driven_data.staging_dim_address
[0m03:25:02.407597 [debug] [Thread-1 (]: Writing injected SQL for node "model.dbt_driven_data.staging_dim_address"
[0m03:25:02.419423 [debug] [Thread-1 (]: Began executing node model.dbt_driven_data.staging_dim_address
[0m03:25:02.459786 [debug] [Thread-1 (]: Writing runtime sql for node "model.dbt_driven_data.staging_dim_address"
[0m03:25:02.475444 [debug] [Thread-1 (]: Using postgres connection "model.dbt_driven_data.staging_dim_address"
[0m03:25:02.476399 [debug] [Thread-1 (]: On model.dbt_driven_data.staging_dim_address: BEGIN
[0m03:25:02.477276 [debug] [Thread-1 (]: Opening a new connection, currently in state closed
[0m03:25:02.482854 [debug] [Thread-1 (]: SQL status: BEGIN in 0.005 seconds
[0m03:25:02.483818 [debug] [Thread-1 (]: Using postgres connection "model.dbt_driven_data.staging_dim_address"
[0m03:25:02.484439 [debug] [Thread-1 (]: On model.dbt_driven_data.staging_dim_address: /* {"app": "dbt", "dbt_version": "1.8.0", "profile_name": "default", "target_name": "dev", "node_id": "model.dbt_driven_data.staging_dim_address"} */

  
    

  create  table "airflow"."driven_staging"."dim_address__dbt_tmp"
  
  
    as
  
  (
    
WITH source_data AS (
 SELECT
 unique_id,
 address,
 mac_address,
 ip_address
 FROM
 "airflow"."driven_raw"."raw_batch_data"
)
SELECT
 *
FROM
 source_data
  );
  
[0m03:25:02.487799 [debug] [Thread-1 (]: SQL status: SELECT 40 in 0.003 seconds
[0m03:25:02.494404 [debug] [Thread-1 (]: Using postgres connection "model.dbt_driven_data.staging_dim_address"
[0m03:25:02.495417 [debug] [Thread-1 (]: On model.dbt_driven_data.staging_dim_address: /* {"app": "dbt", "dbt_version": "1.8.0", "profile_name": "default", "target_name": "dev", "node_id": "model.dbt_driven_data.staging_dim_address"} */
alter table "airflow"."driven_staging"."dim_address" rename to "dim_address__dbt_backup"
[0m03:25:02.496803 [debug] [Thread-1 (]: SQL status: ALTER TABLE in 0.001 seconds
[0m03:25:02.499928 [debug] [Thread-1 (]: Using postgres connection "model.dbt_driven_data.staging_dim_address"
[0m03:25:02.500944 [debug] [Thread-1 (]: On model.dbt_driven_data.staging_dim_address: /* {"app": "dbt", "dbt_version": "1.8.0", "profile_name": "default", "target_name": "dev", "node_id": "model.dbt_driven_data.staging_dim_address"} */
alter table "airflow"."driven_staging"."dim_address__dbt_tmp" rename to "dim_address"
[0m03:25:02.502597 [debug] [Thread-1 (]: SQL status: ALTER TABLE in 0.001 seconds
[0m03:25:02.524349 [debug] [Thread-1 (]: On model.dbt_driven_data.staging_dim_address: COMMIT
[0m03:25:02.525660 [debug] [Thread-1 (]: Using postgres connection "model.dbt_driven_data.staging_dim_address"
[0m03:25:02.526730 [debug] [Thread-1 (]: On model.dbt_driven_data.staging_dim_address: COMMIT
[0m03:25:02.530261 [debug] [Thread-1 (]: SQL status: COMMIT in 0.003 seconds
[0m03:25:02.538022 [debug] [Thread-1 (]: Applying DROP to: "airflow"."driven_staging"."dim_address__dbt_backup"
[0m03:25:02.548892 [debug] [Thread-1 (]: Using postgres connection "model.dbt_driven_data.staging_dim_address"
[0m03:25:02.550092 [debug] [Thread-1 (]: On model.dbt_driven_data.staging_dim_address: /* {"app": "dbt", "dbt_version": "1.8.0", "profile_name": "default", "target_name": "dev", "node_id": "model.dbt_driven_data.staging_dim_address"} */
drop table if exists "airflow"."driven_staging"."dim_address__dbt_backup" cascade
[0m03:25:02.554214 [debug] [Thread-1 (]: SQL status: DROP TABLE in 0.003 seconds
[0m03:25:02.557210 [debug] [Thread-1 (]: On model.dbt_driven_data.staging_dim_address: Close
[0m03:25:02.559288 [debug] [Thread-1 (]: Sending event: {'category': 'dbt', 'action': 'run_model', 'label': '5ac8e663-2f60-46ef-ab9f-959447b27242', 'context': [<snowplow_tracker.self_describing_json.SelfDescribingJson object at 0x7f2823b3df10>]}
[0m03:25:02.560508 [info ] [Thread-1 (]: 1 of 5 OK created sql table model driven_staging.dim_address ................... [[32mSELECT 40[0m in 0.16s]
[0m03:25:02.561857 [debug] [Thread-1 (]: Finished running node model.dbt_driven_data.staging_dim_address
[0m03:25:02.562984 [debug] [Thread-1 (]: Began running node model.dbt_driven_data.staging_dim_date
[0m03:25:02.563966 [info ] [Thread-1 (]: 2 of 5 START sql table model driven_staging.dim_date ........................... [RUN]
[0m03:25:02.565542 [debug] [Thread-1 (]: Re-using an available connection from the pool (formerly model.dbt_driven_data.staging_dim_address, now model.dbt_driven_data.staging_dim_date)
[0m03:25:02.566601 [debug] [Thread-1 (]: Began compiling node model.dbt_driven_data.staging_dim_date
[0m03:25:02.570452 [debug] [Thread-1 (]: Writing injected SQL for node "model.dbt_driven_data.staging_dim_date"
[0m03:25:02.584272 [debug] [Thread-1 (]: Began executing node model.dbt_driven_data.staging_dim_date
[0m03:25:02.588754 [debug] [Thread-1 (]: Writing runtime sql for node "model.dbt_driven_data.staging_dim_date"
[0m03:25:02.599562 [debug] [Thread-1 (]: Using postgres connection "model.dbt_driven_data.staging_dim_date"
[0m03:25:02.600395 [debug] [Thread-1 (]: On model.dbt_driven_data.staging_dim_date: BEGIN
[0m03:25:02.601309 [debug] [Thread-1 (]: Opening a new connection, currently in state closed
[0m03:25:02.613042 [debug] [Thread-1 (]: SQL status: BEGIN in 0.012 seconds
[0m03:25:02.614183 [debug] [Thread-1 (]: Using postgres connection "model.dbt_driven_data.staging_dim_date"
[0m03:25:02.615329 [debug] [Thread-1 (]: On model.dbt_driven_data.staging_dim_date: /* {"app": "dbt", "dbt_version": "1.8.0", "profile_name": "default", "target_name": "dev", "node_id": "model.dbt_driven_data.staging_dim_date"} */

  
    

  create  table "airflow"."driven_staging"."dim_date__dbt_tmp"
  
  
    as
  
  (
    

WITH source_data AS (
  SELECT
    unique_id,
    accessed_at
  FROM
    "airflow"."driven_raw"."raw_batch_data"
)

SELECT
  *
FROM
  source_data
  );
  
[0m03:25:02.619778 [debug] [Thread-1 (]: SQL status: SELECT 40 in 0.004 seconds
[0m03:25:02.623317 [debug] [Thread-1 (]: Using postgres connection "model.dbt_driven_data.staging_dim_date"
[0m03:25:02.624186 [debug] [Thread-1 (]: On model.dbt_driven_data.staging_dim_date: /* {"app": "dbt", "dbt_version": "1.8.0", "profile_name": "default", "target_name": "dev", "node_id": "model.dbt_driven_data.staging_dim_date"} */
alter table "airflow"."driven_staging"."dim_date__dbt_tmp" rename to "dim_date"
[0m03:25:02.626175 [debug] [Thread-1 (]: SQL status: ALTER TABLE in 0.001 seconds
[0m03:25:02.628054 [debug] [Thread-1 (]: On model.dbt_driven_data.staging_dim_date: COMMIT
[0m03:25:02.628954 [debug] [Thread-1 (]: Using postgres connection "model.dbt_driven_data.staging_dim_date"
[0m03:25:02.629881 [debug] [Thread-1 (]: On model.dbt_driven_data.staging_dim_date: COMMIT
[0m03:25:02.632625 [debug] [Thread-1 (]: SQL status: COMMIT in 0.002 seconds
[0m03:25:02.635787 [debug] [Thread-1 (]: Applying DROP to: "airflow"."driven_staging"."dim_date__dbt_backup"
[0m03:25:02.637070 [debug] [Thread-1 (]: Using postgres connection "model.dbt_driven_data.staging_dim_date"
[0m03:25:02.638454 [debug] [Thread-1 (]: On model.dbt_driven_data.staging_dim_date: /* {"app": "dbt", "dbt_version": "1.8.0", "profile_name": "default", "target_name": "dev", "node_id": "model.dbt_driven_data.staging_dim_date"} */
drop table if exists "airflow"."driven_staging"."dim_date__dbt_backup" cascade
[0m03:25:02.640652 [debug] [Thread-1 (]: SQL status: DROP TABLE in 0.001 seconds
[0m03:25:02.643428 [debug] [Thread-1 (]: On model.dbt_driven_data.staging_dim_date: Close
[0m03:25:02.645375 [debug] [Thread-1 (]: Sending event: {'category': 'dbt', 'action': 'run_model', 'label': '5ac8e663-2f60-46ef-ab9f-959447b27242', 'context': [<snowplow_tracker.self_describing_json.SelfDescribingJson object at 0x7f281e36ce90>]}
[0m03:25:02.646890 [info ] [Thread-1 (]: 2 of 5 OK created sql table model driven_staging.dim_date ...................... [[32mSELECT 40[0m in 0.08s]
[0m03:25:02.648113 [debug] [Thread-1 (]: Finished running node model.dbt_driven_data.staging_dim_date
[0m03:25:02.649574 [debug] [Thread-1 (]: Began running node model.dbt_driven_data.staging_dim_finance
[0m03:25:02.650540 [info ] [Thread-1 (]: 3 of 5 START sql table model driven_staging.dim_finance ........................ [RUN]
[0m03:25:02.651528 [debug] [Thread-1 (]: Re-using an available connection from the pool (formerly model.dbt_driven_data.staging_dim_date, now model.dbt_driven_data.staging_dim_finance)
[0m03:25:02.652478 [debug] [Thread-1 (]: Began compiling node model.dbt_driven_data.staging_dim_finance
[0m03:25:02.655444 [debug] [Thread-1 (]: Writing injected SQL for node "model.dbt_driven_data.staging_dim_finance"
[0m03:25:02.670652 [debug] [Thread-1 (]: Began executing node model.dbt_driven_data.staging_dim_finance
[0m03:25:02.675857 [debug] [Thread-1 (]: Writing runtime sql for node "model.dbt_driven_data.staging_dim_finance"
[0m03:25:02.691538 [debug] [Thread-1 (]: Using postgres connection "model.dbt_driven_data.staging_dim_finance"
[0m03:25:02.692871 [debug] [Thread-1 (]: On model.dbt_driven_data.staging_dim_finance: BEGIN
[0m03:25:02.693762 [debug] [Thread-1 (]: Opening a new connection, currently in state closed
[0m03:25:02.699187 [debug] [Thread-1 (]: SQL status: BEGIN in 0.005 seconds
[0m03:25:02.700299 [debug] [Thread-1 (]: Using postgres connection "model.dbt_driven_data.staging_dim_finance"
[0m03:25:02.701066 [debug] [Thread-1 (]: On model.dbt_driven_data.staging_dim_finance: /* {"app": "dbt", "dbt_version": "1.8.0", "profile_name": "default", "target_name": "dev", "node_id": "model.dbt_driven_data.staging_dim_finance"} */

  
    

  create  table "airflow"."driven_staging"."dim_finance__dbt_tmp"
  
  
    as
  
  (
    
WITH source_data AS (
 SELECT
 unique_id,
 iban
 FROM
 "airflow"."driven_raw"."raw_batch_data"
)
SELECT
 *
FROM
 source_data
  );
  
[0m03:25:02.706675 [debug] [Thread-1 (]: SQL status: SELECT 40 in 0.005 seconds
[0m03:25:02.709914 [debug] [Thread-1 (]: Using postgres connection "model.dbt_driven_data.staging_dim_finance"
[0m03:25:02.710798 [debug] [Thread-1 (]: On model.dbt_driven_data.staging_dim_finance: /* {"app": "dbt", "dbt_version": "1.8.0", "profile_name": "default", "target_name": "dev", "node_id": "model.dbt_driven_data.staging_dim_finance"} */
alter table "airflow"."driven_staging"."dim_finance" rename to "dim_finance__dbt_backup"
[0m03:25:02.712712 [debug] [Thread-1 (]: SQL status: ALTER TABLE in 0.001 seconds
[0m03:25:02.715920 [debug] [Thread-1 (]: Using postgres connection "model.dbt_driven_data.staging_dim_finance"
[0m03:25:02.716863 [debug] [Thread-1 (]: On model.dbt_driven_data.staging_dim_finance: /* {"app": "dbt", "dbt_version": "1.8.0", "profile_name": "default", "target_name": "dev", "node_id": "model.dbt_driven_data.staging_dim_finance"} */
alter table "airflow"."driven_staging"."dim_finance__dbt_tmp" rename to "dim_finance"
[0m03:25:02.717861 [debug] [Thread-1 (]: SQL status: ALTER TABLE in 0.000 seconds
[0m03:25:02.719999 [debug] [Thread-1 (]: On model.dbt_driven_data.staging_dim_finance: COMMIT
[0m03:25:02.720747 [debug] [Thread-1 (]: Using postgres connection "model.dbt_driven_data.staging_dim_finance"
[0m03:25:02.721356 [debug] [Thread-1 (]: On model.dbt_driven_data.staging_dim_finance: COMMIT
[0m03:25:02.723946 [debug] [Thread-1 (]: SQL status: COMMIT in 0.002 seconds
[0m03:25:02.726588 [debug] [Thread-1 (]: Applying DROP to: "airflow"."driven_staging"."dim_finance__dbt_backup"
[0m03:25:02.727667 [debug] [Thread-1 (]: Using postgres connection "model.dbt_driven_data.staging_dim_finance"
[0m03:25:02.728422 [debug] [Thread-1 (]: On model.dbt_driven_data.staging_dim_finance: /* {"app": "dbt", "dbt_version": "1.8.0", "profile_name": "default", "target_name": "dev", "node_id": "model.dbt_driven_data.staging_dim_finance"} */
drop table if exists "airflow"."driven_staging"."dim_finance__dbt_backup" cascade
[0m03:25:02.732861 [debug] [Thread-1 (]: SQL status: DROP TABLE in 0.004 seconds
[0m03:25:02.735301 [debug] [Thread-1 (]: On model.dbt_driven_data.staging_dim_finance: Close
[0m03:25:02.736461 [debug] [Thread-1 (]: Sending event: {'category': 'dbt', 'action': 'run_model', 'label': '5ac8e663-2f60-46ef-ab9f-959447b27242', 'context': [<snowplow_tracker.self_describing_json.SelfDescribingJson object at 0x7f28219a2690>]}
[0m03:25:02.738341 [info ] [Thread-1 (]: 3 of 5 OK created sql table model driven_staging.dim_finance ................... [[32mSELECT 40[0m in 0.08s]
[0m03:25:02.741097 [debug] [Thread-1 (]: Finished running node model.dbt_driven_data.staging_dim_finance
[0m03:25:02.742516 [debug] [Thread-1 (]: Began running node model.dbt_driven_data.staging_dim_person
[0m03:25:02.744082 [info ] [Thread-1 (]: 4 of 5 START sql table model driven_staging.dim_person ......................... [RUN]
[0m03:25:02.745512 [debug] [Thread-1 (]: Re-using an available connection from the pool (formerly model.dbt_driven_data.staging_dim_finance, now model.dbt_driven_data.staging_dim_person)
[0m03:25:02.746797 [debug] [Thread-1 (]: Began compiling node model.dbt_driven_data.staging_dim_person
[0m03:25:02.752368 [debug] [Thread-1 (]: Writing injected SQL for node "model.dbt_driven_data.staging_dim_person"
[0m03:25:02.764363 [debug] [Thread-1 (]: Began executing node model.dbt_driven_data.staging_dim_person
[0m03:25:02.768662 [debug] [Thread-1 (]: Writing runtime sql for node "model.dbt_driven_data.staging_dim_person"
[0m03:25:02.780401 [debug] [Thread-1 (]: Using postgres connection "model.dbt_driven_data.staging_dim_person"
[0m03:25:02.781652 [debug] [Thread-1 (]: On model.dbt_driven_data.staging_dim_person: BEGIN
[0m03:25:02.783009 [debug] [Thread-1 (]: Opening a new connection, currently in state closed
[0m03:25:02.788855 [debug] [Thread-1 (]: SQL status: BEGIN in 0.006 seconds
[0m03:25:02.790529 [debug] [Thread-1 (]: Using postgres connection "model.dbt_driven_data.staging_dim_person"
[0m03:25:02.791505 [debug] [Thread-1 (]: On model.dbt_driven_data.staging_dim_person: /* {"app": "dbt", "dbt_version": "1.8.0", "profile_name": "default", "target_name": "dev", "node_id": "model.dbt_driven_data.staging_dim_person"} */

  
    

  create  table "airflow"."driven_staging"."dim_person__dbt_tmp"
  
  
    as
  
  (
    
WITH source_data AS (
 SELECT
 unique_id,
 person_name,
 user_name,
 email,
 phone,
 birth_date,
 personal_number
 FROM
 "airflow"."driven_raw"."raw_batch_data"
)
SELECT
 *
FROM
 source_data
  );
  
[0m03:25:02.799753 [debug] [Thread-1 (]: SQL status: SELECT 40 in 0.007 seconds
[0m03:25:02.803258 [debug] [Thread-1 (]: Using postgres connection "model.dbt_driven_data.staging_dim_person"
[0m03:25:02.804241 [debug] [Thread-1 (]: On model.dbt_driven_data.staging_dim_person: /* {"app": "dbt", "dbt_version": "1.8.0", "profile_name": "default", "target_name": "dev", "node_id": "model.dbt_driven_data.staging_dim_person"} */
alter table "airflow"."driven_staging"."dim_person" rename to "dim_person__dbt_backup"
[0m03:25:02.806535 [debug] [Thread-1 (]: SQL status: ALTER TABLE in 0.001 seconds
[0m03:25:02.813465 [debug] [Thread-1 (]: Using postgres connection "model.dbt_driven_data.staging_dim_person"
[0m03:25:02.816703 [debug] [Thread-1 (]: On model.dbt_driven_data.staging_dim_person: /* {"app": "dbt", "dbt_version": "1.8.0", "profile_name": "default", "target_name": "dev", "node_id": "model.dbt_driven_data.staging_dim_person"} */
alter table "airflow"."driven_staging"."dim_person__dbt_tmp" rename to "dim_person"
[0m03:25:02.818721 [debug] [Thread-1 (]: SQL status: ALTER TABLE in 0.001 seconds
[0m03:25:02.823303 [debug] [Thread-1 (]: On model.dbt_driven_data.staging_dim_person: COMMIT
[0m03:25:02.826369 [debug] [Thread-1 (]: Using postgres connection "model.dbt_driven_data.staging_dim_person"
[0m03:25:02.827441 [debug] [Thread-1 (]: On model.dbt_driven_data.staging_dim_person: COMMIT
[0m03:25:02.831740 [debug] [Thread-1 (]: SQL status: COMMIT in 0.002 seconds
[0m03:25:02.838708 [debug] [Thread-1 (]: Applying DROP to: "airflow"."driven_staging"."dim_person__dbt_backup"
[0m03:25:02.841389 [debug] [Thread-1 (]: Using postgres connection "model.dbt_driven_data.staging_dim_person"
[0m03:25:02.843219 [debug] [Thread-1 (]: On model.dbt_driven_data.staging_dim_person: /* {"app": "dbt", "dbt_version": "1.8.0", "profile_name": "default", "target_name": "dev", "node_id": "model.dbt_driven_data.staging_dim_person"} */
drop table if exists "airflow"."driven_staging"."dim_person__dbt_backup" cascade
[0m03:25:02.850488 [debug] [Thread-1 (]: SQL status: DROP TABLE in 0.005 seconds
[0m03:25:02.853401 [debug] [Thread-1 (]: On model.dbt_driven_data.staging_dim_person: Close
[0m03:25:02.854788 [debug] [Thread-1 (]: Sending event: {'category': 'dbt', 'action': 'run_model', 'label': '5ac8e663-2f60-46ef-ab9f-959447b27242', 'context': [<snowplow_tracker.self_describing_json.SelfDescribingJson object at 0x7f281e36b710>]}
[0m03:25:02.856498 [info ] [Thread-1 (]: 4 of 5 OK created sql table model driven_staging.dim_person .................... [[32mSELECT 40[0m in 0.11s]
[0m03:25:02.858306 [debug] [Thread-1 (]: Finished running node model.dbt_driven_data.staging_dim_person
[0m03:25:02.859599 [debug] [Thread-1 (]: Began running node model.dbt_driven_data.staging_fact_network_usage
[0m03:25:02.860767 [info ] [Thread-1 (]: 5 of 5 START sql table model driven_staging.fact_network_usage ................. [RUN]
[0m03:25:02.861561 [debug] [Thread-1 (]: Re-using an available connection from the pool (formerly model.dbt_driven_data.staging_dim_person, now model.dbt_driven_data.staging_fact_network_usage)
[0m03:25:02.862167 [debug] [Thread-1 (]: Began compiling node model.dbt_driven_data.staging_fact_network_usage
[0m03:25:02.865909 [debug] [Thread-1 (]: Writing injected SQL for node "model.dbt_driven_data.staging_fact_network_usage"
[0m03:25:02.878956 [debug] [Thread-1 (]: Began executing node model.dbt_driven_data.staging_fact_network_usage
[0m03:25:02.883119 [debug] [Thread-1 (]: Writing runtime sql for node "model.dbt_driven_data.staging_fact_network_usage"
[0m03:25:02.895119 [debug] [Thread-1 (]: Using postgres connection "model.dbt_driven_data.staging_fact_network_usage"
[0m03:25:02.896199 [debug] [Thread-1 (]: On model.dbt_driven_data.staging_fact_network_usage: BEGIN
[0m03:25:02.897080 [debug] [Thread-1 (]: Opening a new connection, currently in state closed
[0m03:25:02.908263 [debug] [Thread-1 (]: SQL status: BEGIN in 0.011 seconds
[0m03:25:02.909251 [debug] [Thread-1 (]: Using postgres connection "model.dbt_driven_data.staging_fact_network_usage"
[0m03:25:02.909838 [debug] [Thread-1 (]: On model.dbt_driven_data.staging_fact_network_usage: /* {"app": "dbt", "dbt_version": "1.8.0", "profile_name": "default", "target_name": "dev", "node_id": "model.dbt_driven_data.staging_fact_network_usage"} */

  
    

  create  table "airflow"."driven_staging"."fact_network_usage__dbt_tmp"
  
  
    as
  
  (
    
WITH source_data AS (
 SELECT
 unique_id,
 session_duration,
 download_speed,
 upload_speed,
 consumed_traffic
 FROM
 "airflow"."driven_raw"."raw_batch_data"
)
SELECT
 *
FROM
 source_data
  );
  
[0m03:25:02.912866 [debug] [Thread-1 (]: SQL status: SELECT 40 in 0.002 seconds
[0m03:25:02.916808 [debug] [Thread-1 (]: Using postgres connection "model.dbt_driven_data.staging_fact_network_usage"
[0m03:25:02.917849 [debug] [Thread-1 (]: On model.dbt_driven_data.staging_fact_network_usage: /* {"app": "dbt", "dbt_version": "1.8.0", "profile_name": "default", "target_name": "dev", "node_id": "model.dbt_driven_data.staging_fact_network_usage"} */
alter table "airflow"."driven_staging"."fact_network_usage" rename to "fact_network_usage__dbt_backup"
[0m03:25:02.919200 [debug] [Thread-1 (]: SQL status: ALTER TABLE in 0.001 seconds
[0m03:25:02.923959 [debug] [Thread-1 (]: Using postgres connection "model.dbt_driven_data.staging_fact_network_usage"
[0m03:25:02.925735 [debug] [Thread-1 (]: On model.dbt_driven_data.staging_fact_network_usage: /* {"app": "dbt", "dbt_version": "1.8.0", "profile_name": "default", "target_name": "dev", "node_id": "model.dbt_driven_data.staging_fact_network_usage"} */
alter table "airflow"."driven_staging"."fact_network_usage__dbt_tmp" rename to "fact_network_usage"
[0m03:25:02.927934 [debug] [Thread-1 (]: SQL status: ALTER TABLE in 0.001 seconds
[0m03:25:02.932043 [debug] [Thread-1 (]: On model.dbt_driven_data.staging_fact_network_usage: COMMIT
[0m03:25:02.933302 [debug] [Thread-1 (]: Using postgres connection "model.dbt_driven_data.staging_fact_network_usage"
[0m03:25:02.934403 [debug] [Thread-1 (]: On model.dbt_driven_data.staging_fact_network_usage: COMMIT
[0m03:25:02.937161 [debug] [Thread-1 (]: SQL status: COMMIT in 0.002 seconds
[0m03:25:02.941137 [debug] [Thread-1 (]: Applying DROP to: "airflow"."driven_staging"."fact_network_usage__dbt_backup"
[0m03:25:02.942756 [debug] [Thread-1 (]: Using postgres connection "model.dbt_driven_data.staging_fact_network_usage"
[0m03:25:02.943880 [debug] [Thread-1 (]: On model.dbt_driven_data.staging_fact_network_usage: /* {"app": "dbt", "dbt_version": "1.8.0", "profile_name": "default", "target_name": "dev", "node_id": "model.dbt_driven_data.staging_fact_network_usage"} */
drop table if exists "airflow"."driven_staging"."fact_network_usage__dbt_backup" cascade
[0m03:25:02.949432 [debug] [Thread-1 (]: SQL status: DROP TABLE in 0.004 seconds
[0m03:25:02.952216 [debug] [Thread-1 (]: On model.dbt_driven_data.staging_fact_network_usage: Close
[0m03:25:02.953674 [debug] [Thread-1 (]: Sending event: {'category': 'dbt', 'action': 'run_model', 'label': '5ac8e663-2f60-46ef-ab9f-959447b27242', 'context': [<snowplow_tracker.self_describing_json.SelfDescribingJson object at 0x7f281e46c470>]}
[0m03:25:02.954854 [info ] [Thread-1 (]: 5 of 5 OK created sql table model driven_staging.fact_network_usage ............ [[32mSELECT 40[0m in 0.09s]
[0m03:25:02.956737 [debug] [Thread-1 (]: Finished running node model.dbt_driven_data.staging_fact_network_usage
[0m03:25:02.959831 [debug] [MainThread]: Using postgres connection "master"
[0m03:25:02.960835 [debug] [MainThread]: On master: BEGIN
[0m03:25:02.961403 [debug] [MainThread]: Opening a new connection, currently in state closed
[0m03:25:02.968629 [debug] [MainThread]: SQL status: BEGIN in 0.007 seconds
[0m03:25:02.969709 [debug] [MainThread]: On master: COMMIT
[0m03:25:02.970657 [debug] [MainThread]: Using postgres connection "master"
[0m03:25:02.971481 [debug] [MainThread]: On master: COMMIT
[0m03:25:02.972951 [debug] [MainThread]: SQL status: COMMIT in 0.000 seconds
[0m03:25:02.974019 [debug] [MainThread]: On master: Close
[0m03:25:02.975282 [debug] [MainThread]: Connection 'master' was properly closed.
[0m03:25:02.976427 [debug] [MainThread]: Connection 'model.dbt_driven_data.staging_fact_network_usage' was properly closed.
[0m03:25:02.977480 [info ] [MainThread]: 
[0m03:25:02.978826 [info ] [MainThread]: Finished running 5 table models in 0 hours 0 minutes and 0.81 seconds (0.81s).
[0m03:25:02.982023 [debug] [MainThread]: Command end result
[0m03:25:03.046396 [info ] [MainThread]: 
[0m03:25:03.047500 [info ] [MainThread]: [32mCompleted successfully[0m
[0m03:25:03.048494 [info ] [MainThread]: 
[0m03:25:03.049353 [info ] [MainThread]: Done. PASS=5 WARN=0 ERROR=0 SKIP=0 TOTAL=5
[0m03:25:03.050669 [debug] [MainThread]: Resource report: {"command_name": "run", "command_success": true, "command_wall_clock_time": 2.2638366, "process_user_time": 2.907415, "process_kernel_time": 0.373982, "process_mem_max_rss": "122988", "process_in_blocks": "112", "process_out_blocks": "0"}
[0m03:25:03.051448 [debug] [MainThread]: Command `dbt run` succeeded at 03:25:03.051343 after 2.26 seconds
[0m03:25:03.052016 [debug] [MainThread]: Sending event: {'category': 'dbt', 'action': 'invocation', 'label': 'end', 'context': [<snowplow_tracker.self_describing_json.SelfDescribingJson object at 0x7f28230f5070>, <snowplow_tracker.self_describing_json.SelfDescribingJson object at 0x7f28228d5100>, <snowplow_tracker.self_describing_json.SelfDescribingJson object at 0x7f2822e11f10>]}
[0m03:25:03.052668 [debug] [MainThread]: Flushing usage events
[0m03:25:06.732155 [debug] [MainThread]: Sending event: {'category': 'dbt', 'action': 'invocation', 'label': 'start', 'context': [<snowplow_tracker.self_describing_json.SelfDescribingJson object at 0x707534079130>, <snowplow_tracker.self_describing_json.SelfDescribingJson object at 0x707533132150>, <snowplow_tracker.self_describing_json.SelfDescribingJson object at 0x707532b1e270>]}


============================== 03:25:06.739548 | bf816203-b70b-43cc-b740-0f4ba9c17021 ==============================
[0m03:25:06.739548 [info ] [MainThread]: Running with dbt=1.8.0
[0m03:25:06.740834 [debug] [MainThread]: running dbt with arguments {'printer_width': '80', 'indirect_selection': 'eager', 'write_json': 'True', 'log_cache_events': 'False', 'partial_parse': 'True', 'cache_selected_only': 'False', 'warn_error': 'None', 'fail_fast': 'False', 'profiles_dir': '/opt/airflow/dbt', 'log_path': '/opt/airflow/dbt/logs', 'debug': 'False', 'version_check': 'True', 'use_colors': 'True', 'use_experimental_parser': 'False', 'no_print': 'None', 'quiet': 'False', 'warn_error_options': 'WarnErrorOptions(include=[], exclude=[])', 'introspect': 'True', 'invocation_command': 'dbt run --select tag:trusted', 'log_format': 'default', 'target_path': 'None', 'static_parser': 'True', 'send_anonymous_usage_stats': 'True'}
[0m03:25:06.969195 [debug] [MainThread]: Sending event: {'category': 'dbt', 'action': 'project_id', 'label': 'bf816203-b70b-43cc-b740-0f4ba9c17021', 'context': [<snowplow_tracker.self_describing_json.SelfDescribingJson object at 0x7075331136e0>]}
[0m03:25:07.019074 [debug] [MainThread]: Sending event: {'category': 'dbt', 'action': 'adapter_info', 'label': 'bf816203-b70b-43cc-b740-0f4ba9c17021', 'context': [<snowplow_tracker.self_describing_json.SelfDescribingJson object at 0x707533ebca10>]}
[0m03:25:07.020914 [info ] [MainThread]: Registered adapter: postgres=1.8.2
[0m03:25:07.092529 [debug] [MainThread]: checksum: dbb12d416fdb55e3665e4828703bbedf40c5c90ed7ca6ff39bbbfb29b12b0a92, vars: {}, profile: , target: , version: 1.8.0
[0m03:25:07.342648 [debug] [MainThread]: Partial parsing enabled: 0 files deleted, 0 files added, 0 files changed.
[0m03:25:07.343497 [debug] [MainThread]: Partial parsing enabled, no changes found, skipping parsing
[0m03:25:07.370999 [debug] [MainThread]: Sending event: {'category': 'dbt', 'action': 'load_project', 'label': 'bf816203-b70b-43cc-b740-0f4ba9c17021', 'context': [<snowplow_tracker.self_describing_json.SelfDescribingJson object at 0x707531f2b710>]}
[0m03:25:07.496129 [debug] [MainThread]: Sending event: {'category': 'dbt', 'action': 'resource_counts', 'label': 'bf816203-b70b-43cc-b740-0f4ba9c17021', 'context': [<snowplow_tracker.self_describing_json.SelfDescribingJson object at 0x70753173d0d0>]}
[0m03:25:07.497546 [info ] [MainThread]: Found 9 models, 10 sources, 428 macros
[0m03:25:07.498624 [debug] [MainThread]: Sending event: {'category': 'dbt', 'action': 'runnable_timing', 'label': 'bf816203-b70b-43cc-b740-0f4ba9c17021', 'context': [<snowplow_tracker.self_describing_json.SelfDescribingJson object at 0x70753243fcb0>]}
[0m03:25:07.500728 [info ] [MainThread]: 
[0m03:25:07.501949 [debug] [MainThread]: Acquiring new postgres connection 'master'
[0m03:25:07.506780 [debug] [ThreadPool]: Acquiring new postgres connection 'list_airflow'
[0m03:25:07.536188 [debug] [ThreadPool]: Using postgres connection "list_airflow"
[0m03:25:07.537649 [debug] [ThreadPool]: On list_airflow: /* {"app": "dbt", "dbt_version": "1.8.0", "profile_name": "default", "target_name": "dev", "connection_name": "list_airflow"} */

    select distinct nspname from pg_namespace
  
[0m03:25:07.538852 [debug] [ThreadPool]: Opening a new connection, currently in state init
[0m03:25:07.545252 [debug] [ThreadPool]: SQL status: SELECT 7 in 0.006 seconds
[0m03:25:07.547539 [debug] [ThreadPool]: On list_airflow: Close
[0m03:25:07.550603 [debug] [ThreadPool]: Re-using an available connection from the pool (formerly list_airflow, now list_airflow_driven_trusted)
[0m03:25:07.556820 [debug] [ThreadPool]: Using postgres connection "list_airflow_driven_trusted"
[0m03:25:07.557925 [debug] [ThreadPool]: On list_airflow_driven_trusted: BEGIN
[0m03:25:07.559008 [debug] [ThreadPool]: Opening a new connection, currently in state closed
[0m03:25:07.565356 [debug] [ThreadPool]: SQL status: BEGIN in 0.006 seconds
[0m03:25:07.566342 [debug] [ThreadPool]: Using postgres connection "list_airflow_driven_trusted"
[0m03:25:07.567125 [debug] [ThreadPool]: On list_airflow_driven_trusted: /* {"app": "dbt", "dbt_version": "1.8.0", "profile_name": "default", "target_name": "dev", "connection_name": "list_airflow_driven_trusted"} */
select
      'airflow' as database,
      tablename as name,
      schemaname as schema,
      'table' as type
    from pg_tables
    where schemaname ilike 'driven_trusted'
    union all
    select
      'airflow' as database,
      viewname as name,
      schemaname as schema,
      'view' as type
    from pg_views
    where schemaname ilike 'driven_trusted'
    union all
    select
      'airflow' as database,
      matviewname as name,
      schemaname as schema,
      'materialized_view' as type
    from pg_matviews
    where schemaname ilike 'driven_trusted'
  
[0m03:25:07.570970 [debug] [ThreadPool]: SQL status: SELECT 2 in 0.003 seconds
[0m03:25:07.573227 [debug] [ThreadPool]: On list_airflow_driven_trusted: ROLLBACK
[0m03:25:07.574215 [debug] [ThreadPool]: On list_airflow_driven_trusted: Close
[0m03:25:07.575122 [debug] [ThreadPool]: Re-using an available connection from the pool (formerly list_airflow_driven_trusted, now list_airflow_driven_staging)
[0m03:25:07.577470 [debug] [ThreadPool]: Using postgres connection "list_airflow_driven_staging"
[0m03:25:07.578170 [debug] [ThreadPool]: On list_airflow_driven_staging: BEGIN
[0m03:25:07.578680 [debug] [ThreadPool]: Opening a new connection, currently in state closed
[0m03:25:07.584487 [debug] [ThreadPool]: SQL status: BEGIN in 0.006 seconds
[0m03:25:07.585561 [debug] [ThreadPool]: Using postgres connection "list_airflow_driven_staging"
[0m03:25:07.586459 [debug] [ThreadPool]: On list_airflow_driven_staging: /* {"app": "dbt", "dbt_version": "1.8.0", "profile_name": "default", "target_name": "dev", "connection_name": "list_airflow_driven_staging"} */
select
      'airflow' as database,
      tablename as name,
      schemaname as schema,
      'table' as type
    from pg_tables
    where schemaname ilike 'driven_staging'
    union all
    select
      'airflow' as database,
      viewname as name,
      schemaname as schema,
      'view' as type
    from pg_views
    where schemaname ilike 'driven_staging'
    union all
    select
      'airflow' as database,
      matviewname as name,
      schemaname as schema,
      'materialized_view' as type
    from pg_matviews
    where schemaname ilike 'driven_staging'
  
[0m03:25:07.590580 [debug] [ThreadPool]: SQL status: SELECT 5 in 0.003 seconds
[0m03:25:07.592452 [debug] [ThreadPool]: On list_airflow_driven_staging: ROLLBACK
[0m03:25:07.593342 [debug] [ThreadPool]: On list_airflow_driven_staging: Close
[0m03:25:07.602146 [debug] [MainThread]: Using postgres connection "master"
[0m03:25:07.603233 [debug] [MainThread]: On master: BEGIN
[0m03:25:07.604035 [debug] [MainThread]: Opening a new connection, currently in state init
[0m03:25:07.609557 [debug] [MainThread]: SQL status: BEGIN in 0.005 seconds
[0m03:25:07.611427 [debug] [MainThread]: Using postgres connection "master"
[0m03:25:07.612407 [debug] [MainThread]: On master: /* {"app": "dbt", "dbt_version": "1.8.0", "profile_name": "default", "target_name": "dev", "connection_name": "master"} */
with relation as (
        select
            pg_rewrite.ev_class as class,
            pg_rewrite.oid as id
        from pg_rewrite
    ),
    class as (
        select
            oid as id,
            relname as name,
            relnamespace as schema,
            relkind as kind
        from pg_class
    ),
    dependency as (
        select distinct
            pg_depend.objid as id,
            pg_depend.refobjid as ref
        from pg_depend
    ),
    schema as (
        select
            pg_namespace.oid as id,
            pg_namespace.nspname as name
        from pg_namespace
        where nspname != 'information_schema' and nspname not like 'pg\_%'
    ),
    referenced as (
        select
            relation.id AS id,
            referenced_class.name ,
            referenced_class.schema ,
            referenced_class.kind
        from relation
        join class as referenced_class on relation.class=referenced_class.id
        where referenced_class.kind in ('r', 'v', 'm')
    ),
    relationships as (
        select
            referenced.name as referenced_name,
            referenced.schema as referenced_schema_id,
            dependent_class.name as dependent_name,
            dependent_class.schema as dependent_schema_id,
            referenced.kind as kind
        from referenced
        join dependency on referenced.id=dependency.id
        join class as dependent_class on dependency.ref=dependent_class.id
        where
            (referenced.name != dependent_class.name or
             referenced.schema != dependent_class.schema)
    )

    select
        referenced_schema.name as referenced_schema,
        relationships.referenced_name as referenced_name,
        dependent_schema.name as dependent_schema,
        relationships.dependent_name as dependent_name
    from relationships
    join schema as dependent_schema on relationships.dependent_schema_id=dependent_schema.id
    join schema as referenced_schema on relationships.referenced_schema_id=referenced_schema.id
    group by referenced_schema, referenced_name, dependent_schema, dependent_name
    order by referenced_schema, referenced_name, dependent_schema, dependent_name;
[0m03:25:07.616711 [debug] [MainThread]: SQL status: SELECT 0 in 0.003 seconds
[0m03:25:07.618442 [debug] [MainThread]: Sending event: {'category': 'dbt', 'action': 'runnable_timing', 'label': 'bf816203-b70b-43cc-b740-0f4ba9c17021', 'context': [<snowplow_tracker.self_describing_json.SelfDescribingJson object at 0x707530f0f8f0>]}
[0m03:25:07.619324 [debug] [MainThread]: On master: ROLLBACK
[0m03:25:07.621994 [debug] [MainThread]: Using postgres connection "master"
[0m03:25:07.623525 [debug] [MainThread]: On master: BEGIN
[0m03:25:07.625048 [debug] [MainThread]: SQL status: BEGIN in 0.000 seconds
[0m03:25:07.626126 [debug] [MainThread]: On master: COMMIT
[0m03:25:07.626824 [debug] [MainThread]: Using postgres connection "master"
[0m03:25:07.627403 [debug] [MainThread]: On master: COMMIT
[0m03:25:07.628199 [debug] [MainThread]: SQL status: COMMIT in 0.000 seconds
[0m03:25:07.628773 [debug] [MainThread]: On master: Close
[0m03:25:07.629448 [info ] [MainThread]: Concurrency: 1 threads (target='dev')
[0m03:25:07.631585 [info ] [MainThread]: 
[0m03:25:07.641502 [debug] [Thread-1 (]: Began running node model.dbt_driven_data.trusted_non_pii_data
[0m03:25:07.642617 [info ] [Thread-1 (]: 1 of 4 START sql table model driven_trusted.non_pii_data ....................... [RUN]
[0m03:25:07.643653 [debug] [Thread-1 (]: Re-using an available connection from the pool (formerly list_airflow_driven_staging, now model.dbt_driven_data.trusted_non_pii_data)
[0m03:25:07.644421 [debug] [Thread-1 (]: Began compiling node model.dbt_driven_data.trusted_non_pii_data
[0m03:25:07.653032 [debug] [Thread-1 (]: Writing injected SQL for node "model.dbt_driven_data.trusted_non_pii_data"
[0m03:25:07.665956 [debug] [Thread-1 (]: Began executing node model.dbt_driven_data.trusted_non_pii_data
[0m03:25:07.699285 [debug] [Thread-1 (]: Writing runtime sql for node "model.dbt_driven_data.trusted_non_pii_data"
[0m03:25:07.718903 [debug] [Thread-1 (]: Using postgres connection "model.dbt_driven_data.trusted_non_pii_data"
[0m03:25:07.719724 [debug] [Thread-1 (]: On model.dbt_driven_data.trusted_non_pii_data: BEGIN
[0m03:25:07.720476 [debug] [Thread-1 (]: Opening a new connection, currently in state closed
[0m03:25:07.725916 [debug] [Thread-1 (]: SQL status: BEGIN in 0.005 seconds
[0m03:25:07.727019 [debug] [Thread-1 (]: Using postgres connection "model.dbt_driven_data.trusted_non_pii_data"
[0m03:25:07.728029 [debug] [Thread-1 (]: On model.dbt_driven_data.trusted_non_pii_data: /* {"app": "dbt", "dbt_version": "1.8.0", "profile_name": "default", "target_name": "dev", "node_id": "model.dbt_driven_data.trusted_non_pii_data"} */

  
    

  create  table "airflow"."driven_trusted"."non_pii_data__dbt_tmp"
  
  
    as
  
  (
    
WITH source_data AS (
 SELECT
 '***MASKED***' AS person_name,
 SUBSTRING(dp.user_name, 1, 5) || '*****' user_name,
 SUBSTRING(dp.email, 1, 5) || '*****' AS email,
 '***MASKED***' AS personal_number,
 '***MASKED***' AS birth_date,
 '***MASKED***' AS address,
 '***MASKED***' AS phone,
 SUBSTRING(da.mac_address, 1, 5) || '*****' AS mac_address,
 SUBSTRING(da.ip_address, 1, 5) || '*****' AS ip_address,
 SUBSTRING(df.iban, 1, 5) || '*****' AS iban,
 dd.accessed_at,
 fnu.session_duration,
 fnu.download_speed,
 fnu.upload_speed,
 fnu.consumed_traffic,
 fnu.unique_id
 FROM
 "airflow"."driven_staging"."fact_network_usage" fnu
 INNER JOIN
 "airflow"."driven_staging"."dim_address" da ON
fnu.unique_id = da.unique_id
 INNER JOIN
 "airflow"."driven_staging"."dim_date" dd ON da.unique_id =
dd.unique_id
 INNER JOIN
 "airflow"."driven_staging"."dim_finance" df ON dd.unique_id
= df.unique_id
 INNER JOIN
 "airflow"."driven_staging"."dim_person" dp ON df.unique_id
= dp.unique_id
)
SELECT
 *
FROM
 source_data
  );
  
[0m03:25:07.737416 [debug] [Thread-1 (]: SQL status: SELECT 40 in 0.009 seconds
[0m03:25:07.744460 [debug] [Thread-1 (]: Using postgres connection "model.dbt_driven_data.trusted_non_pii_data"
[0m03:25:07.745569 [debug] [Thread-1 (]: On model.dbt_driven_data.trusted_non_pii_data: /* {"app": "dbt", "dbt_version": "1.8.0", "profile_name": "default", "target_name": "dev", "node_id": "model.dbt_driven_data.trusted_non_pii_data"} */
alter table "airflow"."driven_trusted"."non_pii_data__dbt_tmp" rename to "non_pii_data"
[0m03:25:07.748076 [debug] [Thread-1 (]: SQL status: ALTER TABLE in 0.001 seconds
[0m03:25:07.765913 [debug] [Thread-1 (]: On model.dbt_driven_data.trusted_non_pii_data: COMMIT
[0m03:25:07.767366 [debug] [Thread-1 (]: Using postgres connection "model.dbt_driven_data.trusted_non_pii_data"
[0m03:25:07.768479 [debug] [Thread-1 (]: On model.dbt_driven_data.trusted_non_pii_data: COMMIT
[0m03:25:07.773009 [debug] [Thread-1 (]: SQL status: COMMIT in 0.003 seconds
[0m03:25:07.778893 [debug] [Thread-1 (]: Applying DROP to: "airflow"."driven_trusted"."non_pii_data__dbt_backup"
[0m03:25:07.784037 [debug] [Thread-1 (]: Using postgres connection "model.dbt_driven_data.trusted_non_pii_data"
[0m03:25:07.785449 [debug] [Thread-1 (]: On model.dbt_driven_data.trusted_non_pii_data: /* {"app": "dbt", "dbt_version": "1.8.0", "profile_name": "default", "target_name": "dev", "node_id": "model.dbt_driven_data.trusted_non_pii_data"} */
drop table if exists "airflow"."driven_trusted"."non_pii_data__dbt_backup" cascade
[0m03:25:07.787301 [debug] [Thread-1 (]: SQL status: DROP TABLE in 0.000 seconds
[0m03:25:07.790205 [debug] [Thread-1 (]: On model.dbt_driven_data.trusted_non_pii_data: Close
[0m03:25:07.792428 [debug] [Thread-1 (]: Sending event: {'category': 'dbt', 'action': 'run_model', 'label': 'bf816203-b70b-43cc-b740-0f4ba9c17021', 'context': [<snowplow_tracker.self_describing_json.SelfDescribingJson object at 0x707533113e00>]}
[0m03:25:07.793680 [info ] [Thread-1 (]: 1 of 4 OK created sql table model driven_trusted.non_pii_data .................. [[32mSELECT 40[0m in 0.15s]
[0m03:25:07.794878 [debug] [Thread-1 (]: Finished running node model.dbt_driven_data.trusted_non_pii_data
[0m03:25:07.796033 [debug] [Thread-1 (]: Began running node model.dbt_driven_data.trusted_payment_data
[0m03:25:07.797346 [info ] [Thread-1 (]: 2 of 4 START sql table model driven_trusted.payment_data ....................... [RUN]
[0m03:25:07.798500 [debug] [Thread-1 (]: Re-using an available connection from the pool (formerly model.dbt_driven_data.trusted_non_pii_data, now model.dbt_driven_data.trusted_payment_data)
[0m03:25:07.799622 [debug] [Thread-1 (]: Began compiling node model.dbt_driven_data.trusted_payment_data
[0m03:25:07.802787 [debug] [Thread-1 (]: Writing injected SQL for node "model.dbt_driven_data.trusted_payment_data"
[0m03:25:07.817431 [debug] [Thread-1 (]: Began executing node model.dbt_driven_data.trusted_payment_data
[0m03:25:07.820699 [debug] [Thread-1 (]: Writing runtime sql for node "model.dbt_driven_data.trusted_payment_data"
[0m03:25:07.831765 [debug] [Thread-1 (]: Using postgres connection "model.dbt_driven_data.trusted_payment_data"
[0m03:25:07.832454 [debug] [Thread-1 (]: On model.dbt_driven_data.trusted_payment_data: BEGIN
[0m03:25:07.833117 [debug] [Thread-1 (]: Opening a new connection, currently in state closed
[0m03:25:07.837687 [debug] [Thread-1 (]: SQL status: BEGIN in 0.004 seconds
[0m03:25:07.839406 [debug] [Thread-1 (]: Using postgres connection "model.dbt_driven_data.trusted_payment_data"
[0m03:25:07.840601 [debug] [Thread-1 (]: On model.dbt_driven_data.trusted_payment_data: /* {"app": "dbt", "dbt_version": "1.8.0", "profile_name": "default", "target_name": "dev", "node_id": "model.dbt_driven_data.trusted_payment_data"} */

  
    

  create  table "airflow"."driven_trusted"."payment_data__dbt_tmp"
  
  
    as
  
  (
    
WITH source_data AS (
 SELECT
 fnu.unique_id,
 df.iban,
 fnu.download_speed,
 fnu.upload_speed,
 fnu.session_duration,
 fnu.consumed_traffic,
 ((fnu.download_speed + fnu.upload_speed + 1)/2) +
(fnu.consumed_traffic / (fnu.session_duration + 1)) AS payment_amount
 FROM
 "airflow"."driven_staging"."fact_network_usage" fnu
 JOIN
 "airflow"."driven_staging"."dim_finance" df
 ON
 fnu.unique_id = df.unique_id
)
SELECT
 *
FROM
 source_data
  );
  
[0m03:25:07.843329 [debug] [Thread-1 (]: SQL status: SELECT 40 in 0.002 seconds
[0m03:25:07.846289 [debug] [Thread-1 (]: Using postgres connection "model.dbt_driven_data.trusted_payment_data"
[0m03:25:07.847305 [debug] [Thread-1 (]: On model.dbt_driven_data.trusted_payment_data: /* {"app": "dbt", "dbt_version": "1.8.0", "profile_name": "default", "target_name": "dev", "node_id": "model.dbt_driven_data.trusted_payment_data"} */
alter table "airflow"."driven_trusted"."payment_data" rename to "payment_data__dbt_backup"
[0m03:25:07.848615 [debug] [Thread-1 (]: SQL status: ALTER TABLE in 0.001 seconds
[0m03:25:07.851281 [debug] [Thread-1 (]: Using postgres connection "model.dbt_driven_data.trusted_payment_data"
[0m03:25:07.851901 [debug] [Thread-1 (]: On model.dbt_driven_data.trusted_payment_data: /* {"app": "dbt", "dbt_version": "1.8.0", "profile_name": "default", "target_name": "dev", "node_id": "model.dbt_driven_data.trusted_payment_data"} */
alter table "airflow"."driven_trusted"."payment_data__dbt_tmp" rename to "payment_data"
[0m03:25:07.852971 [debug] [Thread-1 (]: SQL status: ALTER TABLE in 0.000 seconds
[0m03:25:07.857336 [debug] [Thread-1 (]: On model.dbt_driven_data.trusted_payment_data: COMMIT
[0m03:25:07.858485 [debug] [Thread-1 (]: Using postgres connection "model.dbt_driven_data.trusted_payment_data"
[0m03:25:07.859308 [debug] [Thread-1 (]: On model.dbt_driven_data.trusted_payment_data: COMMIT
[0m03:25:07.864292 [debug] [Thread-1 (]: SQL status: COMMIT in 0.004 seconds
[0m03:25:07.867965 [debug] [Thread-1 (]: Applying DROP to: "airflow"."driven_trusted"."payment_data__dbt_backup"
[0m03:25:07.869593 [debug] [Thread-1 (]: Using postgres connection "model.dbt_driven_data.trusted_payment_data"
[0m03:25:07.870810 [debug] [Thread-1 (]: On model.dbt_driven_data.trusted_payment_data: /* {"app": "dbt", "dbt_version": "1.8.0", "profile_name": "default", "target_name": "dev", "node_id": "model.dbt_driven_data.trusted_payment_data"} */
drop table if exists "airflow"."driven_trusted"."payment_data__dbt_backup" cascade
[0m03:25:07.875773 [debug] [Thread-1 (]: SQL status: DROP TABLE in 0.004 seconds
[0m03:25:07.878052 [debug] [Thread-1 (]: On model.dbt_driven_data.trusted_payment_data: Close
[0m03:25:07.879762 [debug] [Thread-1 (]: Sending event: {'category': 'dbt', 'action': 'run_model', 'label': 'bf816203-b70b-43cc-b740-0f4ba9c17021', 'context': [<snowplow_tracker.self_describing_json.SelfDescribingJson object at 0x70752f702d80>]}
[0m03:25:07.882378 [info ] [Thread-1 (]: 2 of 4 OK created sql table model driven_trusted.payment_data .................. [[32mSELECT 40[0m in 0.08s]
[0m03:25:07.883827 [debug] [Thread-1 (]: Finished running node model.dbt_driven_data.trusted_payment_data
[0m03:25:07.884705 [debug] [Thread-1 (]: Began running node model.dbt_driven_data.trusted_pii_data
[0m03:25:07.885558 [info ] [Thread-1 (]: 3 of 4 START sql table model driven_trusted.pii_data ........................... [RUN]
[0m03:25:07.886507 [debug] [Thread-1 (]: Re-using an available connection from the pool (formerly model.dbt_driven_data.trusted_payment_data, now model.dbt_driven_data.trusted_pii_data)
[0m03:25:07.887075 [debug] [Thread-1 (]: Began compiling node model.dbt_driven_data.trusted_pii_data
[0m03:25:07.891325 [debug] [Thread-1 (]: Writing injected SQL for node "model.dbt_driven_data.trusted_pii_data"
[0m03:25:07.907002 [debug] [Thread-1 (]: Began executing node model.dbt_driven_data.trusted_pii_data
[0m03:25:07.911407 [debug] [Thread-1 (]: Writing runtime sql for node "model.dbt_driven_data.trusted_pii_data"
[0m03:25:07.924408 [debug] [Thread-1 (]: Using postgres connection "model.dbt_driven_data.trusted_pii_data"
[0m03:25:07.925367 [debug] [Thread-1 (]: On model.dbt_driven_data.trusted_pii_data: BEGIN
[0m03:25:07.926125 [debug] [Thread-1 (]: Opening a new connection, currently in state closed
[0m03:25:07.931855 [debug] [Thread-1 (]: SQL status: BEGIN in 0.005 seconds
[0m03:25:07.933251 [debug] [Thread-1 (]: Using postgres connection "model.dbt_driven_data.trusted_pii_data"
[0m03:25:07.933918 [debug] [Thread-1 (]: On model.dbt_driven_data.trusted_pii_data: /* {"app": "dbt", "dbt_version": "1.8.0", "profile_name": "default", "target_name": "dev", "node_id": "model.dbt_driven_data.trusted_pii_data"} */

  
    

  create  table "airflow"."driven_trusted"."pii_data__dbt_tmp"
  
  
    as
  
  (
    
WITH source_data AS (
 SELECT
 dp.person_name,
 dp.user_name,
 dp.email,
 dp.personal_number,
 dp.birth_date,
 da.address,
 dp.phone,
 da.mac_address,
 da.ip_address,
 df.iban,
 dd.accessed_at,
 fnu.session_duration,
 fnu.download_speed,
 fnu.upload_speed,
 fnu.consumed_traffic,
 fnu.unique_id
 FROM
 "airflow"."driven_staging"."fact_network_usage" fnu
 INNER JOIN
 "airflow"."driven_staging"."dim_address" da ON
fnu.unique_id = da.unique_id
 INNER JOIN
 "airflow"."driven_staging"."dim_date" dd ON da.unique_id =
dd.unique_id
 INNER JOIN
 "airflow"."driven_staging"."dim_finance" df ON dd.unique_id
= df.unique_id
 INNER JOIN
 "airflow"."driven_staging"."dim_person" dp ON df.unique_id
= dp.unique_id
)
SELECT
 *
FROM
 source_data
  );
  
[0m03:25:07.943504 [debug] [Thread-1 (]: SQL status: SELECT 40 in 0.009 seconds
[0m03:25:07.947358 [debug] [Thread-1 (]: Using postgres connection "model.dbt_driven_data.trusted_pii_data"
[0m03:25:07.948469 [debug] [Thread-1 (]: On model.dbt_driven_data.trusted_pii_data: /* {"app": "dbt", "dbt_version": "1.8.0", "profile_name": "default", "target_name": "dev", "node_id": "model.dbt_driven_data.trusted_pii_data"} */
alter table "airflow"."driven_trusted"."pii_data__dbt_tmp" rename to "pii_data"
[0m03:25:07.949554 [debug] [Thread-1 (]: SQL status: ALTER TABLE in 0.000 seconds
[0m03:25:07.951234 [debug] [Thread-1 (]: On model.dbt_driven_data.trusted_pii_data: COMMIT
[0m03:25:07.951792 [debug] [Thread-1 (]: Using postgres connection "model.dbt_driven_data.trusted_pii_data"
[0m03:25:07.952383 [debug] [Thread-1 (]: On model.dbt_driven_data.trusted_pii_data: COMMIT
[0m03:25:07.956488 [debug] [Thread-1 (]: SQL status: COMMIT in 0.003 seconds
[0m03:25:07.959873 [debug] [Thread-1 (]: Applying DROP to: "airflow"."driven_trusted"."pii_data__dbt_backup"
[0m03:25:07.961278 [debug] [Thread-1 (]: Using postgres connection "model.dbt_driven_data.trusted_pii_data"
[0m03:25:07.962351 [debug] [Thread-1 (]: On model.dbt_driven_data.trusted_pii_data: /* {"app": "dbt", "dbt_version": "1.8.0", "profile_name": "default", "target_name": "dev", "node_id": "model.dbt_driven_data.trusted_pii_data"} */
drop table if exists "airflow"."driven_trusted"."pii_data__dbt_backup" cascade
[0m03:25:07.964334 [debug] [Thread-1 (]: SQL status: DROP TABLE in 0.001 seconds
[0m03:25:07.966438 [debug] [Thread-1 (]: On model.dbt_driven_data.trusted_pii_data: Close
[0m03:25:07.967710 [debug] [Thread-1 (]: Sending event: {'category': 'dbt', 'action': 'run_model', 'label': 'bf816203-b70b-43cc-b740-0f4ba9c17021', 'context': [<snowplow_tracker.self_describing_json.SelfDescribingJson object at 0x70752f7575c0>]}
[0m03:25:07.968742 [info ] [Thread-1 (]: 3 of 4 OK created sql table model driven_trusted.pii_data ...................... [[32mSELECT 40[0m in 0.08s]
[0m03:25:07.969924 [debug] [Thread-1 (]: Finished running node model.dbt_driven_data.trusted_pii_data
[0m03:25:07.971102 [debug] [Thread-1 (]: Began running node model.dbt_driven_data.trusted_technical_data
[0m03:25:07.973147 [info ] [Thread-1 (]: 4 of 4 START sql table model driven_trusted.technical_data ..................... [RUN]
[0m03:25:07.974552 [debug] [Thread-1 (]: Re-using an available connection from the pool (formerly model.dbt_driven_data.trusted_pii_data, now model.dbt_driven_data.trusted_technical_data)
[0m03:25:07.975441 [debug] [Thread-1 (]: Began compiling node model.dbt_driven_data.trusted_technical_data
[0m03:25:07.978790 [debug] [Thread-1 (]: Writing injected SQL for node "model.dbt_driven_data.trusted_technical_data"
[0m03:25:07.991087 [debug] [Thread-1 (]: Began executing node model.dbt_driven_data.trusted_technical_data
[0m03:25:07.994350 [debug] [Thread-1 (]: Writing runtime sql for node "model.dbt_driven_data.trusted_technical_data"
[0m03:25:08.007110 [debug] [Thread-1 (]: Using postgres connection "model.dbt_driven_data.trusted_technical_data"
[0m03:25:08.007987 [debug] [Thread-1 (]: On model.dbt_driven_data.trusted_technical_data: BEGIN
[0m03:25:08.008819 [debug] [Thread-1 (]: Opening a new connection, currently in state closed
[0m03:25:08.012860 [debug] [Thread-1 (]: SQL status: BEGIN in 0.004 seconds
[0m03:25:08.014587 [debug] [Thread-1 (]: Using postgres connection "model.dbt_driven_data.trusted_technical_data"
[0m03:25:08.015594 [debug] [Thread-1 (]: On model.dbt_driven_data.trusted_technical_data: /* {"app": "dbt", "dbt_version": "1.8.0", "profile_name": "default", "target_name": "dev", "node_id": "model.dbt_driven_data.trusted_technical_data"} */

  
    

  create  table "airflow"."driven_trusted"."technical_data__dbt_tmp"
  
  
    as
  
  (
    
WITH source_data AS (
 SELECT
 fnu.unique_id,
 da.address,
 da.mac_address,
 da.ip_address,
 fnu.download_speed,
 fnu.upload_speed,
 ROUND((fnu.session_duration/60), 1) as min_session_duration,
 CASE 
 WHEN fnu.download_speed < 50 OR fnu.upload_speed < 30 OR
fnu.session_duration/60 < 1 THEN true
 ELSE false
 END AS technical_issue
 FROM
 "airflow"."driven_staging"."fact_network_usage" fnu
 JOIN
 "airflow"."driven_staging"."dim_address" da
 ON
 fnu.unique_id = da.unique_id
)
SELECT
 *
FROM
 source_data
  );
  
[0m03:25:08.025761 [debug] [Thread-1 (]: SQL status: SELECT 40 in 0.009 seconds
[0m03:25:08.029203 [debug] [Thread-1 (]: Using postgres connection "model.dbt_driven_data.trusted_technical_data"
[0m03:25:08.030264 [debug] [Thread-1 (]: On model.dbt_driven_data.trusted_technical_data: /* {"app": "dbt", "dbt_version": "1.8.0", "profile_name": "default", "target_name": "dev", "node_id": "model.dbt_driven_data.trusted_technical_data"} */
alter table "airflow"."driven_trusted"."technical_data" rename to "technical_data__dbt_backup"
[0m03:25:08.031749 [debug] [Thread-1 (]: SQL status: ALTER TABLE in 0.001 seconds
[0m03:25:08.034605 [debug] [Thread-1 (]: Using postgres connection "model.dbt_driven_data.trusted_technical_data"
[0m03:25:08.035402 [debug] [Thread-1 (]: On model.dbt_driven_data.trusted_technical_data: /* {"app": "dbt", "dbt_version": "1.8.0", "profile_name": "default", "target_name": "dev", "node_id": "model.dbt_driven_data.trusted_technical_data"} */
alter table "airflow"."driven_trusted"."technical_data__dbt_tmp" rename to "technical_data"
[0m03:25:08.036450 [debug] [Thread-1 (]: SQL status: ALTER TABLE in 0.000 seconds
[0m03:25:08.039246 [debug] [Thread-1 (]: On model.dbt_driven_data.trusted_technical_data: COMMIT
[0m03:25:08.040528 [debug] [Thread-1 (]: Using postgres connection "model.dbt_driven_data.trusted_technical_data"
[0m03:25:08.041547 [debug] [Thread-1 (]: On model.dbt_driven_data.trusted_technical_data: COMMIT
[0m03:25:08.045203 [debug] [Thread-1 (]: SQL status: COMMIT in 0.003 seconds
[0m03:25:08.049760 [debug] [Thread-1 (]: Applying DROP to: "airflow"."driven_trusted"."technical_data__dbt_backup"
[0m03:25:08.051440 [debug] [Thread-1 (]: Using postgres connection "model.dbt_driven_data.trusted_technical_data"
[0m03:25:08.052459 [debug] [Thread-1 (]: On model.dbt_driven_data.trusted_technical_data: /* {"app": "dbt", "dbt_version": "1.8.0", "profile_name": "default", "target_name": "dev", "node_id": "model.dbt_driven_data.trusted_technical_data"} */
drop table if exists "airflow"."driven_trusted"."technical_data__dbt_backup" cascade
[0m03:25:08.057230 [debug] [Thread-1 (]: SQL status: DROP TABLE in 0.004 seconds
[0m03:25:08.059352 [debug] [Thread-1 (]: On model.dbt_driven_data.trusted_technical_data: Close
[0m03:25:08.060425 [debug] [Thread-1 (]: Sending event: {'category': 'dbt', 'action': 'run_model', 'label': 'bf816203-b70b-43cc-b740-0f4ba9c17021', 'context': [<snowplow_tracker.self_describing_json.SelfDescribingJson object at 0x707531f2b4a0>]}
[0m03:25:08.063036 [info ] [Thread-1 (]: 4 of 4 OK created sql table model driven_trusted.technical_data ................ [[32mSELECT 40[0m in 0.09s]
[0m03:25:08.065446 [debug] [Thread-1 (]: Finished running node model.dbt_driven_data.trusted_technical_data
[0m03:25:08.068697 [debug] [MainThread]: Using postgres connection "master"
[0m03:25:08.069632 [debug] [MainThread]: On master: BEGIN
[0m03:25:08.070338 [debug] [MainThread]: Opening a new connection, currently in state closed
[0m03:25:08.075395 [debug] [MainThread]: SQL status: BEGIN in 0.005 seconds
[0m03:25:08.076407 [debug] [MainThread]: On master: COMMIT
[0m03:25:08.077149 [debug] [MainThread]: Using postgres connection "master"
[0m03:25:08.077751 [debug] [MainThread]: On master: COMMIT
[0m03:25:08.078424 [debug] [MainThread]: SQL status: COMMIT in 0.000 seconds
[0m03:25:08.078885 [debug] [MainThread]: On master: Close
[0m03:25:08.079686 [debug] [MainThread]: Connection 'master' was properly closed.
[0m03:25:08.080742 [debug] [MainThread]: Connection 'model.dbt_driven_data.trusted_technical_data' was properly closed.
[0m03:25:08.081572 [info ] [MainThread]: 
[0m03:25:08.082221 [info ] [MainThread]: Finished running 4 table models in 0 hours 0 minutes and 0.58 seconds (0.58s).
[0m03:25:08.083443 [debug] [MainThread]: Command end result
[0m03:25:08.138193 [info ] [MainThread]: 
[0m03:25:08.139508 [info ] [MainThread]: [32mCompleted successfully[0m
[0m03:25:08.140391 [info ] [MainThread]: 
[0m03:25:08.141208 [info ] [MainThread]: Done. PASS=4 WARN=0 ERROR=0 SKIP=0 TOTAL=4
[0m03:25:08.142356 [debug] [MainThread]: Resource report: {"command_name": "run", "command_success": true, "command_wall_clock_time": 1.5001531, "process_user_time": 2.440021, "process_kernel_time": 0.266184, "process_mem_max_rss": "119644", "process_in_blocks": "1680", "process_out_blocks": "0"}
[0m03:25:08.143192 [debug] [MainThread]: Command `dbt run` succeeded at 03:25:08.143101 after 1.50 seconds
[0m03:25:08.143821 [debug] [MainThread]: Sending event: {'category': 'dbt', 'action': 'invocation', 'label': 'end', 'context': [<snowplow_tracker.self_describing_json.SelfDescribingJson object at 0x707534079130>, <snowplow_tracker.self_describing_json.SelfDescribingJson object at 0x70753254fef0>, <snowplow_tracker.self_describing_json.SelfDescribingJson object at 0x70753173c7d0>]}
[0m03:25:08.144487 [debug] [MainThread]: Flushing usage events
[0m18:01:20.356567 [debug] [MainThread]: Sending event: {'category': 'dbt', 'action': 'invocation', 'label': 'start', 'context': [<snowplow_tracker.self_describing_json.SelfDescribingJson object at 0x736db4196570>, <snowplow_tracker.self_describing_json.SelfDescribingJson object at 0x736db3cae7b0>, <snowplow_tracker.self_describing_json.SelfDescribingJson object at 0x736db54cc140>]}


============================== 18:01:20.369720 | e71ffe4e-c04e-456f-8d5a-efbbeb765e7c ==============================
[0m18:01:20.369720 [info ] [MainThread]: Running with dbt=1.8.0
[0m18:01:20.371995 [debug] [MainThread]: running dbt with arguments {'printer_width': '80', 'indirect_selection': 'eager', 'write_json': 'True', 'log_cache_events': 'False', 'partial_parse': 'True', 'cache_selected_only': 'False', 'warn_error': 'None', 'fail_fast': 'False', 'version_check': 'True', 'log_path': '/opt/airflow/dbt/logs', 'profiles_dir': '/opt/airflow/dbt', 'debug': 'False', 'use_colors': 'True', 'use_experimental_parser': 'False', 'no_print': 'None', 'quiet': 'False', 'warn_error_options': 'WarnErrorOptions(include=[], exclude=[])', 'invocation_command': 'dbt run --select tag:staging', 'static_parser': 'True', 'introspect': 'True', 'target_path': 'None', 'log_format': 'default', 'send_anonymous_usage_stats': 'True'}
[0m18:01:20.418276 [debug] [MainThread]: Sending event: {'category': 'dbt', 'action': 'invocation', 'label': 'start', 'context': [<snowplow_tracker.self_describing_json.SelfDescribingJson object at 0x7aa111ae9400>, <snowplow_tracker.self_describing_json.SelfDescribingJson object at 0x7aa111f362a0>, <snowplow_tracker.self_describing_json.SelfDescribingJson object at 0x7aa112326870>]}


============================== 18:01:20.441345 | 146b1b50-7350-433d-b6a7-c00d639a7eb1 ==============================
[0m18:01:20.441345 [info ] [MainThread]: Running with dbt=1.8.0
[0m18:01:20.445666 [debug] [MainThread]: running dbt with arguments {'printer_width': '80', 'indirect_selection': 'eager', 'log_cache_events': 'False', 'write_json': 'True', 'partial_parse': 'True', 'cache_selected_only': 'False', 'profiles_dir': '/opt/airflow/dbt', 'fail_fast': 'False', 'debug': 'False', 'log_path': '/opt/airflow/dbt/logs', 'warn_error': 'None', 'version_check': 'True', 'use_colors': 'True', 'use_experimental_parser': 'False', 'no_print': 'None', 'quiet': 'False', 'warn_error_options': 'WarnErrorOptions(include=[], exclude=[])', 'introspect': 'True', 'static_parser': 'True', 'log_format': 'default', 'target_path': 'None', 'invocation_command': 'dbt run --select tag:staging', 'send_anonymous_usage_stats': 'True'}
[0m18:01:21.103286 [debug] [MainThread]: Sending event: {'category': 'dbt', 'action': 'project_id', 'label': 'e71ffe4e-c04e-456f-8d5a-efbbeb765e7c', 'context': [<snowplow_tracker.self_describing_json.SelfDescribingJson object at 0x736db350bf80>]}
[0m18:01:21.184082 [debug] [MainThread]: Sending event: {'category': 'dbt', 'action': 'project_id', 'label': '146b1b50-7350-433d-b6a7-c00d639a7eb1', 'context': [<snowplow_tracker.self_describing_json.SelfDescribingJson object at 0x7aa111680cb0>]}
[0m18:01:21.308073 [debug] [MainThread]: Sending event: {'category': 'dbt', 'action': 'adapter_info', 'label': 'e71ffe4e-c04e-456f-8d5a-efbbeb765e7c', 'context': [<snowplow_tracker.self_describing_json.SelfDescribingJson object at 0x736db4e12de0>]}
[0m18:01:21.313724 [info ] [MainThread]: Registered adapter: postgres=1.8.2
[0m18:01:21.429226 [debug] [MainThread]: Sending event: {'category': 'dbt', 'action': 'adapter_info', 'label': '146b1b50-7350-433d-b6a7-c00d639a7eb1', 'context': [<snowplow_tracker.self_describing_json.SelfDescribingJson object at 0x7aa111630470>]}
[0m18:01:21.433763 [info ] [MainThread]: Registered adapter: postgres=1.8.2
[0m18:01:21.695934 [debug] [MainThread]: checksum: dbb12d416fdb55e3665e4828703bbedf40c5c90ed7ca6ff39bbbfb29b12b0a92, vars: {}, profile: , target: , version: 1.8.0
[0m18:01:21.822050 [debug] [MainThread]: checksum: dbb12d416fdb55e3665e4828703bbedf40c5c90ed7ca6ff39bbbfb29b12b0a92, vars: {}, profile: , target: , version: 1.8.0
[0m18:01:22.359995 [debug] [MainThread]: Partial parsing enabled: 0 files deleted, 0 files added, 0 files changed.
[0m18:01:22.361767 [debug] [MainThread]: Partial parsing enabled, no changes found, skipping parsing
[0m18:01:22.455011 [debug] [MainThread]: Partial parsing enabled: 0 files deleted, 0 files added, 0 files changed.
[0m18:01:22.457446 [debug] [MainThread]: Partial parsing enabled, no changes found, skipping parsing
[0m18:01:22.549900 [debug] [MainThread]: Sending event: {'category': 'dbt', 'action': 'load_project', 'label': 'e71ffe4e-c04e-456f-8d5a-efbbeb765e7c', 'context': [<snowplow_tracker.self_describing_json.SelfDescribingJson object at 0x736db29b4140>]}
[0m18:01:22.612808 [debug] [MainThread]: Sending event: {'category': 'dbt', 'action': 'load_project', 'label': '146b1b50-7350-433d-b6a7-c00d639a7eb1', 'context': [<snowplow_tracker.self_describing_json.SelfDescribingJson object at 0x7aa11172f560>]}
[0m18:01:22.937419 [debug] [MainThread]: Sending event: {'category': 'dbt', 'action': 'resource_counts', 'label': 'e71ffe4e-c04e-456f-8d5a-efbbeb765e7c', 'context': [<snowplow_tracker.self_describing_json.SelfDescribingJson object at 0x736db212b110>]}
[0m18:01:22.942797 [info ] [MainThread]: Found 9 models, 10 sources, 428 macros
[0m18:01:22.945613 [debug] [MainThread]: Sending event: {'category': 'dbt', 'action': 'runnable_timing', 'label': 'e71ffe4e-c04e-456f-8d5a-efbbeb765e7c', 'context': [<snowplow_tracker.self_describing_json.SelfDescribingJson object at 0x736db4db6c90>]}
[0m18:01:22.953117 [info ] [MainThread]: 
[0m18:01:22.956991 [debug] [MainThread]: Acquiring new postgres connection 'master'
[0m18:01:22.972539 [debug] [ThreadPool]: Acquiring new postgres connection 'list_airflow'
[0m18:01:22.982743 [debug] [MainThread]: Sending event: {'category': 'dbt', 'action': 'resource_counts', 'label': '146b1b50-7350-433d-b6a7-c00d639a7eb1', 'context': [<snowplow_tracker.self_describing_json.SelfDescribingJson object at 0x7aa110908ec0>]}
[0m18:01:22.984546 [info ] [MainThread]: Found 9 models, 10 sources, 428 macros
[0m18:01:22.986041 [debug] [MainThread]: Sending event: {'category': 'dbt', 'action': 'runnable_timing', 'label': '146b1b50-7350-433d-b6a7-c00d639a7eb1', 'context': [<snowplow_tracker.self_describing_json.SelfDescribingJson object at 0x7aa11054b380>]}
[0m18:01:22.997127 [info ] [MainThread]: 
[0m18:01:23.000516 [debug] [MainThread]: Acquiring new postgres connection 'master'
[0m18:01:23.019309 [debug] [ThreadPool]: Acquiring new postgres connection 'list_airflow'
[0m18:01:23.098589 [debug] [ThreadPool]: Using postgres connection "list_airflow"
[0m18:01:23.101742 [debug] [ThreadPool]: On list_airflow: /* {"app": "dbt", "dbt_version": "1.8.0", "profile_name": "default", "target_name": "dev", "connection_name": "list_airflow"} */

    select distinct nspname from pg_namespace
  
[0m18:01:23.104421 [debug] [ThreadPool]: Opening a new connection, currently in state init
[0m18:01:23.115538 [debug] [ThreadPool]: SQL status: SELECT 7 in 0.011 seconds
[0m18:01:23.118140 [debug] [ThreadPool]: On list_airflow: Close
[0m18:01:23.121610 [debug] [ThreadPool]: Using postgres connection "list_airflow"
[0m18:01:23.123412 [debug] [ThreadPool]: Re-using an available connection from the pool (formerly list_airflow, now list_airflow_driven_staging)
[0m18:01:23.124279 [debug] [ThreadPool]: On list_airflow: /* {"app": "dbt", "dbt_version": "1.8.0", "profile_name": "default", "target_name": "dev", "connection_name": "list_airflow"} */

    select distinct nspname from pg_namespace
  
[0m18:01:23.125996 [debug] [ThreadPool]: Opening a new connection, currently in state init
[0m18:01:23.137752 [debug] [ThreadPool]: SQL status: SELECT 7 in 0.012 seconds
[0m18:01:23.140190 [debug] [ThreadPool]: Using postgres connection "list_airflow_driven_staging"
[0m18:01:23.141602 [debug] [ThreadPool]: On list_airflow_driven_staging: BEGIN
[0m18:01:23.142641 [debug] [ThreadPool]: Opening a new connection, currently in state closed
[0m18:01:23.142659 [debug] [ThreadPool]: On list_airflow: Close
[0m18:01:23.150253 [debug] [ThreadPool]: Re-using an available connection from the pool (formerly list_airflow, now list_airflow_driven_staging)
[0m18:01:23.159072 [debug] [ThreadPool]: SQL status: BEGIN in 0.016 seconds
[0m18:01:23.162490 [debug] [ThreadPool]: Using postgres connection "list_airflow_driven_staging"
[0m18:01:23.164070 [debug] [ThreadPool]: On list_airflow_driven_staging: /* {"app": "dbt", "dbt_version": "1.8.0", "profile_name": "default", "target_name": "dev", "connection_name": "list_airflow_driven_staging"} */
select
      'airflow' as database,
      tablename as name,
      schemaname as schema,
      'table' as type
    from pg_tables
    where schemaname ilike 'driven_staging'
    union all
    select
      'airflow' as database,
      viewname as name,
      schemaname as schema,
      'view' as type
    from pg_views
    where schemaname ilike 'driven_staging'
    union all
    select
      'airflow' as database,
      matviewname as name,
      schemaname as schema,
      'materialized_view' as type
    from pg_matviews
    where schemaname ilike 'driven_staging'
  
[0m18:01:23.171306 [debug] [ThreadPool]: Using postgres connection "list_airflow_driven_staging"
[0m18:01:23.172793 [debug] [ThreadPool]: On list_airflow_driven_staging: BEGIN
[0m18:01:23.174377 [debug] [ThreadPool]: Opening a new connection, currently in state closed
[0m18:01:23.180432 [debug] [ThreadPool]: SQL status: SELECT 5 in 0.015 seconds
[0m18:01:23.182984 [debug] [ThreadPool]: On list_airflow_driven_staging: ROLLBACK
[0m18:01:23.184553 [debug] [ThreadPool]: On list_airflow_driven_staging: Close
[0m18:01:23.186543 [debug] [ThreadPool]: Re-using an available connection from the pool (formerly list_airflow_driven_staging, now list_airflow_driven_trusted)
[0m18:01:23.194752 [debug] [ThreadPool]: Using postgres connection "list_airflow_driven_trusted"
[0m18:01:23.196222 [debug] [ThreadPool]: SQL status: BEGIN in 0.022 seconds
[0m18:01:23.200952 [debug] [ThreadPool]: Using postgres connection "list_airflow_driven_staging"
[0m18:01:23.197989 [debug] [ThreadPool]: On list_airflow_driven_trusted: BEGIN
[0m18:01:23.203352 [debug] [ThreadPool]: On list_airflow_driven_staging: /* {"app": "dbt", "dbt_version": "1.8.0", "profile_name": "default", "target_name": "dev", "connection_name": "list_airflow_driven_staging"} */
select
      'airflow' as database,
      tablename as name,
      schemaname as schema,
      'table' as type
    from pg_tables
    where schemaname ilike 'driven_staging'
    union all
    select
      'airflow' as database,
      viewname as name,
      schemaname as schema,
      'view' as type
    from pg_views
    where schemaname ilike 'driven_staging'
    union all
    select
      'airflow' as database,
      matviewname as name,
      schemaname as schema,
      'materialized_view' as type
    from pg_matviews
    where schemaname ilike 'driven_staging'
  
[0m18:01:23.205317 [debug] [ThreadPool]: Opening a new connection, currently in state closed
[0m18:01:23.210075 [debug] [ThreadPool]: SQL status: SELECT 5 in 0.004 seconds
[0m18:01:23.218376 [debug] [ThreadPool]: SQL status: BEGIN in 0.013 seconds
[0m18:01:23.220857 [debug] [ThreadPool]: Using postgres connection "list_airflow_driven_trusted"
[0m18:01:23.222427 [debug] [ThreadPool]: On list_airflow_driven_trusted: /* {"app": "dbt", "dbt_version": "1.8.0", "profile_name": "default", "target_name": "dev", "connection_name": "list_airflow_driven_trusted"} */
select
      'airflow' as database,
      tablename as name,
      schemaname as schema,
      'table' as type
    from pg_tables
    where schemaname ilike 'driven_trusted'
    union all
    select
      'airflow' as database,
      viewname as name,
      schemaname as schema,
      'view' as type
    from pg_views
    where schemaname ilike 'driven_trusted'
    union all
    select
      'airflow' as database,
      matviewname as name,
      schemaname as schema,
      'materialized_view' as type
    from pg_matviews
    where schemaname ilike 'driven_trusted'
  
[0m18:01:23.213761 [debug] [ThreadPool]: On list_airflow_driven_staging: ROLLBACK
[0m18:01:23.229254 [debug] [ThreadPool]: On list_airflow_driven_staging: Close
[0m18:01:23.231240 [debug] [ThreadPool]: Re-using an available connection from the pool (formerly list_airflow_driven_staging, now list_airflow_driven_trusted)
[0m18:01:23.234320 [debug] [ThreadPool]: SQL status: SELECT 4 in 0.010 seconds
[0m18:01:23.240210 [debug] [ThreadPool]: On list_airflow_driven_trusted: ROLLBACK
[0m18:01:23.243754 [debug] [ThreadPool]: On list_airflow_driven_trusted: Close
[0m18:01:23.245071 [debug] [ThreadPool]: Using postgres connection "list_airflow_driven_trusted"
[0m18:01:23.249341 [debug] [ThreadPool]: On list_airflow_driven_trusted: BEGIN
[0m18:01:23.251009 [debug] [ThreadPool]: Opening a new connection, currently in state closed
[0m18:01:23.263213 [debug] [MainThread]: Using postgres connection "master"
[0m18:01:23.267989 [debug] [MainThread]: On master: BEGIN
[0m18:01:23.267523 [debug] [ThreadPool]: SQL status: BEGIN in 0.017 seconds
[0m18:01:23.275098 [debug] [ThreadPool]: Using postgres connection "list_airflow_driven_trusted"
[0m18:01:23.275423 [debug] [MainThread]: Opening a new connection, currently in state init
[0m18:01:23.278201 [debug] [ThreadPool]: On list_airflow_driven_trusted: /* {"app": "dbt", "dbt_version": "1.8.0", "profile_name": "default", "target_name": "dev", "connection_name": "list_airflow_driven_trusted"} */
select
      'airflow' as database,
      tablename as name,
      schemaname as schema,
      'table' as type
    from pg_tables
    where schemaname ilike 'driven_trusted'
    union all
    select
      'airflow' as database,
      viewname as name,
      schemaname as schema,
      'view' as type
    from pg_views
    where schemaname ilike 'driven_trusted'
    union all
    select
      'airflow' as database,
      matviewname as name,
      schemaname as schema,
      'materialized_view' as type
    from pg_matviews
    where schemaname ilike 'driven_trusted'
  
[0m18:01:23.287252 [debug] [ThreadPool]: SQL status: SELECT 4 in 0.004 seconds
[0m18:01:23.291434 [debug] [MainThread]: SQL status: BEGIN in 0.017 seconds
[0m18:01:23.295247 [debug] [MainThread]: Using postgres connection "master"
[0m18:01:23.302471 [debug] [ThreadPool]: On list_airflow_driven_trusted: ROLLBACK
[0m18:01:23.304298 [debug] [ThreadPool]: On list_airflow_driven_trusted: Close
[0m18:01:23.306455 [debug] [MainThread]: On master: /* {"app": "dbt", "dbt_version": "1.8.0", "profile_name": "default", "target_name": "dev", "connection_name": "master"} */
with relation as (
        select
            pg_rewrite.ev_class as class,
            pg_rewrite.oid as id
        from pg_rewrite
    ),
    class as (
        select
            oid as id,
            relname as name,
            relnamespace as schema,
            relkind as kind
        from pg_class
    ),
    dependency as (
        select distinct
            pg_depend.objid as id,
            pg_depend.refobjid as ref
        from pg_depend
    ),
    schema as (
        select
            pg_namespace.oid as id,
            pg_namespace.nspname as name
        from pg_namespace
        where nspname != 'information_schema' and nspname not like 'pg\_%'
    ),
    referenced as (
        select
            relation.id AS id,
            referenced_class.name ,
            referenced_class.schema ,
            referenced_class.kind
        from relation
        join class as referenced_class on relation.class=referenced_class.id
        where referenced_class.kind in ('r', 'v', 'm')
    ),
    relationships as (
        select
            referenced.name as referenced_name,
            referenced.schema as referenced_schema_id,
            dependent_class.name as dependent_name,
            dependent_class.schema as dependent_schema_id,
            referenced.kind as kind
        from referenced
        join dependency on referenced.id=dependency.id
        join class as dependent_class on dependency.ref=dependent_class.id
        where
            (referenced.name != dependent_class.name or
             referenced.schema != dependent_class.schema)
    )

    select
        referenced_schema.name as referenced_schema,
        relationships.referenced_name as referenced_name,
        dependent_schema.name as dependent_schema,
        relationships.dependent_name as dependent_name
    from relationships
    join schema as dependent_schema on relationships.dependent_schema_id=dependent_schema.id
    join schema as referenced_schema on relationships.referenced_schema_id=referenced_schema.id
    group by referenced_schema, referenced_name, dependent_schema, dependent_name
    order by referenced_schema, referenced_name, dependent_schema, dependent_name;
[0m18:01:23.314144 [debug] [MainThread]: SQL status: SELECT 0 in 0.006 seconds
[0m18:01:23.318185 [debug] [MainThread]: Sending event: {'category': 'dbt', 'action': 'runnable_timing', 'label': 'e71ffe4e-c04e-456f-8d5a-efbbeb765e7c', 'context': [<snowplow_tracker.self_describing_json.SelfDescribingJson object at 0x736db4f0cce0>]}
[0m18:01:23.321495 [debug] [MainThread]: On master: ROLLBACK
[0m18:01:23.322023 [debug] [MainThread]: Using postgres connection "master"
[0m18:01:23.324327 [debug] [MainThread]: On master: BEGIN
[0m18:01:23.324786 [debug] [MainThread]: Using postgres connection "master"
[0m18:01:23.326037 [debug] [MainThread]: Opening a new connection, currently in state init
[0m18:01:23.326776 [debug] [MainThread]: On master: BEGIN
[0m18:01:23.329395 [debug] [MainThread]: SQL status: BEGIN in 0.001 seconds
[0m18:01:23.331344 [debug] [MainThread]: On master: COMMIT
[0m18:01:23.332780 [debug] [MainThread]: Using postgres connection "master"
[0m18:01:23.334176 [debug] [MainThread]: On master: COMMIT
[0m18:01:23.336175 [debug] [MainThread]: SQL status: COMMIT in 0.000 seconds
[0m18:01:23.338316 [debug] [MainThread]: SQL status: BEGIN in 0.012 seconds
[0m18:01:23.339588 [debug] [MainThread]: On master: Close
[0m18:01:23.341836 [debug] [MainThread]: Using postgres connection "master"
[0m18:01:23.345035 [debug] [MainThread]: On master: /* {"app": "dbt", "dbt_version": "1.8.0", "profile_name": "default", "target_name": "dev", "connection_name": "master"} */
with relation as (
        select
            pg_rewrite.ev_class as class,
            pg_rewrite.oid as id
        from pg_rewrite
    ),
    class as (
        select
            oid as id,
            relname as name,
            relnamespace as schema,
            relkind as kind
        from pg_class
    ),
    dependency as (
        select distinct
            pg_depend.objid as id,
            pg_depend.refobjid as ref
        from pg_depend
    ),
    schema as (
        select
            pg_namespace.oid as id,
            pg_namespace.nspname as name
        from pg_namespace
        where nspname != 'information_schema' and nspname not like 'pg\_%'
    ),
    referenced as (
        select
            relation.id AS id,
            referenced_class.name ,
            referenced_class.schema ,
            referenced_class.kind
        from relation
        join class as referenced_class on relation.class=referenced_class.id
        where referenced_class.kind in ('r', 'v', 'm')
    ),
    relationships as (
        select
            referenced.name as referenced_name,
            referenced.schema as referenced_schema_id,
            dependent_class.name as dependent_name,
            dependent_class.schema as dependent_schema_id,
            referenced.kind as kind
        from referenced
        join dependency on referenced.id=dependency.id
        join class as dependent_class on dependency.ref=dependent_class.id
        where
            (referenced.name != dependent_class.name or
             referenced.schema != dependent_class.schema)
    )

    select
        referenced_schema.name as referenced_schema,
        relationships.referenced_name as referenced_name,
        dependent_schema.name as dependent_schema,
        relationships.dependent_name as dependent_name
    from relationships
    join schema as dependent_schema on relationships.dependent_schema_id=dependent_schema.id
    join schema as referenced_schema on relationships.referenced_schema_id=referenced_schema.id
    group by referenced_schema, referenced_name, dependent_schema, dependent_name
    order by referenced_schema, referenced_name, dependent_schema, dependent_name;
[0m18:01:23.345020 [info ] [MainThread]: Concurrency: 1 threads (target='dev')
[0m18:01:23.347330 [info ] [MainThread]: 
[0m18:01:23.355258 [debug] [MainThread]: SQL status: SELECT 0 in 0.008 seconds
[0m18:01:23.360742 [debug] [MainThread]: Sending event: {'category': 'dbt', 'action': 'runnable_timing', 'label': '146b1b50-7350-433d-b6a7-c00d639a7eb1', 'context': [<snowplow_tracker.self_describing_json.SelfDescribingJson object at 0x7aa11164ca70>]}
[0m18:01:23.366054 [debug] [MainThread]: On master: ROLLBACK
[0m18:01:23.368059 [debug] [MainThread]: Using postgres connection "master"
[0m18:01:23.370186 [debug] [MainThread]: On master: BEGIN
[0m18:01:23.375255 [debug] [MainThread]: SQL status: BEGIN in 0.001 seconds
[0m18:01:23.379765 [debug] [MainThread]: On master: COMMIT
[0m18:01:23.381585 [debug] [MainThread]: Using postgres connection "master"
[0m18:01:23.374846 [debug] [Thread-1 (]: Began running node model.dbt_driven_data.staging_dim_address
[0m18:01:23.385909 [info ] [Thread-1 (]: 1 of 5 START sql table model driven_staging.dim_address ........................ [RUN]
[0m18:01:23.384345 [debug] [MainThread]: On master: COMMIT
[0m18:01:23.388141 [debug] [Thread-1 (]: Re-using an available connection from the pool (formerly list_airflow_driven_trusted, now model.dbt_driven_data.staging_dim_address)
[0m18:01:23.389282 [debug] [MainThread]: SQL status: COMMIT in 0.001 seconds
[0m18:01:23.390609 [debug] [MainThread]: On master: Close
[0m18:01:23.390678 [debug] [Thread-1 (]: Began compiling node model.dbt_driven_data.staging_dim_address
[0m18:01:23.392830 [info ] [MainThread]: Concurrency: 1 threads (target='dev')
[0m18:01:23.395391 [info ] [MainThread]: 
[0m18:01:23.425116 [debug] [Thread-1 (]: Writing injected SQL for node "model.dbt_driven_data.staging_dim_address"
[0m18:01:23.431440 [debug] [Thread-1 (]: Began running node model.dbt_driven_data.staging_dim_address
[0m18:01:23.434989 [info ] [Thread-1 (]: 1 of 5 START sql table model driven_staging.dim_address ........................ [RUN]
[0m18:01:23.444160 [debug] [Thread-1 (]: Re-using an available connection from the pool (formerly list_airflow_driven_trusted, now model.dbt_driven_data.staging_dim_address)
[0m18:01:23.446109 [debug] [Thread-1 (]: Began compiling node model.dbt_driven_data.staging_dim_address
[0m18:01:23.454450 [debug] [Thread-1 (]: Began executing node model.dbt_driven_data.staging_dim_address
[0m18:01:23.480258 [debug] [Thread-1 (]: Writing injected SQL for node "model.dbt_driven_data.staging_dim_address"
[0m18:01:23.515390 [debug] [Thread-1 (]: Began executing node model.dbt_driven_data.staging_dim_address
[0m18:01:23.613166 [debug] [Thread-1 (]: Writing runtime sql for node "model.dbt_driven_data.staging_dim_address"
[0m18:01:23.631818 [debug] [Thread-1 (]: Using postgres connection "model.dbt_driven_data.staging_dim_address"
[0m18:01:23.633324 [debug] [Thread-1 (]: On model.dbt_driven_data.staging_dim_address: BEGIN
[0m18:01:23.634714 [debug] [Thread-1 (]: Opening a new connection, currently in state closed
[0m18:01:23.664157 [debug] [Thread-1 (]: SQL status: BEGIN in 0.029 seconds
[0m18:01:23.667619 [debug] [Thread-1 (]: Using postgres connection "model.dbt_driven_data.staging_dim_address"
[0m18:01:23.665912 [debug] [Thread-1 (]: Writing runtime sql for node "model.dbt_driven_data.staging_dim_address"
[0m18:01:23.675066 [debug] [Thread-1 (]: On model.dbt_driven_data.staging_dim_address: /* {"app": "dbt", "dbt_version": "1.8.0", "profile_name": "default", "target_name": "dev", "node_id": "model.dbt_driven_data.staging_dim_address"} */

  
    

  create  table "airflow"."driven_staging"."dim_address__dbt_tmp"
  
  
    as
  
  (
    
WITH source_data AS (
 SELECT
 unique_id,
 address,
 mac_address,
 ip_address
 FROM
 "airflow"."driven_raw"."raw_batch_data"
)
SELECT
 *
FROM
 source_data
  );
  
[0m18:01:23.690271 [debug] [Thread-1 (]: SQL status: SELECT 60 in 0.009 seconds
[0m18:01:23.698929 [debug] [Thread-1 (]: Using postgres connection "model.dbt_driven_data.staging_dim_address"
[0m18:01:23.700538 [debug] [Thread-1 (]: On model.dbt_driven_data.staging_dim_address: BEGIN
[0m18:01:23.702117 [debug] [Thread-1 (]: Opening a new connection, currently in state closed
[0m18:01:23.710533 [debug] [Thread-1 (]: Using postgres connection "model.dbt_driven_data.staging_dim_address"
[0m18:01:23.716428 [debug] [Thread-1 (]: SQL status: BEGIN in 0.014 seconds
[0m18:01:23.723842 [debug] [Thread-1 (]: Using postgres connection "model.dbt_driven_data.staging_dim_address"
[0m18:01:23.725502 [debug] [Thread-1 (]: On model.dbt_driven_data.staging_dim_address: /* {"app": "dbt", "dbt_version": "1.8.0", "profile_name": "default", "target_name": "dev", "node_id": "model.dbt_driven_data.staging_dim_address"} */

  
    

  create  table "airflow"."driven_staging"."dim_address__dbt_tmp"
  
  
    as
  
  (
    
WITH source_data AS (
 SELECT
 unique_id,
 address,
 mac_address,
 ip_address
 FROM
 "airflow"."driven_raw"."raw_batch_data"
)
SELECT
 *
FROM
 source_data
  );
  
[0m18:01:23.728542 [debug] [Thread-1 (]: On model.dbt_driven_data.staging_dim_address: /* {"app": "dbt", "dbt_version": "1.8.0", "profile_name": "default", "target_name": "dev", "node_id": "model.dbt_driven_data.staging_dim_address"} */
alter table "airflow"."driven_staging"."dim_address" rename to "dim_address__dbt_backup"
[0m18:01:23.731107 [debug] [Thread-1 (]: SQL status: ALTER TABLE in 0.001 seconds
[0m18:01:23.740905 [debug] [Thread-1 (]: Using postgres connection "model.dbt_driven_data.staging_dim_address"
[0m18:01:23.742584 [debug] [Thread-1 (]: On model.dbt_driven_data.staging_dim_address: /* {"app": "dbt", "dbt_version": "1.8.0", "profile_name": "default", "target_name": "dev", "node_id": "model.dbt_driven_data.staging_dim_address"} */
alter table "airflow"."driven_staging"."dim_address__dbt_tmp" rename to "dim_address"
[0m18:01:23.746362 [debug] [Thread-1 (]: SQL status: ALTER TABLE in 0.001 seconds
[0m18:01:23.808962 [debug] [Thread-1 (]: On model.dbt_driven_data.staging_dim_address: COMMIT
[0m18:01:23.814101 [debug] [Thread-1 (]: Using postgres connection "model.dbt_driven_data.staging_dim_address"
[0m18:01:23.815806 [debug] [Thread-1 (]: On model.dbt_driven_data.staging_dim_address: COMMIT
[0m18:01:23.831862 [debug] [Thread-1 (]: SQL status: COMMIT in 0.008 seconds
[0m18:01:23.833248 [debug] [Thread-1 (]: SQL status: SELECT 60 in 0.106 seconds
[0m18:01:23.849207 [debug] [Thread-1 (]: Applying DROP to: "airflow"."driven_staging"."dim_address__dbt_backup"
[0m18:01:23.850886 [debug] [Thread-1 (]: Using postgres connection "model.dbt_driven_data.staging_dim_address"
[0m18:01:23.852806 [debug] [Thread-1 (]: On model.dbt_driven_data.staging_dim_address: /* {"app": "dbt", "dbt_version": "1.8.0", "profile_name": "default", "target_name": "dev", "node_id": "model.dbt_driven_data.staging_dim_address"} */
alter table "airflow"."driven_staging"."dim_address" rename to "dim_address__dbt_backup"
[0m18:01:23.857105 [debug] [Thread-1 (]: Postgres adapter: Postgres error: relation "dim_address__dbt_backup" already exists

[0m18:01:23.861848 [debug] [Thread-1 (]: On model.dbt_driven_data.staging_dim_address: ROLLBACK
[0m18:01:23.868803 [debug] [Thread-1 (]: Postgres adapter: Error running SQL: macro rename_relation
[0m18:01:23.870228 [debug] [Thread-1 (]: Postgres adapter: Rolling back transaction.
[0m18:01:23.871941 [debug] [Thread-1 (]: On model.dbt_driven_data.staging_dim_address: Close
[0m18:01:23.875385 [debug] [Thread-1 (]: Using postgres connection "model.dbt_driven_data.staging_dim_address"
[0m18:01:23.878727 [debug] [Thread-1 (]: On model.dbt_driven_data.staging_dim_address: /* {"app": "dbt", "dbt_version": "1.8.0", "profile_name": "default", "target_name": "dev", "node_id": "model.dbt_driven_data.staging_dim_address"} */
drop table if exists "airflow"."driven_staging"."dim_address__dbt_backup" cascade
[0m18:01:23.896226 [debug] [Thread-1 (]: SQL status: DROP TABLE in 0.012 seconds
[0m18:01:23.896342 [debug] [Thread-1 (]: Database Error in model staging_dim_address (models/staging_dim_address.sql)
  relation "dim_address__dbt_backup" already exists
  compiled code at target/run/dbt_driven_data/models/staging_dim_address.sql
[0m18:01:23.902476 [debug] [Thread-1 (]: Sending event: {'category': 'dbt', 'action': 'run_model', 'label': '146b1b50-7350-433d-b6a7-c00d639a7eb1', 'context': [<snowplow_tracker.self_describing_json.SelfDescribingJson object at 0x7aa112324710>]}
[0m18:01:23.902840 [debug] [Thread-1 (]: On model.dbt_driven_data.staging_dim_address: Close
[0m18:01:23.905083 [error] [Thread-1 (]: 1 of 5 ERROR creating sql table model driven_staging.dim_address ............... [[31mERROR[0m in 0.45s]
[0m18:01:23.907838 [debug] [Thread-1 (]: Finished running node model.dbt_driven_data.staging_dim_address
[0m18:01:23.910197 [debug] [Thread-1 (]: Began running node model.dbt_driven_data.staging_dim_date
[0m18:01:23.913335 [info ] [Thread-1 (]: 2 of 5 START sql table model driven_staging.dim_date ........................... [RUN]
[0m18:01:23.915354 [debug] [Thread-1 (]: Re-using an available connection from the pool (formerly model.dbt_driven_data.staging_dim_address, now model.dbt_driven_data.staging_dim_date)
[0m18:01:23.917432 [debug] [Thread-1 (]: Sending event: {'category': 'dbt', 'action': 'run_model', 'label': 'e71ffe4e-c04e-456f-8d5a-efbbeb765e7c', 'context': [<snowplow_tracker.self_describing_json.SelfDescribingJson object at 0x736db294edb0>]}
[0m18:01:23.918566 [debug] [Thread-1 (]: Began compiling node model.dbt_driven_data.staging_dim_date
[0m18:01:23.920369 [info ] [Thread-1 (]: 1 of 5 OK created sql table model driven_staging.dim_address ................... [[32mSELECT 60[0m in 0.52s]
[0m18:01:23.924026 [debug] [Thread-1 (]: Finished running node model.dbt_driven_data.staging_dim_address
[0m18:01:23.925869 [debug] [Thread-1 (]: Began running node model.dbt_driven_data.staging_dim_date
[0m18:01:23.930302 [debug] [Thread-1 (]: Writing injected SQL for node "model.dbt_driven_data.staging_dim_date"
[0m18:01:23.930560 [info ] [Thread-1 (]: 2 of 5 START sql table model driven_staging.dim_date ........................... [RUN]
[0m18:01:23.932684 [debug] [Thread-1 (]: Re-using an available connection from the pool (formerly model.dbt_driven_data.staging_dim_address, now model.dbt_driven_data.staging_dim_date)
[0m18:01:23.939805 [debug] [Thread-1 (]: Began compiling node model.dbt_driven_data.staging_dim_date
[0m18:01:23.949664 [debug] [Thread-1 (]: Writing injected SQL for node "model.dbt_driven_data.staging_dim_date"
[0m18:01:23.963932 [debug] [Thread-1 (]: Began executing node model.dbt_driven_data.staging_dim_date
[0m18:01:23.978604 [debug] [Thread-1 (]: Began executing node model.dbt_driven_data.staging_dim_date
[0m18:01:23.996957 [debug] [Thread-1 (]: Writing runtime sql for node "model.dbt_driven_data.staging_dim_date"
[0m18:01:24.015891 [debug] [Thread-1 (]: Writing runtime sql for node "model.dbt_driven_data.staging_dim_date"
[0m18:01:24.033151 [debug] [Thread-1 (]: Using postgres connection "model.dbt_driven_data.staging_dim_date"
[0m18:01:24.034870 [debug] [Thread-1 (]: On model.dbt_driven_data.staging_dim_date: BEGIN
[0m18:01:24.035137 [debug] [Thread-1 (]: Using postgres connection "model.dbt_driven_data.staging_dim_date"
[0m18:01:24.039170 [debug] [Thread-1 (]: Opening a new connection, currently in state closed
[0m18:01:24.040407 [debug] [Thread-1 (]: On model.dbt_driven_data.staging_dim_date: BEGIN
[0m18:01:24.056291 [debug] [Thread-1 (]: Opening a new connection, currently in state closed
[0m18:01:24.066589 [debug] [Thread-1 (]: SQL status: BEGIN in 0.027 seconds
[0m18:01:24.072956 [debug] [Thread-1 (]: SQL status: BEGIN in 0.016 seconds
[0m18:01:24.079604 [debug] [Thread-1 (]: Using postgres connection "model.dbt_driven_data.staging_dim_date"
[0m18:01:24.084285 [debug] [Thread-1 (]: Using postgres connection "model.dbt_driven_data.staging_dim_date"
[0m18:01:24.101103 [debug] [Thread-1 (]: On model.dbt_driven_data.staging_dim_date: /* {"app": "dbt", "dbt_version": "1.8.0", "profile_name": "default", "target_name": "dev", "node_id": "model.dbt_driven_data.staging_dim_date"} */

  
    

  create  table "airflow"."driven_staging"."dim_date__dbt_tmp"
  
  
    as
  
  (
    

WITH source_data AS (
  SELECT
    unique_id,
    accessed_at
  FROM
    "airflow"."driven_raw"."raw_batch_data"
)

SELECT
  *
FROM
  source_data
  );
  
[0m18:01:24.103012 [debug] [Thread-1 (]: On model.dbt_driven_data.staging_dim_date: /* {"app": "dbt", "dbt_version": "1.8.0", "profile_name": "default", "target_name": "dev", "node_id": "model.dbt_driven_data.staging_dim_date"} */

  
    

  create  table "airflow"."driven_staging"."dim_date__dbt_tmp"
  
  
    as
  
  (
    

WITH source_data AS (
  SELECT
    unique_id,
    accessed_at
  FROM
    "airflow"."driven_raw"."raw_batch_data"
)

SELECT
  *
FROM
  source_data
  );
  
[0m18:01:24.110265 [debug] [Thread-1 (]: SQL status: SELECT 60 in 0.003 seconds
[0m18:01:24.123244 [debug] [Thread-1 (]: Using postgres connection "model.dbt_driven_data.staging_dim_date"
[0m18:01:24.137162 [debug] [Thread-1 (]: On model.dbt_driven_data.staging_dim_date: /* {"app": "dbt", "dbt_version": "1.8.0", "profile_name": "default", "target_name": "dev", "node_id": "model.dbt_driven_data.staging_dim_date"} */
alter table "airflow"."driven_staging"."dim_date" rename to "dim_date__dbt_backup"
[0m18:01:24.139462 [debug] [Thread-1 (]: SQL status: ALTER TABLE in 0.001 seconds
[0m18:01:24.157487 [debug] [Thread-1 (]: Using postgres connection "model.dbt_driven_data.staging_dim_date"
[0m18:01:24.159452 [debug] [Thread-1 (]: On model.dbt_driven_data.staging_dim_date: /* {"app": "dbt", "dbt_version": "1.8.0", "profile_name": "default", "target_name": "dev", "node_id": "model.dbt_driven_data.staging_dim_date"} */
alter table "airflow"."driven_staging"."dim_date__dbt_tmp" rename to "dim_date"
[0m18:01:24.162378 [debug] [Thread-1 (]: SQL status: ALTER TABLE in 0.001 seconds
[0m18:01:24.176163 [debug] [Thread-1 (]: On model.dbt_driven_data.staging_dim_date: COMMIT
[0m18:01:24.181249 [debug] [Thread-1 (]: Using postgres connection "model.dbt_driven_data.staging_dim_date"
[0m18:01:24.184504 [debug] [Thread-1 (]: On model.dbt_driven_data.staging_dim_date: COMMIT
[0m18:01:24.210867 [debug] [Thread-1 (]: SQL status: COMMIT in 0.019 seconds
[0m18:01:24.213159 [debug] [Thread-1 (]: SQL status: SELECT 60 in 0.106 seconds
[0m18:01:24.218802 [debug] [Thread-1 (]: Applying DROP to: "airflow"."driven_staging"."dim_date__dbt_backup"
[0m18:01:24.221103 [debug] [Thread-1 (]: Using postgres connection "model.dbt_driven_data.staging_dim_date"
[0m18:01:24.221774 [debug] [Thread-1 (]: Using postgres connection "model.dbt_driven_data.staging_dim_date"
[0m18:01:24.222858 [debug] [Thread-1 (]: On model.dbt_driven_data.staging_dim_date: /* {"app": "dbt", "dbt_version": "1.8.0", "profile_name": "default", "target_name": "dev", "node_id": "model.dbt_driven_data.staging_dim_date"} */
alter table "airflow"."driven_staging"."dim_date" rename to "dim_date__dbt_backup"
[0m18:01:24.223394 [debug] [Thread-1 (]: On model.dbt_driven_data.staging_dim_date: /* {"app": "dbt", "dbt_version": "1.8.0", "profile_name": "default", "target_name": "dev", "node_id": "model.dbt_driven_data.staging_dim_date"} */
drop table if exists "airflow"."driven_staging"."dim_date__dbt_backup" cascade
[0m18:01:24.226132 [debug] [Thread-1 (]: Postgres adapter: Postgres error: relation "dim_date__dbt_backup" already exists

[0m18:01:24.227651 [debug] [Thread-1 (]: On model.dbt_driven_data.staging_dim_date: ROLLBACK
[0m18:01:24.230164 [debug] [Thread-1 (]: Postgres adapter: Error running SQL: macro rename_relation
[0m18:01:24.233072 [debug] [Thread-1 (]: Postgres adapter: Rolling back transaction.
[0m18:01:24.234685 [debug] [Thread-1 (]: On model.dbt_driven_data.staging_dim_date: Close
[0m18:01:24.255762 [debug] [Thread-1 (]: Database Error in model staging_dim_date (models/staging_dim_date.sql)
  relation "dim_date__dbt_backup" already exists
  compiled code at target/run/dbt_driven_data/models/staging_dim_date.sql
[0m18:01:24.258850 [debug] [Thread-1 (]: SQL status: DROP TABLE in 0.033 seconds
[0m18:01:24.260020 [debug] [Thread-1 (]: Sending event: {'category': 'dbt', 'action': 'run_model', 'label': '146b1b50-7350-433d-b6a7-c00d639a7eb1', 'context': [<snowplow_tracker.self_describing_json.SelfDescribingJson object at 0x7aa10f5c7bc0>]}
[0m18:01:24.262045 [error] [Thread-1 (]: 2 of 5 ERROR creating sql table model driven_staging.dim_date .................. [[31mERROR[0m in 0.34s]
[0m18:01:24.262967 [debug] [Thread-1 (]: On model.dbt_driven_data.staging_dim_date: Close
[0m18:01:24.264608 [debug] [Thread-1 (]: Finished running node model.dbt_driven_data.staging_dim_date
[0m18:01:24.265092 [debug] [Thread-1 (]: Sending event: {'category': 'dbt', 'action': 'run_model', 'label': 'e71ffe4e-c04e-456f-8d5a-efbbeb765e7c', 'context': [<snowplow_tracker.self_describing_json.SelfDescribingJson object at 0x736db0805970>]}
[0m18:01:24.269181 [debug] [Thread-1 (]: Began running node model.dbt_driven_data.staging_dim_finance
[0m18:01:24.269784 [info ] [Thread-1 (]: 2 of 5 OK created sql table model driven_staging.dim_date ...................... [[32mSELECT 60[0m in 0.33s]
[0m18:01:24.275425 [debug] [Thread-1 (]: Finished running node model.dbt_driven_data.staging_dim_date
[0m18:01:24.278303 [info ] [Thread-1 (]: 3 of 5 START sql table model driven_staging.dim_finance ........................ [RUN]
[0m18:01:24.281607 [debug] [Thread-1 (]: Re-using an available connection from the pool (formerly model.dbt_driven_data.staging_dim_date, now model.dbt_driven_data.staging_dim_finance)
[0m18:01:24.281596 [debug] [Thread-1 (]: Began running node model.dbt_driven_data.staging_dim_finance
[0m18:01:24.283820 [info ] [Thread-1 (]: 3 of 5 START sql table model driven_staging.dim_finance ........................ [RUN]
[0m18:01:24.284302 [debug] [Thread-1 (]: Began compiling node model.dbt_driven_data.staging_dim_finance
[0m18:01:24.286002 [debug] [Thread-1 (]: Re-using an available connection from the pool (formerly model.dbt_driven_data.staging_dim_date, now model.dbt_driven_data.staging_dim_finance)
[0m18:01:24.289050 [debug] [Thread-1 (]: Began compiling node model.dbt_driven_data.staging_dim_finance
[0m18:01:24.298410 [debug] [Thread-1 (]: Writing injected SQL for node "model.dbt_driven_data.staging_dim_finance"
[0m18:01:24.302339 [debug] [Thread-1 (]: Writing injected SQL for node "model.dbt_driven_data.staging_dim_finance"
[0m18:01:24.320251 [debug] [Thread-1 (]: Began executing node model.dbt_driven_data.staging_dim_finance
[0m18:01:24.333258 [debug] [Thread-1 (]: Began executing node model.dbt_driven_data.staging_dim_finance
[0m18:01:24.341056 [debug] [Thread-1 (]: Writing runtime sql for node "model.dbt_driven_data.staging_dim_finance"
[0m18:01:24.350593 [debug] [Thread-1 (]: Writing runtime sql for node "model.dbt_driven_data.staging_dim_finance"
[0m18:01:24.356231 [debug] [Thread-1 (]: Using postgres connection "model.dbt_driven_data.staging_dim_finance"
[0m18:01:24.358177 [debug] [Thread-1 (]: On model.dbt_driven_data.staging_dim_finance: BEGIN
[0m18:01:24.360402 [debug] [Thread-1 (]: Opening a new connection, currently in state closed
[0m18:01:24.371356 [debug] [Thread-1 (]: Using postgres connection "model.dbt_driven_data.staging_dim_finance"
[0m18:01:24.372345 [debug] [Thread-1 (]: SQL status: BEGIN in 0.012 seconds
[0m18:01:24.378383 [debug] [Thread-1 (]: Using postgres connection "model.dbt_driven_data.staging_dim_finance"
[0m18:01:24.381302 [debug] [Thread-1 (]: On model.dbt_driven_data.staging_dim_finance: /* {"app": "dbt", "dbt_version": "1.8.0", "profile_name": "default", "target_name": "dev", "node_id": "model.dbt_driven_data.staging_dim_finance"} */

  
    

  create  table "airflow"."driven_staging"."dim_finance__dbt_tmp"
  
  
    as
  
  (
    
WITH source_data AS (
 SELECT
 unique_id,
 iban
 FROM
 "airflow"."driven_raw"."raw_batch_data"
)
SELECT
 *
FROM
 source_data
  );
  
[0m18:01:24.380836 [debug] [Thread-1 (]: On model.dbt_driven_data.staging_dim_finance: BEGIN
[0m18:01:24.384383 [debug] [Thread-1 (]: Opening a new connection, currently in state closed
[0m18:01:24.387310 [debug] [Thread-1 (]: SQL status: SELECT 60 in 0.003 seconds
[0m18:01:24.395070 [debug] [Thread-1 (]: SQL status: BEGIN in 0.011 seconds
[0m18:01:24.402605 [debug] [Thread-1 (]: Using postgres connection "model.dbt_driven_data.staging_dim_finance"
[0m18:01:24.405363 [debug] [Thread-1 (]: On model.dbt_driven_data.staging_dim_finance: /* {"app": "dbt", "dbt_version": "1.8.0", "profile_name": "default", "target_name": "dev", "node_id": "model.dbt_driven_data.staging_dim_finance"} */
alter table "airflow"."driven_staging"."dim_finance" rename to "dim_finance__dbt_backup"
[0m18:01:24.411800 [debug] [Thread-1 (]: Using postgres connection "model.dbt_driven_data.staging_dim_finance"
[0m18:01:24.416993 [debug] [Thread-1 (]: On model.dbt_driven_data.staging_dim_finance: /* {"app": "dbt", "dbt_version": "1.8.0", "profile_name": "default", "target_name": "dev", "node_id": "model.dbt_driven_data.staging_dim_finance"} */

  
    

  create  table "airflow"."driven_staging"."dim_finance__dbt_tmp"
  
  
    as
  
  (
    
WITH source_data AS (
 SELECT
 unique_id,
 iban
 FROM
 "airflow"."driven_raw"."raw_batch_data"
)
SELECT
 *
FROM
 source_data
  );
  
[0m18:01:24.417560 [debug] [Thread-1 (]: SQL status: ALTER TABLE in 0.001 seconds
[0m18:01:24.429738 [debug] [Thread-1 (]: Using postgres connection "model.dbt_driven_data.staging_dim_finance"
[0m18:01:24.433807 [debug] [Thread-1 (]: On model.dbt_driven_data.staging_dim_finance: /* {"app": "dbt", "dbt_version": "1.8.0", "profile_name": "default", "target_name": "dev", "node_id": "model.dbt_driven_data.staging_dim_finance"} */
alter table "airflow"."driven_staging"."dim_finance__dbt_tmp" rename to "dim_finance"
[0m18:01:24.447071 [debug] [Thread-1 (]: SQL status: ALTER TABLE in 0.012 seconds
[0m18:01:24.450631 [debug] [Thread-1 (]: On model.dbt_driven_data.staging_dim_finance: COMMIT
[0m18:01:24.452269 [debug] [Thread-1 (]: Using postgres connection "model.dbt_driven_data.staging_dim_finance"
[0m18:01:24.455486 [debug] [Thread-1 (]: On model.dbt_driven_data.staging_dim_finance: COMMIT
[0m18:01:24.478274 [debug] [Thread-1 (]: SQL status: COMMIT in 0.021 seconds
[0m18:01:24.481215 [debug] [Thread-1 (]: SQL status: SELECT 60 in 0.062 seconds
[0m18:01:24.485747 [debug] [Thread-1 (]: Applying DROP to: "airflow"."driven_staging"."dim_finance__dbt_backup"
[0m18:01:24.491252 [debug] [Thread-1 (]: Using postgres connection "model.dbt_driven_data.staging_dim_finance"
[0m18:01:24.492503 [debug] [Thread-1 (]: Using postgres connection "model.dbt_driven_data.staging_dim_finance"
[0m18:01:24.493741 [debug] [Thread-1 (]: On model.dbt_driven_data.staging_dim_finance: /* {"app": "dbt", "dbt_version": "1.8.0", "profile_name": "default", "target_name": "dev", "node_id": "model.dbt_driven_data.staging_dim_finance"} */
alter table "airflow"."driven_staging"."dim_finance" rename to "dim_finance__dbt_backup"
[0m18:01:24.494059 [debug] [Thread-1 (]: On model.dbt_driven_data.staging_dim_finance: /* {"app": "dbt", "dbt_version": "1.8.0", "profile_name": "default", "target_name": "dev", "node_id": "model.dbt_driven_data.staging_dim_finance"} */
drop table if exists "airflow"."driven_staging"."dim_finance__dbt_backup" cascade
[0m18:01:24.498000 [debug] [Thread-1 (]: Postgres adapter: Postgres error: relation "dim_finance__dbt_backup" already exists

[0m18:01:24.502451 [debug] [Thread-1 (]: On model.dbt_driven_data.staging_dim_finance: ROLLBACK
[0m18:01:24.506813 [debug] [Thread-1 (]: Postgres adapter: Error running SQL: macro rename_relation
[0m18:01:24.508613 [debug] [Thread-1 (]: Postgres adapter: Rolling back transaction.
[0m18:01:24.510435 [debug] [Thread-1 (]: On model.dbt_driven_data.staging_dim_finance: Close
[0m18:01:24.528680 [debug] [Thread-1 (]: Database Error in model staging_dim_finance (models/staging_dim_finance.sql)
  relation "dim_finance__dbt_backup" already exists
  compiled code at target/run/dbt_driven_data/models/staging_dim_finance.sql
[0m18:01:24.529664 [debug] [Thread-1 (]: SQL status: DROP TABLE in 0.034 seconds
[0m18:01:24.531734 [debug] [Thread-1 (]: Sending event: {'category': 'dbt', 'action': 'run_model', 'label': '146b1b50-7350-433d-b6a7-c00d639a7eb1', 'context': [<snowplow_tracker.self_describing_json.SelfDescribingJson object at 0x7aa10d10a930>]}
[0m18:01:24.533997 [debug] [Thread-1 (]: On model.dbt_driven_data.staging_dim_finance: Close
[0m18:01:24.535097 [error] [Thread-1 (]: 3 of 5 ERROR creating sql table model driven_staging.dim_finance ............... [[31mERROR[0m in 0.25s]
[0m18:01:24.536309 [debug] [Thread-1 (]: Sending event: {'category': 'dbt', 'action': 'run_model', 'label': 'e71ffe4e-c04e-456f-8d5a-efbbeb765e7c', 'context': [<snowplow_tracker.self_describing_json.SelfDescribingJson object at 0x736db0721370>]}
[0m18:01:24.538167 [info ] [Thread-1 (]: 3 of 5 OK created sql table model driven_staging.dim_finance ................... [[32mSELECT 60[0m in 0.25s]
[0m18:01:24.537674 [debug] [Thread-1 (]: Finished running node model.dbt_driven_data.staging_dim_finance
[0m18:01:24.542558 [debug] [Thread-1 (]: Began running node model.dbt_driven_data.staging_dim_person
[0m18:01:24.546570 [debug] [Thread-1 (]: Finished running node model.dbt_driven_data.staging_dim_finance
[0m18:01:24.550438 [debug] [Thread-1 (]: Began running node model.dbt_driven_data.staging_dim_person
[0m18:01:24.547761 [info ] [Thread-1 (]: 4 of 5 START sql table model driven_staging.dim_person ......................... [RUN]
[0m18:01:24.553717 [debug] [Thread-1 (]: Re-using an available connection from the pool (formerly model.dbt_driven_data.staging_dim_finance, now model.dbt_driven_data.staging_dim_person)
[0m18:01:24.553809 [info ] [Thread-1 (]: 4 of 5 START sql table model driven_staging.dim_person ......................... [RUN]
[0m18:01:24.555774 [debug] [Thread-1 (]: Re-using an available connection from the pool (formerly model.dbt_driven_data.staging_dim_finance, now model.dbt_driven_data.staging_dim_person)
[0m18:01:24.555833 [debug] [Thread-1 (]: Began compiling node model.dbt_driven_data.staging_dim_person
[0m18:01:24.557904 [debug] [Thread-1 (]: Began compiling node model.dbt_driven_data.staging_dim_person
[0m18:01:24.570793 [debug] [Thread-1 (]: Writing injected SQL for node "model.dbt_driven_data.staging_dim_person"
[0m18:01:24.574626 [debug] [Thread-1 (]: Writing injected SQL for node "model.dbt_driven_data.staging_dim_person"
[0m18:01:24.585438 [debug] [Thread-1 (]: Began executing node model.dbt_driven_data.staging_dim_person
[0m18:01:24.592614 [debug] [Thread-1 (]: Began executing node model.dbt_driven_data.staging_dim_person
[0m18:01:24.599691 [debug] [Thread-1 (]: Writing runtime sql for node "model.dbt_driven_data.staging_dim_person"
[0m18:01:24.603632 [debug] [Thread-1 (]: Writing runtime sql for node "model.dbt_driven_data.staging_dim_person"
[0m18:01:24.613706 [debug] [Thread-1 (]: Using postgres connection "model.dbt_driven_data.staging_dim_person"
[0m18:01:24.615186 [debug] [Thread-1 (]: On model.dbt_driven_data.staging_dim_person: BEGIN
[0m18:01:24.615972 [debug] [Thread-1 (]: Using postgres connection "model.dbt_driven_data.staging_dim_person"
[0m18:01:24.616611 [debug] [Thread-1 (]: Opening a new connection, currently in state closed
[0m18:01:24.619780 [debug] [Thread-1 (]: On model.dbt_driven_data.staging_dim_person: BEGIN
[0m18:01:24.622059 [debug] [Thread-1 (]: Opening a new connection, currently in state closed
[0m18:01:24.630196 [debug] [Thread-1 (]: SQL status: BEGIN in 0.013 seconds
[0m18:01:24.631781 [debug] [Thread-1 (]: Using postgres connection "model.dbt_driven_data.staging_dim_person"
[0m18:01:24.633300 [debug] [Thread-1 (]: On model.dbt_driven_data.staging_dim_person: /* {"app": "dbt", "dbt_version": "1.8.0", "profile_name": "default", "target_name": "dev", "node_id": "model.dbt_driven_data.staging_dim_person"} */

  
    

  create  table "airflow"."driven_staging"."dim_person__dbt_tmp"
  
  
    as
  
  (
    
WITH source_data AS (
 SELECT
 unique_id,
 person_name,
 user_name,
 email,
 phone,
 birth_date,
 personal_number
 FROM
 "airflow"."driven_raw"."raw_batch_data"
)
SELECT
 *
FROM
 source_data
  );
  
[0m18:01:24.642770 [debug] [Thread-1 (]: SQL status: BEGIN in 0.018 seconds
[0m18:01:24.647772 [debug] [Thread-1 (]: Using postgres connection "model.dbt_driven_data.staging_dim_person"
[0m18:01:24.649559 [debug] [Thread-1 (]: On model.dbt_driven_data.staging_dim_person: /* {"app": "dbt", "dbt_version": "1.8.0", "profile_name": "default", "target_name": "dev", "node_id": "model.dbt_driven_data.staging_dim_person"} */

  
    

  create  table "airflow"."driven_staging"."dim_person__dbt_tmp"
  
  
    as
  
  (
    
WITH source_data AS (
 SELECT
 unique_id,
 person_name,
 user_name,
 email,
 phone,
 birth_date,
 personal_number
 FROM
 "airflow"."driven_raw"."raw_batch_data"
)
SELECT
 *
FROM
 source_data
  );
  
[0m18:01:24.680371 [debug] [Thread-1 (]: SQL status: SELECT 60 in 0.042 seconds
[0m18:01:24.694899 [debug] [Thread-1 (]: Using postgres connection "model.dbt_driven_data.staging_dim_person"
[0m18:01:24.696849 [debug] [Thread-1 (]: On model.dbt_driven_data.staging_dim_person: /* {"app": "dbt", "dbt_version": "1.8.0", "profile_name": "default", "target_name": "dev", "node_id": "model.dbt_driven_data.staging_dim_person"} */
alter table "airflow"."driven_staging"."dim_person" rename to "dim_person__dbt_backup"
[0m18:01:24.699306 [debug] [Thread-1 (]: SQL status: ALTER TABLE in 0.001 seconds
[0m18:01:24.710830 [debug] [Thread-1 (]: Using postgres connection "model.dbt_driven_data.staging_dim_person"
[0m18:01:24.712299 [debug] [Thread-1 (]: On model.dbt_driven_data.staging_dim_person: /* {"app": "dbt", "dbt_version": "1.8.0", "profile_name": "default", "target_name": "dev", "node_id": "model.dbt_driven_data.staging_dim_person"} */
alter table "airflow"."driven_staging"."dim_person__dbt_tmp" rename to "dim_person"
[0m18:01:24.714629 [debug] [Thread-1 (]: SQL status: ALTER TABLE in 0.001 seconds
[0m18:01:24.775219 [debug] [Thread-1 (]: On model.dbt_driven_data.staging_dim_person: COMMIT
[0m18:01:24.777396 [debug] [Thread-1 (]: Using postgres connection "model.dbt_driven_data.staging_dim_person"
[0m18:01:24.779294 [debug] [Thread-1 (]: On model.dbt_driven_data.staging_dim_person: COMMIT
[0m18:01:24.792688 [debug] [Thread-1 (]: SQL status: COMMIT in 0.011 seconds
[0m18:01:24.810240 [debug] [Thread-1 (]: Applying DROP to: "airflow"."driven_staging"."dim_person__dbt_backup"
[0m18:01:24.814725 [debug] [Thread-1 (]: SQL status: SELECT 60 in 0.164 seconds
[0m18:01:24.823008 [debug] [Thread-1 (]: Using postgres connection "model.dbt_driven_data.staging_dim_person"
[0m18:01:24.824891 [debug] [Thread-1 (]: On model.dbt_driven_data.staging_dim_person: /* {"app": "dbt", "dbt_version": "1.8.0", "profile_name": "default", "target_name": "dev", "node_id": "model.dbt_driven_data.staging_dim_person"} */
alter table "airflow"."driven_staging"."dim_person" rename to "dim_person__dbt_backup"
[0m18:01:24.824928 [debug] [Thread-1 (]: Using postgres connection "model.dbt_driven_data.staging_dim_person"
[0m18:01:24.829365 [debug] [Thread-1 (]: On model.dbt_driven_data.staging_dim_person: /* {"app": "dbt", "dbt_version": "1.8.0", "profile_name": "default", "target_name": "dev", "node_id": "model.dbt_driven_data.staging_dim_person"} */
drop table if exists "airflow"."driven_staging"."dim_person__dbt_backup" cascade
[0m18:01:24.833797 [debug] [Thread-1 (]: Postgres adapter: Postgres error: relation "dim_person__dbt_backup" already exists

[0m18:01:24.835906 [debug] [Thread-1 (]: On model.dbt_driven_data.staging_dim_person: ROLLBACK
[0m18:01:24.838434 [debug] [Thread-1 (]: Postgres adapter: Error running SQL: macro rename_relation
[0m18:01:24.840010 [debug] [Thread-1 (]: Postgres adapter: Rolling back transaction.
[0m18:01:24.841554 [debug] [Thread-1 (]: On model.dbt_driven_data.staging_dim_person: Close
[0m18:01:24.851886 [debug] [Thread-1 (]: Database Error in model staging_dim_person (models/staging_dim_person.sql)
  relation "dim_person__dbt_backup" already exists
  compiled code at target/run/dbt_driven_data/models/staging_dim_person.sql
[0m18:01:24.853942 [debug] [Thread-1 (]: Sending event: {'category': 'dbt', 'action': 'run_model', 'label': 'e71ffe4e-c04e-456f-8d5a-efbbeb765e7c', 'context': [<snowplow_tracker.self_describing_json.SelfDescribingJson object at 0x736db0723e90>]}
[0m18:01:24.858418 [error] [Thread-1 (]: 4 of 5 ERROR creating sql table model driven_staging.dim_person ................ [[31mERROR[0m in 0.30s]
[0m18:01:24.861046 [debug] [Thread-1 (]: Finished running node model.dbt_driven_data.staging_dim_person
[0m18:01:24.862701 [debug] [Thread-1 (]: Began running node model.dbt_driven_data.staging_fact_network_usage
[0m18:01:24.865528 [info ] [Thread-1 (]: 5 of 5 START sql table model driven_staging.fact_network_usage ................. [RUN]
[0m18:01:24.867831 [debug] [Thread-1 (]: Re-using an available connection from the pool (formerly model.dbt_driven_data.staging_dim_person, now model.dbt_driven_data.staging_fact_network_usage)
[0m18:01:24.869844 [debug] [Thread-1 (]: Began compiling node model.dbt_driven_data.staging_fact_network_usage
[0m18:01:24.880522 [debug] [Thread-1 (]: Writing injected SQL for node "model.dbt_driven_data.staging_fact_network_usage"
[0m18:01:24.898611 [debug] [Thread-1 (]: Began executing node model.dbt_driven_data.staging_fact_network_usage
[0m18:01:24.908737 [debug] [Thread-1 (]: Writing runtime sql for node "model.dbt_driven_data.staging_fact_network_usage"
[0m18:01:24.916483 [debug] [Thread-1 (]: SQL status: DROP TABLE in 0.082 seconds
[0m18:01:24.923754 [debug] [Thread-1 (]: On model.dbt_driven_data.staging_dim_person: Close
[0m18:01:24.925774 [debug] [Thread-1 (]: Sending event: {'category': 'dbt', 'action': 'run_model', 'label': '146b1b50-7350-433d-b6a7-c00d639a7eb1', 'context': [<snowplow_tracker.self_describing_json.SelfDescribingJson object at 0x7aa10d146b10>]}
[0m18:01:24.930795 [info ] [Thread-1 (]: 4 of 5 OK created sql table model driven_staging.dim_person .................... [[32mSELECT 60[0m in 0.37s]
[0m18:01:24.937611 [debug] [Thread-1 (]: Finished running node model.dbt_driven_data.staging_dim_person
[0m18:01:24.937748 [debug] [Thread-1 (]: Using postgres connection "model.dbt_driven_data.staging_fact_network_usage"
[0m18:01:24.939262 [debug] [Thread-1 (]: On model.dbt_driven_data.staging_fact_network_usage: BEGIN
[0m18:01:24.939447 [debug] [Thread-1 (]: Began running node model.dbt_driven_data.staging_fact_network_usage
[0m18:01:24.940736 [debug] [Thread-1 (]: Opening a new connection, currently in state closed
[0m18:01:24.941190 [info ] [Thread-1 (]: 5 of 5 START sql table model driven_staging.fact_network_usage ................. [RUN]
[0m18:01:24.943288 [debug] [Thread-1 (]: Re-using an available connection from the pool (formerly model.dbt_driven_data.staging_dim_person, now model.dbt_driven_data.staging_fact_network_usage)
[0m18:01:24.944808 [debug] [Thread-1 (]: Began compiling node model.dbt_driven_data.staging_fact_network_usage
[0m18:01:24.951158 [debug] [Thread-1 (]: SQL status: BEGIN in 0.010 seconds
[0m18:01:24.955902 [debug] [Thread-1 (]: Writing injected SQL for node "model.dbt_driven_data.staging_fact_network_usage"
[0m18:01:24.956724 [debug] [Thread-1 (]: Using postgres connection "model.dbt_driven_data.staging_fact_network_usage"
[0m18:01:24.958929 [debug] [Thread-1 (]: On model.dbt_driven_data.staging_fact_network_usage: /* {"app": "dbt", "dbt_version": "1.8.0", "profile_name": "default", "target_name": "dev", "node_id": "model.dbt_driven_data.staging_fact_network_usage"} */

  
    

  create  table "airflow"."driven_staging"."fact_network_usage__dbt_tmp"
  
  
    as
  
  (
    
WITH source_data AS (
 SELECT
 unique_id,
 session_duration,
 download_speed,
 upload_speed,
 consumed_traffic
 FROM
 "airflow"."driven_raw"."raw_batch_data"
)
SELECT
 *
FROM
 source_data
  );
  
[0m18:01:24.970082 [debug] [Thread-1 (]: SQL status: SELECT 60 in 0.004 seconds
[0m18:01:24.980018 [debug] [Thread-1 (]: Using postgres connection "model.dbt_driven_data.staging_fact_network_usage"
[0m18:01:24.980593 [debug] [Thread-1 (]: Began executing node model.dbt_driven_data.staging_fact_network_usage
[0m18:01:24.981962 [debug] [Thread-1 (]: On model.dbt_driven_data.staging_fact_network_usage: /* {"app": "dbt", "dbt_version": "1.8.0", "profile_name": "default", "target_name": "dev", "node_id": "model.dbt_driven_data.staging_fact_network_usage"} */
alter table "airflow"."driven_staging"."fact_network_usage" rename to "fact_network_usage__dbt_backup"
[0m18:01:24.990337 [debug] [Thread-1 (]: SQL status: ALTER TABLE in 0.004 seconds
[0m18:01:24.993429 [debug] [Thread-1 (]: Writing runtime sql for node "model.dbt_driven_data.staging_fact_network_usage"
[0m18:01:24.997601 [debug] [Thread-1 (]: Using postgres connection "model.dbt_driven_data.staging_fact_network_usage"
[0m18:01:24.999312 [debug] [Thread-1 (]: On model.dbt_driven_data.staging_fact_network_usage: /* {"app": "dbt", "dbt_version": "1.8.0", "profile_name": "default", "target_name": "dev", "node_id": "model.dbt_driven_data.staging_fact_network_usage"} */
alter table "airflow"."driven_staging"."fact_network_usage__dbt_tmp" rename to "fact_network_usage"
[0m18:01:25.003992 [debug] [Thread-1 (]: SQL status: ALTER TABLE in 0.001 seconds
[0m18:01:25.015361 [debug] [Thread-1 (]: On model.dbt_driven_data.staging_fact_network_usage: COMMIT
[0m18:01:25.016914 [debug] [Thread-1 (]: Using postgres connection "model.dbt_driven_data.staging_fact_network_usage"
[0m18:01:25.017803 [debug] [Thread-1 (]: Using postgres connection "model.dbt_driven_data.staging_fact_network_usage"
[0m18:01:25.018279 [debug] [Thread-1 (]: On model.dbt_driven_data.staging_fact_network_usage: COMMIT
[0m18:01:25.019658 [debug] [Thread-1 (]: On model.dbt_driven_data.staging_fact_network_usage: BEGIN
[0m18:01:25.021581 [debug] [Thread-1 (]: Opening a new connection, currently in state closed
[0m18:01:25.047013 [debug] [Thread-1 (]: SQL status: BEGIN in 0.025 seconds
[0m18:01:25.059217 [debug] [Thread-1 (]: Using postgres connection "model.dbt_driven_data.staging_fact_network_usage"
[0m18:01:25.061371 [debug] [Thread-1 (]: On model.dbt_driven_data.staging_fact_network_usage: /* {"app": "dbt", "dbt_version": "1.8.0", "profile_name": "default", "target_name": "dev", "node_id": "model.dbt_driven_data.staging_fact_network_usage"} */

  
    

  create  table "airflow"."driven_staging"."fact_network_usage__dbt_tmp"
  
  
    as
  
  (
    
WITH source_data AS (
 SELECT
 unique_id,
 session_duration,
 download_speed,
 upload_speed,
 consumed_traffic
 FROM
 "airflow"."driven_raw"."raw_batch_data"
)
SELECT
 *
FROM
 source_data
  );
  
[0m18:01:25.070789 [debug] [Thread-1 (]: SQL status: COMMIT in 0.051 seconds
[0m18:01:25.074693 [debug] [Thread-1 (]: SQL status: SELECT 60 in 0.012 seconds
[0m18:01:25.090215 [debug] [Thread-1 (]: Applying DROP to: "airflow"."driven_staging"."fact_network_usage__dbt_backup"
[0m18:01:25.094064 [debug] [Thread-1 (]: Using postgres connection "model.dbt_driven_data.staging_fact_network_usage"
[0m18:01:25.096723 [debug] [Thread-1 (]: Using postgres connection "model.dbt_driven_data.staging_fact_network_usage"
[0m18:01:25.099682 [debug] [Thread-1 (]: On model.dbt_driven_data.staging_fact_network_usage: /* {"app": "dbt", "dbt_version": "1.8.0", "profile_name": "default", "target_name": "dev", "node_id": "model.dbt_driven_data.staging_fact_network_usage"} */
drop table if exists "airflow"."driven_staging"."fact_network_usage__dbt_backup" cascade
[0m18:01:25.102005 [debug] [Thread-1 (]: On model.dbt_driven_data.staging_fact_network_usage: /* {"app": "dbt", "dbt_version": "1.8.0", "profile_name": "default", "target_name": "dev", "node_id": "model.dbt_driven_data.staging_fact_network_usage"} */
alter table "airflow"."driven_staging"."fact_network_usage" rename to "fact_network_usage__dbt_backup"
[0m18:01:25.112897 [debug] [Thread-1 (]: Postgres adapter: Postgres error: relation "fact_network_usage__dbt_backup" already exists

[0m18:01:25.114901 [debug] [Thread-1 (]: On model.dbt_driven_data.staging_fact_network_usage: ROLLBACK
[0m18:01:25.125533 [debug] [Thread-1 (]: Postgres adapter: Error running SQL: macro rename_relation
[0m18:01:25.133041 [debug] [Thread-1 (]: Postgres adapter: Rolling back transaction.
[0m18:01:25.142654 [debug] [Thread-1 (]: SQL status: DROP TABLE in 0.041 seconds
[0m18:01:25.145818 [debug] [Thread-1 (]: On model.dbt_driven_data.staging_fact_network_usage: Close
[0m18:01:25.147012 [debug] [Thread-1 (]: On model.dbt_driven_data.staging_fact_network_usage: Close
[0m18:01:25.150784 [debug] [Thread-1 (]: Sending event: {'category': 'dbt', 'action': 'run_model', 'label': 'e71ffe4e-c04e-456f-8d5a-efbbeb765e7c', 'context': [<snowplow_tracker.self_describing_json.SelfDescribingJson object at 0x736db078ab70>]}
[0m18:01:25.159270 [info ] [Thread-1 (]: 5 of 5 OK created sql table model driven_staging.fact_network_usage ............ [[32mSELECT 60[0m in 0.28s]
[0m18:01:25.161390 [debug] [Thread-1 (]: Finished running node model.dbt_driven_data.staging_fact_network_usage
[0m18:01:25.154886 [debug] [Thread-1 (]: Database Error in model staging_fact_network_usage (models/staging_fact_network_usage.sql)
  relation "fact_network_usage__dbt_backup" already exists
  compiled code at target/run/dbt_driven_data/models/staging_fact_network_usage.sql
[0m18:01:25.168773 [debug] [Thread-1 (]: Sending event: {'category': 'dbt', 'action': 'run_model', 'label': '146b1b50-7350-433d-b6a7-c00d639a7eb1', 'context': [<snowplow_tracker.self_describing_json.SelfDescribingJson object at 0x7aa10d145250>]}
[0m18:01:25.166970 [debug] [MainThread]: Using postgres connection "master"
[0m18:01:25.177748 [error] [Thread-1 (]: 5 of 5 ERROR creating sql table model driven_staging.fact_network_usage ........ [[31mERROR[0m in 0.23s]
[0m18:01:25.178295 [debug] [MainThread]: On master: BEGIN
[0m18:01:25.181537 [debug] [MainThread]: Opening a new connection, currently in state closed
[0m18:01:25.182878 [debug] [Thread-1 (]: Finished running node model.dbt_driven_data.staging_fact_network_usage
[0m18:01:25.189986 [debug] [MainThread]: Using postgres connection "master"
[0m18:01:25.200014 [debug] [MainThread]: SQL status: BEGIN in 0.017 seconds
[0m18:01:25.194873 [debug] [MainThread]: On master: BEGIN
[0m18:01:25.205372 [debug] [MainThread]: On master: COMMIT
[0m18:01:25.207629 [debug] [MainThread]: Using postgres connection "master"
[0m18:01:25.207534 [debug] [MainThread]: Opening a new connection, currently in state closed
[0m18:01:25.210660 [debug] [MainThread]: On master: COMMIT
[0m18:01:25.213173 [debug] [MainThread]: SQL status: COMMIT in 0.000 seconds
[0m18:01:25.214884 [debug] [MainThread]: On master: Close
[0m18:01:25.222314 [debug] [MainThread]: Connection 'master' was properly closed.
[0m18:01:25.218905 [debug] [MainThread]: SQL status: BEGIN in 0.011 seconds
[0m18:01:25.225616 [debug] [MainThread]: Connection 'model.dbt_driven_data.staging_fact_network_usage' was properly closed.
[0m18:01:25.225993 [debug] [MainThread]: On master: COMMIT
[0m18:01:25.228150 [debug] [MainThread]: Using postgres connection "master"
[0m18:01:25.228060 [info ] [MainThread]: 
[0m18:01:25.231265 [debug] [MainThread]: On master: COMMIT
[0m18:01:25.231991 [info ] [MainThread]: Finished running 5 table models in 0 hours 0 minutes and 2.27 seconds (2.27s).
[0m18:01:25.233557 [debug] [MainThread]: SQL status: COMMIT in 0.000 seconds
[0m18:01:25.235098 [debug] [MainThread]: On master: Close
[0m18:01:25.236811 [debug] [MainThread]: Command end result
[0m18:01:25.238034 [debug] [MainThread]: Connection 'master' was properly closed.
[0m18:01:25.244926 [debug] [MainThread]: Connection 'model.dbt_driven_data.staging_fact_network_usage' was properly closed.
[0m18:01:25.247743 [info ] [MainThread]: 
[0m18:01:25.254777 [info ] [MainThread]: Finished running 5 table models in 0 hours 0 minutes and 2.25 seconds (2.25s).
[0m18:01:25.275728 [debug] [MainThread]: Command end result
[0m18:01:25.574512 [info ] [MainThread]: 
[0m18:01:25.576709 [info ] [MainThread]: [31mCompleted with 1 error and 0 warnings:[0m
[0m18:01:25.577800 [info ] [MainThread]: 
[0m18:01:25.579914 [info ] [MainThread]: 
[0m18:01:25.580710 [info ] [MainThread]: [31mCompleted with 4 errors and 0 warnings:[0m
[0m18:01:25.582379 [error] [MainThread]:   Database Error in model staging_dim_person (models/staging_dim_person.sql)
  relation "dim_person__dbt_backup" already exists
  compiled code at target/run/dbt_driven_data/models/staging_dim_person.sql
[0m18:01:25.584258 [info ] [MainThread]: 
[0m18:01:25.585740 [info ] [MainThread]: 
[0m18:01:25.586180 [info ] [MainThread]: Done. PASS=4 WARN=0 ERROR=1 SKIP=0 TOTAL=5
[0m18:01:25.588316 [error] [MainThread]:   Database Error in model staging_dim_address (models/staging_dim_address.sql)
  relation "dim_address__dbt_backup" already exists
  compiled code at target/run/dbt_driven_data/models/staging_dim_address.sql
[0m18:01:25.589952 [debug] [MainThread]: Resource report: {"command_name": "run", "command_wall_clock_time": 5.3703065, "process_user_time": 16.109882, "process_kernel_time": 4.172861, "process_mem_max_rss": "119736", "process_in_blocks": "16", "command_success": false, "process_out_blocks": "0"}
[0m18:01:25.592877 [debug] [MainThread]: Command `dbt run` failed at 18:01:25.592424 after 5.37 seconds
[0m18:01:25.592570 [info ] [MainThread]: 
[0m18:01:25.595624 [debug] [MainThread]: Sending event: {'category': 'dbt', 'action': 'invocation', 'label': 'end', 'context': [<snowplow_tracker.self_describing_json.SelfDescribingJson object at 0x736db3965280>, <snowplow_tracker.self_describing_json.SelfDescribingJson object at 0x736db073c080>, <snowplow_tracker.self_describing_json.SelfDescribingJson object at 0x736db54cc140>]}
[0m18:01:25.595902 [error] [MainThread]:   Database Error in model staging_dim_date (models/staging_dim_date.sql)
  relation "dim_date__dbt_backup" already exists
  compiled code at target/run/dbt_driven_data/models/staging_dim_date.sql
[0m18:01:25.598187 [debug] [MainThread]: Flushing usage events
[0m18:01:25.598017 [info ] [MainThread]: 
[0m18:01:25.600594 [error] [MainThread]:   Database Error in model staging_dim_finance (models/staging_dim_finance.sql)
  relation "dim_finance__dbt_backup" already exists
  compiled code at target/run/dbt_driven_data/models/staging_dim_finance.sql
[0m18:01:25.602298 [info ] [MainThread]: 
[0m18:01:25.604538 [error] [MainThread]:   Database Error in model staging_fact_network_usage (models/staging_fact_network_usage.sql)
  relation "fact_network_usage__dbt_backup" already exists
  compiled code at target/run/dbt_driven_data/models/staging_fact_network_usage.sql
[0m18:01:25.606207 [info ] [MainThread]: 
[0m18:01:25.607982 [info ] [MainThread]: Done. PASS=1 WARN=0 ERROR=4 SKIP=0 TOTAL=5
[0m18:01:25.612972 [debug] [MainThread]: Resource report: {"command_name": "run", "command_wall_clock_time": 5.362567, "process_user_time": 15.458437, "process_kernel_time": 4.889791, "process_mem_max_rss": "119964", "process_in_blocks": "104", "command_success": false, "process_out_blocks": "0"}
[0m18:01:25.617505 [debug] [MainThread]: Command `dbt run` failed at 18:01:25.616524 after 5.37 seconds
[0m18:01:25.620443 [debug] [MainThread]: Sending event: {'category': 'dbt', 'action': 'invocation', 'label': 'end', 'context': [<snowplow_tracker.self_describing_json.SelfDescribingJson object at 0x7aa111f362a0>, <snowplow_tracker.self_describing_json.SelfDescribingJson object at 0x7aa11097cdd0>, <snowplow_tracker.self_describing_json.SelfDescribingJson object at 0x7aa1121a9910>]}
[0m18:01:25.623285 [debug] [MainThread]: Flushing usage events
[0m18:01:36.764402 [debug] [MainThread]: Sending event: {'category': 'dbt', 'action': 'invocation', 'label': 'start', 'context': [<snowplow_tracker.self_describing_json.SelfDescribingJson object at 0x78a32600b200>, <snowplow_tracker.self_describing_json.SelfDescribingJson object at 0x78a326475910>, <snowplow_tracker.self_describing_json.SelfDescribingJson object at 0x78a32686b6e0>]}
[0m18:01:36.764080 [debug] [MainThread]: Sending event: {'category': 'dbt', 'action': 'invocation', 'label': 'start', 'context': [<snowplow_tracker.self_describing_json.SelfDescribingJson object at 0x7ee221e93e00>, <snowplow_tracker.self_describing_json.SelfDescribingJson object at 0x7ee2228bb620>, <snowplow_tracker.self_describing_json.SelfDescribingJson object at 0x7ee221e911f0>]}


============================== 18:01:36.775925 | 293a2197-dd0a-4d94-ab2f-369ddf5d1077 ==============================
[0m18:01:36.775925 [info ] [MainThread]: Running with dbt=1.8.0


============================== 18:01:36.777405 | 08b1c966-96fb-4365-a8f9-cce2e23eb5db ==============================
[0m18:01:36.777405 [info ] [MainThread]: Running with dbt=1.8.0
[0m18:01:36.777983 [debug] [MainThread]: running dbt with arguments {'printer_width': '80', 'indirect_selection': 'eager', 'log_cache_events': 'False', 'write_json': 'True', 'partial_parse': 'True', 'cache_selected_only': 'False', 'profiles_dir': '/opt/airflow/dbt', 'version_check': 'True', 'warn_error': 'None', 'log_path': '/opt/airflow/dbt/logs', 'debug': 'False', 'fail_fast': 'False', 'use_colors': 'True', 'use_experimental_parser': 'False', 'no_print': 'None', 'quiet': 'False', 'warn_error_options': 'WarnErrorOptions(include=[], exclude=[])', 'invocation_command': 'dbt run --select tag:staging', 'introspect': 'True', 'static_parser': 'True', 'target_path': 'None', 'log_format': 'default', 'send_anonymous_usage_stats': 'True'}
[0m18:01:36.779460 [debug] [MainThread]: running dbt with arguments {'printer_width': '80', 'indirect_selection': 'eager', 'write_json': 'True', 'log_cache_events': 'False', 'partial_parse': 'True', 'cache_selected_only': 'False', 'warn_error': 'None', 'fail_fast': 'False', 'profiles_dir': '/opt/airflow/dbt', 'log_path': '/opt/airflow/dbt/logs', 'version_check': 'True', 'debug': 'False', 'use_colors': 'True', 'use_experimental_parser': 'False', 'no_print': 'None', 'quiet': 'False', 'warn_error_options': 'WarnErrorOptions(include=[], exclude=[])', 'invocation_command': 'dbt run --select tag:staging', 'log_format': 'default', 'static_parser': 'True', 'target_path': 'None', 'introspect': 'True', 'send_anonymous_usage_stats': 'True'}
[0m18:01:37.190951 [debug] [MainThread]: Sending event: {'category': 'dbt', 'action': 'project_id', 'label': '293a2197-dd0a-4d94-ab2f-369ddf5d1077', 'context': [<snowplow_tracker.self_describing_json.SelfDescribingJson object at 0x78a3262df8c0>]}
[0m18:01:37.208957 [debug] [MainThread]: Sending event: {'category': 'dbt', 'action': 'project_id', 'label': '08b1c966-96fb-4365-a8f9-cce2e23eb5db', 'context': [<snowplow_tracker.self_describing_json.SelfDescribingJson object at 0x7ee220f3ea80>]}
[0m18:01:37.285992 [debug] [MainThread]: Sending event: {'category': 'dbt', 'action': 'adapter_info', 'label': '293a2197-dd0a-4d94-ab2f-369ddf5d1077', 'context': [<snowplow_tracker.self_describing_json.SelfDescribingJson object at 0x78a325c837a0>]}
[0m18:01:37.288171 [info ] [MainThread]: Registered adapter: postgres=1.8.2
[0m18:01:37.300995 [debug] [MainThread]: Sending event: {'category': 'dbt', 'action': 'adapter_info', 'label': '08b1c966-96fb-4365-a8f9-cce2e23eb5db', 'context': [<snowplow_tracker.self_describing_json.SelfDescribingJson object at 0x7ee222b3c9e0>]}
[0m18:01:37.303726 [info ] [MainThread]: Registered adapter: postgres=1.8.2
[0m18:01:37.528402 [debug] [MainThread]: checksum: dbb12d416fdb55e3665e4828703bbedf40c5c90ed7ca6ff39bbbfb29b12b0a92, vars: {}, profile: , target: , version: 1.8.0
[0m18:01:37.562135 [debug] [MainThread]: checksum: dbb12d416fdb55e3665e4828703bbedf40c5c90ed7ca6ff39bbbfb29b12b0a92, vars: {}, profile: , target: , version: 1.8.0
[0m18:01:37.940015 [debug] [MainThread]: Partial parsing enabled: 0 files deleted, 0 files added, 0 files changed.
[0m18:01:37.941082 [debug] [MainThread]: Partial parsing enabled, no changes found, skipping parsing
[0m18:01:37.963785 [debug] [MainThread]: Partial parsing enabled: 0 files deleted, 0 files added, 0 files changed.
[0m18:01:37.965100 [debug] [MainThread]: Partial parsing enabled, no changes found, skipping parsing
[0m18:01:38.009398 [debug] [MainThread]: Sending event: {'category': 'dbt', 'action': 'load_project', 'label': '293a2197-dd0a-4d94-ab2f-369ddf5d1077', 'context': [<snowplow_tracker.self_describing_json.SelfDescribingJson object at 0x78a3253982f0>]}
[0m18:01:38.026509 [debug] [MainThread]: Sending event: {'category': 'dbt', 'action': 'load_project', 'label': '08b1c966-96fb-4365-a8f9-cce2e23eb5db', 'context': [<snowplow_tracker.self_describing_json.SelfDescribingJson object at 0x7ee221e911f0>]}
[0m18:01:38.296532 [debug] [MainThread]: Sending event: {'category': 'dbt', 'action': 'resource_counts', 'label': '293a2197-dd0a-4d94-ab2f-369ddf5d1077', 'context': [<snowplow_tracker.self_describing_json.SelfDescribingJson object at 0x78a325bb7650>]}
[0m18:01:38.298133 [info ] [MainThread]: Found 9 models, 10 sources, 428 macros
[0m18:01:38.299618 [debug] [MainThread]: Sending event: {'category': 'dbt', 'action': 'runnable_timing', 'label': '293a2197-dd0a-4d94-ab2f-369ddf5d1077', 'context': [<snowplow_tracker.self_describing_json.SelfDescribingJson object at 0x78a32474d880>]}
[0m18:01:38.301302 [debug] [MainThread]: Sending event: {'category': 'dbt', 'action': 'resource_counts', 'label': '08b1c966-96fb-4365-a8f9-cce2e23eb5db', 'context': [<snowplow_tracker.self_describing_json.SelfDescribingJson object at 0x7ee2207e8500>]}
[0m18:01:38.303005 [info ] [MainThread]: Found 9 models, 10 sources, 428 macros
[0m18:01:38.303477 [info ] [MainThread]: 
[0m18:01:38.304597 [debug] [MainThread]: Sending event: {'category': 'dbt', 'action': 'runnable_timing', 'label': '08b1c966-96fb-4365-a8f9-cce2e23eb5db', 'context': [<snowplow_tracker.self_describing_json.SelfDescribingJson object at 0x7ee220f3cfb0>]}
[0m18:01:38.305310 [debug] [MainThread]: Acquiring new postgres connection 'master'
[0m18:01:38.308842 [info ] [MainThread]: 
[0m18:01:38.310576 [debug] [MainThread]: Acquiring new postgres connection 'master'
[0m18:01:38.319255 [debug] [ThreadPool]: Acquiring new postgres connection 'list_airflow'
[0m18:01:38.322586 [debug] [ThreadPool]: Acquiring new postgres connection 'list_airflow'
[0m18:01:38.402504 [debug] [ThreadPool]: Using postgres connection "list_airflow"
[0m18:01:38.403949 [debug] [ThreadPool]: On list_airflow: /* {"app": "dbt", "dbt_version": "1.8.0", "profile_name": "default", "target_name": "dev", "connection_name": "list_airflow"} */

    select distinct nspname from pg_namespace
  
[0m18:01:38.404757 [debug] [ThreadPool]: Using postgres connection "list_airflow"
[0m18:01:38.405165 [debug] [ThreadPool]: Opening a new connection, currently in state init
[0m18:01:38.406433 [debug] [ThreadPool]: On list_airflow: /* {"app": "dbt", "dbt_version": "1.8.0", "profile_name": "default", "target_name": "dev", "connection_name": "list_airflow"} */

    select distinct nspname from pg_namespace
  
[0m18:01:38.408263 [debug] [ThreadPool]: Opening a new connection, currently in state init
[0m18:01:38.415430 [debug] [ThreadPool]: SQL status: SELECT 7 in 0.010 seconds
[0m18:01:38.419392 [debug] [ThreadPool]: SQL status: SELECT 7 in 0.011 seconds
[0m18:01:38.419416 [debug] [ThreadPool]: On list_airflow: Close
[0m18:01:38.423418 [debug] [ThreadPool]: On list_airflow: Close
[0m18:01:38.425347 [debug] [ThreadPool]: Re-using an available connection from the pool (formerly list_airflow, now list_airflow_driven_staging)
[0m18:01:38.430266 [debug] [ThreadPool]: Re-using an available connection from the pool (formerly list_airflow, now list_airflow_driven_staging)
[0m18:01:38.437623 [debug] [ThreadPool]: Using postgres connection "list_airflow_driven_staging"
[0m18:01:38.438846 [debug] [ThreadPool]: On list_airflow_driven_staging: BEGIN
[0m18:01:38.440284 [debug] [ThreadPool]: Opening a new connection, currently in state closed
[0m18:01:38.442146 [debug] [ThreadPool]: Using postgres connection "list_airflow_driven_staging"
[0m18:01:38.443834 [debug] [ThreadPool]: On list_airflow_driven_staging: BEGIN
[0m18:01:38.445634 [debug] [ThreadPool]: Opening a new connection, currently in state closed
[0m18:01:38.452624 [debug] [ThreadPool]: SQL status: BEGIN in 0.012 seconds
[0m18:01:38.454084 [debug] [ThreadPool]: Using postgres connection "list_airflow_driven_staging"
[0m18:01:38.455292 [debug] [ThreadPool]: SQL status: BEGIN in 0.010 seconds
[0m18:01:38.455484 [debug] [ThreadPool]: On list_airflow_driven_staging: /* {"app": "dbt", "dbt_version": "1.8.0", "profile_name": "default", "target_name": "dev", "connection_name": "list_airflow_driven_staging"} */
select
      'airflow' as database,
      tablename as name,
      schemaname as schema,
      'table' as type
    from pg_tables
    where schemaname ilike 'driven_staging'
    union all
    select
      'airflow' as database,
      viewname as name,
      schemaname as schema,
      'view' as type
    from pg_views
    where schemaname ilike 'driven_staging'
    union all
    select
      'airflow' as database,
      matviewname as name,
      schemaname as schema,
      'materialized_view' as type
    from pg_matviews
    where schemaname ilike 'driven_staging'
  
[0m18:01:38.456712 [debug] [ThreadPool]: Using postgres connection "list_airflow_driven_staging"
[0m18:01:38.462040 [debug] [ThreadPool]: SQL status: SELECT 5 in 0.005 seconds
[0m18:01:38.462153 [debug] [ThreadPool]: On list_airflow_driven_staging: /* {"app": "dbt", "dbt_version": "1.8.0", "profile_name": "default", "target_name": "dev", "connection_name": "list_airflow_driven_staging"} */
select
      'airflow' as database,
      tablename as name,
      schemaname as schema,
      'table' as type
    from pg_tables
    where schemaname ilike 'driven_staging'
    union all
    select
      'airflow' as database,
      viewname as name,
      schemaname as schema,
      'view' as type
    from pg_views
    where schemaname ilike 'driven_staging'
    union all
    select
      'airflow' as database,
      matviewname as name,
      schemaname as schema,
      'materialized_view' as type
    from pg_matviews
    where schemaname ilike 'driven_staging'
  
[0m18:01:38.466114 [debug] [ThreadPool]: On list_airflow_driven_staging: ROLLBACK
[0m18:01:38.468861 [debug] [ThreadPool]: On list_airflow_driven_staging: Close
[0m18:01:38.470104 [debug] [ThreadPool]: SQL status: SELECT 5 in 0.006 seconds
[0m18:01:38.471355 [debug] [ThreadPool]: Re-using an available connection from the pool (formerly list_airflow_driven_staging, now list_airflow_driven_trusted)
[0m18:01:38.476110 [debug] [ThreadPool]: On list_airflow_driven_staging: ROLLBACK
[0m18:01:38.476662 [debug] [ThreadPool]: Using postgres connection "list_airflow_driven_trusted"
[0m18:01:38.477516 [debug] [ThreadPool]: On list_airflow_driven_staging: Close
[0m18:01:38.477651 [debug] [ThreadPool]: On list_airflow_driven_trusted: BEGIN
[0m18:01:38.478963 [debug] [ThreadPool]: Re-using an available connection from the pool (formerly list_airflow_driven_staging, now list_airflow_driven_trusted)
[0m18:01:38.478638 [debug] [ThreadPool]: Opening a new connection, currently in state closed
[0m18:01:38.496933 [debug] [ThreadPool]: Using postgres connection "list_airflow_driven_trusted"
[0m18:01:38.500706 [debug] [ThreadPool]: On list_airflow_driven_trusted: BEGIN
[0m18:01:38.506551 [debug] [ThreadPool]: Opening a new connection, currently in state closed
[0m18:01:38.518346 [debug] [ThreadPool]: SQL status: BEGIN in 0.039 seconds
[0m18:01:38.522994 [debug] [ThreadPool]: Using postgres connection "list_airflow_driven_trusted"
[0m18:01:38.527427 [debug] [ThreadPool]: On list_airflow_driven_trusted: /* {"app": "dbt", "dbt_version": "1.8.0", "profile_name": "default", "target_name": "dev", "connection_name": "list_airflow_driven_trusted"} */
select
      'airflow' as database,
      tablename as name,
      schemaname as schema,
      'table' as type
    from pg_tables
    where schemaname ilike 'driven_trusted'
    union all
    select
      'airflow' as database,
      viewname as name,
      schemaname as schema,
      'view' as type
    from pg_views
    where schemaname ilike 'driven_trusted'
    union all
    select
      'airflow' as database,
      matviewname as name,
      schemaname as schema,
      'materialized_view' as type
    from pg_matviews
    where schemaname ilike 'driven_trusted'
  
[0m18:01:38.551479 [debug] [ThreadPool]: SQL status: SELECT 4 in 0.021 seconds
[0m18:01:38.555331 [debug] [ThreadPool]: On list_airflow_driven_trusted: ROLLBACK
[0m18:01:38.556198 [debug] [ThreadPool]: SQL status: BEGIN in 0.039 seconds
[0m18:01:38.558306 [debug] [ThreadPool]: Using postgres connection "list_airflow_driven_trusted"
[0m18:01:38.556986 [debug] [ThreadPool]: On list_airflow_driven_trusted: Close
[0m18:01:38.560114 [debug] [ThreadPool]: On list_airflow_driven_trusted: /* {"app": "dbt", "dbt_version": "1.8.0", "profile_name": "default", "target_name": "dev", "connection_name": "list_airflow_driven_trusted"} */
select
      'airflow' as database,
      tablename as name,
      schemaname as schema,
      'table' as type
    from pg_tables
    where schemaname ilike 'driven_trusted'
    union all
    select
      'airflow' as database,
      viewname as name,
      schemaname as schema,
      'view' as type
    from pg_views
    where schemaname ilike 'driven_trusted'
    union all
    select
      'airflow' as database,
      matviewname as name,
      schemaname as schema,
      'materialized_view' as type
    from pg_matviews
    where schemaname ilike 'driven_trusted'
  
[0m18:01:38.570557 [debug] [ThreadPool]: SQL status: SELECT 4 in 0.009 seconds
[0m18:01:38.573877 [debug] [ThreadPool]: On list_airflow_driven_trusted: ROLLBACK
[0m18:01:38.579695 [debug] [ThreadPool]: On list_airflow_driven_trusted: Close
[0m18:01:38.588094 [debug] [MainThread]: Using postgres connection "master"
[0m18:01:38.589457 [debug] [MainThread]: On master: BEGIN
[0m18:01:38.590768 [debug] [MainThread]: Opening a new connection, currently in state init
[0m18:01:38.594334 [debug] [MainThread]: Using postgres connection "master"
[0m18:01:38.595887 [debug] [MainThread]: On master: BEGIN
[0m18:01:38.597803 [debug] [MainThread]: Opening a new connection, currently in state init
[0m18:01:38.602947 [debug] [MainThread]: SQL status: BEGIN in 0.012 seconds
[0m18:01:38.604973 [debug] [MainThread]: Using postgres connection "master"
[0m18:01:38.606452 [debug] [MainThread]: On master: /* {"app": "dbt", "dbt_version": "1.8.0", "profile_name": "default", "target_name": "dev", "connection_name": "master"} */
with relation as (
        select
            pg_rewrite.ev_class as class,
            pg_rewrite.oid as id
        from pg_rewrite
    ),
    class as (
        select
            oid as id,
            relname as name,
            relnamespace as schema,
            relkind as kind
        from pg_class
    ),
    dependency as (
        select distinct
            pg_depend.objid as id,
            pg_depend.refobjid as ref
        from pg_depend
    ),
    schema as (
        select
            pg_namespace.oid as id,
            pg_namespace.nspname as name
        from pg_namespace
        where nspname != 'information_schema' and nspname not like 'pg\_%'
    ),
    referenced as (
        select
            relation.id AS id,
            referenced_class.name ,
            referenced_class.schema ,
            referenced_class.kind
        from relation
        join class as referenced_class on relation.class=referenced_class.id
        where referenced_class.kind in ('r', 'v', 'm')
    ),
    relationships as (
        select
            referenced.name as referenced_name,
            referenced.schema as referenced_schema_id,
            dependent_class.name as dependent_name,
            dependent_class.schema as dependent_schema_id,
            referenced.kind as kind
        from referenced
        join dependency on referenced.id=dependency.id
        join class as dependent_class on dependency.ref=dependent_class.id
        where
            (referenced.name != dependent_class.name or
             referenced.schema != dependent_class.schema)
    )

    select
        referenced_schema.name as referenced_schema,
        relationships.referenced_name as referenced_name,
        dependent_schema.name as dependent_schema,
        relationships.dependent_name as dependent_name
    from relationships
    join schema as dependent_schema on relationships.dependent_schema_id=dependent_schema.id
    join schema as referenced_schema on relationships.referenced_schema_id=referenced_schema.id
    group by referenced_schema, referenced_name, dependent_schema, dependent_name
    order by referenced_schema, referenced_name, dependent_schema, dependent_name;
[0m18:01:38.614491 [debug] [MainThread]: SQL status: BEGIN in 0.017 seconds
[0m18:01:38.616091 [debug] [MainThread]: Using postgres connection "master"
[0m18:01:38.617607 [debug] [MainThread]: On master: /* {"app": "dbt", "dbt_version": "1.8.0", "profile_name": "default", "target_name": "dev", "connection_name": "master"} */
with relation as (
        select
            pg_rewrite.ev_class as class,
            pg_rewrite.oid as id
        from pg_rewrite
    ),
    class as (
        select
            oid as id,
            relname as name,
            relnamespace as schema,
            relkind as kind
        from pg_class
    ),
    dependency as (
        select distinct
            pg_depend.objid as id,
            pg_depend.refobjid as ref
        from pg_depend
    ),
    schema as (
        select
            pg_namespace.oid as id,
            pg_namespace.nspname as name
        from pg_namespace
        where nspname != 'information_schema' and nspname not like 'pg\_%'
    ),
    referenced as (
        select
            relation.id AS id,
            referenced_class.name ,
            referenced_class.schema ,
            referenced_class.kind
        from relation
        join class as referenced_class on relation.class=referenced_class.id
        where referenced_class.kind in ('r', 'v', 'm')
    ),
    relationships as (
        select
            referenced.name as referenced_name,
            referenced.schema as referenced_schema_id,
            dependent_class.name as dependent_name,
            dependent_class.schema as dependent_schema_id,
            referenced.kind as kind
        from referenced
        join dependency on referenced.id=dependency.id
        join class as dependent_class on dependency.ref=dependent_class.id
        where
            (referenced.name != dependent_class.name or
             referenced.schema != dependent_class.schema)
    )

    select
        referenced_schema.name as referenced_schema,
        relationships.referenced_name as referenced_name,
        dependent_schema.name as dependent_schema,
        relationships.dependent_name as dependent_name
    from relationships
    join schema as dependent_schema on relationships.dependent_schema_id=dependent_schema.id
    join schema as referenced_schema on relationships.referenced_schema_id=referenced_schema.id
    group by referenced_schema, referenced_name, dependent_schema, dependent_name
    order by referenced_schema, referenced_name, dependent_schema, dependent_name;
[0m18:01:38.622305 [debug] [MainThread]: SQL status: SELECT 0 in 0.006 seconds
[0m18:01:38.627480 [debug] [MainThread]: SQL status: SELECT 0 in 0.008 seconds
[0m18:01:38.627425 [debug] [MainThread]: Sending event: {'category': 'dbt', 'action': 'runnable_timing', 'label': '293a2197-dd0a-4d94-ab2f-369ddf5d1077', 'context': [<snowplow_tracker.self_describing_json.SelfDescribingJson object at 0x78a325bb4c20>]}
[0m18:01:38.629266 [debug] [MainThread]: On master: ROLLBACK
[0m18:01:38.632009 [debug] [MainThread]: Sending event: {'category': 'dbt', 'action': 'runnable_timing', 'label': '08b1c966-96fb-4365-a8f9-cce2e23eb5db', 'context': [<snowplow_tracker.self_describing_json.SelfDescribingJson object at 0x7ee220f87f50>]}
[0m18:01:38.632772 [debug] [MainThread]: Using postgres connection "master"
[0m18:01:38.633890 [debug] [MainThread]: On master: ROLLBACK
[0m18:01:38.634115 [debug] [MainThread]: On master: BEGIN
[0m18:01:38.635455 [debug] [MainThread]: Using postgres connection "master"
[0m18:01:38.636163 [debug] [MainThread]: SQL status: BEGIN in 0.001 seconds
[0m18:01:38.636946 [debug] [MainThread]: On master: BEGIN
[0m18:01:38.638977 [debug] [MainThread]: SQL status: BEGIN in 0.001 seconds
[0m18:01:38.641562 [debug] [MainThread]: On master: COMMIT
[0m18:01:38.641993 [debug] [MainThread]: On master: COMMIT
[0m18:01:38.643216 [debug] [MainThread]: Using postgres connection "master"
[0m18:01:38.643478 [debug] [MainThread]: Using postgres connection "master"
[0m18:01:38.644423 [debug] [MainThread]: On master: COMMIT
[0m18:01:38.646256 [debug] [MainThread]: SQL status: COMMIT in 0.001 seconds
[0m18:01:38.648109 [debug] [MainThread]: On master: Close
[0m18:01:38.647558 [debug] [MainThread]: On master: COMMIT
[0m18:01:38.649859 [info ] [MainThread]: Concurrency: 1 threads (target='dev')
[0m18:01:38.651227 [info ] [MainThread]: 
[0m18:01:38.651207 [debug] [MainThread]: SQL status: COMMIT in 0.001 seconds
[0m18:01:38.653280 [debug] [MainThread]: On master: Close
[0m18:01:38.657504 [info ] [MainThread]: Concurrency: 1 threads (target='dev')
[0m18:01:38.659514 [info ] [MainThread]: 
[0m18:01:38.679687 [debug] [Thread-1 (]: Began running node model.dbt_driven_data.staging_dim_address
[0m18:01:38.681332 [info ] [Thread-1 (]: 1 of 5 START sql table model driven_staging.dim_address ........................ [RUN]
[0m18:01:38.681547 [debug] [Thread-1 (]: Began running node model.dbt_driven_data.staging_dim_address
[0m18:01:38.683605 [info ] [Thread-1 (]: 1 of 5 START sql table model driven_staging.dim_address ........................ [RUN]
[0m18:01:38.683613 [debug] [Thread-1 (]: Re-using an available connection from the pool (formerly list_airflow_driven_trusted, now model.dbt_driven_data.staging_dim_address)
[0m18:01:38.685157 [debug] [Thread-1 (]: Began compiling node model.dbt_driven_data.staging_dim_address
[0m18:01:38.685526 [debug] [Thread-1 (]: Re-using an available connection from the pool (formerly list_airflow_driven_trusted, now model.dbt_driven_data.staging_dim_address)
[0m18:01:38.687296 [debug] [Thread-1 (]: Began compiling node model.dbt_driven_data.staging_dim_address
[0m18:01:38.704341 [debug] [Thread-1 (]: Writing injected SQL for node "model.dbt_driven_data.staging_dim_address"
[0m18:01:38.708998 [debug] [Thread-1 (]: Writing injected SQL for node "model.dbt_driven_data.staging_dim_address"
[0m18:01:38.715783 [debug] [Thread-1 (]: Began executing node model.dbt_driven_data.staging_dim_address
[0m18:01:38.717862 [debug] [Thread-1 (]: Began executing node model.dbt_driven_data.staging_dim_address
[0m18:01:38.813152 [debug] [Thread-1 (]: Writing runtime sql for node "model.dbt_driven_data.staging_dim_address"
[0m18:01:38.813836 [debug] [Thread-1 (]: Writing runtime sql for node "model.dbt_driven_data.staging_dim_address"
[0m18:01:38.823365 [debug] [Thread-1 (]: Using postgres connection "model.dbt_driven_data.staging_dim_address"
[0m18:01:38.824500 [debug] [Thread-1 (]: On model.dbt_driven_data.staging_dim_address: BEGIN
[0m18:01:38.824797 [debug] [Thread-1 (]: Using postgres connection "model.dbt_driven_data.staging_dim_address"
[0m18:01:38.825444 [debug] [Thread-1 (]: Opening a new connection, currently in state closed
[0m18:01:38.826433 [debug] [Thread-1 (]: On model.dbt_driven_data.staging_dim_address: BEGIN
[0m18:01:38.827749 [debug] [Thread-1 (]: Opening a new connection, currently in state closed
[0m18:01:38.834202 [debug] [Thread-1 (]: SQL status: BEGIN in 0.009 seconds
[0m18:01:38.835651 [debug] [Thread-1 (]: SQL status: BEGIN in 0.008 seconds
[0m18:01:38.836114 [debug] [Thread-1 (]: Using postgres connection "model.dbt_driven_data.staging_dim_address"
[0m18:01:38.836973 [debug] [Thread-1 (]: Using postgres connection "model.dbt_driven_data.staging_dim_address"
[0m18:01:38.837577 [debug] [Thread-1 (]: On model.dbt_driven_data.staging_dim_address: /* {"app": "dbt", "dbt_version": "1.8.0", "profile_name": "default", "target_name": "dev", "node_id": "model.dbt_driven_data.staging_dim_address"} */

  
    

  create  table "airflow"."driven_staging"."dim_address__dbt_tmp"
  
  
    as
  
  (
    
WITH source_data AS (
 SELECT
 unique_id,
 address,
 mac_address,
 ip_address
 FROM
 "airflow"."driven_raw"."raw_batch_data"
)
SELECT
 *
FROM
 source_data
  );
  
[0m18:01:38.838111 [debug] [Thread-1 (]: On model.dbt_driven_data.staging_dim_address: /* {"app": "dbt", "dbt_version": "1.8.0", "profile_name": "default", "target_name": "dev", "node_id": "model.dbt_driven_data.staging_dim_address"} */

  
    

  create  table "airflow"."driven_staging"."dim_address__dbt_tmp"
  
  
    as
  
  (
    
WITH source_data AS (
 SELECT
 unique_id,
 address,
 mac_address,
 ip_address
 FROM
 "airflow"."driven_raw"."raw_batch_data"
)
SELECT
 *
FROM
 source_data
  );
  
[0m18:01:38.842348 [debug] [Thread-1 (]: SQL status: SELECT 80 in 0.003 seconds
[0m18:01:38.855866 [debug] [Thread-1 (]: Using postgres connection "model.dbt_driven_data.staging_dim_address"
[0m18:01:38.857127 [debug] [Thread-1 (]: On model.dbt_driven_data.staging_dim_address: /* {"app": "dbt", "dbt_version": "1.8.0", "profile_name": "default", "target_name": "dev", "node_id": "model.dbt_driven_data.staging_dim_address"} */
alter table "airflow"."driven_staging"."dim_address" rename to "dim_address__dbt_backup"
[0m18:01:38.859387 [debug] [Thread-1 (]: SQL status: ALTER TABLE in 0.001 seconds
[0m18:01:38.863957 [debug] [Thread-1 (]: Using postgres connection "model.dbt_driven_data.staging_dim_address"
[0m18:01:38.866289 [debug] [Thread-1 (]: On model.dbt_driven_data.staging_dim_address: /* {"app": "dbt", "dbt_version": "1.8.0", "profile_name": "default", "target_name": "dev", "node_id": "model.dbt_driven_data.staging_dim_address"} */
alter table "airflow"."driven_staging"."dim_address__dbt_tmp" rename to "dim_address"
[0m18:01:38.870057 [debug] [Thread-1 (]: SQL status: ALTER TABLE in 0.001 seconds
[0m18:01:38.911991 [debug] [Thread-1 (]: On model.dbt_driven_data.staging_dim_address: COMMIT
[0m18:01:38.913386 [debug] [Thread-1 (]: Using postgres connection "model.dbt_driven_data.staging_dim_address"
[0m18:01:38.914944 [debug] [Thread-1 (]: On model.dbt_driven_data.staging_dim_address: COMMIT
[0m18:01:38.920648 [debug] [Thread-1 (]: SQL status: COMMIT in 0.003 seconds
[0m18:01:38.922694 [debug] [Thread-1 (]: SQL status: SELECT 80 in 0.083 seconds
[0m18:01:38.934492 [debug] [Thread-1 (]: Applying DROP to: "airflow"."driven_staging"."dim_address__dbt_backup"
[0m18:01:38.937772 [debug] [Thread-1 (]: Using postgres connection "model.dbt_driven_data.staging_dim_address"
[0m18:01:38.939423 [debug] [Thread-1 (]: On model.dbt_driven_data.staging_dim_address: /* {"app": "dbt", "dbt_version": "1.8.0", "profile_name": "default", "target_name": "dev", "node_id": "model.dbt_driven_data.staging_dim_address"} */
alter table "airflow"."driven_staging"."dim_address" rename to "dim_address__dbt_backup"
[0m18:01:38.943217 [debug] [Thread-1 (]: Postgres adapter: Postgres error: relation "dim_address__dbt_backup" already exists

[0m18:01:38.945242 [debug] [Thread-1 (]: On model.dbt_driven_data.staging_dim_address: ROLLBACK
[0m18:01:38.947610 [debug] [Thread-1 (]: Postgres adapter: Error running SQL: macro rename_relation
[0m18:01:38.949402 [debug] [Thread-1 (]: Postgres adapter: Rolling back transaction.
[0m18:01:38.951002 [debug] [Thread-1 (]: On model.dbt_driven_data.staging_dim_address: Close
[0m18:01:38.951715 [debug] [Thread-1 (]: Using postgres connection "model.dbt_driven_data.staging_dim_address"
[0m18:01:38.953046 [debug] [Thread-1 (]: On model.dbt_driven_data.staging_dim_address: /* {"app": "dbt", "dbt_version": "1.8.0", "profile_name": "default", "target_name": "dev", "node_id": "model.dbt_driven_data.staging_dim_address"} */
drop table if exists "airflow"."driven_staging"."dim_address__dbt_backup" cascade
[0m18:01:38.959127 [debug] [Thread-1 (]: SQL status: DROP TABLE in 0.004 seconds
[0m18:01:38.965429 [debug] [Thread-1 (]: Database Error in model staging_dim_address (models/staging_dim_address.sql)
  relation "dim_address__dbt_backup" already exists
  compiled code at target/run/dbt_driven_data/models/staging_dim_address.sql
[0m18:01:38.968653 [debug] [Thread-1 (]: On model.dbt_driven_data.staging_dim_address: Close
[0m18:01:38.970131 [debug] [Thread-1 (]: Sending event: {'category': 'dbt', 'action': 'run_model', 'label': '08b1c966-96fb-4365-a8f9-cce2e23eb5db', 'context': [<snowplow_tracker.self_describing_json.SelfDescribingJson object at 0x7ee2226a7c50>]}
[0m18:01:38.971798 [debug] [Thread-1 (]: Sending event: {'category': 'dbt', 'action': 'run_model', 'label': '293a2197-dd0a-4d94-ab2f-369ddf5d1077', 'context': [<snowplow_tracker.self_describing_json.SelfDescribingJson object at 0x78a327555d90>]}
[0m18:01:38.972303 [error] [Thread-1 (]: 1 of 5 ERROR creating sql table model driven_staging.dim_address ............... [[31mERROR[0m in 0.28s]
[0m18:01:38.973791 [info ] [Thread-1 (]: 1 of 5 OK created sql table model driven_staging.dim_address ................... [[32mSELECT 80[0m in 0.29s]
[0m18:01:38.974313 [debug] [Thread-1 (]: Finished running node model.dbt_driven_data.staging_dim_address
[0m18:01:38.976270 [debug] [Thread-1 (]: Finished running node model.dbt_driven_data.staging_dim_address
[0m18:01:38.975726 [debug] [Thread-1 (]: Began running node model.dbt_driven_data.staging_dim_date
[0m18:01:38.979256 [debug] [Thread-1 (]: Began running node model.dbt_driven_data.staging_dim_date
[0m18:01:38.980860 [info ] [Thread-1 (]: 2 of 5 START sql table model driven_staging.dim_date ........................... [RUN]
[0m18:01:38.980981 [info ] [Thread-1 (]: 2 of 5 START sql table model driven_staging.dim_date ........................... [RUN]
[0m18:01:38.982450 [debug] [Thread-1 (]: Re-using an available connection from the pool (formerly model.dbt_driven_data.staging_dim_address, now model.dbt_driven_data.staging_dim_date)
[0m18:01:38.982927 [debug] [Thread-1 (]: Re-using an available connection from the pool (formerly model.dbt_driven_data.staging_dim_address, now model.dbt_driven_data.staging_dim_date)
[0m18:01:38.983544 [debug] [Thread-1 (]: Began compiling node model.dbt_driven_data.staging_dim_date
[0m18:01:38.984266 [debug] [Thread-1 (]: Began compiling node model.dbt_driven_data.staging_dim_date
[0m18:01:38.990013 [debug] [Thread-1 (]: Writing injected SQL for node "model.dbt_driven_data.staging_dim_date"
[0m18:01:38.991943 [debug] [Thread-1 (]: Writing injected SQL for node "model.dbt_driven_data.staging_dim_date"
[0m18:01:39.004548 [debug] [Thread-1 (]: Began executing node model.dbt_driven_data.staging_dim_date
[0m18:01:39.005823 [debug] [Thread-1 (]: Began executing node model.dbt_driven_data.staging_dim_date
[0m18:01:39.016462 [debug] [Thread-1 (]: Writing runtime sql for node "model.dbt_driven_data.staging_dim_date"
[0m18:01:39.019330 [debug] [Thread-1 (]: Writing runtime sql for node "model.dbt_driven_data.staging_dim_date"
[0m18:01:39.030481 [debug] [Thread-1 (]: Using postgres connection "model.dbt_driven_data.staging_dim_date"
[0m18:01:39.032117 [debug] [Thread-1 (]: On model.dbt_driven_data.staging_dim_date: BEGIN
[0m18:01:39.033065 [debug] [Thread-1 (]: Using postgres connection "model.dbt_driven_data.staging_dim_date"
[0m18:01:39.034083 [debug] [Thread-1 (]: Opening a new connection, currently in state closed
[0m18:01:39.034427 [debug] [Thread-1 (]: On model.dbt_driven_data.staging_dim_date: BEGIN
[0m18:01:39.035605 [debug] [Thread-1 (]: Opening a new connection, currently in state closed
[0m18:01:39.043117 [debug] [Thread-1 (]: SQL status: BEGIN in 0.009 seconds
[0m18:01:39.044788 [debug] [Thread-1 (]: Using postgres connection "model.dbt_driven_data.staging_dim_date"
[0m18:01:39.046808 [debug] [Thread-1 (]: On model.dbt_driven_data.staging_dim_date: /* {"app": "dbt", "dbt_version": "1.8.0", "profile_name": "default", "target_name": "dev", "node_id": "model.dbt_driven_data.staging_dim_date"} */

  
    

  create  table "airflow"."driven_staging"."dim_date__dbt_tmp"
  
  
    as
  
  (
    

WITH source_data AS (
  SELECT
    unique_id,
    accessed_at
  FROM
    "airflow"."driven_raw"."raw_batch_data"
)

SELECT
  *
FROM
  source_data
  );
  
[0m18:01:39.047431 [debug] [Thread-1 (]: SQL status: BEGIN in 0.012 seconds
[0m18:01:39.048956 [debug] [Thread-1 (]: Using postgres connection "model.dbt_driven_data.staging_dim_date"
[0m18:01:39.052324 [debug] [Thread-1 (]: SQL status: SELECT 80 in 0.003 seconds
[0m18:01:39.052366 [debug] [Thread-1 (]: On model.dbt_driven_data.staging_dim_date: /* {"app": "dbt", "dbt_version": "1.8.0", "profile_name": "default", "target_name": "dev", "node_id": "model.dbt_driven_data.staging_dim_date"} */

  
    

  create  table "airflow"."driven_staging"."dim_date__dbt_tmp"
  
  
    as
  
  (
    

WITH source_data AS (
  SELECT
    unique_id,
    accessed_at
  FROM
    "airflow"."driven_raw"."raw_batch_data"
)

SELECT
  *
FROM
  source_data
  );
  
[0m18:01:39.061818 [debug] [Thread-1 (]: Using postgres connection "model.dbt_driven_data.staging_dim_date"
[0m18:01:39.063258 [debug] [Thread-1 (]: On model.dbt_driven_data.staging_dim_date: /* {"app": "dbt", "dbt_version": "1.8.0", "profile_name": "default", "target_name": "dev", "node_id": "model.dbt_driven_data.staging_dim_date"} */
alter table "airflow"."driven_staging"."dim_date" rename to "dim_date__dbt_backup"
[0m18:01:39.067419 [debug] [Thread-1 (]: SQL status: ALTER TABLE in 0.002 seconds
[0m18:01:39.073233 [debug] [Thread-1 (]: Using postgres connection "model.dbt_driven_data.staging_dim_date"
[0m18:01:39.078167 [debug] [Thread-1 (]: On model.dbt_driven_data.staging_dim_date: /* {"app": "dbt", "dbt_version": "1.8.0", "profile_name": "default", "target_name": "dev", "node_id": "model.dbt_driven_data.staging_dim_date"} */
alter table "airflow"."driven_staging"."dim_date__dbt_tmp" rename to "dim_date"
[0m18:01:39.080548 [debug] [Thread-1 (]: SQL status: ALTER TABLE in 0.001 seconds
[0m18:01:39.117943 [debug] [Thread-1 (]: On model.dbt_driven_data.staging_dim_date: COMMIT
[0m18:01:39.119345 [debug] [Thread-1 (]: Using postgres connection "model.dbt_driven_data.staging_dim_date"
[0m18:01:39.120312 [debug] [Thread-1 (]: On model.dbt_driven_data.staging_dim_date: COMMIT
[0m18:01:39.124068 [debug] [Thread-1 (]: SQL status: COMMIT in 0.003 seconds
[0m18:01:39.125453 [debug] [Thread-1 (]: SQL status: SELECT 80 in 0.071 seconds
[0m18:01:39.132796 [debug] [Thread-1 (]: Using postgres connection "model.dbt_driven_data.staging_dim_date"
[0m18:01:39.134598 [debug] [Thread-1 (]: On model.dbt_driven_data.staging_dim_date: /* {"app": "dbt", "dbt_version": "1.8.0", "profile_name": "default", "target_name": "dev", "node_id": "model.dbt_driven_data.staging_dim_date"} */
alter table "airflow"."driven_staging"."dim_date" rename to "dim_date__dbt_backup"
[0m18:01:39.142871 [debug] [Thread-1 (]: Applying DROP to: "airflow"."driven_staging"."dim_date__dbt_backup"
[0m18:01:39.146249 [debug] [Thread-1 (]: Postgres adapter: Postgres error: relation "dim_date__dbt_backup" already exists

[0m18:01:39.148000 [debug] [Thread-1 (]: On model.dbt_driven_data.staging_dim_date: ROLLBACK
[0m18:01:39.150523 [debug] [Thread-1 (]: Postgres adapter: Error running SQL: macro rename_relation
[0m18:01:39.152349 [debug] [Thread-1 (]: Postgres adapter: Rolling back transaction.
[0m18:01:39.154127 [debug] [Thread-1 (]: On model.dbt_driven_data.staging_dim_date: Close
[0m18:01:39.168035 [debug] [Thread-1 (]: Using postgres connection "model.dbt_driven_data.staging_dim_date"
[0m18:01:39.168761 [debug] [Thread-1 (]: Database Error in model staging_dim_date (models/staging_dim_date.sql)
  relation "dim_date__dbt_backup" already exists
  compiled code at target/run/dbt_driven_data/models/staging_dim_date.sql
[0m18:01:39.169873 [debug] [Thread-1 (]: On model.dbt_driven_data.staging_dim_date: /* {"app": "dbt", "dbt_version": "1.8.0", "profile_name": "default", "target_name": "dev", "node_id": "model.dbt_driven_data.staging_dim_date"} */
drop table if exists "airflow"."driven_staging"."dim_date__dbt_backup" cascade
[0m18:01:39.170588 [debug] [Thread-1 (]: Sending event: {'category': 'dbt', 'action': 'run_model', 'label': '293a2197-dd0a-4d94-ab2f-369ddf5d1077', 'context': [<snowplow_tracker.self_describing_json.SelfDescribingJson object at 0x78a325376db0>]}
[0m18:01:39.176794 [error] [Thread-1 (]: 2 of 5 ERROR creating sql table model driven_staging.dim_date .................. [[31mERROR[0m in 0.19s]
[0m18:01:39.179945 [debug] [Thread-1 (]: SQL status: DROP TABLE in 0.008 seconds
[0m18:01:39.183232 [debug] [Thread-1 (]: Finished running node model.dbt_driven_data.staging_dim_date
[0m18:01:39.186076 [debug] [Thread-1 (]: Began running node model.dbt_driven_data.staging_dim_finance
[0m18:01:39.190086 [info ] [Thread-1 (]: 3 of 5 START sql table model driven_staging.dim_finance ........................ [RUN]
[0m18:01:39.192971 [debug] [Thread-1 (]: On model.dbt_driven_data.staging_dim_date: Close
[0m18:01:39.195562 [debug] [Thread-1 (]: Re-using an available connection from the pool (formerly model.dbt_driven_data.staging_dim_date, now model.dbt_driven_data.staging_dim_finance)
[0m18:01:39.201134 [debug] [Thread-1 (]: Sending event: {'category': 'dbt', 'action': 'run_model', 'label': '08b1c966-96fb-4365-a8f9-cce2e23eb5db', 'context': [<snowplow_tracker.self_describing_json.SelfDescribingJson object at 0x7ee2233bdb50>]}
[0m18:01:39.201407 [debug] [Thread-1 (]: Began compiling node model.dbt_driven_data.staging_dim_finance
[0m18:01:39.210033 [info ] [Thread-1 (]: 2 of 5 OK created sql table model driven_staging.dim_date ...................... [[32mSELECT 80[0m in 0.22s]
[0m18:01:39.218262 [debug] [Thread-1 (]: Writing injected SQL for node "model.dbt_driven_data.staging_dim_finance"
[0m18:01:39.213956 [debug] [Thread-1 (]: Finished running node model.dbt_driven_data.staging_dim_date
[0m18:01:39.224273 [debug] [Thread-1 (]: Began running node model.dbt_driven_data.staging_dim_finance
[0m18:01:39.227247 [info ] [Thread-1 (]: 3 of 5 START sql table model driven_staging.dim_finance ........................ [RUN]
[0m18:01:39.229998 [debug] [Thread-1 (]: Re-using an available connection from the pool (formerly model.dbt_driven_data.staging_dim_date, now model.dbt_driven_data.staging_dim_finance)
[0m18:01:39.231936 [debug] [Thread-1 (]: Began compiling node model.dbt_driven_data.staging_dim_finance
[0m18:01:39.240103 [debug] [Thread-1 (]: Writing injected SQL for node "model.dbt_driven_data.staging_dim_finance"
[0m18:01:39.249671 [debug] [Thread-1 (]: Began executing node model.dbt_driven_data.staging_dim_finance
[0m18:01:39.251903 [debug] [Thread-1 (]: Began executing node model.dbt_driven_data.staging_dim_finance
[0m18:01:39.259006 [debug] [Thread-1 (]: Writing runtime sql for node "model.dbt_driven_data.staging_dim_finance"
[0m18:01:39.266563 [debug] [Thread-1 (]: Writing runtime sql for node "model.dbt_driven_data.staging_dim_finance"
[0m18:01:39.292369 [debug] [Thread-1 (]: Using postgres connection "model.dbt_driven_data.staging_dim_finance"
[0m18:01:39.293834 [debug] [Thread-1 (]: Using postgres connection "model.dbt_driven_data.staging_dim_finance"
[0m18:01:39.294084 [debug] [Thread-1 (]: On model.dbt_driven_data.staging_dim_finance: BEGIN
[0m18:01:39.295450 [debug] [Thread-1 (]: On model.dbt_driven_data.staging_dim_finance: BEGIN
[0m18:01:39.295479 [debug] [Thread-1 (]: Opening a new connection, currently in state closed
[0m18:01:39.297308 [debug] [Thread-1 (]: Opening a new connection, currently in state closed
[0m18:01:39.304290 [debug] [Thread-1 (]: SQL status: BEGIN in 0.009 seconds
[0m18:01:39.306119 [debug] [Thread-1 (]: Using postgres connection "model.dbt_driven_data.staging_dim_finance"
[0m18:01:39.308561 [debug] [Thread-1 (]: SQL status: BEGIN in 0.011 seconds
[0m18:01:39.309758 [debug] [Thread-1 (]: On model.dbt_driven_data.staging_dim_finance: /* {"app": "dbt", "dbt_version": "1.8.0", "profile_name": "default", "target_name": "dev", "node_id": "model.dbt_driven_data.staging_dim_finance"} */

  
    

  create  table "airflow"."driven_staging"."dim_finance__dbt_tmp"
  
  
    as
  
  (
    
WITH source_data AS (
 SELECT
 unique_id,
 iban
 FROM
 "airflow"."driven_raw"."raw_batch_data"
)
SELECT
 *
FROM
 source_data
  );
  
[0m18:01:39.310832 [debug] [Thread-1 (]: Using postgres connection "model.dbt_driven_data.staging_dim_finance"
[0m18:01:39.313981 [debug] [Thread-1 (]: On model.dbt_driven_data.staging_dim_finance: /* {"app": "dbt", "dbt_version": "1.8.0", "profile_name": "default", "target_name": "dev", "node_id": "model.dbt_driven_data.staging_dim_finance"} */

  
    

  create  table "airflow"."driven_staging"."dim_finance__dbt_tmp"
  
  
    as
  
  (
    
WITH source_data AS (
 SELECT
 unique_id,
 iban
 FROM
 "airflow"."driven_raw"."raw_batch_data"
)
SELECT
 *
FROM
 source_data
  );
  
[0m18:01:39.317219 [debug] [Thread-1 (]: SQL status: SELECT 80 in 0.006 seconds
[0m18:01:39.333790 [debug] [Thread-1 (]: Using postgres connection "model.dbt_driven_data.staging_dim_finance"
[0m18:01:39.335554 [debug] [Thread-1 (]: On model.dbt_driven_data.staging_dim_finance: /* {"app": "dbt", "dbt_version": "1.8.0", "profile_name": "default", "target_name": "dev", "node_id": "model.dbt_driven_data.staging_dim_finance"} */
alter table "airflow"."driven_staging"."dim_finance" rename to "dim_finance__dbt_backup"
[0m18:01:39.338045 [debug] [Thread-1 (]: SQL status: ALTER TABLE in 0.001 seconds
[0m18:01:39.346994 [debug] [Thread-1 (]: Using postgres connection "model.dbt_driven_data.staging_dim_finance"
[0m18:01:39.348507 [debug] [Thread-1 (]: On model.dbt_driven_data.staging_dim_finance: /* {"app": "dbt", "dbt_version": "1.8.0", "profile_name": "default", "target_name": "dev", "node_id": "model.dbt_driven_data.staging_dim_finance"} */
alter table "airflow"."driven_staging"."dim_finance__dbt_tmp" rename to "dim_finance"
[0m18:01:39.350841 [debug] [Thread-1 (]: SQL status: ALTER TABLE in 0.001 seconds
[0m18:01:39.359523 [debug] [Thread-1 (]: On model.dbt_driven_data.staging_dim_finance: COMMIT
[0m18:01:39.361365 [debug] [Thread-1 (]: Using postgres connection "model.dbt_driven_data.staging_dim_finance"
[0m18:01:39.362909 [debug] [Thread-1 (]: On model.dbt_driven_data.staging_dim_finance: COMMIT
[0m18:01:39.368430 [debug] [Thread-1 (]: SQL status: COMMIT in 0.004 seconds
[0m18:01:39.370032 [debug] [Thread-1 (]: SQL status: SELECT 80 in 0.053 seconds
[0m18:01:39.376045 [debug] [Thread-1 (]: Applying DROP to: "airflow"."driven_staging"."dim_finance__dbt_backup"
[0m18:01:39.380327 [debug] [Thread-1 (]: Using postgres connection "model.dbt_driven_data.staging_dim_finance"
[0m18:01:39.383313 [debug] [Thread-1 (]: Using postgres connection "model.dbt_driven_data.staging_dim_finance"
[0m18:01:39.383804 [debug] [Thread-1 (]: On model.dbt_driven_data.staging_dim_finance: /* {"app": "dbt", "dbt_version": "1.8.0", "profile_name": "default", "target_name": "dev", "node_id": "model.dbt_driven_data.staging_dim_finance"} */
drop table if exists "airflow"."driven_staging"."dim_finance__dbt_backup" cascade
[0m18:01:39.384754 [debug] [Thread-1 (]: On model.dbt_driven_data.staging_dim_finance: /* {"app": "dbt", "dbt_version": "1.8.0", "profile_name": "default", "target_name": "dev", "node_id": "model.dbt_driven_data.staging_dim_finance"} */
alter table "airflow"."driven_staging"."dim_finance" rename to "dim_finance__dbt_backup"
[0m18:01:39.389155 [debug] [Thread-1 (]: SQL status: DROP TABLE in 0.004 seconds
[0m18:01:39.389190 [debug] [Thread-1 (]: Postgres adapter: Postgres error: relation "dim_finance__dbt_backup" already exists

[0m18:01:39.392169 [debug] [Thread-1 (]: On model.dbt_driven_data.staging_dim_finance: ROLLBACK
[0m18:01:39.394586 [debug] [Thread-1 (]: Postgres adapter: Error running SQL: macro rename_relation
[0m18:01:39.394654 [debug] [Thread-1 (]: On model.dbt_driven_data.staging_dim_finance: Close
[0m18:01:39.396437 [debug] [Thread-1 (]: Postgres adapter: Rolling back transaction.
[0m18:01:39.397064 [debug] [Thread-1 (]: Sending event: {'category': 'dbt', 'action': 'run_model', 'label': '293a2197-dd0a-4d94-ab2f-369ddf5d1077', 'context': [<snowplow_tracker.self_describing_json.SelfDescribingJson object at 0x78a321665010>]}
[0m18:01:39.398284 [debug] [Thread-1 (]: On model.dbt_driven_data.staging_dim_finance: Close
[0m18:01:39.399331 [info ] [Thread-1 (]: 3 of 5 OK created sql table model driven_staging.dim_finance ................... [[32mSELECT 80[0m in 0.20s]
[0m18:01:39.401975 [debug] [Thread-1 (]: Finished running node model.dbt_driven_data.staging_dim_finance
[0m18:01:39.412701 [debug] [Thread-1 (]: Began running node model.dbt_driven_data.staging_dim_person
[0m18:01:39.413233 [debug] [Thread-1 (]: Database Error in model staging_dim_finance (models/staging_dim_finance.sql)
  relation "dim_finance__dbt_backup" already exists
  compiled code at target/run/dbt_driven_data/models/staging_dim_finance.sql
[0m18:01:39.414761 [info ] [Thread-1 (]: 4 of 5 START sql table model driven_staging.dim_person ......................... [RUN]
[0m18:01:39.415350 [debug] [Thread-1 (]: Sending event: {'category': 'dbt', 'action': 'run_model', 'label': '08b1c966-96fb-4365-a8f9-cce2e23eb5db', 'context': [<snowplow_tracker.self_describing_json.SelfDescribingJson object at 0x7ee21d43ee40>]}
[0m18:01:39.417469 [debug] [Thread-1 (]: Re-using an available connection from the pool (formerly model.dbt_driven_data.staging_dim_finance, now model.dbt_driven_data.staging_dim_person)
[0m18:01:39.417762 [error] [Thread-1 (]: 3 of 5 ERROR creating sql table model driven_staging.dim_finance ............... [[31mERROR[0m in 0.19s]
[0m18:01:39.422186 [debug] [Thread-1 (]: Began compiling node model.dbt_driven_data.staging_dim_person
[0m18:01:39.423216 [debug] [Thread-1 (]: Finished running node model.dbt_driven_data.staging_dim_finance
[0m18:01:39.428087 [debug] [Thread-1 (]: Began running node model.dbt_driven_data.staging_dim_person
[0m18:01:39.430539 [info ] [Thread-1 (]: 4 of 5 START sql table model driven_staging.dim_person ......................... [RUN]
[0m18:01:39.432986 [debug] [Thread-1 (]: Writing injected SQL for node "model.dbt_driven_data.staging_dim_person"
[0m18:01:39.437576 [debug] [Thread-1 (]: Re-using an available connection from the pool (formerly model.dbt_driven_data.staging_dim_finance, now model.dbt_driven_data.staging_dim_person)
[0m18:01:39.440869 [debug] [Thread-1 (]: Began compiling node model.dbt_driven_data.staging_dim_person
[0m18:01:39.449053 [debug] [Thread-1 (]: Writing injected SQL for node "model.dbt_driven_data.staging_dim_person"
[0m18:01:39.451967 [debug] [Thread-1 (]: Began executing node model.dbt_driven_data.staging_dim_person
[0m18:01:39.460725 [debug] [Thread-1 (]: Began executing node model.dbt_driven_data.staging_dim_person
[0m18:01:39.462785 [debug] [Thread-1 (]: Writing runtime sql for node "model.dbt_driven_data.staging_dim_person"
[0m18:01:39.472171 [debug] [Thread-1 (]: Writing runtime sql for node "model.dbt_driven_data.staging_dim_person"
[0m18:01:39.482909 [debug] [Thread-1 (]: Using postgres connection "model.dbt_driven_data.staging_dim_person"
[0m18:01:39.485466 [debug] [Thread-1 (]: On model.dbt_driven_data.staging_dim_person: BEGIN
[0m18:01:39.486682 [debug] [Thread-1 (]: Using postgres connection "model.dbt_driven_data.staging_dim_person"
[0m18:01:39.487229 [debug] [Thread-1 (]: Opening a new connection, currently in state closed
[0m18:01:39.487928 [debug] [Thread-1 (]: On model.dbt_driven_data.staging_dim_person: BEGIN
[0m18:01:39.489084 [debug] [Thread-1 (]: Opening a new connection, currently in state closed
[0m18:01:39.498528 [debug] [Thread-1 (]: SQL status: BEGIN in 0.011 seconds
[0m18:01:39.498717 [debug] [Thread-1 (]: SQL status: BEGIN in 0.009 seconds
[0m18:01:39.501086 [debug] [Thread-1 (]: Using postgres connection "model.dbt_driven_data.staging_dim_person"
[0m18:01:39.501066 [debug] [Thread-1 (]: Using postgres connection "model.dbt_driven_data.staging_dim_person"
[0m18:01:39.502753 [debug] [Thread-1 (]: On model.dbt_driven_data.staging_dim_person: /* {"app": "dbt", "dbt_version": "1.8.0", "profile_name": "default", "target_name": "dev", "node_id": "model.dbt_driven_data.staging_dim_person"} */

  
    

  create  table "airflow"."driven_staging"."dim_person__dbt_tmp"
  
  
    as
  
  (
    
WITH source_data AS (
 SELECT
 unique_id,
 person_name,
 user_name,
 email,
 phone,
 birth_date,
 personal_number
 FROM
 "airflow"."driven_raw"."raw_batch_data"
)
SELECT
 *
FROM
 source_data
  );
  
[0m18:01:39.502964 [debug] [Thread-1 (]: On model.dbt_driven_data.staging_dim_person: /* {"app": "dbt", "dbt_version": "1.8.0", "profile_name": "default", "target_name": "dev", "node_id": "model.dbt_driven_data.staging_dim_person"} */

  
    

  create  table "airflow"."driven_staging"."dim_person__dbt_tmp"
  
  
    as
  
  (
    
WITH source_data AS (
 SELECT
 unique_id,
 person_name,
 user_name,
 email,
 phone,
 birth_date,
 personal_number
 FROM
 "airflow"."driven_raw"."raw_batch_data"
)
SELECT
 *
FROM
 source_data
  );
  
[0m18:01:39.515197 [debug] [Thread-1 (]: SQL status: SELECT 80 in 0.011 seconds
[0m18:01:39.524829 [debug] [Thread-1 (]: Using postgres connection "model.dbt_driven_data.staging_dim_person"
[0m18:01:39.527281 [debug] [Thread-1 (]: On model.dbt_driven_data.staging_dim_person: /* {"app": "dbt", "dbt_version": "1.8.0", "profile_name": "default", "target_name": "dev", "node_id": "model.dbt_driven_data.staging_dim_person"} */
alter table "airflow"."driven_staging"."dim_person" rename to "dim_person__dbt_backup"
[0m18:01:39.529787 [debug] [Thread-1 (]: SQL status: ALTER TABLE in 0.001 seconds
[0m18:01:39.537558 [debug] [Thread-1 (]: Using postgres connection "model.dbt_driven_data.staging_dim_person"
[0m18:01:39.538850 [debug] [Thread-1 (]: On model.dbt_driven_data.staging_dim_person: /* {"app": "dbt", "dbt_version": "1.8.0", "profile_name": "default", "target_name": "dev", "node_id": "model.dbt_driven_data.staging_dim_person"} */
alter table "airflow"."driven_staging"."dim_person__dbt_tmp" rename to "dim_person"
[0m18:01:39.541479 [debug] [Thread-1 (]: SQL status: ALTER TABLE in 0.001 seconds
[0m18:01:39.546045 [debug] [Thread-1 (]: On model.dbt_driven_data.staging_dim_person: COMMIT
[0m18:01:39.549156 [debug] [Thread-1 (]: Using postgres connection "model.dbt_driven_data.staging_dim_person"
[0m18:01:39.551562 [debug] [Thread-1 (]: On model.dbt_driven_data.staging_dim_person: COMMIT
[0m18:01:39.556122 [debug] [Thread-1 (]: SQL status: COMMIT in 0.003 seconds
[0m18:01:39.562992 [debug] [Thread-1 (]: Applying DROP to: "airflow"."driven_staging"."dim_person__dbt_backup"
[0m18:01:39.566820 [debug] [Thread-1 (]: Using postgres connection "model.dbt_driven_data.staging_dim_person"
[0m18:01:39.566960 [debug] [Thread-1 (]: SQL status: SELECT 80 in 0.062 seconds
[0m18:01:39.569089 [debug] [Thread-1 (]: On model.dbt_driven_data.staging_dim_person: /* {"app": "dbt", "dbt_version": "1.8.0", "profile_name": "default", "target_name": "dev", "node_id": "model.dbt_driven_data.staging_dim_person"} */
drop table if exists "airflow"."driven_staging"."dim_person__dbt_backup" cascade
[0m18:01:39.574429 [debug] [Thread-1 (]: Using postgres connection "model.dbt_driven_data.staging_dim_person"
[0m18:01:39.575434 [debug] [Thread-1 (]: SQL status: DROP TABLE in 0.005 seconds
[0m18:01:39.575906 [debug] [Thread-1 (]: On model.dbt_driven_data.staging_dim_person: /* {"app": "dbt", "dbt_version": "1.8.0", "profile_name": "default", "target_name": "dev", "node_id": "model.dbt_driven_data.staging_dim_person"} */
alter table "airflow"."driven_staging"."dim_person" rename to "dim_person__dbt_backup"
[0m18:01:39.578234 [debug] [Thread-1 (]: SQL status: ALTER TABLE in 0.001 seconds
[0m18:01:39.579311 [debug] [Thread-1 (]: On model.dbt_driven_data.staging_dim_person: Close
[0m18:01:39.581447 [debug] [Thread-1 (]: Sending event: {'category': 'dbt', 'action': 'run_model', 'label': '08b1c966-96fb-4365-a8f9-cce2e23eb5db', 'context': [<snowplow_tracker.self_describing_json.SelfDescribingJson object at 0x7ee21d43f560>]}
[0m18:01:39.584717 [debug] [Thread-1 (]: Using postgres connection "model.dbt_driven_data.staging_dim_person"
[0m18:01:39.585954 [info ] [Thread-1 (]: 4 of 5 OK created sql table model driven_staging.dim_person .................... [[32mSELECT 80[0m in 0.15s]
[0m18:01:39.586158 [debug] [Thread-1 (]: On model.dbt_driven_data.staging_dim_person: /* {"app": "dbt", "dbt_version": "1.8.0", "profile_name": "default", "target_name": "dev", "node_id": "model.dbt_driven_data.staging_dim_person"} */
alter table "airflow"."driven_staging"."dim_person__dbt_tmp" rename to "dim_person"
[0m18:01:39.587767 [debug] [Thread-1 (]: Finished running node model.dbt_driven_data.staging_dim_person
[0m18:01:39.588708 [debug] [Thread-1 (]: SQL status: ALTER TABLE in 0.001 seconds
[0m18:01:39.589748 [debug] [Thread-1 (]: Began running node model.dbt_driven_data.staging_fact_network_usage
[0m18:01:39.592012 [debug] [Thread-1 (]: On model.dbt_driven_data.staging_dim_person: COMMIT
[0m18:01:39.591751 [info ] [Thread-1 (]: 5 of 5 START sql table model driven_staging.fact_network_usage ................. [RUN]
[0m18:01:39.593246 [debug] [Thread-1 (]: Using postgres connection "model.dbt_driven_data.staging_dim_person"
[0m18:01:39.593429 [debug] [Thread-1 (]: Re-using an available connection from the pool (formerly model.dbt_driven_data.staging_dim_person, now model.dbt_driven_data.staging_fact_network_usage)
[0m18:01:39.594625 [debug] [Thread-1 (]: On model.dbt_driven_data.staging_dim_person: COMMIT
[0m18:01:39.595285 [debug] [Thread-1 (]: Began compiling node model.dbt_driven_data.staging_fact_network_usage
[0m18:01:39.599221 [debug] [Thread-1 (]: SQL status: COMMIT in 0.003 seconds
[0m18:01:39.603582 [debug] [Thread-1 (]: Writing injected SQL for node "model.dbt_driven_data.staging_fact_network_usage"
[0m18:01:39.605590 [debug] [Thread-1 (]: Applying DROP to: "airflow"."driven_staging"."dim_person__dbt_backup"
[0m18:01:39.608691 [debug] [Thread-1 (]: Using postgres connection "model.dbt_driven_data.staging_dim_person"
[0m18:01:39.610463 [debug] [Thread-1 (]: On model.dbt_driven_data.staging_dim_person: /* {"app": "dbt", "dbt_version": "1.8.0", "profile_name": "default", "target_name": "dev", "node_id": "model.dbt_driven_data.staging_dim_person"} */
drop table if exists "airflow"."driven_staging"."dim_person__dbt_backup" cascade
[0m18:01:39.616536 [debug] [Thread-1 (]: SQL status: DROP TABLE in 0.004 seconds
[0m18:01:39.619726 [debug] [Thread-1 (]: On model.dbt_driven_data.staging_dim_person: Close
[0m18:01:39.621500 [debug] [Thread-1 (]: Sending event: {'category': 'dbt', 'action': 'run_model', 'label': '293a2197-dd0a-4d94-ab2f-369ddf5d1077', 'context': [<snowplow_tracker.self_describing_json.SelfDescribingJson object at 0x78a322f065d0>]}
[0m18:01:39.626513 [info ] [Thread-1 (]: 4 of 5 OK created sql table model driven_staging.dim_person .................... [[32mSELECT 80[0m in 0.20s]
[0m18:01:39.627296 [debug] [Thread-1 (]: Began executing node model.dbt_driven_data.staging_fact_network_usage
[0m18:01:39.628634 [debug] [Thread-1 (]: Finished running node model.dbt_driven_data.staging_dim_person
[0m18:01:39.630384 [debug] [Thread-1 (]: Began running node model.dbt_driven_data.staging_fact_network_usage
[0m18:01:39.632427 [info ] [Thread-1 (]: 5 of 5 START sql table model driven_staging.fact_network_usage ................. [RUN]
[0m18:01:39.632853 [debug] [Thread-1 (]: Writing runtime sql for node "model.dbt_driven_data.staging_fact_network_usage"
[0m18:01:39.634287 [debug] [Thread-1 (]: Re-using an available connection from the pool (formerly model.dbt_driven_data.staging_dim_person, now model.dbt_driven_data.staging_fact_network_usage)
[0m18:01:39.635725 [debug] [Thread-1 (]: Began compiling node model.dbt_driven_data.staging_fact_network_usage
[0m18:01:39.644381 [debug] [Thread-1 (]: Writing injected SQL for node "model.dbt_driven_data.staging_fact_network_usage"
[0m18:01:39.648423 [debug] [Thread-1 (]: Using postgres connection "model.dbt_driven_data.staging_fact_network_usage"
[0m18:01:39.649789 [debug] [Thread-1 (]: On model.dbt_driven_data.staging_fact_network_usage: BEGIN
[0m18:01:39.651121 [debug] [Thread-1 (]: Opening a new connection, currently in state closed
[0m18:01:39.659972 [debug] [Thread-1 (]: Began executing node model.dbt_driven_data.staging_fact_network_usage
[0m18:01:39.660270 [debug] [Thread-1 (]: SQL status: BEGIN in 0.009 seconds
[0m18:01:39.661666 [debug] [Thread-1 (]: Using postgres connection "model.dbt_driven_data.staging_fact_network_usage"
[0m18:01:39.662892 [debug] [Thread-1 (]: On model.dbt_driven_data.staging_fact_network_usage: /* {"app": "dbt", "dbt_version": "1.8.0", "profile_name": "default", "target_name": "dev", "node_id": "model.dbt_driven_data.staging_fact_network_usage"} */

  
    

  create  table "airflow"."driven_staging"."fact_network_usage__dbt_tmp"
  
  
    as
  
  (
    
WITH source_data AS (
 SELECT
 unique_id,
 session_duration,
 download_speed,
 upload_speed,
 consumed_traffic
 FROM
 "airflow"."driven_raw"."raw_batch_data"
)
SELECT
 *
FROM
 source_data
  );
  
[0m18:01:39.666785 [debug] [Thread-1 (]: Writing runtime sql for node "model.dbt_driven_data.staging_fact_network_usage"
[0m18:01:39.671108 [debug] [Thread-1 (]: SQL status: SELECT 80 in 0.007 seconds
[0m18:01:39.676852 [debug] [Thread-1 (]: Using postgres connection "model.dbt_driven_data.staging_fact_network_usage"
[0m18:01:39.678097 [debug] [Thread-1 (]: On model.dbt_driven_data.staging_fact_network_usage: /* {"app": "dbt", "dbt_version": "1.8.0", "profile_name": "default", "target_name": "dev", "node_id": "model.dbt_driven_data.staging_fact_network_usage"} */
alter table "airflow"."driven_staging"."fact_network_usage" rename to "fact_network_usage__dbt_backup"
[0m18:01:39.680100 [debug] [Thread-1 (]: SQL status: ALTER TABLE in 0.001 seconds
[0m18:01:39.682397 [debug] [Thread-1 (]: Using postgres connection "model.dbt_driven_data.staging_fact_network_usage"
[0m18:01:39.685512 [debug] [Thread-1 (]: On model.dbt_driven_data.staging_fact_network_usage: BEGIN
[0m18:01:39.687307 [debug] [Thread-1 (]: Opening a new connection, currently in state closed
[0m18:01:39.689212 [debug] [Thread-1 (]: Using postgres connection "model.dbt_driven_data.staging_fact_network_usage"
[0m18:01:39.691306 [debug] [Thread-1 (]: On model.dbt_driven_data.staging_fact_network_usage: /* {"app": "dbt", "dbt_version": "1.8.0", "profile_name": "default", "target_name": "dev", "node_id": "model.dbt_driven_data.staging_fact_network_usage"} */
alter table "airflow"."driven_staging"."fact_network_usage__dbt_tmp" rename to "fact_network_usage"
[0m18:01:39.693576 [debug] [Thread-1 (]: SQL status: ALTER TABLE in 0.001 seconds
[0m18:01:39.697211 [debug] [Thread-1 (]: SQL status: BEGIN in 0.010 seconds
[0m18:01:39.698384 [debug] [Thread-1 (]: On model.dbt_driven_data.staging_fact_network_usage: COMMIT
[0m18:01:39.700822 [debug] [Thread-1 (]: Using postgres connection "model.dbt_driven_data.staging_fact_network_usage"
[0m18:01:39.701291 [debug] [Thread-1 (]: Using postgres connection "model.dbt_driven_data.staging_fact_network_usage"
[0m18:01:39.703009 [debug] [Thread-1 (]: On model.dbt_driven_data.staging_fact_network_usage: /* {"app": "dbt", "dbt_version": "1.8.0", "profile_name": "default", "target_name": "dev", "node_id": "model.dbt_driven_data.staging_fact_network_usage"} */

  
    

  create  table "airflow"."driven_staging"."fact_network_usage__dbt_tmp"
  
  
    as
  
  (
    
WITH source_data AS (
 SELECT
 unique_id,
 session_duration,
 download_speed,
 upload_speed,
 consumed_traffic
 FROM
 "airflow"."driven_raw"."raw_batch_data"
)
SELECT
 *
FROM
 source_data
  );
  
[0m18:01:39.704289 [debug] [Thread-1 (]: On model.dbt_driven_data.staging_fact_network_usage: COMMIT
[0m18:01:39.709085 [debug] [Thread-1 (]: SQL status: COMMIT in 0.003 seconds
[0m18:01:39.710590 [debug] [Thread-1 (]: SQL status: SELECT 80 in 0.005 seconds
[0m18:01:39.713932 [debug] [Thread-1 (]: Applying DROP to: "airflow"."driven_staging"."fact_network_usage__dbt_backup"
[0m18:01:39.716969 [debug] [Thread-1 (]: Using postgres connection "model.dbt_driven_data.staging_fact_network_usage"
[0m18:01:39.718784 [debug] [Thread-1 (]: On model.dbt_driven_data.staging_fact_network_usage: /* {"app": "dbt", "dbt_version": "1.8.0", "profile_name": "default", "target_name": "dev", "node_id": "model.dbt_driven_data.staging_fact_network_usage"} */
drop table if exists "airflow"."driven_staging"."fact_network_usage__dbt_backup" cascade
[0m18:01:39.719510 [debug] [Thread-1 (]: Using postgres connection "model.dbt_driven_data.staging_fact_network_usage"
[0m18:01:39.721103 [debug] [Thread-1 (]: On model.dbt_driven_data.staging_fact_network_usage: /* {"app": "dbt", "dbt_version": "1.8.0", "profile_name": "default", "target_name": "dev", "node_id": "model.dbt_driven_data.staging_fact_network_usage"} */
alter table "airflow"."driven_staging"."fact_network_usage" rename to "fact_network_usage__dbt_backup"
[0m18:01:39.724914 [debug] [Thread-1 (]: Postgres adapter: Postgres error: relation "fact_network_usage__dbt_backup" already exists

[0m18:01:39.724917 [debug] [Thread-1 (]: SQL status: DROP TABLE in 0.004 seconds
[0m18:01:39.727214 [debug] [Thread-1 (]: On model.dbt_driven_data.staging_fact_network_usage: ROLLBACK
[0m18:01:39.731353 [debug] [Thread-1 (]: On model.dbt_driven_data.staging_fact_network_usage: Close
[0m18:01:39.731924 [debug] [Thread-1 (]: Postgres adapter: Error running SQL: macro rename_relation
[0m18:01:39.733393 [debug] [Thread-1 (]: Sending event: {'category': 'dbt', 'action': 'run_model', 'label': '08b1c966-96fb-4365-a8f9-cce2e23eb5db', 'context': [<snowplow_tracker.self_describing_json.SelfDescribingJson object at 0x7ee21eee8320>]}
[0m18:01:39.736583 [debug] [Thread-1 (]: Postgres adapter: Rolling back transaction.
[0m18:01:39.737084 [info ] [Thread-1 (]: 5 of 5 OK created sql table model driven_staging.fact_network_usage ............ [[32mSELECT 80[0m in 0.14s]
[0m18:01:39.738498 [debug] [Thread-1 (]: On model.dbt_driven_data.staging_fact_network_usage: Close
[0m18:01:39.740497 [debug] [Thread-1 (]: Finished running node model.dbt_driven_data.staging_fact_network_usage
[0m18:01:39.745643 [debug] [MainThread]: Using postgres connection "master"
[0m18:01:39.747364 [debug] [MainThread]: On master: BEGIN
[0m18:01:39.748700 [debug] [MainThread]: Opening a new connection, currently in state closed
[0m18:01:39.750021 [debug] [Thread-1 (]: Database Error in model staging_fact_network_usage (models/staging_fact_network_usage.sql)
  relation "fact_network_usage__dbt_backup" already exists
  compiled code at target/run/dbt_driven_data/models/staging_fact_network_usage.sql
[0m18:01:39.751646 [debug] [Thread-1 (]: Sending event: {'category': 'dbt', 'action': 'run_model', 'label': '293a2197-dd0a-4d94-ab2f-369ddf5d1077', 'context': [<snowplow_tracker.self_describing_json.SelfDescribingJson object at 0x78a322f84d10>]}
[0m18:01:39.753821 [error] [Thread-1 (]: 5 of 5 ERROR creating sql table model driven_staging.fact_network_usage ........ [[31mERROR[0m in 0.12s]
[0m18:01:39.757659 [debug] [Thread-1 (]: Finished running node model.dbt_driven_data.staging_fact_network_usage
[0m18:01:39.758950 [debug] [MainThread]: SQL status: BEGIN in 0.010 seconds
[0m18:01:39.760579 [debug] [MainThread]: On master: COMMIT
[0m18:01:39.762020 [debug] [MainThread]: Using postgres connection "master"
[0m18:01:39.762549 [debug] [MainThread]: Using postgres connection "master"
[0m18:01:39.764022 [debug] [MainThread]: On master: COMMIT
[0m18:01:39.763842 [debug] [MainThread]: On master: BEGIN
[0m18:01:39.765354 [debug] [MainThread]: Opening a new connection, currently in state closed
[0m18:01:39.765632 [debug] [MainThread]: SQL status: COMMIT in 0.000 seconds
[0m18:01:39.767248 [debug] [MainThread]: On master: Close
[0m18:01:39.770122 [debug] [MainThread]: Connection 'master' was properly closed.
[0m18:01:39.772178 [debug] [MainThread]: Connection 'model.dbt_driven_data.staging_fact_network_usage' was properly closed.
[0m18:01:39.774846 [debug] [MainThread]: SQL status: BEGIN in 0.009 seconds
[0m18:01:39.774035 [info ] [MainThread]: 
[0m18:01:39.776730 [debug] [MainThread]: On master: COMMIT
[0m18:01:39.777777 [info ] [MainThread]: Finished running 5 table models in 0 hours 0 minutes and 1.46 seconds (1.46s).
[0m18:01:39.778371 [debug] [MainThread]: Using postgres connection "master"
[0m18:01:39.780106 [debug] [MainThread]: On master: COMMIT
[0m18:01:39.781561 [debug] [MainThread]: Command end result
[0m18:01:39.782281 [debug] [MainThread]: SQL status: COMMIT in 0.001 seconds
[0m18:01:39.783863 [debug] [MainThread]: On master: Close
[0m18:01:39.787746 [debug] [MainThread]: Connection 'master' was properly closed.
[0m18:01:39.790693 [debug] [MainThread]: Connection 'model.dbt_driven_data.staging_fact_network_usage' was properly closed.
[0m18:01:39.792407 [info ] [MainThread]: 
[0m18:01:39.793886 [info ] [MainThread]: Finished running 5 table models in 0 hours 0 minutes and 1.49 seconds (1.49s).
[0m18:01:39.799750 [debug] [MainThread]: Command end result
[0m18:01:39.906195 [info ] [MainThread]: 
[0m18:01:39.909694 [info ] [MainThread]: [31mCompleted with 2 errors and 0 warnings:[0m
[0m18:01:39.911355 [info ] [MainThread]: 
[0m18:01:39.913467 [error] [MainThread]:   Database Error in model staging_dim_address (models/staging_dim_address.sql)
  relation "dim_address__dbt_backup" already exists
  compiled code at target/run/dbt_driven_data/models/staging_dim_address.sql
[0m18:01:39.914999 [info ] [MainThread]: 
[0m18:01:39.916840 [error] [MainThread]:   Database Error in model staging_dim_finance (models/staging_dim_finance.sql)
  relation "dim_finance__dbt_backup" already exists
  compiled code at target/run/dbt_driven_data/models/staging_dim_finance.sql
[0m18:01:39.918500 [info ] [MainThread]: 
[0m18:01:39.920706 [info ] [MainThread]: Done. PASS=3 WARN=0 ERROR=2 SKIP=0 TOTAL=5
[0m18:01:39.922842 [info ] [MainThread]: 
[0m18:01:39.923351 [debug] [MainThread]: Resource report: {"command_name": "run", "command_wall_clock_time": 3.2556386, "process_user_time": 7.228222, "process_kernel_time": 0.545445, "process_mem_max_rss": "120084", "process_in_blocks": "1576", "command_success": false, "process_out_blocks": "0"}
[0m18:01:39.924940 [debug] [MainThread]: Command `dbt run` failed at 18:01:39.924723 after 3.26 seconds
[0m18:01:39.924780 [info ] [MainThread]: [31mCompleted with 2 errors and 0 warnings:[0m
[0m18:01:39.926272 [debug] [MainThread]: Sending event: {'category': 'dbt', 'action': 'invocation', 'label': 'end', 'context': [<snowplow_tracker.self_describing_json.SelfDescribingJson object at 0x7ee221ed4590>, <snowplow_tracker.self_describing_json.SelfDescribingJson object at 0x7ee221fd0470>, <snowplow_tracker.self_describing_json.SelfDescribingJson object at 0x7ee221fd0c80>]}
[0m18:01:39.926487 [info ] [MainThread]: 
[0m18:01:39.928003 [error] [MainThread]:   Database Error in model staging_dim_date (models/staging_dim_date.sql)
  relation "dim_date__dbt_backup" already exists
  compiled code at target/run/dbt_driven_data/models/staging_dim_date.sql
[0m18:01:39.927926 [debug] [MainThread]: Flushing usage events
[0m18:01:39.929278 [info ] [MainThread]: 
[0m18:01:39.930965 [error] [MainThread]:   Database Error in model staging_fact_network_usage (models/staging_fact_network_usage.sql)
  relation "fact_network_usage__dbt_backup" already exists
  compiled code at target/run/dbt_driven_data/models/staging_fact_network_usage.sql
[0m18:01:39.933388 [info ] [MainThread]: 
[0m18:01:39.935388 [info ] [MainThread]: Done. PASS=3 WARN=0 ERROR=2 SKIP=0 TOTAL=5
[0m18:01:39.938670 [debug] [MainThread]: Resource report: {"command_name": "run", "command_wall_clock_time": 3.271341, "process_user_time": 7.127133, "process_kernel_time": 0.682248, "process_mem_max_rss": "120028", "command_success": false, "process_in_blocks": "0", "process_out_blocks": "0"}
[0m18:01:39.940870 [debug] [MainThread]: Command `dbt run` failed at 18:01:39.940513 after 3.27 seconds
[0m18:01:39.942522 [debug] [MainThread]: Sending event: {'category': 'dbt', 'action': 'invocation', 'label': 'end', 'context': [<snowplow_tracker.self_describing_json.SelfDescribingJson object at 0x78a3262c6de0>, <snowplow_tracker.self_describing_json.SelfDescribingJson object at 0x78a326005460>, <snowplow_tracker.self_describing_json.SelfDescribingJson object at 0x78a326e117f0>]}
[0m18:01:39.944176 [debug] [MainThread]: Flushing usage events
