[2025-07-02T01:33:35.851+0000] {processor.py:186} INFO - Started process (PID=695) to work on /opt/airflow/dags/driven_data_pipeline.py
[2025-07-02T01:33:35.863+0000] {processor.py:914} INFO - Processing file /opt/airflow/dags/driven_data_pipeline.py for tasks to queue
[2025-07-02T01:33:35.867+0000] {logging_mixin.py:190} INFO - [2025-07-02T01:33:35.867+0000] {dagbag.py:588} INFO - Filling up the DagBag from /opt/airflow/dags/driven_data_pipeline.py
[2025-07-02T01:33:36.339+0000] {processor.py:925} INFO - DAG(s) 'extract_raw_data_pipeline' retrieved from /opt/airflow/dags/driven_data_pipeline.py
[2025-07-02T01:33:38.729+0000] {logging_mixin.py:190} INFO - [2025-07-02T01:33:38.728+0000] {dag.py:3239} INFO - Sync 1 DAGs
[2025-07-02T01:33:38.995+0000] {logging_mixin.py:190} INFO - [2025-07-02T01:33:38.994+0000] {dag.py:4180} INFO - Setting next_dagrun for extract_raw_data_pipeline to 2025-07-01 07:59:00+00:00, run_after=2025-07-02 07:00:00+00:00
[2025-07-02T01:33:39.186+0000] {processor.py:208} INFO - Processing /opt/airflow/dags/driven_data_pipeline.py took 3.373 seconds
[2025-07-02T01:34:09.619+0000] {processor.py:186} INFO - Started process (PID=708) to work on /opt/airflow/dags/driven_data_pipeline.py
[2025-07-02T01:34:09.621+0000] {processor.py:914} INFO - Processing file /opt/airflow/dags/driven_data_pipeline.py for tasks to queue
[2025-07-02T01:34:09.623+0000] {logging_mixin.py:190} INFO - [2025-07-02T01:34:09.622+0000] {dagbag.py:588} INFO - Filling up the DagBag from /opt/airflow/dags/driven_data_pipeline.py
[2025-07-02T01:34:09.679+0000] {processor.py:925} INFO - DAG(s) 'extract_raw_data_pipeline' retrieved from /opt/airflow/dags/driven_data_pipeline.py
[2025-07-02T01:34:09.710+0000] {logging_mixin.py:190} INFO - [2025-07-02T01:34:09.709+0000] {dag.py:3239} INFO - Sync 1 DAGs
[2025-07-02T01:34:09.737+0000] {logging_mixin.py:190} INFO - [2025-07-02T01:34:09.736+0000] {dag.py:4180} INFO - Setting next_dagrun for extract_raw_data_pipeline to 2025-07-01 07:59:00+00:00, run_after=2025-07-02 07:00:00+00:00
[2025-07-02T01:34:09.760+0000] {processor.py:208} INFO - Processing /opt/airflow/dags/driven_data_pipeline.py took 0.147 seconds
[2025-07-02T01:34:39.937+0000] {processor.py:186} INFO - Started process (PID=716) to work on /opt/airflow/dags/driven_data_pipeline.py
[2025-07-02T01:34:39.939+0000] {processor.py:914} INFO - Processing file /opt/airflow/dags/driven_data_pipeline.py for tasks to queue
[2025-07-02T01:34:39.940+0000] {logging_mixin.py:190} INFO - [2025-07-02T01:34:39.940+0000] {dagbag.py:588} INFO - Filling up the DagBag from /opt/airflow/dags/driven_data_pipeline.py
[2025-07-02T01:34:39.977+0000] {processor.py:925} INFO - DAG(s) 'extract_raw_data_pipeline' retrieved from /opt/airflow/dags/driven_data_pipeline.py
[2025-07-02T01:34:40.007+0000] {logging_mixin.py:190} INFO - [2025-07-02T01:34:40.006+0000] {dag.py:3239} INFO - Sync 1 DAGs
[2025-07-02T01:34:40.052+0000] {logging_mixin.py:190} INFO - [2025-07-02T01:34:40.051+0000] {dag.py:4180} INFO - Setting next_dagrun for extract_raw_data_pipeline to 2025-07-01 07:59:00+00:00, run_after=2025-07-02 07:00:00+00:00
[2025-07-02T01:34:40.082+0000] {processor.py:208} INFO - Processing /opt/airflow/dags/driven_data_pipeline.py took 0.151 seconds
[2025-07-02T01:35:10.254+0000] {processor.py:186} INFO - Started process (PID=723) to work on /opt/airflow/dags/driven_data_pipeline.py
[2025-07-02T01:35:10.256+0000] {processor.py:914} INFO - Processing file /opt/airflow/dags/driven_data_pipeline.py for tasks to queue
[2025-07-02T01:35:10.258+0000] {logging_mixin.py:190} INFO - [2025-07-02T01:35:10.258+0000] {dagbag.py:588} INFO - Filling up the DagBag from /opt/airflow/dags/driven_data_pipeline.py
[2025-07-02T01:35:10.321+0000] {processor.py:925} INFO - DAG(s) 'extract_raw_data_pipeline' retrieved from /opt/airflow/dags/driven_data_pipeline.py
[2025-07-02T01:35:10.363+0000] {logging_mixin.py:190} INFO - [2025-07-02T01:35:10.362+0000] {dag.py:3239} INFO - Sync 1 DAGs
[2025-07-02T01:35:10.395+0000] {logging_mixin.py:190} INFO - [2025-07-02T01:35:10.394+0000] {dag.py:4180} INFO - Setting next_dagrun for extract_raw_data_pipeline to 2025-07-01 07:59:00+00:00, run_after=2025-07-02 07:00:00+00:00
[2025-07-02T01:35:10.417+0000] {processor.py:208} INFO - Processing /opt/airflow/dags/driven_data_pipeline.py took 0.172 seconds
[2025-07-02T01:35:40.753+0000] {processor.py:186} INFO - Started process (PID=730) to work on /opt/airflow/dags/driven_data_pipeline.py
[2025-07-02T01:35:40.755+0000] {processor.py:914} INFO - Processing file /opt/airflow/dags/driven_data_pipeline.py for tasks to queue
[2025-07-02T01:35:40.758+0000] {logging_mixin.py:190} INFO - [2025-07-02T01:35:40.757+0000] {dagbag.py:588} INFO - Filling up the DagBag from /opt/airflow/dags/driven_data_pipeline.py
[2025-07-02T01:35:40.802+0000] {processor.py:925} INFO - DAG(s) 'extract_raw_data_pipeline' retrieved from /opt/airflow/dags/driven_data_pipeline.py
[2025-07-02T01:35:40.841+0000] {logging_mixin.py:190} INFO - [2025-07-02T01:35:40.841+0000] {dag.py:3239} INFO - Sync 1 DAGs
[2025-07-02T01:35:40.875+0000] {logging_mixin.py:190} INFO - [2025-07-02T01:35:40.874+0000] {dag.py:4180} INFO - Setting next_dagrun for extract_raw_data_pipeline to 2025-07-01 07:59:00+00:00, run_after=2025-07-02 07:00:00+00:00
[2025-07-02T01:35:40.900+0000] {processor.py:208} INFO - Processing /opt/airflow/dags/driven_data_pipeline.py took 0.160 seconds
[2025-07-02T01:36:11.100+0000] {processor.py:186} INFO - Started process (PID=737) to work on /opt/airflow/dags/driven_data_pipeline.py
[2025-07-02T01:36:11.102+0000] {processor.py:914} INFO - Processing file /opt/airflow/dags/driven_data_pipeline.py for tasks to queue
[2025-07-02T01:36:11.104+0000] {logging_mixin.py:190} INFO - [2025-07-02T01:36:11.103+0000] {dagbag.py:588} INFO - Filling up the DagBag from /opt/airflow/dags/driven_data_pipeline.py
[2025-07-02T01:36:11.153+0000] {processor.py:925} INFO - DAG(s) 'extract_raw_data_pipeline' retrieved from /opt/airflow/dags/driven_data_pipeline.py
[2025-07-02T01:36:11.200+0000] {logging_mixin.py:190} INFO - [2025-07-02T01:36:11.200+0000] {dag.py:3239} INFO - Sync 1 DAGs
[2025-07-02T01:36:11.245+0000] {logging_mixin.py:190} INFO - [2025-07-02T01:36:11.244+0000] {dag.py:4180} INFO - Setting next_dagrun for extract_raw_data_pipeline to 2025-07-01 07:59:00+00:00, run_after=2025-07-02 07:00:00+00:00
[2025-07-02T01:36:11.283+0000] {processor.py:208} INFO - Processing /opt/airflow/dags/driven_data_pipeline.py took 0.196 seconds
[2025-07-02T01:36:41.544+0000] {processor.py:186} INFO - Started process (PID=744) to work on /opt/airflow/dags/driven_data_pipeline.py
[2025-07-02T01:36:41.546+0000] {processor.py:914} INFO - Processing file /opt/airflow/dags/driven_data_pipeline.py for tasks to queue
[2025-07-02T01:36:41.547+0000] {logging_mixin.py:190} INFO - [2025-07-02T01:36:41.547+0000] {dagbag.py:588} INFO - Filling up the DagBag from /opt/airflow/dags/driven_data_pipeline.py
[2025-07-02T01:36:41.578+0000] {processor.py:925} INFO - DAG(s) 'extract_raw_data_pipeline' retrieved from /opt/airflow/dags/driven_data_pipeline.py
[2025-07-02T01:36:41.609+0000] {logging_mixin.py:190} INFO - [2025-07-02T01:36:41.608+0000] {dag.py:3239} INFO - Sync 1 DAGs
[2025-07-02T01:36:41.633+0000] {logging_mixin.py:190} INFO - [2025-07-02T01:36:41.633+0000] {dag.py:4180} INFO - Setting next_dagrun for extract_raw_data_pipeline to 2025-07-01 07:59:00+00:00, run_after=2025-07-02 07:00:00+00:00
[2025-07-02T01:36:41.654+0000] {processor.py:208} INFO - Processing /opt/airflow/dags/driven_data_pipeline.py took 0.116 seconds
[2025-07-02T01:37:11.954+0000] {processor.py:186} INFO - Started process (PID=751) to work on /opt/airflow/dags/driven_data_pipeline.py
[2025-07-02T01:37:11.956+0000] {processor.py:914} INFO - Processing file /opt/airflow/dags/driven_data_pipeline.py for tasks to queue
[2025-07-02T01:37:11.957+0000] {logging_mixin.py:190} INFO - [2025-07-02T01:37:11.957+0000] {dagbag.py:588} INFO - Filling up the DagBag from /opt/airflow/dags/driven_data_pipeline.py
[2025-07-02T01:37:12.005+0000] {processor.py:925} INFO - DAG(s) 'extract_raw_data_pipeline' retrieved from /opt/airflow/dags/driven_data_pipeline.py
[2025-07-02T01:37:12.032+0000] {logging_mixin.py:190} INFO - [2025-07-02T01:37:12.032+0000] {dag.py:3239} INFO - Sync 1 DAGs
[2025-07-02T01:37:12.055+0000] {logging_mixin.py:190} INFO - [2025-07-02T01:37:12.055+0000] {dag.py:4180} INFO - Setting next_dagrun for extract_raw_data_pipeline to 2025-07-01 07:59:00+00:00, run_after=2025-07-02 07:00:00+00:00
[2025-07-02T01:37:12.076+0000] {processor.py:208} INFO - Processing /opt/airflow/dags/driven_data_pipeline.py took 0.128 seconds
[2025-07-02T01:37:42.284+0000] {processor.py:186} INFO - Started process (PID=758) to work on /opt/airflow/dags/driven_data_pipeline.py
[2025-07-02T01:37:42.286+0000] {processor.py:914} INFO - Processing file /opt/airflow/dags/driven_data_pipeline.py for tasks to queue
[2025-07-02T01:37:42.287+0000] {logging_mixin.py:190} INFO - [2025-07-02T01:37:42.287+0000] {dagbag.py:588} INFO - Filling up the DagBag from /opt/airflow/dags/driven_data_pipeline.py
[2025-07-02T01:37:42.319+0000] {processor.py:925} INFO - DAG(s) 'extract_raw_data_pipeline' retrieved from /opt/airflow/dags/driven_data_pipeline.py
[2025-07-02T01:37:42.343+0000] {logging_mixin.py:190} INFO - [2025-07-02T01:37:42.343+0000] {dag.py:3239} INFO - Sync 1 DAGs
[2025-07-02T01:37:42.364+0000] {logging_mixin.py:190} INFO - [2025-07-02T01:37:42.364+0000] {dag.py:4180} INFO - Setting next_dagrun for extract_raw_data_pipeline to 2025-07-01 07:59:00+00:00, run_after=2025-07-02 07:00:00+00:00
[2025-07-02T01:37:42.386+0000] {processor.py:208} INFO - Processing /opt/airflow/dags/driven_data_pipeline.py took 0.107 seconds
[2025-07-02T01:38:12.755+0000] {processor.py:186} INFO - Started process (PID=765) to work on /opt/airflow/dags/driven_data_pipeline.py
[2025-07-02T01:38:12.757+0000] {processor.py:914} INFO - Processing file /opt/airflow/dags/driven_data_pipeline.py for tasks to queue
[2025-07-02T01:38:12.758+0000] {logging_mixin.py:190} INFO - [2025-07-02T01:38:12.758+0000] {dagbag.py:588} INFO - Filling up the DagBag from /opt/airflow/dags/driven_data_pipeline.py
[2025-07-02T01:38:12.794+0000] {processor.py:925} INFO - DAG(s) 'extract_raw_data_pipeline' retrieved from /opt/airflow/dags/driven_data_pipeline.py
[2025-07-02T01:38:12.818+0000] {logging_mixin.py:190} INFO - [2025-07-02T01:38:12.818+0000] {dag.py:3239} INFO - Sync 1 DAGs
[2025-07-02T01:38:12.836+0000] {logging_mixin.py:190} INFO - [2025-07-02T01:38:12.836+0000] {dag.py:4180} INFO - Setting next_dagrun for extract_raw_data_pipeline to 2025-07-01 07:59:00+00:00, run_after=2025-07-02 07:00:00+00:00
[2025-07-02T01:38:12.859+0000] {processor.py:208} INFO - Processing /opt/airflow/dags/driven_data_pipeline.py took 0.110 seconds
[2025-07-02T01:38:43.201+0000] {processor.py:186} INFO - Started process (PID=773) to work on /opt/airflow/dags/driven_data_pipeline.py
[2025-07-02T01:38:43.202+0000] {processor.py:914} INFO - Processing file /opt/airflow/dags/driven_data_pipeline.py for tasks to queue
[2025-07-02T01:38:43.204+0000] {logging_mixin.py:190} INFO - [2025-07-02T01:38:43.204+0000] {dagbag.py:588} INFO - Filling up the DagBag from /opt/airflow/dags/driven_data_pipeline.py
[2025-07-02T01:38:43.240+0000] {processor.py:925} INFO - DAG(s) 'extract_raw_data_pipeline' retrieved from /opt/airflow/dags/driven_data_pipeline.py
[2025-07-02T01:38:43.264+0000] {logging_mixin.py:190} INFO - [2025-07-02T01:38:43.264+0000] {dag.py:3239} INFO - Sync 1 DAGs
[2025-07-02T01:38:43.284+0000] {logging_mixin.py:190} INFO - [2025-07-02T01:38:43.283+0000] {dag.py:4180} INFO - Setting next_dagrun for extract_raw_data_pipeline to 2025-07-01 07:59:00+00:00, run_after=2025-07-02 07:00:00+00:00
[2025-07-02T01:38:43.306+0000] {processor.py:208} INFO - Processing /opt/airflow/dags/driven_data_pipeline.py took 0.110 seconds
[2025-07-02T01:39:13.567+0000] {processor.py:186} INFO - Started process (PID=780) to work on /opt/airflow/dags/driven_data_pipeline.py
[2025-07-02T01:39:13.568+0000] {processor.py:914} INFO - Processing file /opt/airflow/dags/driven_data_pipeline.py for tasks to queue
[2025-07-02T01:39:13.570+0000] {logging_mixin.py:190} INFO - [2025-07-02T01:39:13.569+0000] {dagbag.py:588} INFO - Filling up the DagBag from /opt/airflow/dags/driven_data_pipeline.py
[2025-07-02T01:39:13.604+0000] {processor.py:925} INFO - DAG(s) 'extract_raw_data_pipeline' retrieved from /opt/airflow/dags/driven_data_pipeline.py
[2025-07-02T01:39:13.629+0000] {logging_mixin.py:190} INFO - [2025-07-02T01:39:13.629+0000] {dag.py:3239} INFO - Sync 1 DAGs
[2025-07-02T01:39:13.648+0000] {logging_mixin.py:190} INFO - [2025-07-02T01:39:13.648+0000] {dag.py:4180} INFO - Setting next_dagrun for extract_raw_data_pipeline to 2025-07-01 07:59:00+00:00, run_after=2025-07-02 07:00:00+00:00
[2025-07-02T01:39:13.670+0000] {processor.py:208} INFO - Processing /opt/airflow/dags/driven_data_pipeline.py took 0.109 seconds
[2025-07-02T01:39:44.005+0000] {processor.py:186} INFO - Started process (PID=787) to work on /opt/airflow/dags/driven_data_pipeline.py
[2025-07-02T01:39:44.007+0000] {processor.py:914} INFO - Processing file /opt/airflow/dags/driven_data_pipeline.py for tasks to queue
[2025-07-02T01:39:44.009+0000] {logging_mixin.py:190} INFO - [2025-07-02T01:39:44.008+0000] {dagbag.py:588} INFO - Filling up the DagBag from /opt/airflow/dags/driven_data_pipeline.py
[2025-07-02T01:39:44.045+0000] {processor.py:925} INFO - DAG(s) 'extract_raw_data_pipeline' retrieved from /opt/airflow/dags/driven_data_pipeline.py
[2025-07-02T01:39:44.078+0000] {logging_mixin.py:190} INFO - [2025-07-02T01:39:44.078+0000] {dag.py:3239} INFO - Sync 1 DAGs
[2025-07-02T01:39:44.105+0000] {logging_mixin.py:190} INFO - [2025-07-02T01:39:44.105+0000] {dag.py:4180} INFO - Setting next_dagrun for extract_raw_data_pipeline to 2025-07-01 07:59:00+00:00, run_after=2025-07-02 07:00:00+00:00
[2025-07-02T01:39:44.131+0000] {processor.py:208} INFO - Processing /opt/airflow/dags/driven_data_pipeline.py took 0.131 seconds
[2025-07-02T01:40:14.377+0000] {processor.py:186} INFO - Started process (PID=794) to work on /opt/airflow/dags/driven_data_pipeline.py
[2025-07-02T01:40:14.378+0000] {processor.py:914} INFO - Processing file /opt/airflow/dags/driven_data_pipeline.py for tasks to queue
[2025-07-02T01:40:14.380+0000] {logging_mixin.py:190} INFO - [2025-07-02T01:40:14.380+0000] {dagbag.py:588} INFO - Filling up the DagBag from /opt/airflow/dags/driven_data_pipeline.py
[2025-07-02T01:40:14.421+0000] {processor.py:925} INFO - DAG(s) 'extract_raw_data_pipeline' retrieved from /opt/airflow/dags/driven_data_pipeline.py
[2025-07-02T01:40:14.448+0000] {logging_mixin.py:190} INFO - [2025-07-02T01:40:14.448+0000] {dag.py:3239} INFO - Sync 1 DAGs
[2025-07-02T01:40:14.471+0000] {logging_mixin.py:190} INFO - [2025-07-02T01:40:14.471+0000] {dag.py:4180} INFO - Setting next_dagrun for extract_raw_data_pipeline to 2025-07-01 07:59:00+00:00, run_after=2025-07-02 07:00:00+00:00
[2025-07-02T01:40:14.494+0000] {processor.py:208} INFO - Processing /opt/airflow/dags/driven_data_pipeline.py took 0.124 seconds
[2025-07-02T01:40:44.870+0000] {processor.py:186} INFO - Started process (PID=801) to work on /opt/airflow/dags/driven_data_pipeline.py
[2025-07-02T01:40:44.872+0000] {processor.py:914} INFO - Processing file /opt/airflow/dags/driven_data_pipeline.py for tasks to queue
[2025-07-02T01:40:44.873+0000] {logging_mixin.py:190} INFO - [2025-07-02T01:40:44.873+0000] {dagbag.py:588} INFO - Filling up the DagBag from /opt/airflow/dags/driven_data_pipeline.py
[2025-07-02T01:40:44.909+0000] {processor.py:925} INFO - DAG(s) 'extract_raw_data_pipeline' retrieved from /opt/airflow/dags/driven_data_pipeline.py
[2025-07-02T01:40:44.933+0000] {logging_mixin.py:190} INFO - [2025-07-02T01:40:44.933+0000] {dag.py:3239} INFO - Sync 1 DAGs
[2025-07-02T01:40:44.953+0000] {logging_mixin.py:190} INFO - [2025-07-02T01:40:44.953+0000] {dag.py:4180} INFO - Setting next_dagrun for extract_raw_data_pipeline to 2025-07-01 07:59:00+00:00, run_after=2025-07-02 07:00:00+00:00
[2025-07-02T01:40:44.975+0000] {processor.py:208} INFO - Processing /opt/airflow/dags/driven_data_pipeline.py took 0.110 seconds
[2025-07-02T01:41:15.268+0000] {processor.py:186} INFO - Started process (PID=809) to work on /opt/airflow/dags/driven_data_pipeline.py
[2025-07-02T01:41:15.270+0000] {processor.py:914} INFO - Processing file /opt/airflow/dags/driven_data_pipeline.py for tasks to queue
[2025-07-02T01:41:15.272+0000] {logging_mixin.py:190} INFO - [2025-07-02T01:41:15.272+0000] {dagbag.py:588} INFO - Filling up the DagBag from /opt/airflow/dags/driven_data_pipeline.py
[2025-07-02T01:41:15.330+0000] {processor.py:925} INFO - DAG(s) 'extract_raw_data_pipeline' retrieved from /opt/airflow/dags/driven_data_pipeline.py
[2025-07-02T01:41:15.354+0000] {logging_mixin.py:190} INFO - [2025-07-02T01:41:15.354+0000] {dag.py:3239} INFO - Sync 1 DAGs
[2025-07-02T01:41:15.373+0000] {logging_mixin.py:190} INFO - [2025-07-02T01:41:15.373+0000] {dag.py:4180} INFO - Setting next_dagrun for extract_raw_data_pipeline to 2025-07-01 07:59:00+00:00, run_after=2025-07-02 07:00:00+00:00
[2025-07-02T01:41:15.394+0000] {processor.py:208} INFO - Processing /opt/airflow/dags/driven_data_pipeline.py took 0.132 seconds
[2025-07-02T01:41:45.819+0000] {processor.py:186} INFO - Started process (PID=816) to work on /opt/airflow/dags/driven_data_pipeline.py
[2025-07-02T01:41:45.821+0000] {processor.py:914} INFO - Processing file /opt/airflow/dags/driven_data_pipeline.py for tasks to queue
[2025-07-02T01:41:45.824+0000] {logging_mixin.py:190} INFO - [2025-07-02T01:41:45.823+0000] {dagbag.py:588} INFO - Filling up the DagBag from /opt/airflow/dags/driven_data_pipeline.py
[2025-07-02T01:41:45.896+0000] {processor.py:925} INFO - DAG(s) 'extract_raw_data_pipeline' retrieved from /opt/airflow/dags/driven_data_pipeline.py
[2025-07-02T01:41:45.933+0000] {logging_mixin.py:190} INFO - [2025-07-02T01:41:45.932+0000] {dag.py:3239} INFO - Sync 1 DAGs
[2025-07-02T01:41:45.961+0000] {logging_mixin.py:190} INFO - [2025-07-02T01:41:45.961+0000] {dag.py:4180} INFO - Setting next_dagrun for extract_raw_data_pipeline to 2025-07-01 07:59:00+00:00, run_after=2025-07-02 07:00:00+00:00
[2025-07-02T01:41:45.989+0000] {processor.py:208} INFO - Processing /opt/airflow/dags/driven_data_pipeline.py took 0.183 seconds
[2025-07-02T01:42:16.221+0000] {processor.py:186} INFO - Started process (PID=823) to work on /opt/airflow/dags/driven_data_pipeline.py
[2025-07-02T01:42:16.223+0000] {processor.py:914} INFO - Processing file /opt/airflow/dags/driven_data_pipeline.py for tasks to queue
[2025-07-02T01:42:16.226+0000] {logging_mixin.py:190} INFO - [2025-07-02T01:42:16.225+0000] {dagbag.py:588} INFO - Filling up the DagBag from /opt/airflow/dags/driven_data_pipeline.py
[2025-07-02T01:42:16.287+0000] {processor.py:925} INFO - DAG(s) 'extract_raw_data_pipeline' retrieved from /opt/airflow/dags/driven_data_pipeline.py
[2025-07-02T01:42:16.324+0000] {logging_mixin.py:190} INFO - [2025-07-02T01:42:16.324+0000] {dag.py:3239} INFO - Sync 1 DAGs
[2025-07-02T01:42:16.351+0000] {logging_mixin.py:190} INFO - [2025-07-02T01:42:16.350+0000] {dag.py:4180} INFO - Setting next_dagrun for extract_raw_data_pipeline to 2025-07-01 07:59:00+00:00, run_after=2025-07-02 07:00:00+00:00
[2025-07-02T01:42:16.374+0000] {processor.py:208} INFO - Processing /opt/airflow/dags/driven_data_pipeline.py took 0.167 seconds
[2025-07-02T01:42:46.790+0000] {processor.py:186} INFO - Started process (PID=830) to work on /opt/airflow/dags/driven_data_pipeline.py
[2025-07-02T01:42:46.792+0000] {processor.py:914} INFO - Processing file /opt/airflow/dags/driven_data_pipeline.py for tasks to queue
[2025-07-02T01:42:46.794+0000] {logging_mixin.py:190} INFO - [2025-07-02T01:42:46.793+0000] {dagbag.py:588} INFO - Filling up the DagBag from /opt/airflow/dags/driven_data_pipeline.py
[2025-07-02T01:42:46.839+0000] {processor.py:925} INFO - DAG(s) 'extract_raw_data_pipeline' retrieved from /opt/airflow/dags/driven_data_pipeline.py
[2025-07-02T01:42:46.864+0000] {logging_mixin.py:190} INFO - [2025-07-02T01:42:46.863+0000] {dag.py:3239} INFO - Sync 1 DAGs
[2025-07-02T01:42:46.895+0000] {logging_mixin.py:190} INFO - [2025-07-02T01:42:46.894+0000] {dag.py:4180} INFO - Setting next_dagrun for extract_raw_data_pipeline to 2025-07-01 07:59:00+00:00, run_after=2025-07-02 07:00:00+00:00
[2025-07-02T01:42:46.919+0000] {processor.py:208} INFO - Processing /opt/airflow/dags/driven_data_pipeline.py took 0.139 seconds
[2025-07-02T01:43:17.194+0000] {processor.py:186} INFO - Started process (PID=837) to work on /opt/airflow/dags/driven_data_pipeline.py
[2025-07-02T01:43:17.196+0000] {processor.py:914} INFO - Processing file /opt/airflow/dags/driven_data_pipeline.py for tasks to queue
[2025-07-02T01:43:17.198+0000] {logging_mixin.py:190} INFO - [2025-07-02T01:43:17.197+0000] {dagbag.py:588} INFO - Filling up the DagBag from /opt/airflow/dags/driven_data_pipeline.py
[2025-07-02T01:43:17.230+0000] {processor.py:925} INFO - DAG(s) 'extract_raw_data_pipeline' retrieved from /opt/airflow/dags/driven_data_pipeline.py
[2025-07-02T01:43:17.261+0000] {logging_mixin.py:190} INFO - [2025-07-02T01:43:17.261+0000] {dag.py:3239} INFO - Sync 1 DAGs
[2025-07-02T01:43:17.282+0000] {logging_mixin.py:190} INFO - [2025-07-02T01:43:17.282+0000] {dag.py:4180} INFO - Setting next_dagrun for extract_raw_data_pipeline to 2025-07-01 07:59:00+00:00, run_after=2025-07-02 07:00:00+00:00
[2025-07-02T01:43:17.298+0000] {processor.py:208} INFO - Processing /opt/airflow/dags/driven_data_pipeline.py took 0.119 seconds
[2025-07-02T01:43:47.691+0000] {processor.py:186} INFO - Started process (PID=844) to work on /opt/airflow/dags/driven_data_pipeline.py
[2025-07-02T01:43:47.693+0000] {processor.py:914} INFO - Processing file /opt/airflow/dags/driven_data_pipeline.py for tasks to queue
[2025-07-02T01:43:47.694+0000] {logging_mixin.py:190} INFO - [2025-07-02T01:43:47.694+0000] {dagbag.py:588} INFO - Filling up the DagBag from /opt/airflow/dags/driven_data_pipeline.py
[2025-07-02T01:43:47.741+0000] {processor.py:925} INFO - DAG(s) 'extract_raw_data_pipeline' retrieved from /opt/airflow/dags/driven_data_pipeline.py
[2025-07-02T01:43:47.785+0000] {logging_mixin.py:190} INFO - [2025-07-02T01:43:47.785+0000] {dag.py:3239} INFO - Sync 1 DAGs
[2025-07-02T01:43:47.822+0000] {logging_mixin.py:190} INFO - [2025-07-02T01:43:47.822+0000] {dag.py:4180} INFO - Setting next_dagrun for extract_raw_data_pipeline to 2025-07-01 07:59:00+00:00, run_after=2025-07-02 07:00:00+00:00
[2025-07-02T01:43:47.862+0000] {processor.py:208} INFO - Processing /opt/airflow/dags/driven_data_pipeline.py took 0.178 seconds
[2025-07-02T01:44:18.033+0000] {processor.py:186} INFO - Started process (PID=851) to work on /opt/airflow/dags/driven_data_pipeline.py
[2025-07-02T01:44:18.036+0000] {processor.py:914} INFO - Processing file /opt/airflow/dags/driven_data_pipeline.py for tasks to queue
[2025-07-02T01:44:18.038+0000] {logging_mixin.py:190} INFO - [2025-07-02T01:44:18.038+0000] {dagbag.py:588} INFO - Filling up the DagBag from /opt/airflow/dags/driven_data_pipeline.py
[2025-07-02T01:44:18.085+0000] {processor.py:925} INFO - DAG(s) 'extract_raw_data_pipeline' retrieved from /opt/airflow/dags/driven_data_pipeline.py
[2025-07-02T01:44:18.119+0000] {logging_mixin.py:190} INFO - [2025-07-02T01:44:18.118+0000] {dag.py:3239} INFO - Sync 1 DAGs
[2025-07-02T01:44:18.145+0000] {logging_mixin.py:190} INFO - [2025-07-02T01:44:18.145+0000] {dag.py:4180} INFO - Setting next_dagrun for extract_raw_data_pipeline to 2025-07-01 07:59:00+00:00, run_after=2025-07-02 07:00:00+00:00
[2025-07-02T01:44:18.167+0000] {processor.py:208} INFO - Processing /opt/airflow/dags/driven_data_pipeline.py took 0.147 seconds
[2025-07-02T01:44:48.527+0000] {processor.py:186} INFO - Started process (PID=858) to work on /opt/airflow/dags/driven_data_pipeline.py
[2025-07-02T01:44:48.529+0000] {processor.py:914} INFO - Processing file /opt/airflow/dags/driven_data_pipeline.py for tasks to queue
[2025-07-02T01:44:48.532+0000] {logging_mixin.py:190} INFO - [2025-07-02T01:44:48.531+0000] {dagbag.py:588} INFO - Filling up the DagBag from /opt/airflow/dags/driven_data_pipeline.py
[2025-07-02T01:44:48.580+0000] {processor.py:925} INFO - DAG(s) 'extract_raw_data_pipeline' retrieved from /opt/airflow/dags/driven_data_pipeline.py
[2025-07-02T01:44:48.609+0000] {logging_mixin.py:190} INFO - [2025-07-02T01:44:48.609+0000] {dag.py:3239} INFO - Sync 1 DAGs
[2025-07-02T01:44:48.629+0000] {logging_mixin.py:190} INFO - [2025-07-02T01:44:48.629+0000] {dag.py:4180} INFO - Setting next_dagrun for extract_raw_data_pipeline to 2025-07-01 07:59:00+00:00, run_after=2025-07-02 07:00:00+00:00
[2025-07-02T01:44:48.654+0000] {processor.py:208} INFO - Processing /opt/airflow/dags/driven_data_pipeline.py took 0.134 seconds
[2025-07-02T01:45:18.914+0000] {processor.py:186} INFO - Started process (PID=865) to work on /opt/airflow/dags/driven_data_pipeline.py
[2025-07-02T01:45:18.916+0000] {processor.py:914} INFO - Processing file /opt/airflow/dags/driven_data_pipeline.py for tasks to queue
[2025-07-02T01:45:18.918+0000] {logging_mixin.py:190} INFO - [2025-07-02T01:45:18.917+0000] {dagbag.py:588} INFO - Filling up the DagBag from /opt/airflow/dags/driven_data_pipeline.py
[2025-07-02T01:45:18.949+0000] {processor.py:925} INFO - DAG(s) 'extract_raw_data_pipeline' retrieved from /opt/airflow/dags/driven_data_pipeline.py
[2025-07-02T01:45:18.974+0000] {logging_mixin.py:190} INFO - [2025-07-02T01:45:18.973+0000] {dag.py:3239} INFO - Sync 1 DAGs
[2025-07-02T01:45:18.993+0000] {logging_mixin.py:190} INFO - [2025-07-02T01:45:18.992+0000] {dag.py:4180} INFO - Setting next_dagrun for extract_raw_data_pipeline to 2025-07-01 07:59:00+00:00, run_after=2025-07-02 07:00:00+00:00
[2025-07-02T01:45:19.014+0000] {processor.py:208} INFO - Processing /opt/airflow/dags/driven_data_pipeline.py took 0.107 seconds
[2025-07-02T01:45:49.376+0000] {processor.py:186} INFO - Started process (PID=872) to work on /opt/airflow/dags/driven_data_pipeline.py
[2025-07-02T01:45:49.377+0000] {processor.py:914} INFO - Processing file /opt/airflow/dags/driven_data_pipeline.py for tasks to queue
[2025-07-02T01:45:49.379+0000] {logging_mixin.py:190} INFO - [2025-07-02T01:45:49.379+0000] {dagbag.py:588} INFO - Filling up the DagBag from /opt/airflow/dags/driven_data_pipeline.py
[2025-07-02T01:45:49.429+0000] {processor.py:925} INFO - DAG(s) 'extract_raw_data_pipeline' retrieved from /opt/airflow/dags/driven_data_pipeline.py
[2025-07-02T01:45:49.454+0000] {logging_mixin.py:190} INFO - [2025-07-02T01:45:49.454+0000] {dag.py:3239} INFO - Sync 1 DAGs
[2025-07-02T01:45:49.474+0000] {logging_mixin.py:190} INFO - [2025-07-02T01:45:49.474+0000] {dag.py:4180} INFO - Setting next_dagrun for extract_raw_data_pipeline to 2025-07-01 07:59:00+00:00, run_after=2025-07-02 07:00:00+00:00
[2025-07-02T01:45:49.498+0000] {processor.py:208} INFO - Processing /opt/airflow/dags/driven_data_pipeline.py took 0.128 seconds
[2025-07-02T01:46:19.760+0000] {processor.py:186} INFO - Started process (PID=879) to work on /opt/airflow/dags/driven_data_pipeline.py
[2025-07-02T01:46:19.761+0000] {processor.py:914} INFO - Processing file /opt/airflow/dags/driven_data_pipeline.py for tasks to queue
[2025-07-02T01:46:19.763+0000] {logging_mixin.py:190} INFO - [2025-07-02T01:46:19.763+0000] {dagbag.py:588} INFO - Filling up the DagBag from /opt/airflow/dags/driven_data_pipeline.py
[2025-07-02T01:46:19.799+0000] {processor.py:925} INFO - DAG(s) 'extract_raw_data_pipeline' retrieved from /opt/airflow/dags/driven_data_pipeline.py
[2025-07-02T01:46:19.821+0000] {logging_mixin.py:190} INFO - [2025-07-02T01:46:19.821+0000] {dag.py:3239} INFO - Sync 1 DAGs
[2025-07-02T01:46:19.842+0000] {logging_mixin.py:190} INFO - [2025-07-02T01:46:19.842+0000] {dag.py:4180} INFO - Setting next_dagrun for extract_raw_data_pipeline to 2025-07-01 07:59:00+00:00, run_after=2025-07-02 07:00:00+00:00
[2025-07-02T01:46:19.864+0000] {processor.py:208} INFO - Processing /opt/airflow/dags/driven_data_pipeline.py took 0.110 seconds
[2025-07-02T01:46:50.232+0000] {processor.py:186} INFO - Started process (PID=886) to work on /opt/airflow/dags/driven_data_pipeline.py
[2025-07-02T01:46:50.234+0000] {processor.py:914} INFO - Processing file /opt/airflow/dags/driven_data_pipeline.py for tasks to queue
[2025-07-02T01:46:50.236+0000] {logging_mixin.py:190} INFO - [2025-07-02T01:46:50.235+0000] {dagbag.py:588} INFO - Filling up the DagBag from /opt/airflow/dags/driven_data_pipeline.py
[2025-07-02T01:46:50.277+0000] {processor.py:925} INFO - DAG(s) 'extract_raw_data_pipeline' retrieved from /opt/airflow/dags/driven_data_pipeline.py
[2025-07-02T01:46:50.301+0000] {logging_mixin.py:190} INFO - [2025-07-02T01:46:50.300+0000] {dag.py:3239} INFO - Sync 1 DAGs
[2025-07-02T01:46:50.320+0000] {logging_mixin.py:190} INFO - [2025-07-02T01:46:50.320+0000] {dag.py:4180} INFO - Setting next_dagrun for extract_raw_data_pipeline to 2025-07-01 07:59:00+00:00, run_after=2025-07-02 07:00:00+00:00
[2025-07-02T01:46:50.344+0000] {processor.py:208} INFO - Processing /opt/airflow/dags/driven_data_pipeline.py took 0.119 seconds
[2025-07-02T01:47:20.566+0000] {processor.py:186} INFO - Started process (PID=893) to work on /opt/airflow/dags/driven_data_pipeline.py
[2025-07-02T01:47:20.568+0000] {processor.py:914} INFO - Processing file /opt/airflow/dags/driven_data_pipeline.py for tasks to queue
[2025-07-02T01:47:20.570+0000] {logging_mixin.py:190} INFO - [2025-07-02T01:47:20.569+0000] {dagbag.py:588} INFO - Filling up the DagBag from /opt/airflow/dags/driven_data_pipeline.py
[2025-07-02T01:47:20.615+0000] {processor.py:925} INFO - DAG(s) 'extract_raw_data_pipeline' retrieved from /opt/airflow/dags/driven_data_pipeline.py
[2025-07-02T01:47:20.639+0000] {logging_mixin.py:190} INFO - [2025-07-02T01:47:20.639+0000] {dag.py:3239} INFO - Sync 1 DAGs
[2025-07-02T01:47:20.659+0000] {logging_mixin.py:190} INFO - [2025-07-02T01:47:20.659+0000] {dag.py:4180} INFO - Setting next_dagrun for extract_raw_data_pipeline to 2025-07-01 07:59:00+00:00, run_after=2025-07-02 07:00:00+00:00
[2025-07-02T01:47:20.681+0000] {processor.py:208} INFO - Processing /opt/airflow/dags/driven_data_pipeline.py took 0.121 seconds
[2025-07-02T01:47:51.112+0000] {processor.py:186} INFO - Started process (PID=900) to work on /opt/airflow/dags/driven_data_pipeline.py
[2025-07-02T01:47:51.115+0000] {processor.py:914} INFO - Processing file /opt/airflow/dags/driven_data_pipeline.py for tasks to queue
[2025-07-02T01:47:51.117+0000] {logging_mixin.py:190} INFO - [2025-07-02T01:47:51.117+0000] {dagbag.py:588} INFO - Filling up the DagBag from /opt/airflow/dags/driven_data_pipeline.py
[2025-07-02T01:47:51.169+0000] {processor.py:925} INFO - DAG(s) 'extract_raw_data_pipeline' retrieved from /opt/airflow/dags/driven_data_pipeline.py
[2025-07-02T01:47:51.193+0000] {logging_mixin.py:190} INFO - [2025-07-02T01:47:51.193+0000] {dag.py:3239} INFO - Sync 1 DAGs
[2025-07-02T01:47:51.211+0000] {logging_mixin.py:190} INFO - [2025-07-02T01:47:51.211+0000] {dag.py:4180} INFO - Setting next_dagrun for extract_raw_data_pipeline to 2025-07-01 07:59:00+00:00, run_after=2025-07-02 07:00:00+00:00
[2025-07-02T01:47:51.231+0000] {processor.py:208} INFO - Processing /opt/airflow/dags/driven_data_pipeline.py took 0.129 seconds
[2025-07-02T01:48:21.450+0000] {processor.py:186} INFO - Started process (PID=907) to work on /opt/airflow/dags/driven_data_pipeline.py
[2025-07-02T01:48:21.452+0000] {processor.py:914} INFO - Processing file /opt/airflow/dags/driven_data_pipeline.py for tasks to queue
[2025-07-02T01:48:21.454+0000] {logging_mixin.py:190} INFO - [2025-07-02T01:48:21.453+0000] {dagbag.py:588} INFO - Filling up the DagBag from /opt/airflow/dags/driven_data_pipeline.py
[2025-07-02T01:48:21.499+0000] {processor.py:925} INFO - DAG(s) 'extract_raw_data_pipeline' retrieved from /opt/airflow/dags/driven_data_pipeline.py
[2025-07-02T01:48:21.531+0000] {logging_mixin.py:190} INFO - [2025-07-02T01:48:21.531+0000] {dag.py:3239} INFO - Sync 1 DAGs
[2025-07-02T01:48:21.607+0000] {logging_mixin.py:190} INFO - [2025-07-02T01:48:21.606+0000] {dag.py:4180} INFO - Setting next_dagrun for extract_raw_data_pipeline to 2025-07-01 07:59:00+00:00, run_after=2025-07-02 07:00:00+00:00
[2025-07-02T01:48:21.641+0000] {processor.py:208} INFO - Processing /opt/airflow/dags/driven_data_pipeline.py took 0.198 seconds
[2025-07-02T01:48:51.988+0000] {processor.py:186} INFO - Started process (PID=915) to work on /opt/airflow/dags/driven_data_pipeline.py
[2025-07-02T01:48:51.989+0000] {processor.py:914} INFO - Processing file /opt/airflow/dags/driven_data_pipeline.py for tasks to queue
[2025-07-02T01:48:51.992+0000] {logging_mixin.py:190} INFO - [2025-07-02T01:48:51.991+0000] {dagbag.py:588} INFO - Filling up the DagBag from /opt/airflow/dags/driven_data_pipeline.py
[2025-07-02T01:48:52.039+0000] {processor.py:925} INFO - DAG(s) 'extract_raw_data_pipeline' retrieved from /opt/airflow/dags/driven_data_pipeline.py
[2025-07-02T01:48:52.066+0000] {logging_mixin.py:190} INFO - [2025-07-02T01:48:52.065+0000] {dag.py:3239} INFO - Sync 1 DAGs
[2025-07-02T01:48:52.089+0000] {logging_mixin.py:190} INFO - [2025-07-02T01:48:52.089+0000] {dag.py:4180} INFO - Setting next_dagrun for extract_raw_data_pipeline to 2025-07-01 07:59:00+00:00, run_after=2025-07-02 07:00:00+00:00
[2025-07-02T01:48:52.114+0000] {processor.py:208} INFO - Processing /opt/airflow/dags/driven_data_pipeline.py took 0.131 seconds
[2025-07-02T01:49:22.358+0000] {processor.py:186} INFO - Started process (PID=922) to work on /opt/airflow/dags/driven_data_pipeline.py
[2025-07-02T01:49:22.359+0000] {processor.py:914} INFO - Processing file /opt/airflow/dags/driven_data_pipeline.py for tasks to queue
[2025-07-02T01:49:22.361+0000] {logging_mixin.py:190} INFO - [2025-07-02T01:49:22.361+0000] {dagbag.py:588} INFO - Filling up the DagBag from /opt/airflow/dags/driven_data_pipeline.py
[2025-07-02T01:49:22.397+0000] {processor.py:925} INFO - DAG(s) 'extract_raw_data_pipeline' retrieved from /opt/airflow/dags/driven_data_pipeline.py
[2025-07-02T01:49:22.421+0000] {logging_mixin.py:190} INFO - [2025-07-02T01:49:22.421+0000] {dag.py:3239} INFO - Sync 1 DAGs
[2025-07-02T01:49:22.441+0000] {logging_mixin.py:190} INFO - [2025-07-02T01:49:22.440+0000] {dag.py:4180} INFO - Setting next_dagrun for extract_raw_data_pipeline to 2025-07-01 07:59:00+00:00, run_after=2025-07-02 07:00:00+00:00
[2025-07-02T01:49:22.462+0000] {processor.py:208} INFO - Processing /opt/airflow/dags/driven_data_pipeline.py took 0.110 seconds
[2025-07-02T01:49:52.847+0000] {processor.py:186} INFO - Started process (PID=929) to work on /opt/airflow/dags/driven_data_pipeline.py
[2025-07-02T01:49:52.849+0000] {processor.py:914} INFO - Processing file /opt/airflow/dags/driven_data_pipeline.py for tasks to queue
[2025-07-02T01:49:52.850+0000] {logging_mixin.py:190} INFO - [2025-07-02T01:49:52.850+0000] {dagbag.py:588} INFO - Filling up the DagBag from /opt/airflow/dags/driven_data_pipeline.py
[2025-07-02T01:49:52.887+0000] {processor.py:925} INFO - DAG(s) 'extract_raw_data_pipeline' retrieved from /opt/airflow/dags/driven_data_pipeline.py
[2025-07-02T01:49:52.911+0000] {logging_mixin.py:190} INFO - [2025-07-02T01:49:52.910+0000] {dag.py:3239} INFO - Sync 1 DAGs
[2025-07-02T01:49:52.932+0000] {logging_mixin.py:190} INFO - [2025-07-02T01:49:52.932+0000] {dag.py:4180} INFO - Setting next_dagrun for extract_raw_data_pipeline to 2025-07-01 07:59:00+00:00, run_after=2025-07-02 07:00:00+00:00
[2025-07-02T01:49:52.954+0000] {processor.py:208} INFO - Processing /opt/airflow/dags/driven_data_pipeline.py took 0.112 seconds
[2025-07-02T01:50:23.317+0000] {processor.py:186} INFO - Started process (PID=936) to work on /opt/airflow/dags/driven_data_pipeline.py
[2025-07-02T01:50:23.319+0000] {processor.py:914} INFO - Processing file /opt/airflow/dags/driven_data_pipeline.py for tasks to queue
[2025-07-02T01:50:23.321+0000] {logging_mixin.py:190} INFO - [2025-07-02T01:50:23.320+0000] {dagbag.py:588} INFO - Filling up the DagBag from /opt/airflow/dags/driven_data_pipeline.py
[2025-07-02T01:50:23.369+0000] {processor.py:925} INFO - DAG(s) 'extract_raw_data_pipeline' retrieved from /opt/airflow/dags/driven_data_pipeline.py
[2025-07-02T01:50:23.405+0000] {logging_mixin.py:190} INFO - [2025-07-02T01:50:23.405+0000] {dag.py:3239} INFO - Sync 1 DAGs
[2025-07-02T01:50:23.435+0000] {logging_mixin.py:190} INFO - [2025-07-02T01:50:23.434+0000] {dag.py:4180} INFO - Setting next_dagrun for extract_raw_data_pipeline to 2025-07-01 07:59:00+00:00, run_after=2025-07-02 07:00:00+00:00
[2025-07-02T01:50:23.457+0000] {processor.py:208} INFO - Processing /opt/airflow/dags/driven_data_pipeline.py took 0.152 seconds
[2025-07-02T01:50:53.708+0000] {processor.py:186} INFO - Started process (PID=943) to work on /opt/airflow/dags/driven_data_pipeline.py
[2025-07-02T01:50:53.710+0000] {processor.py:914} INFO - Processing file /opt/airflow/dags/driven_data_pipeline.py for tasks to queue
[2025-07-02T01:50:53.711+0000] {logging_mixin.py:190} INFO - [2025-07-02T01:50:53.711+0000] {dagbag.py:588} INFO - Filling up the DagBag from /opt/airflow/dags/driven_data_pipeline.py
[2025-07-02T01:50:53.752+0000] {processor.py:925} INFO - DAG(s) 'extract_raw_data_pipeline' retrieved from /opt/airflow/dags/driven_data_pipeline.py
[2025-07-02T01:50:53.779+0000] {logging_mixin.py:190} INFO - [2025-07-02T01:50:53.778+0000] {dag.py:3239} INFO - Sync 1 DAGs
[2025-07-02T01:50:53.802+0000] {logging_mixin.py:190} INFO - [2025-07-02T01:50:53.802+0000] {dag.py:4180} INFO - Setting next_dagrun for extract_raw_data_pipeline to 2025-07-01 07:59:00+00:00, run_after=2025-07-02 07:00:00+00:00
[2025-07-02T01:50:53.824+0000] {processor.py:208} INFO - Processing /opt/airflow/dags/driven_data_pipeline.py took 0.121 seconds
[2025-07-02T01:51:24.182+0000] {processor.py:186} INFO - Started process (PID=950) to work on /opt/airflow/dags/driven_data_pipeline.py
[2025-07-02T01:51:24.184+0000] {processor.py:914} INFO - Processing file /opt/airflow/dags/driven_data_pipeline.py for tasks to queue
[2025-07-02T01:51:24.185+0000] {logging_mixin.py:190} INFO - [2025-07-02T01:51:24.185+0000] {dagbag.py:588} INFO - Filling up the DagBag from /opt/airflow/dags/driven_data_pipeline.py
[2025-07-02T01:51:24.226+0000] {processor.py:925} INFO - DAG(s) 'extract_raw_data_pipeline' retrieved from /opt/airflow/dags/driven_data_pipeline.py
[2025-07-02T01:51:24.252+0000] {logging_mixin.py:190} INFO - [2025-07-02T01:51:24.251+0000] {dag.py:3239} INFO - Sync 1 DAGs
[2025-07-02T01:51:24.274+0000] {logging_mixin.py:190} INFO - [2025-07-02T01:51:24.274+0000] {dag.py:4180} INFO - Setting next_dagrun for extract_raw_data_pipeline to 2025-07-01 07:59:00+00:00, run_after=2025-07-02 07:00:00+00:00
[2025-07-02T01:51:24.299+0000] {processor.py:208} INFO - Processing /opt/airflow/dags/driven_data_pipeline.py took 0.123 seconds
[2025-07-02T01:51:54.527+0000] {processor.py:186} INFO - Started process (PID=957) to work on /opt/airflow/dags/driven_data_pipeline.py
[2025-07-02T01:51:54.528+0000] {processor.py:914} INFO - Processing file /opt/airflow/dags/driven_data_pipeline.py for tasks to queue
[2025-07-02T01:51:54.530+0000] {logging_mixin.py:190} INFO - [2025-07-02T01:51:54.529+0000] {dagbag.py:588} INFO - Filling up the DagBag from /opt/airflow/dags/driven_data_pipeline.py
[2025-07-02T01:51:54.563+0000] {processor.py:925} INFO - DAG(s) 'extract_raw_data_pipeline' retrieved from /opt/airflow/dags/driven_data_pipeline.py
[2025-07-02T01:51:54.588+0000] {logging_mixin.py:190} INFO - [2025-07-02T01:51:54.587+0000] {dag.py:3239} INFO - Sync 1 DAGs
[2025-07-02T01:51:54.610+0000] {logging_mixin.py:190} INFO - [2025-07-02T01:51:54.610+0000] {dag.py:4180} INFO - Setting next_dagrun for extract_raw_data_pipeline to 2025-07-01 07:59:00+00:00, run_after=2025-07-02 07:00:00+00:00
[2025-07-02T01:51:54.635+0000] {processor.py:208} INFO - Processing /opt/airflow/dags/driven_data_pipeline.py took 0.113 seconds
[2025-07-02T01:52:25.037+0000] {processor.py:186} INFO - Started process (PID=964) to work on /opt/airflow/dags/driven_data_pipeline.py
[2025-07-02T01:52:25.039+0000] {processor.py:914} INFO - Processing file /opt/airflow/dags/driven_data_pipeline.py for tasks to queue
[2025-07-02T01:52:25.041+0000] {logging_mixin.py:190} INFO - [2025-07-02T01:52:25.041+0000] {dagbag.py:588} INFO - Filling up the DagBag from /opt/airflow/dags/driven_data_pipeline.py
[2025-07-02T01:52:25.097+0000] {processor.py:925} INFO - DAG(s) 'extract_raw_data_pipeline' retrieved from /opt/airflow/dags/driven_data_pipeline.py
[2025-07-02T01:52:25.126+0000] {logging_mixin.py:190} INFO - [2025-07-02T01:52:25.125+0000] {dag.py:3239} INFO - Sync 1 DAGs
[2025-07-02T01:52:25.150+0000] {logging_mixin.py:190} INFO - [2025-07-02T01:52:25.150+0000] {dag.py:4180} INFO - Setting next_dagrun for extract_raw_data_pipeline to 2025-07-01 07:59:00+00:00, run_after=2025-07-02 07:00:00+00:00
[2025-07-02T01:52:25.179+0000] {processor.py:208} INFO - Processing /opt/airflow/dags/driven_data_pipeline.py took 0.147 seconds
[2025-07-02T01:52:55.423+0000] {processor.py:186} INFO - Started process (PID=971) to work on /opt/airflow/dags/driven_data_pipeline.py
[2025-07-02T01:52:55.424+0000] {processor.py:914} INFO - Processing file /opt/airflow/dags/driven_data_pipeline.py for tasks to queue
[2025-07-02T01:52:55.426+0000] {logging_mixin.py:190} INFO - [2025-07-02T01:52:55.426+0000] {dagbag.py:588} INFO - Filling up the DagBag from /opt/airflow/dags/driven_data_pipeline.py
[2025-07-02T01:52:55.460+0000] {processor.py:925} INFO - DAG(s) 'extract_raw_data_pipeline' retrieved from /opt/airflow/dags/driven_data_pipeline.py
[2025-07-02T01:52:55.486+0000] {logging_mixin.py:190} INFO - [2025-07-02T01:52:55.486+0000] {dag.py:3239} INFO - Sync 1 DAGs
[2025-07-02T01:52:55.505+0000] {logging_mixin.py:190} INFO - [2025-07-02T01:52:55.505+0000] {dag.py:4180} INFO - Setting next_dagrun for extract_raw_data_pipeline to 2025-07-01 07:59:00+00:00, run_after=2025-07-02 07:00:00+00:00
[2025-07-02T01:52:55.527+0000] {processor.py:208} INFO - Processing /opt/airflow/dags/driven_data_pipeline.py took 0.110 seconds
[2025-07-02T01:53:25.875+0000] {processor.py:186} INFO - Started process (PID=978) to work on /opt/airflow/dags/driven_data_pipeline.py
[2025-07-02T01:53:25.876+0000] {processor.py:914} INFO - Processing file /opt/airflow/dags/driven_data_pipeline.py for tasks to queue
[2025-07-02T01:53:25.878+0000] {logging_mixin.py:190} INFO - [2025-07-02T01:53:25.878+0000] {dagbag.py:588} INFO - Filling up the DagBag from /opt/airflow/dags/driven_data_pipeline.py
[2025-07-02T01:53:25.920+0000] {processor.py:925} INFO - DAG(s) 'extract_raw_data_pipeline' retrieved from /opt/airflow/dags/driven_data_pipeline.py
[2025-07-02T01:53:25.944+0000] {logging_mixin.py:190} INFO - [2025-07-02T01:53:25.944+0000] {dag.py:3239} INFO - Sync 1 DAGs
[2025-07-02T01:53:25.962+0000] {logging_mixin.py:190} INFO - [2025-07-02T01:53:25.962+0000] {dag.py:4180} INFO - Setting next_dagrun for extract_raw_data_pipeline to 2025-07-01 07:59:00+00:00, run_after=2025-07-02 07:00:00+00:00
[2025-07-02T01:53:25.984+0000] {processor.py:208} INFO - Processing /opt/airflow/dags/driven_data_pipeline.py took 0.114 seconds
[2025-07-02T01:53:56.348+0000] {processor.py:186} INFO - Started process (PID=985) to work on /opt/airflow/dags/driven_data_pipeline.py
[2025-07-02T01:53:56.350+0000] {processor.py:914} INFO - Processing file /opt/airflow/dags/driven_data_pipeline.py for tasks to queue
[2025-07-02T01:53:56.351+0000] {logging_mixin.py:190} INFO - [2025-07-02T01:53:56.351+0000] {dagbag.py:588} INFO - Filling up the DagBag from /opt/airflow/dags/driven_data_pipeline.py
[2025-07-02T01:53:56.386+0000] {processor.py:925} INFO - DAG(s) 'extract_raw_data_pipeline' retrieved from /opt/airflow/dags/driven_data_pipeline.py
[2025-07-02T01:53:56.409+0000] {logging_mixin.py:190} INFO - [2025-07-02T01:53:56.409+0000] {dag.py:3239} INFO - Sync 1 DAGs
[2025-07-02T01:53:56.428+0000] {logging_mixin.py:190} INFO - [2025-07-02T01:53:56.428+0000] {dag.py:4180} INFO - Setting next_dagrun for extract_raw_data_pipeline to 2025-07-01 07:59:00+00:00, run_after=2025-07-02 07:00:00+00:00
[2025-07-02T01:53:56.449+0000] {processor.py:208} INFO - Processing /opt/airflow/dags/driven_data_pipeline.py took 0.105 seconds
[2025-07-02T01:54:26.720+0000] {processor.py:186} INFO - Started process (PID=992) to work on /opt/airflow/dags/driven_data_pipeline.py
[2025-07-02T01:54:26.722+0000] {processor.py:914} INFO - Processing file /opt/airflow/dags/driven_data_pipeline.py for tasks to queue
[2025-07-02T01:54:26.725+0000] {logging_mixin.py:190} INFO - [2025-07-02T01:54:26.724+0000] {dagbag.py:588} INFO - Filling up the DagBag from /opt/airflow/dags/driven_data_pipeline.py
[2025-07-02T01:54:26.773+0000] {processor.py:925} INFO - DAG(s) 'extract_raw_data_pipeline' retrieved from /opt/airflow/dags/driven_data_pipeline.py
[2025-07-02T01:54:26.807+0000] {logging_mixin.py:190} INFO - [2025-07-02T01:54:26.807+0000] {dag.py:3239} INFO - Sync 1 DAGs
[2025-07-02T01:54:26.833+0000] {logging_mixin.py:190} INFO - [2025-07-02T01:54:26.833+0000] {dag.py:4180} INFO - Setting next_dagrun for extract_raw_data_pipeline to 2025-07-01 07:59:00+00:00, run_after=2025-07-02 07:00:00+00:00
[2025-07-02T01:54:26.861+0000] {processor.py:208} INFO - Processing /opt/airflow/dags/driven_data_pipeline.py took 0.146 seconds
[2025-07-02T01:54:57.165+0000] {processor.py:186} INFO - Started process (PID=999) to work on /opt/airflow/dags/driven_data_pipeline.py
[2025-07-02T01:54:57.167+0000] {processor.py:914} INFO - Processing file /opt/airflow/dags/driven_data_pipeline.py for tasks to queue
[2025-07-02T01:54:57.169+0000] {logging_mixin.py:190} INFO - [2025-07-02T01:54:57.168+0000] {dagbag.py:588} INFO - Filling up the DagBag from /opt/airflow/dags/driven_data_pipeline.py
[2025-07-02T01:54:57.208+0000] {processor.py:925} INFO - DAG(s) 'extract_raw_data_pipeline' retrieved from /opt/airflow/dags/driven_data_pipeline.py
[2025-07-02T01:54:57.231+0000] {logging_mixin.py:190} INFO - [2025-07-02T01:54:57.231+0000] {dag.py:3239} INFO - Sync 1 DAGs
[2025-07-02T01:54:57.252+0000] {logging_mixin.py:190} INFO - [2025-07-02T01:54:57.252+0000] {dag.py:4180} INFO - Setting next_dagrun for extract_raw_data_pipeline to 2025-07-01 07:59:00+00:00, run_after=2025-07-02 07:00:00+00:00
[2025-07-02T01:54:57.274+0000] {processor.py:208} INFO - Processing /opt/airflow/dags/driven_data_pipeline.py took 0.116 seconds
[2025-07-02T01:55:27.589+0000] {processor.py:186} INFO - Started process (PID=1006) to work on /opt/airflow/dags/driven_data_pipeline.py
[2025-07-02T01:55:27.590+0000] {processor.py:914} INFO - Processing file /opt/airflow/dags/driven_data_pipeline.py for tasks to queue
[2025-07-02T01:55:27.592+0000] {logging_mixin.py:190} INFO - [2025-07-02T01:55:27.592+0000] {dagbag.py:588} INFO - Filling up the DagBag from /opt/airflow/dags/driven_data_pipeline.py
[2025-07-02T01:55:27.628+0000] {processor.py:925} INFO - DAG(s) 'extract_raw_data_pipeline' retrieved from /opt/airflow/dags/driven_data_pipeline.py
[2025-07-02T01:55:27.650+0000] {logging_mixin.py:190} INFO - [2025-07-02T01:55:27.650+0000] {dag.py:3239} INFO - Sync 1 DAGs
[2025-07-02T01:55:27.670+0000] {logging_mixin.py:190} INFO - [2025-07-02T01:55:27.669+0000] {dag.py:4180} INFO - Setting next_dagrun for extract_raw_data_pipeline to 2025-07-01 07:59:00+00:00, run_after=2025-07-02 07:00:00+00:00
[2025-07-02T01:55:27.693+0000] {processor.py:208} INFO - Processing /opt/airflow/dags/driven_data_pipeline.py took 0.111 seconds
[2025-07-02T01:55:57.985+0000] {processor.py:186} INFO - Started process (PID=1013) to work on /opt/airflow/dags/driven_data_pipeline.py
[2025-07-02T01:55:57.987+0000] {processor.py:914} INFO - Processing file /opt/airflow/dags/driven_data_pipeline.py for tasks to queue
[2025-07-02T01:55:57.989+0000] {logging_mixin.py:190} INFO - [2025-07-02T01:55:57.988+0000] {dagbag.py:588} INFO - Filling up the DagBag from /opt/airflow/dags/driven_data_pipeline.py
[2025-07-02T01:55:58.026+0000] {processor.py:925} INFO - DAG(s) 'extract_raw_data_pipeline' retrieved from /opt/airflow/dags/driven_data_pipeline.py
[2025-07-02T01:55:58.048+0000] {logging_mixin.py:190} INFO - [2025-07-02T01:55:58.048+0000] {dag.py:3239} INFO - Sync 1 DAGs
[2025-07-02T01:55:58.068+0000] {logging_mixin.py:190} INFO - [2025-07-02T01:55:58.068+0000] {dag.py:4180} INFO - Setting next_dagrun for extract_raw_data_pipeline to 2025-07-01 07:59:00+00:00, run_after=2025-07-02 07:00:00+00:00
[2025-07-02T01:55:58.091+0000] {processor.py:208} INFO - Processing /opt/airflow/dags/driven_data_pipeline.py took 0.112 seconds
[2025-07-02T01:56:28.407+0000] {processor.py:186} INFO - Started process (PID=1020) to work on /opt/airflow/dags/driven_data_pipeline.py
[2025-07-02T01:56:28.410+0000] {processor.py:914} INFO - Processing file /opt/airflow/dags/driven_data_pipeline.py for tasks to queue
[2025-07-02T01:56:28.412+0000] {logging_mixin.py:190} INFO - [2025-07-02T01:56:28.411+0000] {dagbag.py:588} INFO - Filling up the DagBag from /opt/airflow/dags/driven_data_pipeline.py
[2025-07-02T01:56:28.457+0000] {processor.py:925} INFO - DAG(s) 'extract_raw_data_pipeline' retrieved from /opt/airflow/dags/driven_data_pipeline.py
[2025-07-02T01:56:28.504+0000] {logging_mixin.py:190} INFO - [2025-07-02T01:56:28.504+0000] {dag.py:3239} INFO - Sync 1 DAGs
[2025-07-02T01:56:28.539+0000] {logging_mixin.py:190} INFO - [2025-07-02T01:56:28.538+0000] {dag.py:4180} INFO - Setting next_dagrun for extract_raw_data_pipeline to 2025-07-01 07:59:00+00:00, run_after=2025-07-02 07:00:00+00:00
[2025-07-02T01:56:28.569+0000] {processor.py:208} INFO - Processing /opt/airflow/dags/driven_data_pipeline.py took 0.172 seconds
[2025-07-02T01:56:58.775+0000] {processor.py:186} INFO - Started process (PID=1027) to work on /opt/airflow/dags/driven_data_pipeline.py
[2025-07-02T01:56:58.776+0000] {processor.py:914} INFO - Processing file /opt/airflow/dags/driven_data_pipeline.py for tasks to queue
[2025-07-02T01:56:58.778+0000] {logging_mixin.py:190} INFO - [2025-07-02T01:56:58.777+0000] {dagbag.py:588} INFO - Filling up the DagBag from /opt/airflow/dags/driven_data_pipeline.py
[2025-07-02T01:56:58.809+0000] {processor.py:925} INFO - DAG(s) 'extract_raw_data_pipeline' retrieved from /opt/airflow/dags/driven_data_pipeline.py
[2025-07-02T01:56:58.833+0000] {logging_mixin.py:190} INFO - [2025-07-02T01:56:58.833+0000] {dag.py:3239} INFO - Sync 1 DAGs
[2025-07-02T01:56:58.854+0000] {logging_mixin.py:190} INFO - [2025-07-02T01:56:58.854+0000] {dag.py:4180} INFO - Setting next_dagrun for extract_raw_data_pipeline to 2025-07-01 07:59:00+00:00, run_after=2025-07-02 07:00:00+00:00
[2025-07-02T01:56:58.878+0000] {processor.py:208} INFO - Processing /opt/airflow/dags/driven_data_pipeline.py took 0.109 seconds
[2025-07-02T02:00:41.398+0000] {processor.py:186} INFO - Started process (PID=1034) to work on /opt/airflow/dags/driven_data_pipeline.py
[2025-07-02T02:00:41.400+0000] {processor.py:914} INFO - Processing file /opt/airflow/dags/driven_data_pipeline.py for tasks to queue
[2025-07-02T02:00:41.402+0000] {logging_mixin.py:190} INFO - [2025-07-02T02:00:41.402+0000] {dagbag.py:588} INFO - Filling up the DagBag from /opt/airflow/dags/driven_data_pipeline.py
[2025-07-02T02:00:41.459+0000] {processor.py:925} INFO - DAG(s) 'extract_raw_data_pipeline' retrieved from /opt/airflow/dags/driven_data_pipeline.py
[2025-07-02T02:00:41.506+0000] {logging_mixin.py:190} INFO - [2025-07-02T02:00:41.505+0000] {dag.py:3239} INFO - Sync 1 DAGs
[2025-07-02T02:00:41.545+0000] {logging_mixin.py:190} INFO - [2025-07-02T02:00:41.545+0000] {dag.py:4180} INFO - Setting next_dagrun for extract_raw_data_pipeline to 2025-07-01 07:59:00+00:00, run_after=2025-07-02 07:00:00+00:00
[2025-07-02T02:00:41.580+0000] {processor.py:208} INFO - Processing /opt/airflow/dags/driven_data_pipeline.py took 0.188 seconds
[2025-07-02T02:01:11.828+0000] {processor.py:186} INFO - Started process (PID=1041) to work on /opt/airflow/dags/driven_data_pipeline.py
[2025-07-02T02:01:11.830+0000] {processor.py:914} INFO - Processing file /opt/airflow/dags/driven_data_pipeline.py for tasks to queue
[2025-07-02T02:01:11.832+0000] {logging_mixin.py:190} INFO - [2025-07-02T02:01:11.831+0000] {dagbag.py:588} INFO - Filling up the DagBag from /opt/airflow/dags/driven_data_pipeline.py
[2025-07-02T02:01:11.873+0000] {processor.py:925} INFO - DAG(s) 'extract_raw_data_pipeline' retrieved from /opt/airflow/dags/driven_data_pipeline.py
[2025-07-02T02:01:11.903+0000] {logging_mixin.py:190} INFO - [2025-07-02T02:01:11.902+0000] {dag.py:3239} INFO - Sync 1 DAGs
[2025-07-02T02:01:11.927+0000] {logging_mixin.py:190} INFO - [2025-07-02T02:01:11.926+0000] {dag.py:4180} INFO - Setting next_dagrun for extract_raw_data_pipeline to 2025-07-01 07:59:00+00:00, run_after=2025-07-02 07:00:00+00:00
[2025-07-02T02:01:11.952+0000] {processor.py:208} INFO - Processing /opt/airflow/dags/driven_data_pipeline.py took 0.130 seconds
[2025-07-02T02:01:42.243+0000] {processor.py:186} INFO - Started process (PID=1048) to work on /opt/airflow/dags/driven_data_pipeline.py
[2025-07-02T02:01:42.244+0000] {processor.py:914} INFO - Processing file /opt/airflow/dags/driven_data_pipeline.py for tasks to queue
[2025-07-02T02:01:42.246+0000] {logging_mixin.py:190} INFO - [2025-07-02T02:01:42.246+0000] {dagbag.py:588} INFO - Filling up the DagBag from /opt/airflow/dags/driven_data_pipeline.py
[2025-07-02T02:01:42.290+0000] {processor.py:925} INFO - DAG(s) 'extract_raw_data_pipeline' retrieved from /opt/airflow/dags/driven_data_pipeline.py
[2025-07-02T02:01:42.321+0000] {logging_mixin.py:190} INFO - [2025-07-02T02:01:42.321+0000] {dag.py:3239} INFO - Sync 1 DAGs
[2025-07-02T02:01:42.348+0000] {logging_mixin.py:190} INFO - [2025-07-02T02:01:42.348+0000] {dag.py:4180} INFO - Setting next_dagrun for extract_raw_data_pipeline to 2025-07-01 07:59:00+00:00, run_after=2025-07-02 07:00:00+00:00
[2025-07-02T02:01:42.373+0000] {processor.py:208} INFO - Processing /opt/airflow/dags/driven_data_pipeline.py took 0.137 seconds
[2025-07-02T02:02:12.610+0000] {processor.py:186} INFO - Started process (PID=1055) to work on /opt/airflow/dags/driven_data_pipeline.py
[2025-07-02T02:02:12.612+0000] {processor.py:914} INFO - Processing file /opt/airflow/dags/driven_data_pipeline.py for tasks to queue
[2025-07-02T02:02:12.614+0000] {logging_mixin.py:190} INFO - [2025-07-02T02:02:12.614+0000] {dagbag.py:588} INFO - Filling up the DagBag from /opt/airflow/dags/driven_data_pipeline.py
[2025-07-02T02:02:12.659+0000] {processor.py:925} INFO - DAG(s) 'extract_raw_data_pipeline' retrieved from /opt/airflow/dags/driven_data_pipeline.py
[2025-07-02T02:02:12.683+0000] {logging_mixin.py:190} INFO - [2025-07-02T02:02:12.683+0000] {dag.py:3239} INFO - Sync 1 DAGs
[2025-07-02T02:02:12.703+0000] {logging_mixin.py:190} INFO - [2025-07-02T02:02:12.703+0000] {dag.py:4180} INFO - Setting next_dagrun for extract_raw_data_pipeline to 2025-07-01 07:59:00+00:00, run_after=2025-07-02 07:00:00+00:00
[2025-07-02T02:02:12.724+0000] {processor.py:208} INFO - Processing /opt/airflow/dags/driven_data_pipeline.py took 0.121 seconds
[2025-07-02T02:02:43.047+0000] {processor.py:186} INFO - Started process (PID=1062) to work on /opt/airflow/dags/driven_data_pipeline.py
[2025-07-02T02:02:43.048+0000] {processor.py:914} INFO - Processing file /opt/airflow/dags/driven_data_pipeline.py for tasks to queue
[2025-07-02T02:02:43.050+0000] {logging_mixin.py:190} INFO - [2025-07-02T02:02:43.049+0000] {dagbag.py:588} INFO - Filling up the DagBag from /opt/airflow/dags/driven_data_pipeline.py
[2025-07-02T02:02:43.089+0000] {processor.py:925} INFO - DAG(s) 'extract_raw_data_pipeline' retrieved from /opt/airflow/dags/driven_data_pipeline.py
[2025-07-02T02:02:43.121+0000] {logging_mixin.py:190} INFO - [2025-07-02T02:02:43.120+0000] {dag.py:3239} INFO - Sync 1 DAGs
[2025-07-02T02:02:43.145+0000] {logging_mixin.py:190} INFO - [2025-07-02T02:02:43.145+0000] {dag.py:4180} INFO - Setting next_dagrun for extract_raw_data_pipeline to 2025-07-01 07:59:00+00:00, run_after=2025-07-02 07:00:00+00:00
[2025-07-02T02:02:43.173+0000] {processor.py:208} INFO - Processing /opt/airflow/dags/driven_data_pipeline.py took 0.133 seconds
[2025-07-02T02:03:13.443+0000] {processor.py:186} INFO - Started process (PID=1069) to work on /opt/airflow/dags/driven_data_pipeline.py
[2025-07-02T02:03:13.444+0000] {processor.py:914} INFO - Processing file /opt/airflow/dags/driven_data_pipeline.py for tasks to queue
[2025-07-02T02:03:13.447+0000] {logging_mixin.py:190} INFO - [2025-07-02T02:03:13.446+0000] {dagbag.py:588} INFO - Filling up the DagBag from /opt/airflow/dags/driven_data_pipeline.py
[2025-07-02T02:03:13.485+0000] {processor.py:925} INFO - DAG(s) 'extract_raw_data_pipeline' retrieved from /opt/airflow/dags/driven_data_pipeline.py
[2025-07-02T02:03:13.514+0000] {logging_mixin.py:190} INFO - [2025-07-02T02:03:13.514+0000] {dag.py:3239} INFO - Sync 1 DAGs
[2025-07-02T02:03:13.536+0000] {logging_mixin.py:190} INFO - [2025-07-02T02:03:13.536+0000] {dag.py:4180} INFO - Setting next_dagrun for extract_raw_data_pipeline to 2025-07-01 07:59:00+00:00, run_after=2025-07-02 07:00:00+00:00
[2025-07-02T02:03:13.555+0000] {processor.py:208} INFO - Processing /opt/airflow/dags/driven_data_pipeline.py took 0.119 seconds
[2025-07-02T02:03:43.868+0000] {processor.py:186} INFO - Started process (PID=1076) to work on /opt/airflow/dags/driven_data_pipeline.py
[2025-07-02T02:03:43.870+0000] {processor.py:914} INFO - Processing file /opt/airflow/dags/driven_data_pipeline.py for tasks to queue
[2025-07-02T02:03:43.871+0000] {logging_mixin.py:190} INFO - [2025-07-02T02:03:43.871+0000] {dagbag.py:588} INFO - Filling up the DagBag from /opt/airflow/dags/driven_data_pipeline.py
[2025-07-02T02:03:43.905+0000] {processor.py:925} INFO - DAG(s) 'extract_raw_data_pipeline' retrieved from /opt/airflow/dags/driven_data_pipeline.py
[2025-07-02T02:03:43.927+0000] {logging_mixin.py:190} INFO - [2025-07-02T02:03:43.927+0000] {dag.py:3239} INFO - Sync 1 DAGs
[2025-07-02T02:03:43.947+0000] {logging_mixin.py:190} INFO - [2025-07-02T02:03:43.947+0000] {dag.py:4180} INFO - Setting next_dagrun for extract_raw_data_pipeline to 2025-07-01 07:59:00+00:00, run_after=2025-07-02 07:00:00+00:00
[2025-07-02T02:03:43.969+0000] {processor.py:208} INFO - Processing /opt/airflow/dags/driven_data_pipeline.py took 0.106 seconds
[2025-07-02T02:04:14.203+0000] {processor.py:186} INFO - Started process (PID=1083) to work on /opt/airflow/dags/driven_data_pipeline.py
[2025-07-02T02:04:14.204+0000] {processor.py:914} INFO - Processing file /opt/airflow/dags/driven_data_pipeline.py for tasks to queue
[2025-07-02T02:04:14.206+0000] {logging_mixin.py:190} INFO - [2025-07-02T02:04:14.206+0000] {dagbag.py:588} INFO - Filling up the DagBag from /opt/airflow/dags/driven_data_pipeline.py
[2025-07-02T02:04:14.268+0000] {processor.py:925} INFO - DAG(s) 'extract_raw_data_pipeline' retrieved from /opt/airflow/dags/driven_data_pipeline.py
[2025-07-02T02:04:14.297+0000] {logging_mixin.py:190} INFO - [2025-07-02T02:04:14.297+0000] {dag.py:3239} INFO - Sync 1 DAGs
[2025-07-02T02:04:14.326+0000] {logging_mixin.py:190} INFO - [2025-07-02T02:04:14.326+0000] {dag.py:4180} INFO - Setting next_dagrun for extract_raw_data_pipeline to 2025-07-01 07:59:00+00:00, run_after=2025-07-02 07:00:00+00:00
[2025-07-02T02:04:14.373+0000] {processor.py:208} INFO - Processing /opt/airflow/dags/driven_data_pipeline.py took 0.175 seconds
[2025-07-02T02:04:44.664+0000] {processor.py:186} INFO - Started process (PID=1091) to work on /opt/airflow/dags/driven_data_pipeline.py
[2025-07-02T02:04:44.666+0000] {processor.py:914} INFO - Processing file /opt/airflow/dags/driven_data_pipeline.py for tasks to queue
[2025-07-02T02:04:44.669+0000] {logging_mixin.py:190} INFO - [2025-07-02T02:04:44.668+0000] {dagbag.py:588} INFO - Filling up the DagBag from /opt/airflow/dags/driven_data_pipeline.py
[2025-07-02T02:04:44.716+0000] {processor.py:925} INFO - DAG(s) 'extract_raw_data_pipeline' retrieved from /opt/airflow/dags/driven_data_pipeline.py
[2025-07-02T02:04:44.739+0000] {logging_mixin.py:190} INFO - [2025-07-02T02:04:44.739+0000] {dag.py:3239} INFO - Sync 1 DAGs
[2025-07-02T02:04:44.758+0000] {logging_mixin.py:190} INFO - [2025-07-02T02:04:44.757+0000] {dag.py:4180} INFO - Setting next_dagrun for extract_raw_data_pipeline to 2025-07-01 07:59:00+00:00, run_after=2025-07-02 07:00:00+00:00
[2025-07-02T02:04:44.779+0000] {processor.py:208} INFO - Processing /opt/airflow/dags/driven_data_pipeline.py took 0.122 seconds
[2025-07-02T02:05:15.088+0000] {processor.py:186} INFO - Started process (PID=1098) to work on /opt/airflow/dags/driven_data_pipeline.py
[2025-07-02T02:05:15.089+0000] {processor.py:914} INFO - Processing file /opt/airflow/dags/driven_data_pipeline.py for tasks to queue
[2025-07-02T02:05:15.092+0000] {logging_mixin.py:190} INFO - [2025-07-02T02:05:15.091+0000] {dagbag.py:588} INFO - Filling up the DagBag from /opt/airflow/dags/driven_data_pipeline.py
[2025-07-02T02:05:15.140+0000] {processor.py:925} INFO - DAG(s) 'extract_raw_data_pipeline' retrieved from /opt/airflow/dags/driven_data_pipeline.py
[2025-07-02T02:05:15.173+0000] {logging_mixin.py:190} INFO - [2025-07-02T02:05:15.173+0000] {dag.py:3239} INFO - Sync 1 DAGs
[2025-07-02T02:05:15.206+0000] {logging_mixin.py:190} INFO - [2025-07-02T02:05:15.205+0000] {dag.py:4180} INFO - Setting next_dagrun for extract_raw_data_pipeline to 2025-07-01 07:59:00+00:00, run_after=2025-07-02 07:00:00+00:00
[2025-07-02T02:05:15.238+0000] {processor.py:208} INFO - Processing /opt/airflow/dags/driven_data_pipeline.py took 0.157 seconds
[2025-07-02T02:05:45.497+0000] {processor.py:186} INFO - Started process (PID=1105) to work on /opt/airflow/dags/driven_data_pipeline.py
[2025-07-02T02:05:45.499+0000] {processor.py:914} INFO - Processing file /opt/airflow/dags/driven_data_pipeline.py for tasks to queue
[2025-07-02T02:05:45.501+0000] {logging_mixin.py:190} INFO - [2025-07-02T02:05:45.500+0000] {dagbag.py:588} INFO - Filling up the DagBag from /opt/airflow/dags/driven_data_pipeline.py
[2025-07-02T02:05:45.537+0000] {processor.py:925} INFO - DAG(s) 'extract_raw_data_pipeline' retrieved from /opt/airflow/dags/driven_data_pipeline.py
[2025-07-02T02:05:45.562+0000] {logging_mixin.py:190} INFO - [2025-07-02T02:05:45.562+0000] {dag.py:3239} INFO - Sync 1 DAGs
[2025-07-02T02:05:45.585+0000] {logging_mixin.py:190} INFO - [2025-07-02T02:05:45.585+0000] {dag.py:4180} INFO - Setting next_dagrun for extract_raw_data_pipeline to 2025-07-01 07:59:00+00:00, run_after=2025-07-02 07:00:00+00:00
[2025-07-02T02:05:45.610+0000] {processor.py:208} INFO - Processing /opt/airflow/dags/driven_data_pipeline.py took 0.119 seconds
[2025-07-02T02:06:15.917+0000] {processor.py:186} INFO - Started process (PID=1112) to work on /opt/airflow/dags/driven_data_pipeline.py
[2025-07-02T02:06:15.919+0000] {processor.py:914} INFO - Processing file /opt/airflow/dags/driven_data_pipeline.py for tasks to queue
[2025-07-02T02:06:15.920+0000] {logging_mixin.py:190} INFO - [2025-07-02T02:06:15.920+0000] {dagbag.py:588} INFO - Filling up the DagBag from /opt/airflow/dags/driven_data_pipeline.py
[2025-07-02T02:06:15.957+0000] {processor.py:925} INFO - DAG(s) 'extract_raw_data_pipeline' retrieved from /opt/airflow/dags/driven_data_pipeline.py
[2025-07-02T02:06:15.980+0000] {logging_mixin.py:190} INFO - [2025-07-02T02:06:15.979+0000] {dag.py:3239} INFO - Sync 1 DAGs
[2025-07-02T02:06:16.000+0000] {logging_mixin.py:190} INFO - [2025-07-02T02:06:15.999+0000] {dag.py:4180} INFO - Setting next_dagrun for extract_raw_data_pipeline to 2025-07-01 07:59:00+00:00, run_after=2025-07-02 07:00:00+00:00
[2025-07-02T02:06:16.023+0000] {processor.py:208} INFO - Processing /opt/airflow/dags/driven_data_pipeline.py took 0.111 seconds
[2025-07-02T02:06:46.306+0000] {processor.py:186} INFO - Started process (PID=1119) to work on /opt/airflow/dags/driven_data_pipeline.py
[2025-07-02T02:06:46.308+0000] {processor.py:914} INFO - Processing file /opt/airflow/dags/driven_data_pipeline.py for tasks to queue
[2025-07-02T02:06:46.310+0000] {logging_mixin.py:190} INFO - [2025-07-02T02:06:46.310+0000] {dagbag.py:588} INFO - Filling up the DagBag from /opt/airflow/dags/driven_data_pipeline.py
[2025-07-02T02:06:46.355+0000] {processor.py:925} INFO - DAG(s) 'extract_raw_data_pipeline' retrieved from /opt/airflow/dags/driven_data_pipeline.py
[2025-07-02T02:06:46.380+0000] {logging_mixin.py:190} INFO - [2025-07-02T02:06:46.379+0000] {dag.py:3239} INFO - Sync 1 DAGs
[2025-07-02T02:06:46.399+0000] {logging_mixin.py:190} INFO - [2025-07-02T02:06:46.398+0000] {dag.py:4180} INFO - Setting next_dagrun for extract_raw_data_pipeline to 2025-07-01 07:59:00+00:00, run_after=2025-07-02 07:00:00+00:00
[2025-07-02T02:06:46.424+0000] {processor.py:208} INFO - Processing /opt/airflow/dags/driven_data_pipeline.py took 0.123 seconds
[2025-07-02T02:07:16.775+0000] {processor.py:186} INFO - Started process (PID=1126) to work on /opt/airflow/dags/driven_data_pipeline.py
[2025-07-02T02:07:16.779+0000] {processor.py:914} INFO - Processing file /opt/airflow/dags/driven_data_pipeline.py for tasks to queue
[2025-07-02T02:07:16.782+0000] {logging_mixin.py:190} INFO - [2025-07-02T02:07:16.781+0000] {dagbag.py:588} INFO - Filling up the DagBag from /opt/airflow/dags/driven_data_pipeline.py
[2025-07-02T02:07:16.826+0000] {processor.py:925} INFO - DAG(s) 'extract_raw_data_pipeline' retrieved from /opt/airflow/dags/driven_data_pipeline.py
[2025-07-02T02:07:16.865+0000] {logging_mixin.py:190} INFO - [2025-07-02T02:07:16.865+0000] {dag.py:3239} INFO - Sync 1 DAGs
[2025-07-02T02:07:16.902+0000] {logging_mixin.py:190} INFO - [2025-07-02T02:07:16.902+0000] {dag.py:4180} INFO - Setting next_dagrun for extract_raw_data_pipeline to 2025-07-01 07:59:00+00:00, run_after=2025-07-02 07:00:00+00:00
[2025-07-02T02:07:16.932+0000] {processor.py:208} INFO - Processing /opt/airflow/dags/driven_data_pipeline.py took 0.164 seconds
[2025-07-02T02:07:47.076+0000] {processor.py:186} INFO - Started process (PID=1133) to work on /opt/airflow/dags/driven_data_pipeline.py
[2025-07-02T02:07:47.078+0000] {processor.py:914} INFO - Processing file /opt/airflow/dags/driven_data_pipeline.py for tasks to queue
[2025-07-02T02:07:47.081+0000] {logging_mixin.py:190} INFO - [2025-07-02T02:07:47.080+0000] {dagbag.py:588} INFO - Filling up the DagBag from /opt/airflow/dags/driven_data_pipeline.py
[2025-07-02T02:07:47.126+0000] {processor.py:925} INFO - DAG(s) 'extract_raw_data_pipeline' retrieved from /opt/airflow/dags/driven_data_pipeline.py
[2025-07-02T02:07:47.158+0000] {logging_mixin.py:190} INFO - [2025-07-02T02:07:47.158+0000] {dag.py:3239} INFO - Sync 1 DAGs
[2025-07-02T02:07:47.187+0000] {logging_mixin.py:190} INFO - [2025-07-02T02:07:47.187+0000] {dag.py:4180} INFO - Setting next_dagrun for extract_raw_data_pipeline to 2025-07-01 07:59:00+00:00, run_after=2025-07-02 07:00:00+00:00
[2025-07-02T02:07:47.217+0000] {processor.py:208} INFO - Processing /opt/airflow/dags/driven_data_pipeline.py took 0.150 seconds
[2025-07-02T02:08:17.399+0000] {processor.py:186} INFO - Started process (PID=1140) to work on /opt/airflow/dags/driven_data_pipeline.py
[2025-07-02T02:08:17.400+0000] {processor.py:914} INFO - Processing file /opt/airflow/dags/driven_data_pipeline.py for tasks to queue
[2025-07-02T02:08:17.405+0000] {logging_mixin.py:190} INFO - [2025-07-02T02:08:17.404+0000] {dagbag.py:588} INFO - Filling up the DagBag from /opt/airflow/dags/driven_data_pipeline.py
[2025-07-02T02:08:17.439+0000] {processor.py:925} INFO - DAG(s) 'extract_raw_data_pipeline' retrieved from /opt/airflow/dags/driven_data_pipeline.py
[2025-07-02T02:08:17.469+0000] {logging_mixin.py:190} INFO - [2025-07-02T02:08:17.469+0000] {dag.py:3239} INFO - Sync 1 DAGs
[2025-07-02T02:08:17.497+0000] {logging_mixin.py:190} INFO - [2025-07-02T02:08:17.497+0000] {dag.py:4180} INFO - Setting next_dagrun for extract_raw_data_pipeline to 2025-07-01 07:59:00+00:00, run_after=2025-07-02 07:00:00+00:00
[2025-07-02T02:08:17.537+0000] {processor.py:208} INFO - Processing /opt/airflow/dags/driven_data_pipeline.py took 0.150 seconds
[2025-07-02T02:08:47.896+0000] {processor.py:186} INFO - Started process (PID=1147) to work on /opt/airflow/dags/driven_data_pipeline.py
[2025-07-02T02:08:47.897+0000] {processor.py:914} INFO - Processing file /opt/airflow/dags/driven_data_pipeline.py for tasks to queue
[2025-07-02T02:08:47.898+0000] {logging_mixin.py:190} INFO - [2025-07-02T02:08:47.898+0000] {dagbag.py:588} INFO - Filling up the DagBag from /opt/airflow/dags/driven_data_pipeline.py
[2025-07-02T02:08:47.932+0000] {processor.py:925} INFO - DAG(s) 'extract_raw_data_pipeline' retrieved from /opt/airflow/dags/driven_data_pipeline.py
[2025-07-02T02:08:47.956+0000] {logging_mixin.py:190} INFO - [2025-07-02T02:08:47.956+0000] {dag.py:3239} INFO - Sync 1 DAGs
[2025-07-02T02:08:47.976+0000] {logging_mixin.py:190} INFO - [2025-07-02T02:08:47.975+0000] {dag.py:4180} INFO - Setting next_dagrun for extract_raw_data_pipeline to 2025-07-01 07:59:00+00:00, run_after=2025-07-02 07:00:00+00:00
[2025-07-02T02:08:47.998+0000] {processor.py:208} INFO - Processing /opt/airflow/dags/driven_data_pipeline.py took 0.107 seconds
[2025-07-02T02:09:18.251+0000] {processor.py:186} INFO - Started process (PID=1154) to work on /opt/airflow/dags/driven_data_pipeline.py
[2025-07-02T02:09:18.253+0000] {processor.py:914} INFO - Processing file /opt/airflow/dags/driven_data_pipeline.py for tasks to queue
[2025-07-02T02:09:18.257+0000] {logging_mixin.py:190} INFO - [2025-07-02T02:09:18.256+0000] {dagbag.py:588} INFO - Filling up the DagBag from /opt/airflow/dags/driven_data_pipeline.py
[2025-07-02T02:09:18.303+0000] {processor.py:925} INFO - DAG(s) 'extract_raw_data_pipeline' retrieved from /opt/airflow/dags/driven_data_pipeline.py
[2025-07-02T02:09:18.335+0000] {logging_mixin.py:190} INFO - [2025-07-02T02:09:18.335+0000] {dag.py:3239} INFO - Sync 1 DAGs
[2025-07-02T02:09:18.361+0000] {logging_mixin.py:190} INFO - [2025-07-02T02:09:18.360+0000] {dag.py:4180} INFO - Setting next_dagrun for extract_raw_data_pipeline to 2025-07-01 07:59:00+00:00, run_after=2025-07-02 07:00:00+00:00
[2025-07-02T02:09:18.384+0000] {processor.py:208} INFO - Processing /opt/airflow/dags/driven_data_pipeline.py took 0.141 seconds
[2025-07-02T02:09:48.662+0000] {processor.py:186} INFO - Started process (PID=1161) to work on /opt/airflow/dags/driven_data_pipeline.py
[2025-07-02T02:09:48.665+0000] {processor.py:914} INFO - Processing file /opt/airflow/dags/driven_data_pipeline.py for tasks to queue
[2025-07-02T02:09:48.668+0000] {logging_mixin.py:190} INFO - [2025-07-02T02:09:48.667+0000] {dagbag.py:588} INFO - Filling up the DagBag from /opt/airflow/dags/driven_data_pipeline.py
[2025-07-02T02:09:48.717+0000] {processor.py:925} INFO - DAG(s) 'extract_raw_data_pipeline' retrieved from /opt/airflow/dags/driven_data_pipeline.py
[2025-07-02T02:09:48.746+0000] {logging_mixin.py:190} INFO - [2025-07-02T02:09:48.746+0000] {dag.py:3239} INFO - Sync 1 DAGs
[2025-07-02T02:09:48.772+0000] {logging_mixin.py:190} INFO - [2025-07-02T02:09:48.771+0000] {dag.py:4180} INFO - Setting next_dagrun for extract_raw_data_pipeline to 2025-07-01 07:59:00+00:00, run_after=2025-07-02 07:00:00+00:00
[2025-07-02T02:09:48.794+0000] {processor.py:208} INFO - Processing /opt/airflow/dags/driven_data_pipeline.py took 0.145 seconds
[2025-07-02T02:10:19.041+0000] {processor.py:186} INFO - Started process (PID=1168) to work on /opt/airflow/dags/driven_data_pipeline.py
[2025-07-02T02:10:19.043+0000] {processor.py:914} INFO - Processing file /opt/airflow/dags/driven_data_pipeline.py for tasks to queue
[2025-07-02T02:10:19.045+0000] {logging_mixin.py:190} INFO - [2025-07-02T02:10:19.045+0000] {dagbag.py:588} INFO - Filling up the DagBag from /opt/airflow/dags/driven_data_pipeline.py
[2025-07-02T02:10:19.082+0000] {processor.py:925} INFO - DAG(s) 'extract_raw_data_pipeline' retrieved from /opt/airflow/dags/driven_data_pipeline.py
[2025-07-02T02:10:19.108+0000] {logging_mixin.py:190} INFO - [2025-07-02T02:10:19.108+0000] {dag.py:3239} INFO - Sync 1 DAGs
[2025-07-02T02:10:19.130+0000] {logging_mixin.py:190} INFO - [2025-07-02T02:10:19.130+0000] {dag.py:4180} INFO - Setting next_dagrun for extract_raw_data_pipeline to 2025-07-01 07:59:00+00:00, run_after=2025-07-02 07:00:00+00:00
[2025-07-02T02:10:19.150+0000] {processor.py:208} INFO - Processing /opt/airflow/dags/driven_data_pipeline.py took 0.116 seconds
[2025-07-02T02:10:49.544+0000] {processor.py:186} INFO - Started process (PID=1175) to work on /opt/airflow/dags/driven_data_pipeline.py
[2025-07-02T02:10:49.546+0000] {processor.py:914} INFO - Processing file /opt/airflow/dags/driven_data_pipeline.py for tasks to queue
[2025-07-02T02:10:49.548+0000] {logging_mixin.py:190} INFO - [2025-07-02T02:10:49.548+0000] {dagbag.py:588} INFO - Filling up the DagBag from /opt/airflow/dags/driven_data_pipeline.py
[2025-07-02T02:10:49.602+0000] {processor.py:925} INFO - DAG(s) 'extract_raw_data_pipeline' retrieved from /opt/airflow/dags/driven_data_pipeline.py
[2025-07-02T02:10:49.631+0000] {logging_mixin.py:190} INFO - [2025-07-02T02:10:49.630+0000] {dag.py:3239} INFO - Sync 1 DAGs
[2025-07-02T02:10:49.660+0000] {logging_mixin.py:190} INFO - [2025-07-02T02:10:49.660+0000] {dag.py:4180} INFO - Setting next_dagrun for extract_raw_data_pipeline to 2025-07-01 07:59:00+00:00, run_after=2025-07-02 07:00:00+00:00
[2025-07-02T02:10:49.684+0000] {processor.py:208} INFO - Processing /opt/airflow/dags/driven_data_pipeline.py took 0.148 seconds
[2025-07-02T02:11:19.863+0000] {processor.py:186} INFO - Started process (PID=1182) to work on /opt/airflow/dags/driven_data_pipeline.py
[2025-07-02T02:11:19.865+0000] {processor.py:914} INFO - Processing file /opt/airflow/dags/driven_data_pipeline.py for tasks to queue
[2025-07-02T02:11:19.868+0000] {logging_mixin.py:190} INFO - [2025-07-02T02:11:19.867+0000] {dagbag.py:588} INFO - Filling up the DagBag from /opt/airflow/dags/driven_data_pipeline.py
[2025-07-02T02:11:19.913+0000] {processor.py:925} INFO - DAG(s) 'extract_raw_data_pipeline' retrieved from /opt/airflow/dags/driven_data_pipeline.py
[2025-07-02T02:11:19.941+0000] {logging_mixin.py:190} INFO - [2025-07-02T02:11:19.941+0000] {dag.py:3239} INFO - Sync 1 DAGs
[2025-07-02T02:11:19.966+0000] {logging_mixin.py:190} INFO - [2025-07-02T02:11:19.966+0000] {dag.py:4180} INFO - Setting next_dagrun for extract_raw_data_pipeline to 2025-07-01 07:59:00+00:00, run_after=2025-07-02 07:00:00+00:00
[2025-07-02T02:11:19.994+0000] {processor.py:208} INFO - Processing /opt/airflow/dags/driven_data_pipeline.py took 0.137 seconds
[2025-07-02T02:11:50.319+0000] {processor.py:186} INFO - Started process (PID=1189) to work on /opt/airflow/dags/driven_data_pipeline.py
[2025-07-02T02:11:50.321+0000] {processor.py:914} INFO - Processing file /opt/airflow/dags/driven_data_pipeline.py for tasks to queue
[2025-07-02T02:11:50.323+0000] {logging_mixin.py:190} INFO - [2025-07-02T02:11:50.322+0000] {dagbag.py:588} INFO - Filling up the DagBag from /opt/airflow/dags/driven_data_pipeline.py
[2025-07-02T02:11:50.367+0000] {processor.py:925} INFO - DAG(s) 'extract_raw_data_pipeline' retrieved from /opt/airflow/dags/driven_data_pipeline.py
[2025-07-02T02:11:50.426+0000] {logging_mixin.py:190} INFO - [2025-07-02T02:11:50.426+0000] {dag.py:3239} INFO - Sync 1 DAGs
[2025-07-02T02:11:50.472+0000] {logging_mixin.py:190} INFO - [2025-07-02T02:11:50.472+0000] {dag.py:4180} INFO - Setting next_dagrun for extract_raw_data_pipeline to 2025-07-01 07:59:00+00:00, run_after=2025-07-02 07:00:00+00:00
[2025-07-02T02:11:50.520+0000] {processor.py:208} INFO - Processing /opt/airflow/dags/driven_data_pipeline.py took 0.207 seconds
[2025-07-02T02:12:20.674+0000] {processor.py:186} INFO - Started process (PID=1196) to work on /opt/airflow/dags/driven_data_pipeline.py
[2025-07-02T02:12:20.676+0000] {processor.py:914} INFO - Processing file /opt/airflow/dags/driven_data_pipeline.py for tasks to queue
[2025-07-02T02:12:20.677+0000] {logging_mixin.py:190} INFO - [2025-07-02T02:12:20.677+0000] {dagbag.py:588} INFO - Filling up the DagBag from /opt/airflow/dags/driven_data_pipeline.py
[2025-07-02T02:12:20.719+0000] {processor.py:925} INFO - DAG(s) 'extract_raw_data_pipeline' retrieved from /opt/airflow/dags/driven_data_pipeline.py
[2025-07-02T02:12:20.750+0000] {logging_mixin.py:190} INFO - [2025-07-02T02:12:20.749+0000] {dag.py:3239} INFO - Sync 1 DAGs
[2025-07-02T02:12:20.774+0000] {logging_mixin.py:190} INFO - [2025-07-02T02:12:20.774+0000] {dag.py:4180} INFO - Setting next_dagrun for extract_raw_data_pipeline to 2025-07-01 07:59:00+00:00, run_after=2025-07-02 07:00:00+00:00
[2025-07-02T02:12:20.796+0000] {processor.py:208} INFO - Processing /opt/airflow/dags/driven_data_pipeline.py took 0.128 seconds
[2025-07-02T02:12:51.001+0000] {processor.py:186} INFO - Started process (PID=1203) to work on /opt/airflow/dags/driven_data_pipeline.py
[2025-07-02T02:12:51.003+0000] {processor.py:914} INFO - Processing file /opt/airflow/dags/driven_data_pipeline.py for tasks to queue
[2025-07-02T02:12:51.004+0000] {logging_mixin.py:190} INFO - [2025-07-02T02:12:51.004+0000] {dagbag.py:588} INFO - Filling up the DagBag from /opt/airflow/dags/driven_data_pipeline.py
[2025-07-02T02:12:51.051+0000] {processor.py:925} INFO - DAG(s) 'extract_raw_data_pipeline' retrieved from /opt/airflow/dags/driven_data_pipeline.py
[2025-07-02T02:12:51.092+0000] {logging_mixin.py:190} INFO - [2025-07-02T02:12:51.092+0000] {dag.py:3239} INFO - Sync 1 DAGs
[2025-07-02T02:12:51.126+0000] {logging_mixin.py:190} INFO - [2025-07-02T02:12:51.125+0000] {dag.py:4180} INFO - Setting next_dagrun for extract_raw_data_pipeline to 2025-07-01 07:59:00+00:00, run_after=2025-07-02 07:00:00+00:00
[2025-07-02T02:12:51.159+0000] {processor.py:208} INFO - Processing /opt/airflow/dags/driven_data_pipeline.py took 0.166 seconds
[2025-07-02T02:13:21.438+0000] {processor.py:186} INFO - Started process (PID=1210) to work on /opt/airflow/dags/driven_data_pipeline.py
[2025-07-02T02:13:21.439+0000] {processor.py:914} INFO - Processing file /opt/airflow/dags/driven_data_pipeline.py for tasks to queue
[2025-07-02T02:13:21.440+0000] {logging_mixin.py:190} INFO - [2025-07-02T02:13:21.440+0000] {dagbag.py:588} INFO - Filling up the DagBag from /opt/airflow/dags/driven_data_pipeline.py
[2025-07-02T02:13:21.472+0000] {processor.py:925} INFO - DAG(s) 'extract_raw_data_pipeline' retrieved from /opt/airflow/dags/driven_data_pipeline.py
[2025-07-02T02:13:21.495+0000] {logging_mixin.py:190} INFO - [2025-07-02T02:13:21.495+0000] {dag.py:3239} INFO - Sync 1 DAGs
[2025-07-02T02:13:21.514+0000] {logging_mixin.py:190} INFO - [2025-07-02T02:13:21.514+0000] {dag.py:4180} INFO - Setting next_dagrun for extract_raw_data_pipeline to 2025-07-01 07:59:00+00:00, run_after=2025-07-02 07:00:00+00:00
[2025-07-02T02:13:21.538+0000] {processor.py:208} INFO - Processing /opt/airflow/dags/driven_data_pipeline.py took 0.106 seconds
[2025-07-02T02:13:51.811+0000] {processor.py:186} INFO - Started process (PID=1217) to work on /opt/airflow/dags/driven_data_pipeline.py
[2025-07-02T02:13:51.812+0000] {processor.py:914} INFO - Processing file /opt/airflow/dags/driven_data_pipeline.py for tasks to queue
[2025-07-02T02:13:51.815+0000] {logging_mixin.py:190} INFO - [2025-07-02T02:13:51.814+0000] {dagbag.py:588} INFO - Filling up the DagBag from /opt/airflow/dags/driven_data_pipeline.py
[2025-07-02T02:13:51.866+0000] {processor.py:925} INFO - DAG(s) 'extract_raw_data_pipeline' retrieved from /opt/airflow/dags/driven_data_pipeline.py
[2025-07-02T02:13:51.900+0000] {logging_mixin.py:190} INFO - [2025-07-02T02:13:51.900+0000] {dag.py:3239} INFO - Sync 1 DAGs
[2025-07-02T02:13:51.927+0000] {logging_mixin.py:190} INFO - [2025-07-02T02:13:51.927+0000] {dag.py:4180} INFO - Setting next_dagrun for extract_raw_data_pipeline to 2025-07-01 07:59:00+00:00, run_after=2025-07-02 07:00:00+00:00
[2025-07-02T02:13:51.958+0000] {processor.py:208} INFO - Processing /opt/airflow/dags/driven_data_pipeline.py took 0.155 seconds
[2025-07-02T02:14:22.209+0000] {processor.py:186} INFO - Started process (PID=1224) to work on /opt/airflow/dags/driven_data_pipeline.py
[2025-07-02T02:14:22.211+0000] {processor.py:914} INFO - Processing file /opt/airflow/dags/driven_data_pipeline.py for tasks to queue
[2025-07-02T02:14:22.213+0000] {logging_mixin.py:190} INFO - [2025-07-02T02:14:22.212+0000] {dagbag.py:588} INFO - Filling up the DagBag from /opt/airflow/dags/driven_data_pipeline.py
[2025-07-02T02:14:22.249+0000] {processor.py:925} INFO - DAG(s) 'extract_raw_data_pipeline' retrieved from /opt/airflow/dags/driven_data_pipeline.py
[2025-07-02T02:14:22.273+0000] {logging_mixin.py:190} INFO - [2025-07-02T02:14:22.273+0000] {dag.py:3239} INFO - Sync 1 DAGs
[2025-07-02T02:14:22.294+0000] {logging_mixin.py:190} INFO - [2025-07-02T02:14:22.293+0000] {dag.py:4180} INFO - Setting next_dagrun for extract_raw_data_pipeline to 2025-07-01 07:59:00+00:00, run_after=2025-07-02 07:00:00+00:00
[2025-07-02T02:14:22.315+0000] {processor.py:208} INFO - Processing /opt/airflow/dags/driven_data_pipeline.py took 0.111 seconds
[2025-07-02T02:14:52.633+0000] {processor.py:186} INFO - Started process (PID=1231) to work on /opt/airflow/dags/driven_data_pipeline.py
[2025-07-02T02:14:52.635+0000] {processor.py:914} INFO - Processing file /opt/airflow/dags/driven_data_pipeline.py for tasks to queue
[2025-07-02T02:14:52.636+0000] {logging_mixin.py:190} INFO - [2025-07-02T02:14:52.636+0000] {dagbag.py:588} INFO - Filling up the DagBag from /opt/airflow/dags/driven_data_pipeline.py
[2025-07-02T02:14:52.675+0000] {processor.py:925} INFO - DAG(s) 'extract_raw_data_pipeline' retrieved from /opt/airflow/dags/driven_data_pipeline.py
[2025-07-02T02:14:52.705+0000] {logging_mixin.py:190} INFO - [2025-07-02T02:14:52.705+0000] {dag.py:3239} INFO - Sync 1 DAGs
[2025-07-02T02:14:52.732+0000] {logging_mixin.py:190} INFO - [2025-07-02T02:14:52.732+0000] {dag.py:4180} INFO - Setting next_dagrun for extract_raw_data_pipeline to 2025-07-01 07:59:00+00:00, run_after=2025-07-02 07:00:00+00:00
[2025-07-02T02:14:52.757+0000] {processor.py:208} INFO - Processing /opt/airflow/dags/driven_data_pipeline.py took 0.130 seconds
[2025-07-02T02:15:23.010+0000] {processor.py:186} INFO - Started process (PID=1238) to work on /opt/airflow/dags/driven_data_pipeline.py
[2025-07-02T02:15:23.011+0000] {processor.py:914} INFO - Processing file /opt/airflow/dags/driven_data_pipeline.py for tasks to queue
[2025-07-02T02:15:23.013+0000] {logging_mixin.py:190} INFO - [2025-07-02T02:15:23.013+0000] {dagbag.py:588} INFO - Filling up the DagBag from /opt/airflow/dags/driven_data_pipeline.py
[2025-07-02T02:15:23.050+0000] {processor.py:925} INFO - DAG(s) 'extract_raw_data_pipeline' retrieved from /opt/airflow/dags/driven_data_pipeline.py
[2025-07-02T02:15:23.078+0000] {logging_mixin.py:190} INFO - [2025-07-02T02:15:23.077+0000] {dag.py:3239} INFO - Sync 1 DAGs
[2025-07-02T02:15:23.100+0000] {logging_mixin.py:190} INFO - [2025-07-02T02:15:23.100+0000] {dag.py:4180} INFO - Setting next_dagrun for extract_raw_data_pipeline to 2025-07-01 07:59:00+00:00, run_after=2025-07-02 07:00:00+00:00
[2025-07-02T02:15:23.123+0000] {processor.py:208} INFO - Processing /opt/airflow/dags/driven_data_pipeline.py took 0.120 seconds
[2025-07-02T02:15:53.473+0000] {processor.py:186} INFO - Started process (PID=1245) to work on /opt/airflow/dags/driven_data_pipeline.py
[2025-07-02T02:15:53.476+0000] {processor.py:914} INFO - Processing file /opt/airflow/dags/driven_data_pipeline.py for tasks to queue
[2025-07-02T02:15:53.478+0000] {logging_mixin.py:190} INFO - [2025-07-02T02:15:53.478+0000] {dagbag.py:588} INFO - Filling up the DagBag from /opt/airflow/dags/driven_data_pipeline.py
[2025-07-02T02:15:53.528+0000] {processor.py:925} INFO - DAG(s) 'extract_raw_data_pipeline' retrieved from /opt/airflow/dags/driven_data_pipeline.py
[2025-07-02T02:15:53.565+0000] {logging_mixin.py:190} INFO - [2025-07-02T02:15:53.565+0000] {dag.py:3239} INFO - Sync 1 DAGs
[2025-07-02T02:15:53.595+0000] {logging_mixin.py:190} INFO - [2025-07-02T02:15:53.594+0000] {dag.py:4180} INFO - Setting next_dagrun for extract_raw_data_pipeline to 2025-07-01 07:59:00+00:00, run_after=2025-07-02 07:00:00+00:00
[2025-07-02T02:15:53.626+0000] {processor.py:208} INFO - Processing /opt/airflow/dags/driven_data_pipeline.py took 0.160 seconds
[2025-07-02T02:16:23.831+0000] {processor.py:186} INFO - Started process (PID=1252) to work on /opt/airflow/dags/driven_data_pipeline.py
[2025-07-02T02:16:23.833+0000] {processor.py:914} INFO - Processing file /opt/airflow/dags/driven_data_pipeline.py for tasks to queue
[2025-07-02T02:16:23.835+0000] {logging_mixin.py:190} INFO - [2025-07-02T02:16:23.834+0000] {dagbag.py:588} INFO - Filling up the DagBag from /opt/airflow/dags/driven_data_pipeline.py
[2025-07-02T02:16:23.871+0000] {processor.py:925} INFO - DAG(s) 'extract_raw_data_pipeline' retrieved from /opt/airflow/dags/driven_data_pipeline.py
[2025-07-02T02:16:23.897+0000] {logging_mixin.py:190} INFO - [2025-07-02T02:16:23.897+0000] {dag.py:3239} INFO - Sync 1 DAGs
[2025-07-02T02:16:23.917+0000] {logging_mixin.py:190} INFO - [2025-07-02T02:16:23.916+0000] {dag.py:4180} INFO - Setting next_dagrun for extract_raw_data_pipeline to 2025-07-01 07:59:00+00:00, run_after=2025-07-02 07:00:00+00:00
[2025-07-02T02:16:23.936+0000] {processor.py:208} INFO - Processing /opt/airflow/dags/driven_data_pipeline.py took 0.114 seconds
[2025-07-02T02:16:54.285+0000] {processor.py:186} INFO - Started process (PID=1259) to work on /opt/airflow/dags/driven_data_pipeline.py
[2025-07-02T02:16:54.286+0000] {processor.py:914} INFO - Processing file /opt/airflow/dags/driven_data_pipeline.py for tasks to queue
[2025-07-02T02:16:54.289+0000] {logging_mixin.py:190} INFO - [2025-07-02T02:16:54.288+0000] {dagbag.py:588} INFO - Filling up the DagBag from /opt/airflow/dags/driven_data_pipeline.py
[2025-07-02T02:16:54.329+0000] {processor.py:925} INFO - DAG(s) 'extract_raw_data_pipeline' retrieved from /opt/airflow/dags/driven_data_pipeline.py
[2025-07-02T02:16:54.354+0000] {logging_mixin.py:190} INFO - [2025-07-02T02:16:54.354+0000] {dag.py:3239} INFO - Sync 1 DAGs
[2025-07-02T02:16:54.374+0000] {logging_mixin.py:190} INFO - [2025-07-02T02:16:54.374+0000] {dag.py:4180} INFO - Setting next_dagrun for extract_raw_data_pipeline to 2025-07-01 07:59:00+00:00, run_after=2025-07-02 07:00:00+00:00
[2025-07-02T02:16:54.400+0000] {processor.py:208} INFO - Processing /opt/airflow/dags/driven_data_pipeline.py took 0.121 seconds
[2025-07-02T02:18:48.218+0000] {processor.py:186} INFO - Started process (PID=55) to work on /opt/airflow/dags/driven_data_pipeline.py
[2025-07-02T02:18:48.220+0000] {processor.py:914} INFO - Processing file /opt/airflow/dags/driven_data_pipeline.py for tasks to queue
[2025-07-02T02:18:48.224+0000] {logging_mixin.py:190} INFO - [2025-07-02T02:18:48.223+0000] {dagbag.py:588} INFO - Filling up the DagBag from /opt/airflow/dags/driven_data_pipeline.py
[2025-07-02T02:18:48.300+0000] {processor.py:925} INFO - DAG(s) 'extract_raw_data_pipeline' retrieved from /opt/airflow/dags/driven_data_pipeline.py
[2025-07-02T02:18:48.691+0000] {logging_mixin.py:190} INFO - [2025-07-02T02:18:48.690+0000] {override.py:1900} INFO - Created Permission View: can read on DAG:extract_raw_data_pipeline
[2025-07-02T02:18:48.710+0000] {logging_mixin.py:190} INFO - [2025-07-02T02:18:48.709+0000] {override.py:1900} INFO - Created Permission View: can edit on DAG:extract_raw_data_pipeline
[2025-07-02T02:18:48.724+0000] {logging_mixin.py:190} INFO - [2025-07-02T02:18:48.723+0000] {override.py:1900} INFO - Created Permission View: can delete on DAG:extract_raw_data_pipeline
[2025-07-02T02:18:48.761+0000] {logging_mixin.py:190} INFO - [2025-07-02T02:18:48.760+0000] {override.py:1900} INFO - Created Permission View: can read on DAG Run:extract_raw_data_pipeline
[2025-07-02T02:18:48.790+0000] {logging_mixin.py:190} INFO - [2025-07-02T02:18:48.790+0000] {override.py:1900} INFO - Created Permission View: menu access on DAG Run:extract_raw_data_pipeline
[2025-07-02T02:18:48.807+0000] {logging_mixin.py:190} INFO - [2025-07-02T02:18:48.806+0000] {override.py:1900} INFO - Created Permission View: can delete on DAG Run:extract_raw_data_pipeline
[2025-07-02T02:18:48.827+0000] {logging_mixin.py:190} INFO - [2025-07-02T02:18:48.826+0000] {override.py:1900} INFO - Created Permission View: can create on DAG Run:extract_raw_data_pipeline
[2025-07-02T02:18:48.829+0000] {logging_mixin.py:190} INFO - [2025-07-02T02:18:48.829+0000] {dag.py:3239} INFO - Sync 1 DAGs
[2025-07-02T02:18:48.861+0000] {logging_mixin.py:190} INFO - [2025-07-02T02:18:48.860+0000] {dag.py:3262} INFO - Creating ORM DAG for extract_raw_data_pipeline
[2025-07-02T02:18:48.904+0000] {logging_mixin.py:190} INFO - [2025-07-02T02:18:48.904+0000] {dag.py:4180} INFO - Setting next_dagrun for extract_raw_data_pipeline to 2025-07-01 07:58:00+00:00, run_after=2025-07-01 07:59:00+00:00
[2025-07-02T02:18:48.950+0000] {processor.py:208} INFO - Processing /opt/airflow/dags/driven_data_pipeline.py took 0.745 seconds
[2025-07-02T02:19:19.332+0000] {processor.py:186} INFO - Started process (PID=68) to work on /opt/airflow/dags/driven_data_pipeline.py
[2025-07-02T02:19:19.334+0000] {processor.py:914} INFO - Processing file /opt/airflow/dags/driven_data_pipeline.py for tasks to queue
[2025-07-02T02:19:19.338+0000] {logging_mixin.py:190} INFO - [2025-07-02T02:19:19.337+0000] {dagbag.py:588} INFO - Filling up the DagBag from /opt/airflow/dags/driven_data_pipeline.py
[2025-07-02T02:19:19.384+0000] {processor.py:925} INFO - DAG(s) 'extract_raw_data_pipeline' retrieved from /opt/airflow/dags/driven_data_pipeline.py
[2025-07-02T02:19:19.417+0000] {logging_mixin.py:190} INFO - [2025-07-02T02:19:19.417+0000] {dag.py:3239} INFO - Sync 1 DAGs
[2025-07-02T02:19:19.443+0000] {logging_mixin.py:190} INFO - [2025-07-02T02:19:19.443+0000] {dag.py:4180} INFO - Setting next_dagrun for extract_raw_data_pipeline to 2025-07-01 07:58:00+00:00, run_after=2025-07-01 07:59:00+00:00
[2025-07-02T02:19:19.467+0000] {processor.py:208} INFO - Processing /opt/airflow/dags/driven_data_pipeline.py took 0.142 seconds
[2025-07-02T02:19:49.664+0000] {processor.py:186} INFO - Started process (PID=81) to work on /opt/airflow/dags/driven_data_pipeline.py
[2025-07-02T02:19:49.666+0000] {processor.py:914} INFO - Processing file /opt/airflow/dags/driven_data_pipeline.py for tasks to queue
[2025-07-02T02:19:49.671+0000] {logging_mixin.py:190} INFO - [2025-07-02T02:19:49.670+0000] {dagbag.py:588} INFO - Filling up the DagBag from /opt/airflow/dags/driven_data_pipeline.py
[2025-07-02T02:19:49.720+0000] {processor.py:925} INFO - DAG(s) 'extract_raw_data_pipeline' retrieved from /opt/airflow/dags/driven_data_pipeline.py
[2025-07-02T02:19:49.752+0000] {logging_mixin.py:190} INFO - [2025-07-02T02:19:49.752+0000] {dag.py:3239} INFO - Sync 1 DAGs
[2025-07-02T02:19:49.782+0000] {logging_mixin.py:190} INFO - [2025-07-02T02:19:49.782+0000] {dag.py:4180} INFO - Setting next_dagrun for extract_raw_data_pipeline to 2025-07-01 07:59:00+00:00, run_after=2025-07-02 07:00:00+00:00
[2025-07-02T02:19:49.813+0000] {processor.py:208} INFO - Processing /opt/airflow/dags/driven_data_pipeline.py took 0.157 seconds
[2025-07-02T02:20:20.116+0000] {processor.py:186} INFO - Started process (PID=88) to work on /opt/airflow/dags/driven_data_pipeline.py
[2025-07-02T02:20:20.117+0000] {processor.py:914} INFO - Processing file /opt/airflow/dags/driven_data_pipeline.py for tasks to queue
[2025-07-02T02:20:20.122+0000] {logging_mixin.py:190} INFO - [2025-07-02T02:20:20.122+0000] {dagbag.py:588} INFO - Filling up the DagBag from /opt/airflow/dags/driven_data_pipeline.py
[2025-07-02T02:20:20.170+0000] {processor.py:925} INFO - DAG(s) 'extract_raw_data_pipeline' retrieved from /opt/airflow/dags/driven_data_pipeline.py
[2025-07-02T02:20:20.207+0000] {logging_mixin.py:190} INFO - [2025-07-02T02:20:20.206+0000] {dag.py:3239} INFO - Sync 1 DAGs
[2025-07-02T02:20:20.234+0000] {logging_mixin.py:190} INFO - [2025-07-02T02:20:20.234+0000] {dag.py:4180} INFO - Setting next_dagrun for extract_raw_data_pipeline to 2025-07-01 07:59:00+00:00, run_after=2025-07-02 07:00:00+00:00
[2025-07-02T02:20:20.272+0000] {processor.py:208} INFO - Processing /opt/airflow/dags/driven_data_pipeline.py took 0.163 seconds
[2025-07-02T02:20:50.505+0000] {processor.py:186} INFO - Started process (PID=95) to work on /opt/airflow/dags/driven_data_pipeline.py
[2025-07-02T02:20:50.507+0000] {processor.py:914} INFO - Processing file /opt/airflow/dags/driven_data_pipeline.py for tasks to queue
[2025-07-02T02:20:50.510+0000] {logging_mixin.py:190} INFO - [2025-07-02T02:20:50.509+0000] {dagbag.py:588} INFO - Filling up the DagBag from /opt/airflow/dags/driven_data_pipeline.py
[2025-07-02T02:20:50.553+0000] {processor.py:925} INFO - DAG(s) 'extract_raw_data_pipeline' retrieved from /opt/airflow/dags/driven_data_pipeline.py
[2025-07-02T02:20:50.583+0000] {logging_mixin.py:190} INFO - [2025-07-02T02:20:50.583+0000] {dag.py:3239} INFO - Sync 1 DAGs
[2025-07-02T02:20:50.607+0000] {logging_mixin.py:190} INFO - [2025-07-02T02:20:50.606+0000] {dag.py:4180} INFO - Setting next_dagrun for extract_raw_data_pipeline to 2025-07-01 07:59:00+00:00, run_after=2025-07-02 07:00:00+00:00
[2025-07-02T02:20:50.630+0000] {processor.py:208} INFO - Processing /opt/airflow/dags/driven_data_pipeline.py took 0.132 seconds
[2025-07-02T02:21:20.927+0000] {processor.py:186} INFO - Started process (PID=102) to work on /opt/airflow/dags/driven_data_pipeline.py
[2025-07-02T02:21:20.929+0000] {processor.py:914} INFO - Processing file /opt/airflow/dags/driven_data_pipeline.py for tasks to queue
[2025-07-02T02:21:20.931+0000] {logging_mixin.py:190} INFO - [2025-07-02T02:21:20.931+0000] {dagbag.py:588} INFO - Filling up the DagBag from /opt/airflow/dags/driven_data_pipeline.py
[2025-07-02T02:21:20.973+0000] {processor.py:925} INFO - DAG(s) 'extract_raw_data_pipeline' retrieved from /opt/airflow/dags/driven_data_pipeline.py
[2025-07-02T02:21:21.000+0000] {logging_mixin.py:190} INFO - [2025-07-02T02:21:21.000+0000] {dag.py:3239} INFO - Sync 1 DAGs
[2025-07-02T02:21:21.023+0000] {logging_mixin.py:190} INFO - [2025-07-02T02:21:21.023+0000] {dag.py:4180} INFO - Setting next_dagrun for extract_raw_data_pipeline to 2025-07-01 07:59:00+00:00, run_after=2025-07-02 07:00:00+00:00
[2025-07-02T02:21:21.048+0000] {processor.py:208} INFO - Processing /opt/airflow/dags/driven_data_pipeline.py took 0.126 seconds
[2025-07-02T02:21:51.269+0000] {processor.py:186} INFO - Started process (PID=113) to work on /opt/airflow/dags/driven_data_pipeline.py
[2025-07-02T02:21:51.271+0000] {processor.py:914} INFO - Processing file /opt/airflow/dags/driven_data_pipeline.py for tasks to queue
[2025-07-02T02:21:51.275+0000] {logging_mixin.py:190} INFO - [2025-07-02T02:21:51.275+0000] {dagbag.py:588} INFO - Filling up the DagBag from /opt/airflow/dags/driven_data_pipeline.py
[2025-07-02T02:21:51.325+0000] {processor.py:925} INFO - DAG(s) 'extract_raw_data_pipeline' retrieved from /opt/airflow/dags/driven_data_pipeline.py
[2025-07-02T02:21:51.353+0000] {logging_mixin.py:190} INFO - [2025-07-02T02:21:51.353+0000] {dag.py:3239} INFO - Sync 1 DAGs
[2025-07-02T02:21:51.375+0000] {logging_mixin.py:190} INFO - [2025-07-02T02:21:51.375+0000] {dag.py:4180} INFO - Setting next_dagrun for extract_raw_data_pipeline to 2025-07-01 07:59:00+00:00, run_after=2025-07-02 07:00:00+00:00
[2025-07-02T02:21:51.399+0000] {processor.py:208} INFO - Processing /opt/airflow/dags/driven_data_pipeline.py took 0.138 seconds
[2025-07-02T02:22:21.655+0000] {processor.py:186} INFO - Started process (PID=120) to work on /opt/airflow/dags/driven_data_pipeline.py
[2025-07-02T02:22:21.656+0000] {processor.py:914} INFO - Processing file /opt/airflow/dags/driven_data_pipeline.py for tasks to queue
[2025-07-02T02:22:21.659+0000] {logging_mixin.py:190} INFO - [2025-07-02T02:22:21.658+0000] {dagbag.py:588} INFO - Filling up the DagBag from /opt/airflow/dags/driven_data_pipeline.py
[2025-07-02T02:22:21.694+0000] {processor.py:925} INFO - DAG(s) 'extract_raw_data_pipeline' retrieved from /opt/airflow/dags/driven_data_pipeline.py
[2025-07-02T02:22:21.717+0000] {logging_mixin.py:190} INFO - [2025-07-02T02:22:21.717+0000] {dag.py:3239} INFO - Sync 1 DAGs
[2025-07-02T02:22:21.736+0000] {logging_mixin.py:190} INFO - [2025-07-02T02:22:21.736+0000] {dag.py:4180} INFO - Setting next_dagrun for extract_raw_data_pipeline to 2025-07-01 07:59:00+00:00, run_after=2025-07-02 07:00:00+00:00
[2025-07-02T02:22:21.760+0000] {processor.py:208} INFO - Processing /opt/airflow/dags/driven_data_pipeline.py took 0.111 seconds
[2025-07-02T02:22:52.117+0000] {processor.py:186} INFO - Started process (PID=127) to work on /opt/airflow/dags/driven_data_pipeline.py
[2025-07-02T02:22:52.119+0000] {processor.py:914} INFO - Processing file /opt/airflow/dags/driven_data_pipeline.py for tasks to queue
[2025-07-02T02:22:52.122+0000] {logging_mixin.py:190} INFO - [2025-07-02T02:22:52.122+0000] {dagbag.py:588} INFO - Filling up the DagBag from /opt/airflow/dags/driven_data_pipeline.py
[2025-07-02T02:22:52.162+0000] {processor.py:925} INFO - DAG(s) 'extract_raw_data_pipeline' retrieved from /opt/airflow/dags/driven_data_pipeline.py
[2025-07-02T02:22:52.191+0000] {logging_mixin.py:190} INFO - [2025-07-02T02:22:52.190+0000] {dag.py:3239} INFO - Sync 1 DAGs
[2025-07-02T02:22:52.375+0000] {logging_mixin.py:190} INFO - [2025-07-02T02:22:52.375+0000] {dag.py:4180} INFO - Setting next_dagrun for extract_raw_data_pipeline to 2025-07-01 07:59:00+00:00, run_after=2025-07-02 07:00:00+00:00
[2025-07-02T02:22:52.398+0000] {processor.py:208} INFO - Processing /opt/airflow/dags/driven_data_pipeline.py took 0.287 seconds
[2025-07-02T02:23:22.722+0000] {processor.py:186} INFO - Started process (PID=134) to work on /opt/airflow/dags/driven_data_pipeline.py
[2025-07-02T02:23:22.723+0000] {processor.py:914} INFO - Processing file /opt/airflow/dags/driven_data_pipeline.py for tasks to queue
[2025-07-02T02:23:22.727+0000] {logging_mixin.py:190} INFO - [2025-07-02T02:23:22.727+0000] {dagbag.py:588} INFO - Filling up the DagBag from /opt/airflow/dags/driven_data_pipeline.py
[2025-07-02T02:23:22.768+0000] {processor.py:925} INFO - DAG(s) 'extract_raw_data_pipeline' retrieved from /opt/airflow/dags/driven_data_pipeline.py
[2025-07-02T02:23:22.794+0000] {logging_mixin.py:190} INFO - [2025-07-02T02:23:22.793+0000] {dag.py:3239} INFO - Sync 1 DAGs
[2025-07-02T02:23:22.930+0000] {logging_mixin.py:190} INFO - [2025-07-02T02:23:22.929+0000] {dag.py:4180} INFO - Setting next_dagrun for extract_raw_data_pipeline to 2025-07-01 07:59:00+00:00, run_after=2025-07-02 07:00:00+00:00
[2025-07-02T02:23:22.948+0000] {processor.py:208} INFO - Processing /opt/airflow/dags/driven_data_pipeline.py took 0.231 seconds
[2025-07-02T02:23:53.046+0000] {processor.py:186} INFO - Started process (PID=141) to work on /opt/airflow/dags/driven_data_pipeline.py
[2025-07-02T02:23:53.047+0000] {processor.py:914} INFO - Processing file /opt/airflow/dags/driven_data_pipeline.py for tasks to queue
[2025-07-02T02:23:53.050+0000] {logging_mixin.py:190} INFO - [2025-07-02T02:23:53.050+0000] {dagbag.py:588} INFO - Filling up the DagBag from /opt/airflow/dags/driven_data_pipeline.py
[2025-07-02T02:23:53.086+0000] {processor.py:925} INFO - DAG(s) 'extract_raw_data_pipeline' retrieved from /opt/airflow/dags/driven_data_pipeline.py
[2025-07-02T02:23:53.228+0000] {logging_mixin.py:190} INFO - [2025-07-02T02:23:53.228+0000] {dag.py:3239} INFO - Sync 1 DAGs
[2025-07-02T02:23:53.245+0000] {logging_mixin.py:190} INFO - [2025-07-02T02:23:53.245+0000] {dag.py:4180} INFO - Setting next_dagrun for extract_raw_data_pipeline to 2025-07-01 07:59:00+00:00, run_after=2025-07-02 07:00:00+00:00
[2025-07-02T02:23:53.267+0000] {processor.py:208} INFO - Processing /opt/airflow/dags/driven_data_pipeline.py took 0.226 seconds
[2025-07-02T02:24:23.359+0000] {processor.py:186} INFO - Started process (PID=152) to work on /opt/airflow/dags/driven_data_pipeline.py
[2025-07-02T02:24:23.360+0000] {processor.py:914} INFO - Processing file /opt/airflow/dags/driven_data_pipeline.py for tasks to queue
[2025-07-02T02:24:23.364+0000] {logging_mixin.py:190} INFO - [2025-07-02T02:24:23.363+0000] {dagbag.py:588} INFO - Filling up the DagBag from /opt/airflow/dags/driven_data_pipeline.py
[2025-07-02T02:24:23.419+0000] {processor.py:925} INFO - DAG(s) 'extract_raw_data_pipeline' retrieved from /opt/airflow/dags/driven_data_pipeline.py
[2025-07-02T02:24:23.450+0000] {logging_mixin.py:190} INFO - [2025-07-02T02:24:23.450+0000] {dag.py:3239} INFO - Sync 1 DAGs
[2025-07-02T02:24:23.473+0000] {logging_mixin.py:190} INFO - [2025-07-02T02:24:23.473+0000] {dag.py:4180} INFO - Setting next_dagrun for extract_raw_data_pipeline to 2025-07-01 07:59:00+00:00, run_after=2025-07-02 07:00:00+00:00
[2025-07-02T02:24:23.504+0000] {processor.py:208} INFO - Processing /opt/airflow/dags/driven_data_pipeline.py took 0.152 seconds
[2025-07-02T02:24:53.700+0000] {processor.py:186} INFO - Started process (PID=159) to work on /opt/airflow/dags/driven_data_pipeline.py
[2025-07-02T02:24:53.702+0000] {processor.py:914} INFO - Processing file /opt/airflow/dags/driven_data_pipeline.py for tasks to queue
[2025-07-02T02:24:53.705+0000] {logging_mixin.py:190} INFO - [2025-07-02T02:24:53.705+0000] {dagbag.py:588} INFO - Filling up the DagBag from /opt/airflow/dags/driven_data_pipeline.py
[2025-07-02T02:24:53.743+0000] {processor.py:925} INFO - DAG(s) 'extract_raw_data_pipeline' retrieved from /opt/airflow/dags/driven_data_pipeline.py
[2025-07-02T02:24:53.778+0000] {logging_mixin.py:190} INFO - [2025-07-02T02:24:53.778+0000] {dag.py:3239} INFO - Sync 1 DAGs
[2025-07-02T02:24:53.801+0000] {logging_mixin.py:190} INFO - [2025-07-02T02:24:53.801+0000] {dag.py:4180} INFO - Setting next_dagrun for extract_raw_data_pipeline to 2025-07-01 07:59:00+00:00, run_after=2025-07-02 07:00:00+00:00
[2025-07-02T02:24:53.822+0000] {processor.py:208} INFO - Processing /opt/airflow/dags/driven_data_pipeline.py took 0.127 seconds
[2025-07-02T02:25:24.173+0000] {processor.py:186} INFO - Started process (PID=166) to work on /opt/airflow/dags/driven_data_pipeline.py
[2025-07-02T02:25:24.174+0000] {processor.py:914} INFO - Processing file /opt/airflow/dags/driven_data_pipeline.py for tasks to queue
[2025-07-02T02:25:24.177+0000] {logging_mixin.py:190} INFO - [2025-07-02T02:25:24.177+0000] {dagbag.py:588} INFO - Filling up the DagBag from /opt/airflow/dags/driven_data_pipeline.py
[2025-07-02T02:25:24.219+0000] {processor.py:925} INFO - DAG(s) 'extract_raw_data_pipeline' retrieved from /opt/airflow/dags/driven_data_pipeline.py
[2025-07-02T02:25:24.247+0000] {logging_mixin.py:190} INFO - [2025-07-02T02:25:24.247+0000] {dag.py:3239} INFO - Sync 1 DAGs
[2025-07-02T02:25:24.415+0000] {logging_mixin.py:190} INFO - [2025-07-02T02:25:24.415+0000] {dag.py:4180} INFO - Setting next_dagrun for extract_raw_data_pipeline to 2025-07-01 07:59:00+00:00, run_after=2025-07-02 07:00:00+00:00
[2025-07-02T02:25:24.440+0000] {processor.py:208} INFO - Processing /opt/airflow/dags/driven_data_pipeline.py took 0.273 seconds
[2025-07-02T02:25:54.498+0000] {processor.py:186} INFO - Started process (PID=173) to work on /opt/airflow/dags/driven_data_pipeline.py
[2025-07-02T02:25:54.499+0000] {processor.py:914} INFO - Processing file /opt/airflow/dags/driven_data_pipeline.py for tasks to queue
[2025-07-02T02:25:54.502+0000] {logging_mixin.py:190} INFO - [2025-07-02T02:25:54.502+0000] {dagbag.py:588} INFO - Filling up the DagBag from /opt/airflow/dags/driven_data_pipeline.py
[2025-07-02T02:25:54.536+0000] {processor.py:925} INFO - DAG(s) 'extract_raw_data_pipeline' retrieved from /opt/airflow/dags/driven_data_pipeline.py
[2025-07-02T02:25:54.561+0000] {logging_mixin.py:190} INFO - [2025-07-02T02:25:54.561+0000] {dag.py:3239} INFO - Sync 1 DAGs
[2025-07-02T02:25:54.717+0000] {logging_mixin.py:190} INFO - [2025-07-02T02:25:54.716+0000] {dag.py:4180} INFO - Setting next_dagrun for extract_raw_data_pipeline to 2025-07-01 07:59:00+00:00, run_after=2025-07-02 07:00:00+00:00
[2025-07-02T02:25:54.737+0000] {processor.py:208} INFO - Processing /opt/airflow/dags/driven_data_pipeline.py took 0.244 seconds
[2025-07-02T02:26:24.823+0000] {processor.py:186} INFO - Started process (PID=180) to work on /opt/airflow/dags/driven_data_pipeline.py
[2025-07-02T02:26:24.825+0000] {processor.py:914} INFO - Processing file /opt/airflow/dags/driven_data_pipeline.py for tasks to queue
[2025-07-02T02:26:24.829+0000] {logging_mixin.py:190} INFO - [2025-07-02T02:26:24.829+0000] {dagbag.py:588} INFO - Filling up the DagBag from /opt/airflow/dags/driven_data_pipeline.py
[2025-07-02T02:26:24.878+0000] {processor.py:925} INFO - DAG(s) 'extract_raw_data_pipeline' retrieved from /opt/airflow/dags/driven_data_pipeline.py
[2025-07-02T02:26:25.089+0000] {logging_mixin.py:190} INFO - [2025-07-02T02:26:25.089+0000] {dag.py:3239} INFO - Sync 1 DAGs
[2025-07-02T02:26:25.113+0000] {logging_mixin.py:190} INFO - [2025-07-02T02:26:25.113+0000] {dag.py:4180} INFO - Setting next_dagrun for extract_raw_data_pipeline to 2025-07-01 07:59:00+00:00, run_after=2025-07-02 07:00:00+00:00
[2025-07-02T02:26:25.139+0000] {processor.py:208} INFO - Processing /opt/airflow/dags/driven_data_pipeline.py took 0.324 seconds
[2025-07-02T02:26:55.394+0000] {processor.py:186} INFO - Started process (PID=187) to work on /opt/airflow/dags/driven_data_pipeline.py
[2025-07-02T02:26:55.395+0000] {processor.py:914} INFO - Processing file /opt/airflow/dags/driven_data_pipeline.py for tasks to queue
[2025-07-02T02:26:55.403+0000] {logging_mixin.py:190} INFO - [2025-07-02T02:26:55.402+0000] {dagbag.py:588} INFO - Filling up the DagBag from /opt/airflow/dags/driven_data_pipeline.py
[2025-07-02T02:26:55.465+0000] {processor.py:925} INFO - DAG(s) 'extract_raw_data_pipeline' retrieved from /opt/airflow/dags/driven_data_pipeline.py
[2025-07-02T02:26:55.513+0000] {logging_mixin.py:190} INFO - [2025-07-02T02:26:55.513+0000] {dag.py:3239} INFO - Sync 1 DAGs
[2025-07-02T02:26:55.543+0000] {logging_mixin.py:190} INFO - [2025-07-02T02:26:55.542+0000] {dag.py:4180} INFO - Setting next_dagrun for extract_raw_data_pipeline to 2025-07-01 07:59:00+00:00, run_after=2025-07-02 07:00:00+00:00
[2025-07-02T02:26:55.579+0000] {processor.py:208} INFO - Processing /opt/airflow/dags/driven_data_pipeline.py took 0.198 seconds
[2025-07-02T02:27:25.842+0000] {processor.py:186} INFO - Started process (PID=194) to work on /opt/airflow/dags/driven_data_pipeline.py
[2025-07-02T02:27:25.844+0000] {processor.py:914} INFO - Processing file /opt/airflow/dags/driven_data_pipeline.py for tasks to queue
[2025-07-02T02:27:25.847+0000] {logging_mixin.py:190} INFO - [2025-07-02T02:27:25.846+0000] {dagbag.py:588} INFO - Filling up the DagBag from /opt/airflow/dags/driven_data_pipeline.py
[2025-07-02T02:27:25.904+0000] {processor.py:925} INFO - DAG(s) 'extract_raw_data_pipeline' retrieved from /opt/airflow/dags/driven_data_pipeline.py
[2025-07-02T02:27:25.948+0000] {logging_mixin.py:190} INFO - [2025-07-02T02:27:25.947+0000] {dag.py:3239} INFO - Sync 1 DAGs
[2025-07-02T02:27:25.978+0000] {logging_mixin.py:190} INFO - [2025-07-02T02:27:25.978+0000] {dag.py:4180} INFO - Setting next_dagrun for extract_raw_data_pipeline to 2025-07-01 07:59:00+00:00, run_after=2025-07-02 07:00:00+00:00
[2025-07-02T02:27:26.012+0000] {processor.py:208} INFO - Processing /opt/airflow/dags/driven_data_pipeline.py took 0.177 seconds
[2025-07-02T02:27:56.256+0000] {processor.py:186} INFO - Started process (PID=201) to work on /opt/airflow/dags/driven_data_pipeline.py
[2025-07-02T02:27:56.258+0000] {processor.py:914} INFO - Processing file /opt/airflow/dags/driven_data_pipeline.py for tasks to queue
[2025-07-02T02:27:56.265+0000] {logging_mixin.py:190} INFO - [2025-07-02T02:27:56.264+0000] {dagbag.py:588} INFO - Filling up the DagBag from /opt/airflow/dags/driven_data_pipeline.py
[2025-07-02T02:27:56.322+0000] {processor.py:925} INFO - DAG(s) 'extract_raw_data_pipeline' retrieved from /opt/airflow/dags/driven_data_pipeline.py
[2025-07-02T02:27:56.369+0000] {logging_mixin.py:190} INFO - [2025-07-02T02:27:56.369+0000] {dag.py:3239} INFO - Sync 1 DAGs
[2025-07-02T02:27:56.405+0000] {logging_mixin.py:190} INFO - [2025-07-02T02:27:56.404+0000] {dag.py:4180} INFO - Setting next_dagrun for extract_raw_data_pipeline to 2025-07-01 07:59:00+00:00, run_after=2025-07-02 07:00:00+00:00
[2025-07-02T02:27:56.650+0000] {processor.py:208} INFO - Processing /opt/airflow/dags/driven_data_pipeline.py took 0.402 seconds
[2025-07-02T02:28:26.965+0000] {processor.py:186} INFO - Started process (PID=208) to work on /opt/airflow/dags/driven_data_pipeline.py
[2025-07-02T02:28:26.966+0000] {processor.py:914} INFO - Processing file /opt/airflow/dags/driven_data_pipeline.py for tasks to queue
[2025-07-02T02:28:26.969+0000] {logging_mixin.py:190} INFO - [2025-07-02T02:28:26.969+0000] {dagbag.py:588} INFO - Filling up the DagBag from /opt/airflow/dags/driven_data_pipeline.py
[2025-07-02T02:28:27.012+0000] {processor.py:925} INFO - DAG(s) 'extract_raw_data_pipeline' retrieved from /opt/airflow/dags/driven_data_pipeline.py
[2025-07-02T02:28:27.036+0000] {logging_mixin.py:190} INFO - [2025-07-02T02:28:27.035+0000] {dag.py:3239} INFO - Sync 1 DAGs
[2025-07-02T02:28:27.217+0000] {logging_mixin.py:190} INFO - [2025-07-02T02:28:27.217+0000] {dag.py:4180} INFO - Setting next_dagrun for extract_raw_data_pipeline to 2025-07-01 07:59:00+00:00, run_after=2025-07-02 07:00:00+00:00
[2025-07-02T02:28:27.239+0000] {processor.py:208} INFO - Processing /opt/airflow/dags/driven_data_pipeline.py took 0.280 seconds
[2025-07-02T02:28:57.312+0000] {processor.py:186} INFO - Started process (PID=215) to work on /opt/airflow/dags/driven_data_pipeline.py
[2025-07-02T02:28:57.314+0000] {processor.py:914} INFO - Processing file /opt/airflow/dags/driven_data_pipeline.py for tasks to queue
[2025-07-02T02:28:57.318+0000] {logging_mixin.py:190} INFO - [2025-07-02T02:28:57.317+0000] {dagbag.py:588} INFO - Filling up the DagBag from /opt/airflow/dags/driven_data_pipeline.py
[2025-07-02T02:28:57.363+0000] {processor.py:925} INFO - DAG(s) 'extract_raw_data_pipeline' retrieved from /opt/airflow/dags/driven_data_pipeline.py
[2025-07-02T02:28:57.539+0000] {logging_mixin.py:190} INFO - [2025-07-02T02:28:57.538+0000] {dag.py:3239} INFO - Sync 1 DAGs
[2025-07-02T02:28:57.560+0000] {logging_mixin.py:190} INFO - [2025-07-02T02:28:57.560+0000] {dag.py:4180} INFO - Setting next_dagrun for extract_raw_data_pipeline to 2025-07-01 07:59:00+00:00, run_after=2025-07-02 07:00:00+00:00
[2025-07-02T02:28:57.585+0000] {processor.py:208} INFO - Processing /opt/airflow/dags/driven_data_pipeline.py took 0.280 seconds
[2025-07-02T02:29:27.962+0000] {processor.py:186} INFO - Started process (PID=223) to work on /opt/airflow/dags/driven_data_pipeline.py
[2025-07-02T02:29:27.963+0000] {processor.py:914} INFO - Processing file /opt/airflow/dags/driven_data_pipeline.py for tasks to queue
[2025-07-02T02:29:27.966+0000] {logging_mixin.py:190} INFO - [2025-07-02T02:29:27.966+0000] {dagbag.py:588} INFO - Filling up the DagBag from /opt/airflow/dags/driven_data_pipeline.py
[2025-07-02T02:29:28.008+0000] {processor.py:925} INFO - DAG(s) 'extract_raw_data_pipeline' retrieved from /opt/airflow/dags/driven_data_pipeline.py
[2025-07-02T02:29:28.038+0000] {logging_mixin.py:190} INFO - [2025-07-02T02:29:28.038+0000] {dag.py:3239} INFO - Sync 1 DAGs
[2025-07-02T02:29:28.074+0000] {logging_mixin.py:190} INFO - [2025-07-02T02:29:28.073+0000] {dag.py:4180} INFO - Setting next_dagrun for extract_raw_data_pipeline to 2025-07-01 07:59:00+00:00, run_after=2025-07-02 07:00:00+00:00
[2025-07-02T02:29:28.117+0000] {processor.py:208} INFO - Processing /opt/airflow/dags/driven_data_pipeline.py took 0.161 seconds
[2025-07-02T02:29:58.301+0000] {processor.py:186} INFO - Started process (PID=230) to work on /opt/airflow/dags/driven_data_pipeline.py
[2025-07-02T02:29:58.303+0000] {processor.py:914} INFO - Processing file /opt/airflow/dags/driven_data_pipeline.py for tasks to queue
[2025-07-02T02:29:58.305+0000] {logging_mixin.py:190} INFO - [2025-07-02T02:29:58.305+0000] {dagbag.py:588} INFO - Filling up the DagBag from /opt/airflow/dags/driven_data_pipeline.py
[2025-07-02T02:29:58.346+0000] {processor.py:925} INFO - DAG(s) 'extract_raw_data_pipeline' retrieved from /opt/airflow/dags/driven_data_pipeline.py
[2025-07-02T02:29:58.371+0000] {logging_mixin.py:190} INFO - [2025-07-02T02:29:58.370+0000] {dag.py:3239} INFO - Sync 1 DAGs
[2025-07-02T02:29:58.391+0000] {logging_mixin.py:190} INFO - [2025-07-02T02:29:58.391+0000] {dag.py:4180} INFO - Setting next_dagrun for extract_raw_data_pipeline to 2025-07-01 07:59:00+00:00, run_after=2025-07-02 07:00:00+00:00
[2025-07-02T02:29:58.425+0000] {processor.py:208} INFO - Processing /opt/airflow/dags/driven_data_pipeline.py took 0.129 seconds
[2025-07-02T02:30:28.788+0000] {processor.py:186} INFO - Started process (PID=237) to work on /opt/airflow/dags/driven_data_pipeline.py
[2025-07-02T02:30:28.789+0000] {processor.py:914} INFO - Processing file /opt/airflow/dags/driven_data_pipeline.py for tasks to queue
[2025-07-02T02:30:28.793+0000] {logging_mixin.py:190} INFO - [2025-07-02T02:30:28.792+0000] {dagbag.py:588} INFO - Filling up the DagBag from /opt/airflow/dags/driven_data_pipeline.py
[2025-07-02T02:30:28.833+0000] {processor.py:925} INFO - DAG(s) 'extract_raw_data_pipeline' retrieved from /opt/airflow/dags/driven_data_pipeline.py
[2025-07-02T02:30:28.857+0000] {logging_mixin.py:190} INFO - [2025-07-02T02:30:28.857+0000] {dag.py:3239} INFO - Sync 1 DAGs
[2025-07-02T02:30:28.877+0000] {logging_mixin.py:190} INFO - [2025-07-02T02:30:28.877+0000] {dag.py:4180} INFO - Setting next_dagrun for extract_raw_data_pipeline to 2025-07-01 07:59:00+00:00, run_after=2025-07-02 07:00:00+00:00
[2025-07-02T02:30:28.902+0000] {processor.py:208} INFO - Processing /opt/airflow/dags/driven_data_pipeline.py took 0.119 seconds
[2025-07-02T02:30:59.136+0000] {processor.py:186} INFO - Started process (PID=244) to work on /opt/airflow/dags/driven_data_pipeline.py
[2025-07-02T02:30:59.137+0000] {processor.py:914} INFO - Processing file /opt/airflow/dags/driven_data_pipeline.py for tasks to queue
[2025-07-02T02:30:59.140+0000] {logging_mixin.py:190} INFO - [2025-07-02T02:30:59.140+0000] {dagbag.py:588} INFO - Filling up the DagBag from /opt/airflow/dags/driven_data_pipeline.py
[2025-07-02T02:30:59.179+0000] {processor.py:925} INFO - DAG(s) 'extract_raw_data_pipeline' retrieved from /opt/airflow/dags/driven_data_pipeline.py
[2025-07-02T02:30:59.201+0000] {logging_mixin.py:190} INFO - [2025-07-02T02:30:59.201+0000] {dag.py:3239} INFO - Sync 1 DAGs
[2025-07-02T02:30:59.348+0000] {logging_mixin.py:190} INFO - [2025-07-02T02:30:59.348+0000] {dag.py:4180} INFO - Setting next_dagrun for extract_raw_data_pipeline to 2025-07-01 07:59:00+00:00, run_after=2025-07-02 07:00:00+00:00
[2025-07-02T02:30:59.371+0000] {processor.py:208} INFO - Processing /opt/airflow/dags/driven_data_pipeline.py took 0.240 seconds
[2025-07-02T02:31:29.566+0000] {processor.py:186} INFO - Started process (PID=251) to work on /opt/airflow/dags/driven_data_pipeline.py
[2025-07-02T02:31:29.567+0000] {processor.py:914} INFO - Processing file /opt/airflow/dags/driven_data_pipeline.py for tasks to queue
[2025-07-02T02:31:29.570+0000] {logging_mixin.py:190} INFO - [2025-07-02T02:31:29.569+0000] {dagbag.py:588} INFO - Filling up the DagBag from /opt/airflow/dags/driven_data_pipeline.py
[2025-07-02T02:31:29.618+0000] {processor.py:925} INFO - DAG(s) 'extract_raw_data_pipeline' retrieved from /opt/airflow/dags/driven_data_pipeline.py
[2025-07-02T02:31:29.651+0000] {logging_mixin.py:190} INFO - [2025-07-02T02:31:29.650+0000] {dag.py:3239} INFO - Sync 1 DAGs
[2025-07-02T02:31:29.830+0000] {logging_mixin.py:190} INFO - [2025-07-02T02:31:29.830+0000] {dag.py:4180} INFO - Setting next_dagrun for extract_raw_data_pipeline to 2025-07-01 07:59:00+00:00, run_after=2025-07-02 07:00:00+00:00
[2025-07-02T02:31:29.854+0000] {processor.py:208} INFO - Processing /opt/airflow/dags/driven_data_pipeline.py took 0.293 seconds
[2025-07-02T02:32:00.001+0000] {processor.py:186} INFO - Started process (PID=258) to work on /opt/airflow/dags/driven_data_pipeline.py
[2025-07-02T02:32:00.002+0000] {processor.py:914} INFO - Processing file /opt/airflow/dags/driven_data_pipeline.py for tasks to queue
[2025-07-02T02:32:00.005+0000] {logging_mixin.py:190} INFO - [2025-07-02T02:32:00.004+0000] {dagbag.py:588} INFO - Filling up the DagBag from /opt/airflow/dags/driven_data_pipeline.py
[2025-07-02T02:32:00.055+0000] {processor.py:925} INFO - DAG(s) 'extract_raw_data_pipeline' retrieved from /opt/airflow/dags/driven_data_pipeline.py
[2025-07-02T02:32:00.198+0000] {logging_mixin.py:190} INFO - [2025-07-02T02:32:00.198+0000] {dag.py:3239} INFO - Sync 1 DAGs
[2025-07-02T02:32:00.215+0000] {logging_mixin.py:190} INFO - [2025-07-02T02:32:00.214+0000] {dag.py:4180} INFO - Setting next_dagrun for extract_raw_data_pipeline to 2025-07-01 07:59:00+00:00, run_after=2025-07-02 07:00:00+00:00
[2025-07-02T02:32:00.236+0000] {processor.py:208} INFO - Processing /opt/airflow/dags/driven_data_pipeline.py took 0.240 seconds
[2025-07-02T02:32:30.524+0000] {processor.py:186} INFO - Started process (PID=265) to work on /opt/airflow/dags/driven_data_pipeline.py
[2025-07-02T02:32:30.525+0000] {processor.py:914} INFO - Processing file /opt/airflow/dags/driven_data_pipeline.py for tasks to queue
[2025-07-02T02:32:30.528+0000] {logging_mixin.py:190} INFO - [2025-07-02T02:32:30.528+0000] {dagbag.py:588} INFO - Filling up the DagBag from /opt/airflow/dags/driven_data_pipeline.py
[2025-07-02T02:32:30.569+0000] {processor.py:925} INFO - DAG(s) 'extract_raw_data_pipeline' retrieved from /opt/airflow/dags/driven_data_pipeline.py
[2025-07-02T02:32:30.594+0000] {logging_mixin.py:190} INFO - [2025-07-02T02:32:30.593+0000] {dag.py:3239} INFO - Sync 1 DAGs
[2025-07-02T02:32:30.614+0000] {logging_mixin.py:190} INFO - [2025-07-02T02:32:30.614+0000] {dag.py:4180} INFO - Setting next_dagrun for extract_raw_data_pipeline to 2025-07-01 07:59:00+00:00, run_after=2025-07-02 07:00:00+00:00
[2025-07-02T02:32:30.635+0000] {processor.py:208} INFO - Processing /opt/airflow/dags/driven_data_pipeline.py took 0.116 seconds
[2025-07-02T02:33:00.860+0000] {processor.py:186} INFO - Started process (PID=272) to work on /opt/airflow/dags/driven_data_pipeline.py
[2025-07-02T02:33:00.861+0000] {processor.py:914} INFO - Processing file /opt/airflow/dags/driven_data_pipeline.py for tasks to queue
[2025-07-02T02:33:00.864+0000] {logging_mixin.py:190} INFO - [2025-07-02T02:33:00.864+0000] {dagbag.py:588} INFO - Filling up the DagBag from /opt/airflow/dags/driven_data_pipeline.py
[2025-07-02T02:33:00.901+0000] {processor.py:925} INFO - DAG(s) 'extract_raw_data_pipeline' retrieved from /opt/airflow/dags/driven_data_pipeline.py
[2025-07-02T02:33:00.931+0000] {logging_mixin.py:190} INFO - [2025-07-02T02:33:00.931+0000] {dag.py:3239} INFO - Sync 1 DAGs
[2025-07-02T02:33:00.954+0000] {logging_mixin.py:190} INFO - [2025-07-02T02:33:00.954+0000] {dag.py:4180} INFO - Setting next_dagrun for extract_raw_data_pipeline to 2025-07-01 07:59:00+00:00, run_after=2025-07-02 07:00:00+00:00
[2025-07-02T02:33:00.979+0000] {processor.py:208} INFO - Processing /opt/airflow/dags/driven_data_pipeline.py took 0.125 seconds
[2025-07-02T02:33:31.294+0000] {processor.py:186} INFO - Started process (PID=280) to work on /opt/airflow/dags/driven_data_pipeline.py
[2025-07-02T02:33:31.295+0000] {processor.py:914} INFO - Processing file /opt/airflow/dags/driven_data_pipeline.py for tasks to queue
[2025-07-02T02:33:31.298+0000] {logging_mixin.py:190} INFO - [2025-07-02T02:33:31.298+0000] {dagbag.py:588} INFO - Filling up the DagBag from /opt/airflow/dags/driven_data_pipeline.py
[2025-07-02T02:33:31.331+0000] {processor.py:925} INFO - DAG(s) 'extract_raw_data_pipeline' retrieved from /opt/airflow/dags/driven_data_pipeline.py
[2025-07-02T02:33:31.359+0000] {logging_mixin.py:190} INFO - [2025-07-02T02:33:31.359+0000] {dag.py:3239} INFO - Sync 1 DAGs
[2025-07-02T02:33:31.519+0000] {logging_mixin.py:190} INFO - [2025-07-02T02:33:31.519+0000] {dag.py:4180} INFO - Setting next_dagrun for extract_raw_data_pipeline to 2025-07-01 07:59:00+00:00, run_after=2025-07-02 07:00:00+00:00
[2025-07-02T02:33:31.537+0000] {processor.py:208} INFO - Processing /opt/airflow/dags/driven_data_pipeline.py took 0.249 seconds
[2025-07-02T02:34:01.768+0000] {processor.py:186} INFO - Started process (PID=287) to work on /opt/airflow/dags/driven_data_pipeline.py
[2025-07-02T02:34:01.769+0000] {processor.py:914} INFO - Processing file /opt/airflow/dags/driven_data_pipeline.py for tasks to queue
[2025-07-02T02:34:01.772+0000] {logging_mixin.py:190} INFO - [2025-07-02T02:34:01.772+0000] {dagbag.py:588} INFO - Filling up the DagBag from /opt/airflow/dags/driven_data_pipeline.py
[2025-07-02T02:34:01.816+0000] {processor.py:925} INFO - DAG(s) 'extract_raw_data_pipeline' retrieved from /opt/airflow/dags/driven_data_pipeline.py
[2025-07-02T02:34:01.857+0000] {logging_mixin.py:190} INFO - [2025-07-02T02:34:01.856+0000] {dag.py:3239} INFO - Sync 1 DAGs
[2025-07-02T02:34:02.043+0000] {logging_mixin.py:190} INFO - [2025-07-02T02:34:02.043+0000] {dag.py:4180} INFO - Setting next_dagrun for extract_raw_data_pipeline to 2025-07-01 07:59:00+00:00, run_after=2025-07-02 07:00:00+00:00
[2025-07-02T02:34:02.061+0000] {processor.py:208} INFO - Processing /opt/airflow/dags/driven_data_pipeline.py took 0.303 seconds
[2025-07-02T02:34:32.219+0000] {processor.py:186} INFO - Started process (PID=294) to work on /opt/airflow/dags/driven_data_pipeline.py
[2025-07-02T02:34:32.221+0000] {processor.py:914} INFO - Processing file /opt/airflow/dags/driven_data_pipeline.py for tasks to queue
[2025-07-02T02:34:32.228+0000] {logging_mixin.py:190} INFO - [2025-07-02T02:34:32.228+0000] {dagbag.py:588} INFO - Filling up the DagBag from /opt/airflow/dags/driven_data_pipeline.py
[2025-07-02T02:34:32.303+0000] {processor.py:925} INFO - DAG(s) 'extract_raw_data_pipeline' retrieved from /opt/airflow/dags/driven_data_pipeline.py
[2025-07-02T02:34:32.580+0000] {logging_mixin.py:190} INFO - [2025-07-02T02:34:32.580+0000] {dag.py:3239} INFO - Sync 1 DAGs
[2025-07-02T02:34:32.601+0000] {logging_mixin.py:190} INFO - [2025-07-02T02:34:32.601+0000] {dag.py:4180} INFO - Setting next_dagrun for extract_raw_data_pipeline to 2025-07-01 07:59:00+00:00, run_after=2025-07-02 07:00:00+00:00
[2025-07-02T02:34:32.617+0000] {processor.py:208} INFO - Processing /opt/airflow/dags/driven_data_pipeline.py took 0.408 seconds
[2025-07-02T02:35:02.768+0000] {processor.py:186} INFO - Started process (PID=301) to work on /opt/airflow/dags/driven_data_pipeline.py
[2025-07-02T02:35:02.769+0000] {processor.py:914} INFO - Processing file /opt/airflow/dags/driven_data_pipeline.py for tasks to queue
[2025-07-02T02:35:02.772+0000] {logging_mixin.py:190} INFO - [2025-07-02T02:35:02.771+0000] {dagbag.py:588} INFO - Filling up the DagBag from /opt/airflow/dags/driven_data_pipeline.py
[2025-07-02T02:35:02.814+0000] {processor.py:925} INFO - DAG(s) 'extract_raw_data_pipeline' retrieved from /opt/airflow/dags/driven_data_pipeline.py
[2025-07-02T02:35:02.842+0000] {logging_mixin.py:190} INFO - [2025-07-02T02:35:02.842+0000] {dag.py:3239} INFO - Sync 1 DAGs
[2025-07-02T02:35:02.866+0000] {logging_mixin.py:190} INFO - [2025-07-02T02:35:02.865+0000] {dag.py:4180} INFO - Setting next_dagrun for extract_raw_data_pipeline to 2025-07-01 07:59:00+00:00, run_after=2025-07-02 07:00:00+00:00
[2025-07-02T02:35:02.887+0000] {processor.py:208} INFO - Processing /opt/airflow/dags/driven_data_pipeline.py took 0.126 seconds
[2025-07-02T02:35:33.099+0000] {processor.py:186} INFO - Started process (PID=308) to work on /opt/airflow/dags/driven_data_pipeline.py
[2025-07-02T02:35:33.101+0000] {processor.py:914} INFO - Processing file /opt/airflow/dags/driven_data_pipeline.py for tasks to queue
[2025-07-02T02:35:33.106+0000] {logging_mixin.py:190} INFO - [2025-07-02T02:35:33.105+0000] {dagbag.py:588} INFO - Filling up the DagBag from /opt/airflow/dags/driven_data_pipeline.py
[2025-07-02T02:35:33.157+0000] {processor.py:925} INFO - DAG(s) 'extract_raw_data_pipeline' retrieved from /opt/airflow/dags/driven_data_pipeline.py
[2025-07-02T02:35:33.186+0000] {logging_mixin.py:190} INFO - [2025-07-02T02:35:33.186+0000] {dag.py:3239} INFO - Sync 1 DAGs
[2025-07-02T02:35:33.209+0000] {logging_mixin.py:190} INFO - [2025-07-02T02:35:33.209+0000] {dag.py:4180} INFO - Setting next_dagrun for extract_raw_data_pipeline to 2025-07-01 07:59:00+00:00, run_after=2025-07-02 07:00:00+00:00
[2025-07-02T02:35:33.235+0000] {processor.py:208} INFO - Processing /opt/airflow/dags/driven_data_pipeline.py took 0.142 seconds
[2025-07-02T02:36:03.594+0000] {processor.py:186} INFO - Started process (PID=315) to work on /opt/airflow/dags/driven_data_pipeline.py
[2025-07-02T02:36:03.595+0000] {processor.py:914} INFO - Processing file /opt/airflow/dags/driven_data_pipeline.py for tasks to queue
[2025-07-02T02:36:03.602+0000] {logging_mixin.py:190} INFO - [2025-07-02T02:36:03.601+0000] {dagbag.py:588} INFO - Filling up the DagBag from /opt/airflow/dags/driven_data_pipeline.py
[2025-07-02T02:36:03.655+0000] {processor.py:925} INFO - DAG(s) 'extract_raw_data_pipeline' retrieved from /opt/airflow/dags/driven_data_pipeline.py
[2025-07-02T02:36:03.691+0000] {logging_mixin.py:190} INFO - [2025-07-02T02:36:03.691+0000] {dag.py:3239} INFO - Sync 1 DAGs
[2025-07-02T02:36:03.945+0000] {logging_mixin.py:190} INFO - [2025-07-02T02:36:03.945+0000] {dag.py:4180} INFO - Setting next_dagrun for extract_raw_data_pipeline to 2025-07-01 07:59:00+00:00, run_after=2025-07-02 07:00:00+00:00
[2025-07-02T02:36:03.978+0000] {processor.py:208} INFO - Processing /opt/airflow/dags/driven_data_pipeline.py took 0.393 seconds
[2025-07-02T02:36:34.308+0000] {processor.py:186} INFO - Started process (PID=322) to work on /opt/airflow/dags/driven_data_pipeline.py
[2025-07-02T02:36:34.309+0000] {processor.py:914} INFO - Processing file /opt/airflow/dags/driven_data_pipeline.py for tasks to queue
[2025-07-02T02:36:34.314+0000] {logging_mixin.py:190} INFO - [2025-07-02T02:36:34.313+0000] {dagbag.py:588} INFO - Filling up the DagBag from /opt/airflow/dags/driven_data_pipeline.py
[2025-07-02T02:36:34.360+0000] {processor.py:925} INFO - DAG(s) 'extract_raw_data_pipeline' retrieved from /opt/airflow/dags/driven_data_pipeline.py
[2025-07-02T02:36:34.391+0000] {logging_mixin.py:190} INFO - [2025-07-02T02:36:34.391+0000] {dag.py:3239} INFO - Sync 1 DAGs
[2025-07-02T02:36:34.592+0000] {logging_mixin.py:190} INFO - [2025-07-02T02:36:34.591+0000] {dag.py:4180} INFO - Setting next_dagrun for extract_raw_data_pipeline to 2025-07-01 07:59:00+00:00, run_after=2025-07-02 07:00:00+00:00
[2025-07-02T02:36:34.617+0000] {processor.py:208} INFO - Processing /opt/airflow/dags/driven_data_pipeline.py took 0.319 seconds
[2025-07-02T02:37:04.947+0000] {processor.py:186} INFO - Started process (PID=329) to work on /opt/airflow/dags/driven_data_pipeline.py
[2025-07-02T02:37:04.948+0000] {processor.py:914} INFO - Processing file /opt/airflow/dags/driven_data_pipeline.py for tasks to queue
[2025-07-02T02:37:04.951+0000] {logging_mixin.py:190} INFO - [2025-07-02T02:37:04.951+0000] {dagbag.py:588} INFO - Filling up the DagBag from /opt/airflow/dags/driven_data_pipeline.py
[2025-07-02T02:37:04.996+0000] {processor.py:925} INFO - DAG(s) 'extract_raw_data_pipeline' retrieved from /opt/airflow/dags/driven_data_pipeline.py
[2025-07-02T02:37:05.181+0000] {logging_mixin.py:190} INFO - [2025-07-02T02:37:05.181+0000] {dag.py:3239} INFO - Sync 1 DAGs
[2025-07-02T02:37:05.205+0000] {logging_mixin.py:190} INFO - [2025-07-02T02:37:05.205+0000] {dag.py:4180} INFO - Setting next_dagrun for extract_raw_data_pipeline to 2025-07-01 07:59:00+00:00, run_after=2025-07-02 07:00:00+00:00
[2025-07-02T02:37:05.229+0000] {processor.py:208} INFO - Processing /opt/airflow/dags/driven_data_pipeline.py took 0.288 seconds
[2025-07-02T02:37:35.304+0000] {processor.py:186} INFO - Started process (PID=336) to work on /opt/airflow/dags/driven_data_pipeline.py
[2025-07-02T02:37:35.305+0000] {processor.py:914} INFO - Processing file /opt/airflow/dags/driven_data_pipeline.py for tasks to queue
[2025-07-02T02:37:35.308+0000] {logging_mixin.py:190} INFO - [2025-07-02T02:37:35.308+0000] {dagbag.py:588} INFO - Filling up the DagBag from /opt/airflow/dags/driven_data_pipeline.py
[2025-07-02T02:37:35.473+0000] {processor.py:925} INFO - DAG(s) 'extract_raw_data_pipeline' retrieved from /opt/airflow/dags/driven_data_pipeline.py
[2025-07-02T02:37:35.496+0000] {logging_mixin.py:190} INFO - [2025-07-02T02:37:35.496+0000] {dag.py:3239} INFO - Sync 1 DAGs
[2025-07-02T02:37:35.513+0000] {logging_mixin.py:190} INFO - [2025-07-02T02:37:35.513+0000] {dag.py:4180} INFO - Setting next_dagrun for extract_raw_data_pipeline to 2025-07-01 07:59:00+00:00, run_after=2025-07-02 07:00:00+00:00
[2025-07-02T02:37:35.531+0000] {processor.py:208} INFO - Processing /opt/airflow/dags/driven_data_pipeline.py took 0.232 seconds
[2025-07-02T02:38:05.634+0000] {processor.py:186} INFO - Started process (PID=343) to work on /opt/airflow/dags/driven_data_pipeline.py
[2025-07-02T02:38:05.635+0000] {processor.py:914} INFO - Processing file /opt/airflow/dags/driven_data_pipeline.py for tasks to queue
[2025-07-02T02:38:05.638+0000] {logging_mixin.py:190} INFO - [2025-07-02T02:38:05.638+0000] {dagbag.py:588} INFO - Filling up the DagBag from /opt/airflow/dags/driven_data_pipeline.py
[2025-07-02T02:38:05.690+0000] {processor.py:925} INFO - DAG(s) 'extract_raw_data_pipeline' retrieved from /opt/airflow/dags/driven_data_pipeline.py
[2025-07-02T02:38:05.724+0000] {logging_mixin.py:190} INFO - [2025-07-02T02:38:05.723+0000] {dag.py:3239} INFO - Sync 1 DAGs
[2025-07-02T02:38:05.750+0000] {logging_mixin.py:190} INFO - [2025-07-02T02:38:05.750+0000] {dag.py:4180} INFO - Setting next_dagrun for extract_raw_data_pipeline to 2025-07-01 07:59:00+00:00, run_after=2025-07-02 07:00:00+00:00
[2025-07-02T02:38:05.782+0000] {processor.py:208} INFO - Processing /opt/airflow/dags/driven_data_pipeline.py took 0.154 seconds
[2025-07-02T02:38:35.960+0000] {processor.py:186} INFO - Started process (PID=350) to work on /opt/airflow/dags/driven_data_pipeline.py
[2025-07-02T02:38:35.961+0000] {processor.py:914} INFO - Processing file /opt/airflow/dags/driven_data_pipeline.py for tasks to queue
[2025-07-02T02:38:35.964+0000] {logging_mixin.py:190} INFO - [2025-07-02T02:38:35.964+0000] {dagbag.py:588} INFO - Filling up the DagBag from /opt/airflow/dags/driven_data_pipeline.py
[2025-07-02T02:38:36.010+0000] {processor.py:925} INFO - DAG(s) 'extract_raw_data_pipeline' retrieved from /opt/airflow/dags/driven_data_pipeline.py
[2025-07-02T02:38:36.041+0000] {logging_mixin.py:190} INFO - [2025-07-02T02:38:36.041+0000] {dag.py:3239} INFO - Sync 1 DAGs
[2025-07-02T02:38:36.063+0000] {logging_mixin.py:190} INFO - [2025-07-02T02:38:36.063+0000] {dag.py:4180} INFO - Setting next_dagrun for extract_raw_data_pipeline to 2025-07-01 07:59:00+00:00, run_after=2025-07-02 07:00:00+00:00
[2025-07-02T02:38:36.241+0000] {processor.py:208} INFO - Processing /opt/airflow/dags/driven_data_pipeline.py took 0.286 seconds
[2025-07-02T02:39:06.508+0000] {processor.py:186} INFO - Started process (PID=357) to work on /opt/airflow/dags/driven_data_pipeline.py
[2025-07-02T02:39:06.509+0000] {processor.py:914} INFO - Processing file /opt/airflow/dags/driven_data_pipeline.py for tasks to queue
[2025-07-02T02:39:06.513+0000] {logging_mixin.py:190} INFO - [2025-07-02T02:39:06.513+0000] {dagbag.py:588} INFO - Filling up the DagBag from /opt/airflow/dags/driven_data_pipeline.py
[2025-07-02T02:39:06.551+0000] {processor.py:925} INFO - DAG(s) 'extract_raw_data_pipeline' retrieved from /opt/airflow/dags/driven_data_pipeline.py
[2025-07-02T02:39:06.578+0000] {logging_mixin.py:190} INFO - [2025-07-02T02:39:06.577+0000] {dag.py:3239} INFO - Sync 1 DAGs
[2025-07-02T02:39:06.746+0000] {logging_mixin.py:190} INFO - [2025-07-02T02:39:06.746+0000] {dag.py:4180} INFO - Setting next_dagrun for extract_raw_data_pipeline to 2025-07-01 07:59:00+00:00, run_after=2025-07-02 07:00:00+00:00
[2025-07-02T02:39:06.771+0000] {processor.py:208} INFO - Processing /opt/airflow/dags/driven_data_pipeline.py took 0.270 seconds
[2025-07-02T02:39:36.883+0000] {processor.py:186} INFO - Started process (PID=364) to work on /opt/airflow/dags/driven_data_pipeline.py
[2025-07-02T02:39:36.884+0000] {processor.py:914} INFO - Processing file /opt/airflow/dags/driven_data_pipeline.py for tasks to queue
[2025-07-02T02:39:36.887+0000] {logging_mixin.py:190} INFO - [2025-07-02T02:39:36.886+0000] {dagbag.py:588} INFO - Filling up the DagBag from /opt/airflow/dags/driven_data_pipeline.py
[2025-07-02T02:39:36.921+0000] {processor.py:925} INFO - DAG(s) 'extract_raw_data_pipeline' retrieved from /opt/airflow/dags/driven_data_pipeline.py
[2025-07-02T02:39:36.950+0000] {logging_mixin.py:190} INFO - [2025-07-02T02:39:36.950+0000] {dag.py:3239} INFO - Sync 1 DAGs
[2025-07-02T02:39:37.111+0000] {logging_mixin.py:190} INFO - [2025-07-02T02:39:37.111+0000] {dag.py:4180} INFO - Setting next_dagrun for extract_raw_data_pipeline to 2025-07-01 07:59:00+00:00, run_after=2025-07-02 07:00:00+00:00
[2025-07-02T02:39:37.131+0000] {processor.py:208} INFO - Processing /opt/airflow/dags/driven_data_pipeline.py took 0.254 seconds
[2025-07-02T02:40:07.469+0000] {processor.py:186} INFO - Started process (PID=371) to work on /opt/airflow/dags/driven_data_pipeline.py
[2025-07-02T02:40:07.470+0000] {processor.py:914} INFO - Processing file /opt/airflow/dags/driven_data_pipeline.py for tasks to queue
[2025-07-02T02:40:07.474+0000] {logging_mixin.py:190} INFO - [2025-07-02T02:40:07.473+0000] {dagbag.py:588} INFO - Filling up the DagBag from /opt/airflow/dags/driven_data_pipeline.py
[2025-07-02T02:40:07.667+0000] {processor.py:925} INFO - DAG(s) 'extract_raw_data_pipeline' retrieved from /opt/airflow/dags/driven_data_pipeline.py
[2025-07-02T02:40:07.692+0000] {logging_mixin.py:190} INFO - [2025-07-02T02:40:07.692+0000] {dag.py:3239} INFO - Sync 1 DAGs
[2025-07-02T02:40:07.712+0000] {logging_mixin.py:190} INFO - [2025-07-02T02:40:07.712+0000] {dag.py:4180} INFO - Setting next_dagrun for extract_raw_data_pipeline to 2025-07-01 07:59:00+00:00, run_after=2025-07-02 07:00:00+00:00
[2025-07-02T02:40:07.739+0000] {processor.py:208} INFO - Processing /opt/airflow/dags/driven_data_pipeline.py took 0.277 seconds
[2025-07-02T02:40:37.791+0000] {processor.py:186} INFO - Started process (PID=378) to work on /opt/airflow/dags/driven_data_pipeline.py
[2025-07-02T02:40:37.793+0000] {processor.py:914} INFO - Processing file /opt/airflow/dags/driven_data_pipeline.py for tasks to queue
[2025-07-02T02:40:37.796+0000] {logging_mixin.py:190} INFO - [2025-07-02T02:40:37.795+0000] {dagbag.py:588} INFO - Filling up the DagBag from /opt/airflow/dags/driven_data_pipeline.py
[2025-07-02T02:40:37.833+0000] {processor.py:925} INFO - DAG(s) 'extract_raw_data_pipeline' retrieved from /opt/airflow/dags/driven_data_pipeline.py
[2025-07-02T02:40:37.861+0000] {logging_mixin.py:190} INFO - [2025-07-02T02:40:37.860+0000] {dag.py:3239} INFO - Sync 1 DAGs
[2025-07-02T02:40:37.884+0000] {logging_mixin.py:190} INFO - [2025-07-02T02:40:37.883+0000] {dag.py:4180} INFO - Setting next_dagrun for extract_raw_data_pipeline to 2025-07-01 07:59:00+00:00, run_after=2025-07-02 07:00:00+00:00
[2025-07-02T02:40:37.905+0000] {processor.py:208} INFO - Processing /opt/airflow/dags/driven_data_pipeline.py took 0.120 seconds
[2025-07-02T02:41:08.155+0000] {processor.py:186} INFO - Started process (PID=385) to work on /opt/airflow/dags/driven_data_pipeline.py
[2025-07-02T02:41:08.157+0000] {processor.py:914} INFO - Processing file /opt/airflow/dags/driven_data_pipeline.py for tasks to queue
[2025-07-02T02:41:08.159+0000] {logging_mixin.py:190} INFO - [2025-07-02T02:41:08.159+0000] {dagbag.py:588} INFO - Filling up the DagBag from /opt/airflow/dags/driven_data_pipeline.py
[2025-07-02T02:41:08.199+0000] {processor.py:925} INFO - DAG(s) 'extract_raw_data_pipeline' retrieved from /opt/airflow/dags/driven_data_pipeline.py
[2025-07-02T02:41:08.222+0000] {logging_mixin.py:190} INFO - [2025-07-02T02:41:08.222+0000] {dag.py:3239} INFO - Sync 1 DAGs
[2025-07-02T02:41:08.242+0000] {logging_mixin.py:190} INFO - [2025-07-02T02:41:08.241+0000] {dag.py:4180} INFO - Setting next_dagrun for extract_raw_data_pipeline to 2025-07-01 07:59:00+00:00, run_after=2025-07-02 07:00:00+00:00
[2025-07-02T02:41:08.266+0000] {processor.py:208} INFO - Processing /opt/airflow/dags/driven_data_pipeline.py took 0.116 seconds
[2025-07-02T02:41:38.564+0000] {processor.py:186} INFO - Started process (PID=392) to work on /opt/airflow/dags/driven_data_pipeline.py
[2025-07-02T02:41:38.566+0000] {processor.py:914} INFO - Processing file /opt/airflow/dags/driven_data_pipeline.py for tasks to queue
[2025-07-02T02:41:38.569+0000] {logging_mixin.py:190} INFO - [2025-07-02T02:41:38.568+0000] {dagbag.py:588} INFO - Filling up the DagBag from /opt/airflow/dags/driven_data_pipeline.py
[2025-07-02T02:41:38.605+0000] {processor.py:925} INFO - DAG(s) 'extract_raw_data_pipeline' retrieved from /opt/airflow/dags/driven_data_pipeline.py
[2025-07-02T02:41:38.631+0000] {logging_mixin.py:190} INFO - [2025-07-02T02:41:38.631+0000] {dag.py:3239} INFO - Sync 1 DAGs
[2025-07-02T02:41:38.803+0000] {logging_mixin.py:190} INFO - [2025-07-02T02:41:38.802+0000] {dag.py:4180} INFO - Setting next_dagrun for extract_raw_data_pipeline to 2025-07-01 07:59:00+00:00, run_after=2025-07-02 07:00:00+00:00
[2025-07-02T02:41:38.826+0000] {processor.py:208} INFO - Processing /opt/airflow/dags/driven_data_pipeline.py took 0.269 seconds
[2025-07-02T02:42:08.889+0000] {processor.py:186} INFO - Started process (PID=399) to work on /opt/airflow/dags/driven_data_pipeline.py
[2025-07-02T02:42:08.890+0000] {processor.py:914} INFO - Processing file /opt/airflow/dags/driven_data_pipeline.py for tasks to queue
[2025-07-02T02:42:08.893+0000] {logging_mixin.py:190} INFO - [2025-07-02T02:42:08.893+0000] {dagbag.py:588} INFO - Filling up the DagBag from /opt/airflow/dags/driven_data_pipeline.py
[2025-07-02T02:42:08.933+0000] {processor.py:925} INFO - DAG(s) 'extract_raw_data_pipeline' retrieved from /opt/airflow/dags/driven_data_pipeline.py
[2025-07-02T02:42:08.958+0000] {logging_mixin.py:190} INFO - [2025-07-02T02:42:08.958+0000] {dag.py:3239} INFO - Sync 1 DAGs
[2025-07-02T02:42:09.095+0000] {logging_mixin.py:190} INFO - [2025-07-02T02:42:09.095+0000] {dag.py:4180} INFO - Setting next_dagrun for extract_raw_data_pipeline to 2025-07-01 07:59:00+00:00, run_after=2025-07-02 07:00:00+00:00
[2025-07-02T02:42:09.118+0000] {processor.py:208} INFO - Processing /opt/airflow/dags/driven_data_pipeline.py took 0.235 seconds
[2025-07-02T02:42:39.221+0000] {processor.py:186} INFO - Started process (PID=406) to work on /opt/airflow/dags/driven_data_pipeline.py
[2025-07-02T02:42:39.223+0000] {processor.py:914} INFO - Processing file /opt/airflow/dags/driven_data_pipeline.py for tasks to queue
[2025-07-02T02:42:39.226+0000] {logging_mixin.py:190} INFO - [2025-07-02T02:42:39.226+0000] {dagbag.py:588} INFO - Filling up the DagBag from /opt/airflow/dags/driven_data_pipeline.py
[2025-07-02T02:42:39.267+0000] {processor.py:925} INFO - DAG(s) 'extract_raw_data_pipeline' retrieved from /opt/airflow/dags/driven_data_pipeline.py
[2025-07-02T02:42:39.436+0000] {logging_mixin.py:190} INFO - [2025-07-02T02:42:39.435+0000] {dag.py:3239} INFO - Sync 1 DAGs
[2025-07-02T02:42:39.456+0000] {logging_mixin.py:190} INFO - [2025-07-02T02:42:39.455+0000] {dag.py:4180} INFO - Setting next_dagrun for extract_raw_data_pipeline to 2025-07-01 07:59:00+00:00, run_after=2025-07-02 07:00:00+00:00
[2025-07-02T02:42:39.482+0000] {processor.py:208} INFO - Processing /opt/airflow/dags/driven_data_pipeline.py took 0.267 seconds
[2025-07-02T02:43:09.772+0000] {processor.py:186} INFO - Started process (PID=413) to work on /opt/airflow/dags/driven_data_pipeline.py
[2025-07-02T02:43:09.777+0000] {processor.py:914} INFO - Processing file /opt/airflow/dags/driven_data_pipeline.py for tasks to queue
[2025-07-02T02:43:09.783+0000] {logging_mixin.py:190} INFO - [2025-07-02T02:43:09.782+0000] {dagbag.py:588} INFO - Filling up the DagBag from /opt/airflow/dags/driven_data_pipeline.py
[2025-07-02T02:43:10.070+0000] {processor.py:925} INFO - DAG(s) 'extract_raw_data_pipeline' retrieved from /opt/airflow/dags/driven_data_pipeline.py
[2025-07-02T02:43:10.107+0000] {logging_mixin.py:190} INFO - [2025-07-02T02:43:10.106+0000] {dag.py:3239} INFO - Sync 1 DAGs
[2025-07-02T02:43:10.143+0000] {logging_mixin.py:190} INFO - [2025-07-02T02:43:10.143+0000] {dag.py:4180} INFO - Setting next_dagrun for extract_raw_data_pipeline to 2025-07-01 07:59:00+00:00, run_after=2025-07-02 07:00:00+00:00
[2025-07-02T02:43:10.175+0000] {processor.py:208} INFO - Processing /opt/airflow/dags/driven_data_pipeline.py took 0.410 seconds
[2025-07-02T02:43:40.731+0000] {processor.py:186} INFO - Started process (PID=420) to work on /opt/airflow/dags/driven_data_pipeline.py
[2025-07-02T02:43:40.733+0000] {processor.py:914} INFO - Processing file /opt/airflow/dags/driven_data_pipeline.py for tasks to queue
[2025-07-02T02:43:40.737+0000] {logging_mixin.py:190} INFO - [2025-07-02T02:43:40.736+0000] {dagbag.py:588} INFO - Filling up the DagBag from /opt/airflow/dags/driven_data_pipeline.py
[2025-07-02T02:43:40.782+0000] {processor.py:925} INFO - DAG(s) 'extract_raw_data_pipeline' retrieved from /opt/airflow/dags/driven_data_pipeline.py
[2025-07-02T02:43:40.814+0000] {logging_mixin.py:190} INFO - [2025-07-02T02:43:40.814+0000] {dag.py:3239} INFO - Sync 1 DAGs
[2025-07-02T02:43:40.843+0000] {logging_mixin.py:190} INFO - [2025-07-02T02:43:40.842+0000] {dag.py:4180} INFO - Setting next_dagrun for extract_raw_data_pipeline to 2025-07-01 07:59:00+00:00, run_after=2025-07-02 07:00:00+00:00
[2025-07-02T02:43:40.874+0000] {processor.py:208} INFO - Processing /opt/airflow/dags/driven_data_pipeline.py took 0.153 seconds
[2025-07-02T02:44:11.136+0000] {processor.py:186} INFO - Started process (PID=427) to work on /opt/airflow/dags/driven_data_pipeline.py
[2025-07-02T02:44:11.138+0000] {processor.py:914} INFO - Processing file /opt/airflow/dags/driven_data_pipeline.py for tasks to queue
[2025-07-02T02:44:11.142+0000] {logging_mixin.py:190} INFO - [2025-07-02T02:44:11.142+0000] {dagbag.py:588} INFO - Filling up the DagBag from /opt/airflow/dags/driven_data_pipeline.py
[2025-07-02T02:44:11.192+0000] {processor.py:925} INFO - DAG(s) 'extract_raw_data_pipeline' retrieved from /opt/airflow/dags/driven_data_pipeline.py
[2025-07-02T02:44:11.220+0000] {logging_mixin.py:190} INFO - [2025-07-02T02:44:11.220+0000] {dag.py:3239} INFO - Sync 1 DAGs
[2025-07-02T02:44:11.252+0000] {logging_mixin.py:190} INFO - [2025-07-02T02:44:11.251+0000] {dag.py:4180} INFO - Setting next_dagrun for extract_raw_data_pipeline to 2025-07-01 07:59:00+00:00, run_after=2025-07-02 07:00:00+00:00
[2025-07-02T02:44:11.285+0000] {processor.py:208} INFO - Processing /opt/airflow/dags/driven_data_pipeline.py took 0.157 seconds
[2025-07-02T02:44:41.573+0000] {processor.py:186} INFO - Started process (PID=434) to work on /opt/airflow/dags/driven_data_pipeline.py
[2025-07-02T02:44:41.575+0000] {processor.py:914} INFO - Processing file /opt/airflow/dags/driven_data_pipeline.py for tasks to queue
[2025-07-02T02:44:41.578+0000] {logging_mixin.py:190} INFO - [2025-07-02T02:44:41.577+0000] {dagbag.py:588} INFO - Filling up the DagBag from /opt/airflow/dags/driven_data_pipeline.py
[2025-07-02T02:44:41.641+0000] {processor.py:925} INFO - DAG(s) 'extract_raw_data_pipeline' retrieved from /opt/airflow/dags/driven_data_pipeline.py
[2025-07-02T02:44:41.676+0000] {logging_mixin.py:190} INFO - [2025-07-02T02:44:41.676+0000] {dag.py:3239} INFO - Sync 1 DAGs
[2025-07-02T02:44:41.698+0000] {logging_mixin.py:190} INFO - [2025-07-02T02:44:41.698+0000] {dag.py:4180} INFO - Setting next_dagrun for extract_raw_data_pipeline to 2025-07-01 07:59:00+00:00, run_after=2025-07-02 07:00:00+00:00
[2025-07-02T02:44:41.722+0000] {processor.py:208} INFO - Processing /opt/airflow/dags/driven_data_pipeline.py took 0.159 seconds
[2025-07-02T02:45:11.940+0000] {processor.py:186} INFO - Started process (PID=441) to work on /opt/airflow/dags/driven_data_pipeline.py
[2025-07-02T02:45:11.942+0000] {processor.py:914} INFO - Processing file /opt/airflow/dags/driven_data_pipeline.py for tasks to queue
[2025-07-02T02:45:11.945+0000] {logging_mixin.py:190} INFO - [2025-07-02T02:45:11.945+0000] {dagbag.py:588} INFO - Filling up the DagBag from /opt/airflow/dags/driven_data_pipeline.py
[2025-07-02T02:45:11.986+0000] {processor.py:925} INFO - DAG(s) 'extract_raw_data_pipeline' retrieved from /opt/airflow/dags/driven_data_pipeline.py
[2025-07-02T02:45:12.013+0000] {logging_mixin.py:190} INFO - [2025-07-02T02:45:12.013+0000] {dag.py:3239} INFO - Sync 1 DAGs
[2025-07-02T02:45:12.035+0000] {logging_mixin.py:190} INFO - [2025-07-02T02:45:12.035+0000] {dag.py:4180} INFO - Setting next_dagrun for extract_raw_data_pipeline to 2025-07-01 07:59:00+00:00, run_after=2025-07-02 07:00:00+00:00
[2025-07-02T02:45:12.060+0000] {processor.py:208} INFO - Processing /opt/airflow/dags/driven_data_pipeline.py took 0.126 seconds
[2025-07-02T02:45:42.405+0000] {processor.py:186} INFO - Started process (PID=448) to work on /opt/airflow/dags/driven_data_pipeline.py
[2025-07-02T02:45:42.406+0000] {processor.py:914} INFO - Processing file /opt/airflow/dags/driven_data_pipeline.py for tasks to queue
[2025-07-02T02:45:42.411+0000] {logging_mixin.py:190} INFO - [2025-07-02T02:45:42.410+0000] {dagbag.py:588} INFO - Filling up the DagBag from /opt/airflow/dags/driven_data_pipeline.py
[2025-07-02T02:45:42.454+0000] {processor.py:925} INFO - DAG(s) 'extract_raw_data_pipeline' retrieved from /opt/airflow/dags/driven_data_pipeline.py
[2025-07-02T02:45:42.482+0000] {logging_mixin.py:190} INFO - [2025-07-02T02:45:42.481+0000] {dag.py:3239} INFO - Sync 1 DAGs
[2025-07-02T02:45:42.505+0000] {logging_mixin.py:190} INFO - [2025-07-02T02:45:42.505+0000] {dag.py:4180} INFO - Setting next_dagrun for extract_raw_data_pipeline to 2025-07-01 07:59:00+00:00, run_after=2025-07-02 07:00:00+00:00
[2025-07-02T02:45:42.532+0000] {processor.py:208} INFO - Processing /opt/airflow/dags/driven_data_pipeline.py took 0.134 seconds
[2025-07-02T02:46:12.765+0000] {processor.py:186} INFO - Started process (PID=455) to work on /opt/airflow/dags/driven_data_pipeline.py
[2025-07-02T02:46:12.766+0000] {processor.py:914} INFO - Processing file /opt/airflow/dags/driven_data_pipeline.py for tasks to queue
[2025-07-02T02:46:12.769+0000] {logging_mixin.py:190} INFO - [2025-07-02T02:46:12.769+0000] {dagbag.py:588} INFO - Filling up the DagBag from /opt/airflow/dags/driven_data_pipeline.py
[2025-07-02T02:46:12.806+0000] {processor.py:925} INFO - DAG(s) 'extract_raw_data_pipeline' retrieved from /opt/airflow/dags/driven_data_pipeline.py
[2025-07-02T02:46:12.836+0000] {logging_mixin.py:190} INFO - [2025-07-02T02:46:12.835+0000] {dag.py:3239} INFO - Sync 1 DAGs
[2025-07-02T02:46:12.859+0000] {logging_mixin.py:190} INFO - [2025-07-02T02:46:12.859+0000] {dag.py:4180} INFO - Setting next_dagrun for extract_raw_data_pipeline to 2025-07-01 07:59:00+00:00, run_after=2025-07-02 07:00:00+00:00
[2025-07-02T02:46:12.885+0000] {processor.py:208} INFO - Processing /opt/airflow/dags/driven_data_pipeline.py took 0.128 seconds
[2025-07-02T02:46:43.222+0000] {processor.py:186} INFO - Started process (PID=462) to work on /opt/airflow/dags/driven_data_pipeline.py
[2025-07-02T02:46:43.224+0000] {processor.py:914} INFO - Processing file /opt/airflow/dags/driven_data_pipeline.py for tasks to queue
[2025-07-02T02:46:43.227+0000] {logging_mixin.py:190} INFO - [2025-07-02T02:46:43.226+0000] {dagbag.py:588} INFO - Filling up the DagBag from /opt/airflow/dags/driven_data_pipeline.py
[2025-07-02T02:46:43.265+0000] {processor.py:925} INFO - DAG(s) 'extract_raw_data_pipeline' retrieved from /opt/airflow/dags/driven_data_pipeline.py
[2025-07-02T02:46:43.299+0000] {logging_mixin.py:190} INFO - [2025-07-02T02:46:43.299+0000] {dag.py:3239} INFO - Sync 1 DAGs
[2025-07-02T02:46:43.350+0000] {logging_mixin.py:190} INFO - [2025-07-02T02:46:43.350+0000] {dag.py:4180} INFO - Setting next_dagrun for extract_raw_data_pipeline to 2025-07-01 07:59:00+00:00, run_after=2025-07-02 07:00:00+00:00
[2025-07-02T02:46:43.382+0000] {processor.py:208} INFO - Processing /opt/airflow/dags/driven_data_pipeline.py took 0.166 seconds
[2025-07-02T02:47:13.554+0000] {processor.py:186} INFO - Started process (PID=469) to work on /opt/airflow/dags/driven_data_pipeline.py
[2025-07-02T02:47:13.556+0000] {processor.py:914} INFO - Processing file /opt/airflow/dags/driven_data_pipeline.py for tasks to queue
[2025-07-02T02:47:13.561+0000] {logging_mixin.py:190} INFO - [2025-07-02T02:47:13.560+0000] {dagbag.py:588} INFO - Filling up the DagBag from /opt/airflow/dags/driven_data_pipeline.py
[2025-07-02T02:47:13.606+0000] {processor.py:925} INFO - DAG(s) 'extract_raw_data_pipeline' retrieved from /opt/airflow/dags/driven_data_pipeline.py
[2025-07-02T02:47:13.641+0000] {logging_mixin.py:190} INFO - [2025-07-02T02:47:13.641+0000] {dag.py:3239} INFO - Sync 1 DAGs
[2025-07-02T02:47:13.670+0000] {logging_mixin.py:190} INFO - [2025-07-02T02:47:13.670+0000] {dag.py:4180} INFO - Setting next_dagrun for extract_raw_data_pipeline to 2025-07-01 07:59:00+00:00, run_after=2025-07-02 07:00:00+00:00
[2025-07-02T02:47:13.694+0000] {processor.py:208} INFO - Processing /opt/airflow/dags/driven_data_pipeline.py took 0.150 seconds
[2025-07-02T02:47:44.038+0000] {processor.py:186} INFO - Started process (PID=476) to work on /opt/airflow/dags/driven_data_pipeline.py
[2025-07-02T02:47:44.039+0000] {processor.py:914} INFO - Processing file /opt/airflow/dags/driven_data_pipeline.py for tasks to queue
[2025-07-02T02:47:44.043+0000] {logging_mixin.py:190} INFO - [2025-07-02T02:47:44.043+0000] {dagbag.py:588} INFO - Filling up the DagBag from /opt/airflow/dags/driven_data_pipeline.py
[2025-07-02T02:47:44.083+0000] {processor.py:925} INFO - DAG(s) 'extract_raw_data_pipeline' retrieved from /opt/airflow/dags/driven_data_pipeline.py
[2025-07-02T02:47:44.111+0000] {logging_mixin.py:190} INFO - [2025-07-02T02:47:44.111+0000] {dag.py:3239} INFO - Sync 1 DAGs
[2025-07-02T02:47:44.139+0000] {logging_mixin.py:190} INFO - [2025-07-02T02:47:44.138+0000] {dag.py:4180} INFO - Setting next_dagrun for extract_raw_data_pipeline to 2025-07-01 07:59:00+00:00, run_after=2025-07-02 07:00:00+00:00
[2025-07-02T02:47:44.167+0000] {processor.py:208} INFO - Processing /opt/airflow/dags/driven_data_pipeline.py took 0.135 seconds
[2025-07-02T02:48:14.398+0000] {processor.py:186} INFO - Started process (PID=483) to work on /opt/airflow/dags/driven_data_pipeline.py
[2025-07-02T02:48:14.400+0000] {processor.py:914} INFO - Processing file /opt/airflow/dags/driven_data_pipeline.py for tasks to queue
[2025-07-02T02:48:14.403+0000] {logging_mixin.py:190} INFO - [2025-07-02T02:48:14.403+0000] {dagbag.py:588} INFO - Filling up the DagBag from /opt/airflow/dags/driven_data_pipeline.py
[2025-07-02T02:48:14.445+0000] {processor.py:925} INFO - DAG(s) 'extract_raw_data_pipeline' retrieved from /opt/airflow/dags/driven_data_pipeline.py
[2025-07-02T02:48:14.471+0000] {logging_mixin.py:190} INFO - [2025-07-02T02:48:14.471+0000] {dag.py:3239} INFO - Sync 1 DAGs
[2025-07-02T02:48:14.495+0000] {logging_mixin.py:190} INFO - [2025-07-02T02:48:14.495+0000] {dag.py:4180} INFO - Setting next_dagrun for extract_raw_data_pipeline to 2025-07-01 07:59:00+00:00, run_after=2025-07-02 07:00:00+00:00
[2025-07-02T02:48:14.516+0000] {processor.py:208} INFO - Processing /opt/airflow/dags/driven_data_pipeline.py took 0.125 seconds
[2025-07-02T02:48:44.817+0000] {processor.py:186} INFO - Started process (PID=490) to work on /opt/airflow/dags/driven_data_pipeline.py
[2025-07-02T02:48:44.820+0000] {processor.py:914} INFO - Processing file /opt/airflow/dags/driven_data_pipeline.py for tasks to queue
[2025-07-02T02:48:44.823+0000] {logging_mixin.py:190} INFO - [2025-07-02T02:48:44.823+0000] {dagbag.py:588} INFO - Filling up the DagBag from /opt/airflow/dags/driven_data_pipeline.py
[2025-07-02T02:48:44.865+0000] {processor.py:925} INFO - DAG(s) 'extract_raw_data_pipeline' retrieved from /opt/airflow/dags/driven_data_pipeline.py
[2025-07-02T02:48:44.898+0000] {logging_mixin.py:190} INFO - [2025-07-02T02:48:44.897+0000] {dag.py:3239} INFO - Sync 1 DAGs
[2025-07-02T02:48:44.926+0000] {logging_mixin.py:190} INFO - [2025-07-02T02:48:44.925+0000] {dag.py:4180} INFO - Setting next_dagrun for extract_raw_data_pipeline to 2025-07-01 07:59:00+00:00, run_after=2025-07-02 07:00:00+00:00
[2025-07-02T02:48:44.950+0000] {processor.py:208} INFO - Processing /opt/airflow/dags/driven_data_pipeline.py took 0.142 seconds
[2025-07-02T02:49:15.326+0000] {processor.py:186} INFO - Started process (PID=497) to work on /opt/airflow/dags/driven_data_pipeline.py
[2025-07-02T02:49:15.328+0000] {processor.py:914} INFO - Processing file /opt/airflow/dags/driven_data_pipeline.py for tasks to queue
[2025-07-02T02:49:15.331+0000] {logging_mixin.py:190} INFO - [2025-07-02T02:49:15.330+0000] {dagbag.py:588} INFO - Filling up the DagBag from /opt/airflow/dags/driven_data_pipeline.py
[2025-07-02T02:49:15.370+0000] {processor.py:925} INFO - DAG(s) 'extract_raw_data_pipeline' retrieved from /opt/airflow/dags/driven_data_pipeline.py
[2025-07-02T02:49:15.394+0000] {logging_mixin.py:190} INFO - [2025-07-02T02:49:15.394+0000] {dag.py:3239} INFO - Sync 1 DAGs
[2025-07-02T02:49:15.414+0000] {logging_mixin.py:190} INFO - [2025-07-02T02:49:15.414+0000] {dag.py:4180} INFO - Setting next_dagrun for extract_raw_data_pipeline to 2025-07-01 07:59:00+00:00, run_after=2025-07-02 07:00:00+00:00
[2025-07-02T02:49:15.436+0000] {processor.py:208} INFO - Processing /opt/airflow/dags/driven_data_pipeline.py took 0.116 seconds
[2025-07-02T02:49:45.718+0000] {processor.py:186} INFO - Started process (PID=504) to work on /opt/airflow/dags/driven_data_pipeline.py
[2025-07-02T02:49:45.720+0000] {processor.py:914} INFO - Processing file /opt/airflow/dags/driven_data_pipeline.py for tasks to queue
[2025-07-02T02:49:45.723+0000] {logging_mixin.py:190} INFO - [2025-07-02T02:49:45.723+0000] {dagbag.py:588} INFO - Filling up the DagBag from /opt/airflow/dags/driven_data_pipeline.py
[2025-07-02T02:49:45.758+0000] {processor.py:925} INFO - DAG(s) 'extract_raw_data_pipeline' retrieved from /opt/airflow/dags/driven_data_pipeline.py
[2025-07-02T02:49:45.783+0000] {logging_mixin.py:190} INFO - [2025-07-02T02:49:45.783+0000] {dag.py:3239} INFO - Sync 1 DAGs
[2025-07-02T02:49:45.806+0000] {logging_mixin.py:190} INFO - [2025-07-02T02:49:45.806+0000] {dag.py:4180} INFO - Setting next_dagrun for extract_raw_data_pipeline to 2025-07-01 07:59:00+00:00, run_after=2025-07-02 07:00:00+00:00
[2025-07-02T02:49:45.822+0000] {processor.py:208} INFO - Processing /opt/airflow/dags/driven_data_pipeline.py took 0.110 seconds
[2025-07-02T02:50:16.133+0000] {processor.py:186} INFO - Started process (PID=511) to work on /opt/airflow/dags/driven_data_pipeline.py
[2025-07-02T02:50:16.134+0000] {processor.py:914} INFO - Processing file /opt/airflow/dags/driven_data_pipeline.py for tasks to queue
[2025-07-02T02:50:16.137+0000] {logging_mixin.py:190} INFO - [2025-07-02T02:50:16.137+0000] {dagbag.py:588} INFO - Filling up the DagBag from /opt/airflow/dags/driven_data_pipeline.py
[2025-07-02T02:50:16.183+0000] {processor.py:925} INFO - DAG(s) 'extract_raw_data_pipeline' retrieved from /opt/airflow/dags/driven_data_pipeline.py
[2025-07-02T02:50:16.213+0000] {logging_mixin.py:190} INFO - [2025-07-02T02:50:16.213+0000] {dag.py:3239} INFO - Sync 1 DAGs
[2025-07-02T02:50:16.236+0000] {logging_mixin.py:190} INFO - [2025-07-02T02:50:16.236+0000] {dag.py:4180} INFO - Setting next_dagrun for extract_raw_data_pipeline to 2025-07-01 07:59:00+00:00, run_after=2025-07-02 07:00:00+00:00
[2025-07-02T02:50:16.261+0000] {processor.py:208} INFO - Processing /opt/airflow/dags/driven_data_pipeline.py took 0.136 seconds
[2025-07-02T02:50:46.446+0000] {processor.py:186} INFO - Started process (PID=518) to work on /opt/airflow/dags/driven_data_pipeline.py
[2025-07-02T02:50:46.447+0000] {processor.py:914} INFO - Processing file /opt/airflow/dags/driven_data_pipeline.py for tasks to queue
[2025-07-02T02:50:46.450+0000] {logging_mixin.py:190} INFO - [2025-07-02T02:50:46.450+0000] {dagbag.py:588} INFO - Filling up the DagBag from /opt/airflow/dags/driven_data_pipeline.py
[2025-07-02T02:50:46.499+0000] {processor.py:925} INFO - DAG(s) 'extract_raw_data_pipeline' retrieved from /opt/airflow/dags/driven_data_pipeline.py
[2025-07-02T02:50:46.531+0000] {logging_mixin.py:190} INFO - [2025-07-02T02:50:46.530+0000] {dag.py:3239} INFO - Sync 1 DAGs
[2025-07-02T02:50:46.558+0000] {logging_mixin.py:190} INFO - [2025-07-02T02:50:46.558+0000] {dag.py:4180} INFO - Setting next_dagrun for extract_raw_data_pipeline to 2025-07-01 07:59:00+00:00, run_after=2025-07-02 07:00:00+00:00
[2025-07-02T02:50:46.584+0000] {processor.py:208} INFO - Processing /opt/airflow/dags/driven_data_pipeline.py took 0.145 seconds
[2025-07-02T02:51:16.943+0000] {processor.py:186} INFO - Started process (PID=525) to work on /opt/airflow/dags/driven_data_pipeline.py
[2025-07-02T02:51:16.944+0000] {processor.py:914} INFO - Processing file /opt/airflow/dags/driven_data_pipeline.py for tasks to queue
[2025-07-02T02:51:16.947+0000] {logging_mixin.py:190} INFO - [2025-07-02T02:51:16.946+0000] {dagbag.py:588} INFO - Filling up the DagBag from /opt/airflow/dags/driven_data_pipeline.py
[2025-07-02T02:51:16.986+0000] {processor.py:925} INFO - DAG(s) 'extract_raw_data_pipeline' retrieved from /opt/airflow/dags/driven_data_pipeline.py
[2025-07-02T02:51:17.013+0000] {logging_mixin.py:190} INFO - [2025-07-02T02:51:17.013+0000] {dag.py:3239} INFO - Sync 1 DAGs
[2025-07-02T02:51:17.035+0000] {logging_mixin.py:190} INFO - [2025-07-02T02:51:17.034+0000] {dag.py:4180} INFO - Setting next_dagrun for extract_raw_data_pipeline to 2025-07-01 07:59:00+00:00, run_after=2025-07-02 07:00:00+00:00
[2025-07-02T02:51:17.058+0000] {processor.py:208} INFO - Processing /opt/airflow/dags/driven_data_pipeline.py took 0.121 seconds
[2025-07-02T02:51:47.281+0000] {processor.py:186} INFO - Started process (PID=532) to work on /opt/airflow/dags/driven_data_pipeline.py
[2025-07-02T02:51:47.283+0000] {processor.py:914} INFO - Processing file /opt/airflow/dags/driven_data_pipeline.py for tasks to queue
[2025-07-02T02:51:47.287+0000] {logging_mixin.py:190} INFO - [2025-07-02T02:51:47.287+0000] {dagbag.py:588} INFO - Filling up the DagBag from /opt/airflow/dags/driven_data_pipeline.py
[2025-07-02T02:51:47.347+0000] {processor.py:925} INFO - DAG(s) 'extract_raw_data_pipeline' retrieved from /opt/airflow/dags/driven_data_pipeline.py
[2025-07-02T02:51:47.386+0000] {logging_mixin.py:190} INFO - [2025-07-02T02:51:47.386+0000] {dag.py:3239} INFO - Sync 1 DAGs
[2025-07-02T02:51:47.419+0000] {logging_mixin.py:190} INFO - [2025-07-02T02:51:47.419+0000] {dag.py:4180} INFO - Setting next_dagrun for extract_raw_data_pipeline to 2025-07-01 07:59:00+00:00, run_after=2025-07-02 07:00:00+00:00
[2025-07-02T02:51:47.460+0000] {processor.py:208} INFO - Processing /opt/airflow/dags/driven_data_pipeline.py took 0.187 seconds
[2025-07-02T02:52:17.691+0000] {processor.py:186} INFO - Started process (PID=543) to work on /opt/airflow/dags/driven_data_pipeline.py
[2025-07-02T02:52:17.693+0000] {processor.py:914} INFO - Processing file /opt/airflow/dags/driven_data_pipeline.py for tasks to queue
[2025-07-02T02:52:17.695+0000] {logging_mixin.py:190} INFO - [2025-07-02T02:52:17.695+0000] {dagbag.py:588} INFO - Filling up the DagBag from /opt/airflow/dags/driven_data_pipeline.py
[2025-07-02T02:52:17.725+0000] {processor.py:925} INFO - DAG(s) 'extract_raw_data_pipeline' retrieved from /opt/airflow/dags/driven_data_pipeline.py
[2025-07-02T02:52:17.754+0000] {logging_mixin.py:190} INFO - [2025-07-02T02:52:17.754+0000] {dag.py:3239} INFO - Sync 1 DAGs
[2025-07-02T02:52:17.782+0000] {logging_mixin.py:190} INFO - [2025-07-02T02:52:17.782+0000] {dag.py:4180} INFO - Setting next_dagrun for extract_raw_data_pipeline to 2025-07-01 07:59:00+00:00, run_after=2025-07-02 07:00:00+00:00
[2025-07-02T02:52:17.808+0000] {processor.py:208} INFO - Processing /opt/airflow/dags/driven_data_pipeline.py took 0.122 seconds
[2025-07-02T02:52:48.053+0000] {processor.py:186} INFO - Started process (PID=550) to work on /opt/airflow/dags/driven_data_pipeline.py
[2025-07-02T02:52:48.055+0000] {processor.py:914} INFO - Processing file /opt/airflow/dags/driven_data_pipeline.py for tasks to queue
[2025-07-02T02:52:48.057+0000] {logging_mixin.py:190} INFO - [2025-07-02T02:52:48.057+0000] {dagbag.py:588} INFO - Filling up the DagBag from /opt/airflow/dags/driven_data_pipeline.py
[2025-07-02T02:52:48.097+0000] {processor.py:925} INFO - DAG(s) 'extract_raw_data_pipeline' retrieved from /opt/airflow/dags/driven_data_pipeline.py
[2025-07-02T02:52:48.125+0000] {logging_mixin.py:190} INFO - [2025-07-02T02:52:48.124+0000] {dag.py:3239} INFO - Sync 1 DAGs
[2025-07-02T02:52:48.148+0000] {logging_mixin.py:190} INFO - [2025-07-02T02:52:48.148+0000] {dag.py:4180} INFO - Setting next_dagrun for extract_raw_data_pipeline to 2025-07-01 07:59:00+00:00, run_after=2025-07-02 07:00:00+00:00
[2025-07-02T02:52:48.177+0000] {processor.py:208} INFO - Processing /opt/airflow/dags/driven_data_pipeline.py took 0.130 seconds
[2025-07-02T02:53:18.393+0000] {processor.py:186} INFO - Started process (PID=557) to work on /opt/airflow/dags/driven_data_pipeline.py
[2025-07-02T02:53:18.395+0000] {processor.py:914} INFO - Processing file /opt/airflow/dags/driven_data_pipeline.py for tasks to queue
[2025-07-02T02:53:18.398+0000] {logging_mixin.py:190} INFO - [2025-07-02T02:53:18.397+0000] {dagbag.py:588} INFO - Filling up the DagBag from /opt/airflow/dags/driven_data_pipeline.py
[2025-07-02T02:53:18.441+0000] {processor.py:925} INFO - DAG(s) 'extract_raw_data_pipeline' retrieved from /opt/airflow/dags/driven_data_pipeline.py
[2025-07-02T02:53:18.469+0000] {logging_mixin.py:190} INFO - [2025-07-02T02:53:18.468+0000] {dag.py:3239} INFO - Sync 1 DAGs
[2025-07-02T02:53:18.491+0000] {logging_mixin.py:190} INFO - [2025-07-02T02:53:18.490+0000] {dag.py:4180} INFO - Setting next_dagrun for extract_raw_data_pipeline to 2025-07-01 07:59:00+00:00, run_after=2025-07-02 07:00:00+00:00
[2025-07-02T02:53:18.513+0000] {processor.py:208} INFO - Processing /opt/airflow/dags/driven_data_pipeline.py took 0.127 seconds
[2025-07-02T02:53:48.804+0000] {processor.py:186} INFO - Started process (PID=564) to work on /opt/airflow/dags/driven_data_pipeline.py
[2025-07-02T02:53:48.806+0000] {processor.py:914} INFO - Processing file /opt/airflow/dags/driven_data_pipeline.py for tasks to queue
[2025-07-02T02:53:48.809+0000] {logging_mixin.py:190} INFO - [2025-07-02T02:53:48.809+0000] {dagbag.py:588} INFO - Filling up the DagBag from /opt/airflow/dags/driven_data_pipeline.py
[2025-07-02T02:53:48.847+0000] {processor.py:925} INFO - DAG(s) 'extract_raw_data_pipeline' retrieved from /opt/airflow/dags/driven_data_pipeline.py
[2025-07-02T02:53:48.875+0000] {logging_mixin.py:190} INFO - [2025-07-02T02:53:48.874+0000] {dag.py:3239} INFO - Sync 1 DAGs
[2025-07-02T02:53:48.901+0000] {logging_mixin.py:190} INFO - [2025-07-02T02:53:48.900+0000] {dag.py:4180} INFO - Setting next_dagrun for extract_raw_data_pipeline to 2025-07-01 07:59:00+00:00, run_after=2025-07-02 07:00:00+00:00
[2025-07-02T02:53:48.931+0000] {processor.py:208} INFO - Processing /opt/airflow/dags/driven_data_pipeline.py took 0.134 seconds
[2025-07-02T02:54:19.164+0000] {processor.py:186} INFO - Started process (PID=571) to work on /opt/airflow/dags/driven_data_pipeline.py
[2025-07-02T02:54:19.165+0000] {processor.py:914} INFO - Processing file /opt/airflow/dags/driven_data_pipeline.py for tasks to queue
[2025-07-02T02:54:19.168+0000] {logging_mixin.py:190} INFO - [2025-07-02T02:54:19.168+0000] {dagbag.py:588} INFO - Filling up the DagBag from /opt/airflow/dags/driven_data_pipeline.py
[2025-07-02T02:54:19.208+0000] {processor.py:925} INFO - DAG(s) 'extract_raw_data_pipeline' retrieved from /opt/airflow/dags/driven_data_pipeline.py
[2025-07-02T02:54:19.235+0000] {logging_mixin.py:190} INFO - [2025-07-02T02:54:19.235+0000] {dag.py:3239} INFO - Sync 1 DAGs
[2025-07-02T02:54:19.258+0000] {logging_mixin.py:190} INFO - [2025-07-02T02:54:19.258+0000] {dag.py:4180} INFO - Setting next_dagrun for extract_raw_data_pipeline to 2025-07-01 07:59:00+00:00, run_after=2025-07-02 07:00:00+00:00
[2025-07-02T02:54:19.282+0000] {processor.py:208} INFO - Processing /opt/airflow/dags/driven_data_pipeline.py took 0.124 seconds
[2025-07-02T02:54:49.653+0000] {processor.py:186} INFO - Started process (PID=578) to work on /opt/airflow/dags/driven_data_pipeline.py
[2025-07-02T02:54:49.655+0000] {processor.py:914} INFO - Processing file /opt/airflow/dags/driven_data_pipeline.py for tasks to queue
[2025-07-02T02:54:49.659+0000] {logging_mixin.py:190} INFO - [2025-07-02T02:54:49.658+0000] {dagbag.py:588} INFO - Filling up the DagBag from /opt/airflow/dags/driven_data_pipeline.py
[2025-07-02T02:54:49.701+0000] {processor.py:925} INFO - DAG(s) 'extract_raw_data_pipeline' retrieved from /opt/airflow/dags/driven_data_pipeline.py
[2025-07-02T02:54:49.730+0000] {logging_mixin.py:190} INFO - [2025-07-02T02:54:49.730+0000] {dag.py:3239} INFO - Sync 1 DAGs
[2025-07-02T02:54:49.756+0000] {logging_mixin.py:190} INFO - [2025-07-02T02:54:49.756+0000] {dag.py:4180} INFO - Setting next_dagrun for extract_raw_data_pipeline to 2025-07-01 07:59:00+00:00, run_after=2025-07-02 07:00:00+00:00
[2025-07-02T02:54:49.782+0000] {processor.py:208} INFO - Processing /opt/airflow/dags/driven_data_pipeline.py took 0.136 seconds
[2025-07-02T02:55:20.043+0000] {processor.py:186} INFO - Started process (PID=585) to work on /opt/airflow/dags/driven_data_pipeline.py
[2025-07-02T02:55:20.045+0000] {processor.py:914} INFO - Processing file /opt/airflow/dags/driven_data_pipeline.py for tasks to queue
[2025-07-02T02:55:20.049+0000] {logging_mixin.py:190} INFO - [2025-07-02T02:55:20.048+0000] {dagbag.py:588} INFO - Filling up the DagBag from /opt/airflow/dags/driven_data_pipeline.py
[2025-07-02T02:55:20.094+0000] {processor.py:925} INFO - DAG(s) 'extract_raw_data_pipeline' retrieved from /opt/airflow/dags/driven_data_pipeline.py
[2025-07-02T02:55:20.121+0000] {logging_mixin.py:190} INFO - [2025-07-02T02:55:20.121+0000] {dag.py:3239} INFO - Sync 1 DAGs
[2025-07-02T02:55:20.141+0000] {logging_mixin.py:190} INFO - [2025-07-02T02:55:20.140+0000] {dag.py:4180} INFO - Setting next_dagrun for extract_raw_data_pipeline to 2025-07-01 07:59:00+00:00, run_after=2025-07-02 07:00:00+00:00
[2025-07-02T02:55:20.164+0000] {processor.py:208} INFO - Processing /opt/airflow/dags/driven_data_pipeline.py took 0.128 seconds
[2025-07-02T02:55:50.512+0000] {processor.py:186} INFO - Started process (PID=592) to work on /opt/airflow/dags/driven_data_pipeline.py
[2025-07-02T02:55:50.514+0000] {processor.py:914} INFO - Processing file /opt/airflow/dags/driven_data_pipeline.py for tasks to queue
[2025-07-02T02:55:50.517+0000] {logging_mixin.py:190} INFO - [2025-07-02T02:55:50.517+0000] {dagbag.py:588} INFO - Filling up the DagBag from /opt/airflow/dags/driven_data_pipeline.py
[2025-07-02T02:55:50.564+0000] {processor.py:925} INFO - DAG(s) 'extract_raw_data_pipeline' retrieved from /opt/airflow/dags/driven_data_pipeline.py
[2025-07-02T02:55:50.589+0000] {logging_mixin.py:190} INFO - [2025-07-02T02:55:50.589+0000] {dag.py:3239} INFO - Sync 1 DAGs
[2025-07-02T02:55:50.613+0000] {logging_mixin.py:190} INFO - [2025-07-02T02:55:50.613+0000] {dag.py:4180} INFO - Setting next_dagrun for extract_raw_data_pipeline to 2025-07-01 07:59:00+00:00, run_after=2025-07-02 07:00:00+00:00
[2025-07-02T02:55:50.633+0000] {processor.py:208} INFO - Processing /opt/airflow/dags/driven_data_pipeline.py took 0.129 seconds
[2025-07-02T02:56:20.879+0000] {processor.py:186} INFO - Started process (PID=599) to work on /opt/airflow/dags/driven_data_pipeline.py
[2025-07-02T02:56:20.880+0000] {processor.py:914} INFO - Processing file /opt/airflow/dags/driven_data_pipeline.py for tasks to queue
[2025-07-02T02:56:20.883+0000] {logging_mixin.py:190} INFO - [2025-07-02T02:56:20.883+0000] {dagbag.py:588} INFO - Filling up the DagBag from /opt/airflow/dags/driven_data_pipeline.py
[2025-07-02T02:56:20.921+0000] {processor.py:925} INFO - DAG(s) 'extract_raw_data_pipeline' retrieved from /opt/airflow/dags/driven_data_pipeline.py
[2025-07-02T02:56:20.947+0000] {logging_mixin.py:190} INFO - [2025-07-02T02:56:20.947+0000] {dag.py:3239} INFO - Sync 1 DAGs
[2025-07-02T02:56:20.967+0000] {logging_mixin.py:190} INFO - [2025-07-02T02:56:20.966+0000] {dag.py:4180} INFO - Setting next_dagrun for extract_raw_data_pipeline to 2025-07-01 07:59:00+00:00, run_after=2025-07-02 07:00:00+00:00
[2025-07-02T02:56:20.990+0000] {processor.py:208} INFO - Processing /opt/airflow/dags/driven_data_pipeline.py took 0.117 seconds
[2025-07-02T02:56:51.267+0000] {processor.py:186} INFO - Started process (PID=606) to work on /opt/airflow/dags/driven_data_pipeline.py
[2025-07-02T02:56:51.268+0000] {processor.py:914} INFO - Processing file /opt/airflow/dags/driven_data_pipeline.py for tasks to queue
[2025-07-02T02:56:51.271+0000] {logging_mixin.py:190} INFO - [2025-07-02T02:56:51.271+0000] {dagbag.py:588} INFO - Filling up the DagBag from /opt/airflow/dags/driven_data_pipeline.py
[2025-07-02T02:56:51.317+0000] {processor.py:925} INFO - DAG(s) 'extract_raw_data_pipeline' retrieved from /opt/airflow/dags/driven_data_pipeline.py
[2025-07-02T02:56:51.347+0000] {logging_mixin.py:190} INFO - [2025-07-02T02:56:51.346+0000] {dag.py:3239} INFO - Sync 1 DAGs
[2025-07-02T02:56:51.368+0000] {logging_mixin.py:190} INFO - [2025-07-02T02:56:51.368+0000] {dag.py:4180} INFO - Setting next_dagrun for extract_raw_data_pipeline to 2025-07-01 07:59:00+00:00, run_after=2025-07-02 07:00:00+00:00
[2025-07-02T02:56:51.390+0000] {processor.py:208} INFO - Processing /opt/airflow/dags/driven_data_pipeline.py took 0.131 seconds
[2025-07-02T02:57:21.687+0000] {processor.py:186} INFO - Started process (PID=613) to work on /opt/airflow/dags/driven_data_pipeline.py
[2025-07-02T02:57:21.689+0000] {processor.py:914} INFO - Processing file /opt/airflow/dags/driven_data_pipeline.py for tasks to queue
[2025-07-02T02:57:21.691+0000] {logging_mixin.py:190} INFO - [2025-07-02T02:57:21.691+0000] {dagbag.py:588} INFO - Filling up the DagBag from /opt/airflow/dags/driven_data_pipeline.py
[2025-07-02T02:57:21.725+0000] {processor.py:925} INFO - DAG(s) 'extract_raw_data_pipeline' retrieved from /opt/airflow/dags/driven_data_pipeline.py
[2025-07-02T02:57:21.752+0000] {logging_mixin.py:190} INFO - [2025-07-02T02:57:21.751+0000] {dag.py:3239} INFO - Sync 1 DAGs
[2025-07-02T02:57:21.774+0000] {logging_mixin.py:190} INFO - [2025-07-02T02:57:21.774+0000] {dag.py:4180} INFO - Setting next_dagrun for extract_raw_data_pipeline to 2025-07-01 07:59:00+00:00, run_after=2025-07-02 07:00:00+00:00
[2025-07-02T02:57:21.799+0000] {processor.py:208} INFO - Processing /opt/airflow/dags/driven_data_pipeline.py took 0.116 seconds
[2025-07-02T02:57:52.034+0000] {processor.py:186} INFO - Started process (PID=620) to work on /opt/airflow/dags/driven_data_pipeline.py
[2025-07-02T02:57:52.036+0000] {processor.py:914} INFO - Processing file /opt/airflow/dags/driven_data_pipeline.py for tasks to queue
[2025-07-02T02:57:52.039+0000] {logging_mixin.py:190} INFO - [2025-07-02T02:57:52.039+0000] {dagbag.py:588} INFO - Filling up the DagBag from /opt/airflow/dags/driven_data_pipeline.py
[2025-07-02T02:57:52.081+0000] {processor.py:925} INFO - DAG(s) 'extract_raw_data_pipeline' retrieved from /opt/airflow/dags/driven_data_pipeline.py
[2025-07-02T02:57:52.123+0000] {logging_mixin.py:190} INFO - [2025-07-02T02:57:52.122+0000] {dag.py:3239} INFO - Sync 1 DAGs
[2025-07-02T02:57:52.153+0000] {logging_mixin.py:190} INFO - [2025-07-02T02:57:52.153+0000] {dag.py:4180} INFO - Setting next_dagrun for extract_raw_data_pipeline to 2025-07-01 07:59:00+00:00, run_after=2025-07-02 07:00:00+00:00
[2025-07-02T02:57:52.177+0000] {processor.py:208} INFO - Processing /opt/airflow/dags/driven_data_pipeline.py took 0.150 seconds
[2025-07-02T02:58:22.510+0000] {processor.py:186} INFO - Started process (PID=627) to work on /opt/airflow/dags/driven_data_pipeline.py
[2025-07-02T02:58:22.512+0000] {processor.py:914} INFO - Processing file /opt/airflow/dags/driven_data_pipeline.py for tasks to queue
[2025-07-02T02:58:22.515+0000] {logging_mixin.py:190} INFO - [2025-07-02T02:58:22.514+0000] {dagbag.py:588} INFO - Filling up the DagBag from /opt/airflow/dags/driven_data_pipeline.py
[2025-07-02T02:58:22.552+0000] {processor.py:925} INFO - DAG(s) 'extract_raw_data_pipeline' retrieved from /opt/airflow/dags/driven_data_pipeline.py
[2025-07-02T02:58:22.577+0000] {logging_mixin.py:190} INFO - [2025-07-02T02:58:22.577+0000] {dag.py:3239} INFO - Sync 1 DAGs
[2025-07-02T02:58:22.596+0000] {logging_mixin.py:190} INFO - [2025-07-02T02:58:22.596+0000] {dag.py:4180} INFO - Setting next_dagrun for extract_raw_data_pipeline to 2025-07-01 07:59:00+00:00, run_after=2025-07-02 07:00:00+00:00
[2025-07-02T02:58:22.618+0000] {processor.py:208} INFO - Processing /opt/airflow/dags/driven_data_pipeline.py took 0.113 seconds
[2025-07-02T02:58:52.978+0000] {processor.py:186} INFO - Started process (PID=634) to work on /opt/airflow/dags/driven_data_pipeline.py
[2025-07-02T02:58:52.980+0000] {processor.py:914} INFO - Processing file /opt/airflow/dags/driven_data_pipeline.py for tasks to queue
[2025-07-02T02:58:52.984+0000] {logging_mixin.py:190} INFO - [2025-07-02T02:58:52.983+0000] {dagbag.py:588} INFO - Filling up the DagBag from /opt/airflow/dags/driven_data_pipeline.py
[2025-07-02T02:58:53.026+0000] {processor.py:925} INFO - DAG(s) 'extract_raw_data_pipeline' retrieved from /opt/airflow/dags/driven_data_pipeline.py
[2025-07-02T02:58:53.052+0000] {logging_mixin.py:190} INFO - [2025-07-02T02:58:53.052+0000] {dag.py:3239} INFO - Sync 1 DAGs
[2025-07-02T02:58:53.081+0000] {logging_mixin.py:190} INFO - [2025-07-02T02:58:53.081+0000] {dag.py:4180} INFO - Setting next_dagrun for extract_raw_data_pipeline to 2025-07-01 07:59:00+00:00, run_after=2025-07-02 07:00:00+00:00
[2025-07-02T02:58:53.103+0000] {processor.py:208} INFO - Processing /opt/airflow/dags/driven_data_pipeline.py took 0.131 seconds
[2025-07-02T02:59:23.327+0000] {processor.py:186} INFO - Started process (PID=641) to work on /opt/airflow/dags/driven_data_pipeline.py
[2025-07-02T02:59:23.328+0000] {processor.py:914} INFO - Processing file /opt/airflow/dags/driven_data_pipeline.py for tasks to queue
[2025-07-02T02:59:23.331+0000] {logging_mixin.py:190} INFO - [2025-07-02T02:59:23.331+0000] {dagbag.py:588} INFO - Filling up the DagBag from /opt/airflow/dags/driven_data_pipeline.py
[2025-07-02T02:59:23.380+0000] {processor.py:925} INFO - DAG(s) 'extract_raw_data_pipeline' retrieved from /opt/airflow/dags/driven_data_pipeline.py
[2025-07-02T02:59:23.413+0000] {logging_mixin.py:190} INFO - [2025-07-02T02:59:23.412+0000] {dag.py:3239} INFO - Sync 1 DAGs
[2025-07-02T02:59:23.443+0000] {logging_mixin.py:190} INFO - [2025-07-02T02:59:23.442+0000] {dag.py:4180} INFO - Setting next_dagrun for extract_raw_data_pipeline to 2025-07-01 07:59:00+00:00, run_after=2025-07-02 07:00:00+00:00
[2025-07-02T02:59:23.482+0000] {processor.py:208} INFO - Processing /opt/airflow/dags/driven_data_pipeline.py took 0.162 seconds
[2025-07-02T02:59:53.761+0000] {processor.py:186} INFO - Started process (PID=648) to work on /opt/airflow/dags/driven_data_pipeline.py
[2025-07-02T02:59:53.763+0000] {processor.py:914} INFO - Processing file /opt/airflow/dags/driven_data_pipeline.py for tasks to queue
[2025-07-02T02:59:53.766+0000] {logging_mixin.py:190} INFO - [2025-07-02T02:59:53.766+0000] {dagbag.py:588} INFO - Filling up the DagBag from /opt/airflow/dags/driven_data_pipeline.py
[2025-07-02T02:59:53.812+0000] {processor.py:925} INFO - DAG(s) 'extract_raw_data_pipeline' retrieved from /opt/airflow/dags/driven_data_pipeline.py
[2025-07-02T02:59:53.846+0000] {logging_mixin.py:190} INFO - [2025-07-02T02:59:53.846+0000] {dag.py:3239} INFO - Sync 1 DAGs
[2025-07-02T02:59:53.876+0000] {logging_mixin.py:190} INFO - [2025-07-02T02:59:53.876+0000] {dag.py:4180} INFO - Setting next_dagrun for extract_raw_data_pipeline to 2025-07-01 07:59:00+00:00, run_after=2025-07-02 07:00:00+00:00
[2025-07-02T02:59:53.905+0000] {processor.py:208} INFO - Processing /opt/airflow/dags/driven_data_pipeline.py took 0.152 seconds
[2025-07-02T03:00:24.130+0000] {processor.py:186} INFO - Started process (PID=655) to work on /opt/airflow/dags/driven_data_pipeline.py
[2025-07-02T03:00:24.132+0000] {processor.py:914} INFO - Processing file /opt/airflow/dags/driven_data_pipeline.py for tasks to queue
[2025-07-02T03:00:24.135+0000] {logging_mixin.py:190} INFO - [2025-07-02T03:00:24.134+0000] {dagbag.py:588} INFO - Filling up the DagBag from /opt/airflow/dags/driven_data_pipeline.py
[2025-07-02T03:00:24.174+0000] {processor.py:925} INFO - DAG(s) 'extract_raw_data_pipeline' retrieved from /opt/airflow/dags/driven_data_pipeline.py
[2025-07-02T03:00:24.207+0000] {logging_mixin.py:190} INFO - [2025-07-02T03:00:24.207+0000] {dag.py:3239} INFO - Sync 1 DAGs
[2025-07-02T03:00:24.236+0000] {logging_mixin.py:190} INFO - [2025-07-02T03:00:24.236+0000] {dag.py:4180} INFO - Setting next_dagrun for extract_raw_data_pipeline to 2025-07-01 07:59:00+00:00, run_after=2025-07-02 07:00:00+00:00
[2025-07-02T03:00:24.266+0000] {processor.py:208} INFO - Processing /opt/airflow/dags/driven_data_pipeline.py took 0.141 seconds
[2025-07-02T03:00:54.586+0000] {processor.py:186} INFO - Started process (PID=662) to work on /opt/airflow/dags/driven_data_pipeline.py
[2025-07-02T03:00:54.587+0000] {processor.py:914} INFO - Processing file /opt/airflow/dags/driven_data_pipeline.py for tasks to queue
[2025-07-02T03:00:54.590+0000] {logging_mixin.py:190} INFO - [2025-07-02T03:00:54.590+0000] {dagbag.py:588} INFO - Filling up the DagBag from /opt/airflow/dags/driven_data_pipeline.py
[2025-07-02T03:00:54.632+0000] {processor.py:925} INFO - DAG(s) 'extract_raw_data_pipeline' retrieved from /opt/airflow/dags/driven_data_pipeline.py
[2025-07-02T03:00:54.663+0000] {logging_mixin.py:190} INFO - [2025-07-02T03:00:54.662+0000] {dag.py:3239} INFO - Sync 1 DAGs
[2025-07-02T03:00:54.686+0000] {logging_mixin.py:190} INFO - [2025-07-02T03:00:54.686+0000] {dag.py:4180} INFO - Setting next_dagrun for extract_raw_data_pipeline to 2025-07-01 07:59:00+00:00, run_after=2025-07-02 07:00:00+00:00
[2025-07-02T03:00:54.710+0000] {processor.py:208} INFO - Processing /opt/airflow/dags/driven_data_pipeline.py took 0.131 seconds
[2025-07-02T03:01:24.934+0000] {processor.py:186} INFO - Started process (PID=670) to work on /opt/airflow/dags/driven_data_pipeline.py
[2025-07-02T03:01:24.935+0000] {processor.py:914} INFO - Processing file /opt/airflow/dags/driven_data_pipeline.py for tasks to queue
[2025-07-02T03:01:24.938+0000] {logging_mixin.py:190} INFO - [2025-07-02T03:01:24.937+0000] {dagbag.py:588} INFO - Filling up the DagBag from /opt/airflow/dags/driven_data_pipeline.py
[2025-07-02T03:01:24.992+0000] {processor.py:925} INFO - DAG(s) 'extract_raw_data_pipeline' retrieved from /opt/airflow/dags/driven_data_pipeline.py
[2025-07-02T03:01:25.025+0000] {logging_mixin.py:190} INFO - [2025-07-02T03:01:25.025+0000] {dag.py:3239} INFO - Sync 1 DAGs
[2025-07-02T03:01:25.051+0000] {logging_mixin.py:190} INFO - [2025-07-02T03:01:25.051+0000] {dag.py:4180} INFO - Setting next_dagrun for extract_raw_data_pipeline to 2025-07-01 07:59:00+00:00, run_after=2025-07-02 07:00:00+00:00
[2025-07-02T03:01:25.078+0000] {processor.py:208} INFO - Processing /opt/airflow/dags/driven_data_pipeline.py took 0.150 seconds
[2025-07-02T03:01:55.410+0000] {processor.py:186} INFO - Started process (PID=683) to work on /opt/airflow/dags/driven_data_pipeline.py
[2025-07-02T03:01:55.411+0000] {processor.py:914} INFO - Processing file /opt/airflow/dags/driven_data_pipeline.py for tasks to queue
[2025-07-02T03:01:55.414+0000] {logging_mixin.py:190} INFO - [2025-07-02T03:01:55.414+0000] {dagbag.py:588} INFO - Filling up the DagBag from /opt/airflow/dags/driven_data_pipeline.py
[2025-07-02T03:01:55.455+0000] {processor.py:925} INFO - DAG(s) 'extract_raw_data_pipeline' retrieved from /opt/airflow/dags/driven_data_pipeline.py
[2025-07-02T03:01:55.492+0000] {logging_mixin.py:190} INFO - [2025-07-02T03:01:55.491+0000] {dag.py:3239} INFO - Sync 1 DAGs
[2025-07-02T03:01:55.518+0000] {logging_mixin.py:190} INFO - [2025-07-02T03:01:55.518+0000] {dag.py:4180} INFO - Setting next_dagrun for extract_raw_data_pipeline to 2025-07-01 07:59:00+00:00, run_after=2025-07-02 07:00:00+00:00
[2025-07-02T03:01:55.537+0000] {processor.py:208} INFO - Processing /opt/airflow/dags/driven_data_pipeline.py took 0.133 seconds
[2025-07-02T03:02:25.769+0000] {processor.py:186} INFO - Started process (PID=690) to work on /opt/airflow/dags/driven_data_pipeline.py
[2025-07-02T03:02:25.771+0000] {processor.py:914} INFO - Processing file /opt/airflow/dags/driven_data_pipeline.py for tasks to queue
[2025-07-02T03:02:25.775+0000] {logging_mixin.py:190} INFO - [2025-07-02T03:02:25.774+0000] {dagbag.py:588} INFO - Filling up the DagBag from /opt/airflow/dags/driven_data_pipeline.py
[2025-07-02T03:02:25.820+0000] {processor.py:925} INFO - DAG(s) 'extract_raw_data_pipeline' retrieved from /opt/airflow/dags/driven_data_pipeline.py
[2025-07-02T03:02:25.851+0000] {logging_mixin.py:190} INFO - [2025-07-02T03:02:25.851+0000] {dag.py:3239} INFO - Sync 1 DAGs
[2025-07-02T03:02:25.877+0000] {logging_mixin.py:190} INFO - [2025-07-02T03:02:25.877+0000] {dag.py:4180} INFO - Setting next_dagrun for extract_raw_data_pipeline to 2025-07-01 07:59:00+00:00, run_after=2025-07-02 07:00:00+00:00
[2025-07-02T03:02:25.904+0000] {processor.py:208} INFO - Processing /opt/airflow/dags/driven_data_pipeline.py took 0.143 seconds
[2025-07-02T03:02:56.212+0000] {processor.py:186} INFO - Started process (PID=697) to work on /opt/airflow/dags/driven_data_pipeline.py
[2025-07-02T03:02:56.214+0000] {processor.py:914} INFO - Processing file /opt/airflow/dags/driven_data_pipeline.py for tasks to queue
[2025-07-02T03:02:56.217+0000] {logging_mixin.py:190} INFO - [2025-07-02T03:02:56.216+0000] {dagbag.py:588} INFO - Filling up the DagBag from /opt/airflow/dags/driven_data_pipeline.py
[2025-07-02T03:02:56.252+0000] {processor.py:925} INFO - DAG(s) 'extract_raw_data_pipeline' retrieved from /opt/airflow/dags/driven_data_pipeline.py
[2025-07-02T03:02:56.282+0000] {logging_mixin.py:190} INFO - [2025-07-02T03:02:56.282+0000] {dag.py:3239} INFO - Sync 1 DAGs
[2025-07-02T03:02:56.322+0000] {logging_mixin.py:190} INFO - [2025-07-02T03:02:56.322+0000] {dag.py:4180} INFO - Setting next_dagrun for extract_raw_data_pipeline to 2025-07-01 07:59:00+00:00, run_after=2025-07-02 07:00:00+00:00
[2025-07-02T03:02:56.366+0000] {processor.py:208} INFO - Processing /opt/airflow/dags/driven_data_pipeline.py took 0.159 seconds
[2025-07-02T03:03:26.591+0000] {processor.py:186} INFO - Started process (PID=704) to work on /opt/airflow/dags/driven_data_pipeline.py
[2025-07-02T03:03:26.593+0000] {processor.py:914} INFO - Processing file /opt/airflow/dags/driven_data_pipeline.py for tasks to queue
[2025-07-02T03:03:26.597+0000] {logging_mixin.py:190} INFO - [2025-07-02T03:03:26.596+0000] {dagbag.py:588} INFO - Filling up the DagBag from /opt/airflow/dags/driven_data_pipeline.py
[2025-07-02T03:03:26.633+0000] {processor.py:925} INFO - DAG(s) 'extract_raw_data_pipeline' retrieved from /opt/airflow/dags/driven_data_pipeline.py
[2025-07-02T03:03:26.659+0000] {logging_mixin.py:190} INFO - [2025-07-02T03:03:26.659+0000] {dag.py:3239} INFO - Sync 1 DAGs
[2025-07-02T03:03:26.679+0000] {logging_mixin.py:190} INFO - [2025-07-02T03:03:26.679+0000] {dag.py:4180} INFO - Setting next_dagrun for extract_raw_data_pipeline to 2025-07-01 07:59:00+00:00, run_after=2025-07-02 07:00:00+00:00
[2025-07-02T03:03:26.697+0000] {processor.py:208} INFO - Processing /opt/airflow/dags/driven_data_pipeline.py took 0.112 seconds
[2025-07-02T03:03:56.992+0000] {processor.py:186} INFO - Started process (PID=711) to work on /opt/airflow/dags/driven_data_pipeline.py
[2025-07-02T03:03:56.994+0000] {processor.py:914} INFO - Processing file /opt/airflow/dags/driven_data_pipeline.py for tasks to queue
[2025-07-02T03:03:56.997+0000] {logging_mixin.py:190} INFO - [2025-07-02T03:03:56.996+0000] {dagbag.py:588} INFO - Filling up the DagBag from /opt/airflow/dags/driven_data_pipeline.py
[2025-07-02T03:03:57.028+0000] {processor.py:925} INFO - DAG(s) 'extract_raw_data_pipeline' retrieved from /opt/airflow/dags/driven_data_pipeline.py
[2025-07-02T03:03:57.055+0000] {logging_mixin.py:190} INFO - [2025-07-02T03:03:57.055+0000] {dag.py:3239} INFO - Sync 1 DAGs
[2025-07-02T03:03:57.077+0000] {logging_mixin.py:190} INFO - [2025-07-02T03:03:57.076+0000] {dag.py:4180} INFO - Setting next_dagrun for extract_raw_data_pipeline to 2025-07-01 07:59:00+00:00, run_after=2025-07-02 07:00:00+00:00
[2025-07-02T03:03:57.111+0000] {processor.py:208} INFO - Processing /opt/airflow/dags/driven_data_pipeline.py took 0.126 seconds
[2025-07-02T03:04:27.333+0000] {processor.py:186} INFO - Started process (PID=718) to work on /opt/airflow/dags/driven_data_pipeline.py
[2025-07-02T03:04:27.335+0000] {processor.py:914} INFO - Processing file /opt/airflow/dags/driven_data_pipeline.py for tasks to queue
[2025-07-02T03:04:27.337+0000] {logging_mixin.py:190} INFO - [2025-07-02T03:04:27.337+0000] {dagbag.py:588} INFO - Filling up the DagBag from /opt/airflow/dags/driven_data_pipeline.py
[2025-07-02T03:04:27.373+0000] {processor.py:925} INFO - DAG(s) 'extract_raw_data_pipeline' retrieved from /opt/airflow/dags/driven_data_pipeline.py
[2025-07-02T03:04:27.398+0000] {logging_mixin.py:190} INFO - [2025-07-02T03:04:27.398+0000] {dag.py:3239} INFO - Sync 1 DAGs
[2025-07-02T03:04:27.419+0000] {logging_mixin.py:190} INFO - [2025-07-02T03:04:27.419+0000] {dag.py:4180} INFO - Setting next_dagrun for extract_raw_data_pipeline to 2025-07-01 07:59:00+00:00, run_after=2025-07-02 07:00:00+00:00
[2025-07-02T03:04:27.442+0000] {processor.py:208} INFO - Processing /opt/airflow/dags/driven_data_pipeline.py took 0.114 seconds
[2025-07-02T03:04:57.775+0000] {processor.py:186} INFO - Started process (PID=725) to work on /opt/airflow/dags/driven_data_pipeline.py
[2025-07-02T03:04:57.776+0000] {processor.py:914} INFO - Processing file /opt/airflow/dags/driven_data_pipeline.py for tasks to queue
[2025-07-02T03:04:57.779+0000] {logging_mixin.py:190} INFO - [2025-07-02T03:04:57.779+0000] {dagbag.py:588} INFO - Filling up the DagBag from /opt/airflow/dags/driven_data_pipeline.py
[2025-07-02T03:04:57.812+0000] {processor.py:925} INFO - DAG(s) 'extract_raw_data_pipeline' retrieved from /opt/airflow/dags/driven_data_pipeline.py
[2025-07-02T03:04:57.836+0000] {logging_mixin.py:190} INFO - [2025-07-02T03:04:57.836+0000] {dag.py:3239} INFO - Sync 1 DAGs
[2025-07-02T03:04:57.855+0000] {logging_mixin.py:190} INFO - [2025-07-02T03:04:57.855+0000] {dag.py:4180} INFO - Setting next_dagrun for extract_raw_data_pipeline to 2025-07-01 07:59:00+00:00, run_after=2025-07-02 07:00:00+00:00
[2025-07-02T03:04:57.879+0000] {processor.py:208} INFO - Processing /opt/airflow/dags/driven_data_pipeline.py took 0.109 seconds
[2025-07-02T03:05:28.175+0000] {processor.py:186} INFO - Started process (PID=731) to work on /opt/airflow/dags/driven_data_pipeline.py
[2025-07-02T03:05:28.176+0000] {processor.py:914} INFO - Processing file /opt/airflow/dags/driven_data_pipeline.py for tasks to queue
[2025-07-02T03:05:28.179+0000] {logging_mixin.py:190} INFO - [2025-07-02T03:05:28.179+0000] {dagbag.py:588} INFO - Filling up the DagBag from /opt/airflow/dags/driven_data_pipeline.py
[2025-07-02T03:05:28.219+0000] {processor.py:925} INFO - DAG(s) 'extract_raw_data_pipeline' retrieved from /opt/airflow/dags/driven_data_pipeline.py
[2025-07-02T03:05:28.241+0000] {logging_mixin.py:190} INFO - [2025-07-02T03:05:28.240+0000] {dag.py:3239} INFO - Sync 1 DAGs
[2025-07-02T03:05:28.260+0000] {logging_mixin.py:190} INFO - [2025-07-02T03:05:28.260+0000] {dag.py:4180} INFO - Setting next_dagrun for extract_raw_data_pipeline to 2025-07-01 07:59:00+00:00, run_after=2025-07-02 07:00:00+00:00
[2025-07-02T03:05:28.284+0000] {processor.py:208} INFO - Processing /opt/airflow/dags/driven_data_pipeline.py took 0.115 seconds
[2025-07-02T03:05:58.610+0000] {processor.py:186} INFO - Started process (PID=738) to work on /opt/airflow/dags/driven_data_pipeline.py
[2025-07-02T03:05:58.611+0000] {processor.py:914} INFO - Processing file /opt/airflow/dags/driven_data_pipeline.py for tasks to queue
[2025-07-02T03:05:58.614+0000] {logging_mixin.py:190} INFO - [2025-07-02T03:05:58.614+0000] {dagbag.py:588} INFO - Filling up the DagBag from /opt/airflow/dags/driven_data_pipeline.py
[2025-07-02T03:05:58.647+0000] {processor.py:925} INFO - DAG(s) 'extract_raw_data_pipeline' retrieved from /opt/airflow/dags/driven_data_pipeline.py
[2025-07-02T03:05:58.670+0000] {logging_mixin.py:190} INFO - [2025-07-02T03:05:58.670+0000] {dag.py:3239} INFO - Sync 1 DAGs
[2025-07-02T03:05:58.688+0000] {logging_mixin.py:190} INFO - [2025-07-02T03:05:58.688+0000] {dag.py:4180} INFO - Setting next_dagrun for extract_raw_data_pipeline to 2025-07-01 07:59:00+00:00, run_after=2025-07-02 07:00:00+00:00
[2025-07-02T03:05:58.709+0000] {processor.py:208} INFO - Processing /opt/airflow/dags/driven_data_pipeline.py took 0.105 seconds
[2025-07-02T03:06:29.045+0000] {processor.py:186} INFO - Started process (PID=745) to work on /opt/airflow/dags/driven_data_pipeline.py
[2025-07-02T03:06:29.046+0000] {processor.py:914} INFO - Processing file /opt/airflow/dags/driven_data_pipeline.py for tasks to queue
[2025-07-02T03:06:29.049+0000] {logging_mixin.py:190} INFO - [2025-07-02T03:06:29.049+0000] {dagbag.py:588} INFO - Filling up the DagBag from /opt/airflow/dags/driven_data_pipeline.py
[2025-07-02T03:06:29.082+0000] {processor.py:925} INFO - DAG(s) 'extract_raw_data_pipeline' retrieved from /opt/airflow/dags/driven_data_pipeline.py
[2025-07-02T03:06:29.105+0000] {logging_mixin.py:190} INFO - [2025-07-02T03:06:29.105+0000] {dag.py:3239} INFO - Sync 1 DAGs
[2025-07-02T03:06:29.123+0000] {logging_mixin.py:190} INFO - [2025-07-02T03:06:29.123+0000] {dag.py:4180} INFO - Setting next_dagrun for extract_raw_data_pipeline to 2025-07-01 07:59:00+00:00, run_after=2025-07-02 07:00:00+00:00
[2025-07-02T03:06:29.144+0000] {processor.py:208} INFO - Processing /opt/airflow/dags/driven_data_pipeline.py took 0.105 seconds
[2025-07-02T03:06:59.483+0000] {processor.py:186} INFO - Started process (PID=752) to work on /opt/airflow/dags/driven_data_pipeline.py
[2025-07-02T03:06:59.484+0000] {processor.py:914} INFO - Processing file /opt/airflow/dags/driven_data_pipeline.py for tasks to queue
[2025-07-02T03:06:59.490+0000] {logging_mixin.py:190} INFO - [2025-07-02T03:06:59.489+0000] {dagbag.py:588} INFO - Filling up the DagBag from /opt/airflow/dags/driven_data_pipeline.py
[2025-07-02T03:06:59.542+0000] {processor.py:925} INFO - DAG(s) 'extract_raw_data_pipeline' retrieved from /opt/airflow/dags/driven_data_pipeline.py
[2025-07-02T03:06:59.576+0000] {logging_mixin.py:190} INFO - [2025-07-02T03:06:59.575+0000] {dag.py:3239} INFO - Sync 1 DAGs
[2025-07-02T03:06:59.603+0000] {logging_mixin.py:190} INFO - [2025-07-02T03:06:59.602+0000] {dag.py:4180} INFO - Setting next_dagrun for extract_raw_data_pipeline to 2025-07-01 07:59:00+00:00, run_after=2025-07-02 07:00:00+00:00
[2025-07-02T03:06:59.631+0000] {processor.py:208} INFO - Processing /opt/airflow/dags/driven_data_pipeline.py took 0.156 seconds
[2025-07-02T03:07:29.859+0000] {processor.py:186} INFO - Started process (PID=759) to work on /opt/airflow/dags/driven_data_pipeline.py
[2025-07-02T03:07:29.861+0000] {processor.py:914} INFO - Processing file /opt/airflow/dags/driven_data_pipeline.py for tasks to queue
[2025-07-02T03:07:29.865+0000] {logging_mixin.py:190} INFO - [2025-07-02T03:07:29.864+0000] {dagbag.py:588} INFO - Filling up the DagBag from /opt/airflow/dags/driven_data_pipeline.py
[2025-07-02T03:07:29.910+0000] {processor.py:925} INFO - DAG(s) 'extract_raw_data_pipeline' retrieved from /opt/airflow/dags/driven_data_pipeline.py
[2025-07-02T03:07:29.942+0000] {logging_mixin.py:190} INFO - [2025-07-02T03:07:29.942+0000] {dag.py:3239} INFO - Sync 1 DAGs
[2025-07-02T03:07:29.967+0000] {logging_mixin.py:190} INFO - [2025-07-02T03:07:29.966+0000] {dag.py:4180} INFO - Setting next_dagrun for extract_raw_data_pipeline to 2025-07-01 07:59:00+00:00, run_after=2025-07-02 07:00:00+00:00
[2025-07-02T03:07:29.993+0000] {processor.py:208} INFO - Processing /opt/airflow/dags/driven_data_pipeline.py took 0.140 seconds
[2025-07-02T03:08:00.297+0000] {processor.py:186} INFO - Started process (PID=766) to work on /opt/airflow/dags/driven_data_pipeline.py
[2025-07-02T03:08:00.299+0000] {processor.py:914} INFO - Processing file /opt/airflow/dags/driven_data_pipeline.py for tasks to queue
[2025-07-02T03:08:00.301+0000] {logging_mixin.py:190} INFO - [2025-07-02T03:08:00.301+0000] {dagbag.py:588} INFO - Filling up the DagBag from /opt/airflow/dags/driven_data_pipeline.py
[2025-07-02T03:08:00.335+0000] {processor.py:925} INFO - DAG(s) 'extract_raw_data_pipeline' retrieved from /opt/airflow/dags/driven_data_pipeline.py
[2025-07-02T03:08:00.357+0000] {logging_mixin.py:190} INFO - [2025-07-02T03:08:00.357+0000] {dag.py:3239} INFO - Sync 1 DAGs
[2025-07-02T03:08:00.378+0000] {logging_mixin.py:190} INFO - [2025-07-02T03:08:00.378+0000] {dag.py:4180} INFO - Setting next_dagrun for extract_raw_data_pipeline to 2025-07-01 07:59:00+00:00, run_after=2025-07-02 07:00:00+00:00
[2025-07-02T03:08:00.401+0000] {processor.py:208} INFO - Processing /opt/airflow/dags/driven_data_pipeline.py took 0.109 seconds
[2025-07-02T03:08:30.671+0000] {processor.py:186} INFO - Started process (PID=773) to work on /opt/airflow/dags/driven_data_pipeline.py
[2025-07-02T03:08:30.672+0000] {processor.py:914} INFO - Processing file /opt/airflow/dags/driven_data_pipeline.py for tasks to queue
[2025-07-02T03:08:30.675+0000] {logging_mixin.py:190} INFO - [2025-07-02T03:08:30.675+0000] {dagbag.py:588} INFO - Filling up the DagBag from /opt/airflow/dags/driven_data_pipeline.py
[2025-07-02T03:08:30.711+0000] {processor.py:925} INFO - DAG(s) 'extract_raw_data_pipeline' retrieved from /opt/airflow/dags/driven_data_pipeline.py
[2025-07-02T03:08:30.736+0000] {logging_mixin.py:190} INFO - [2025-07-02T03:08:30.735+0000] {dag.py:3239} INFO - Sync 1 DAGs
[2025-07-02T03:08:30.754+0000] {logging_mixin.py:190} INFO - [2025-07-02T03:08:30.754+0000] {dag.py:4180} INFO - Setting next_dagrun for extract_raw_data_pipeline to 2025-07-01 07:59:00+00:00, run_after=2025-07-02 07:00:00+00:00
[2025-07-02T03:08:30.773+0000] {processor.py:208} INFO - Processing /opt/airflow/dags/driven_data_pipeline.py took 0.107 seconds
[2025-07-02T03:09:01.150+0000] {processor.py:186} INFO - Started process (PID=780) to work on /opt/airflow/dags/driven_data_pipeline.py
[2025-07-02T03:09:01.151+0000] {processor.py:914} INFO - Processing file /opt/airflow/dags/driven_data_pipeline.py for tasks to queue
[2025-07-02T03:09:01.154+0000] {logging_mixin.py:190} INFO - [2025-07-02T03:09:01.153+0000] {dagbag.py:588} INFO - Filling up the DagBag from /opt/airflow/dags/driven_data_pipeline.py
[2025-07-02T03:09:01.186+0000] {processor.py:925} INFO - DAG(s) 'extract_raw_data_pipeline' retrieved from /opt/airflow/dags/driven_data_pipeline.py
[2025-07-02T03:09:01.209+0000] {logging_mixin.py:190} INFO - [2025-07-02T03:09:01.209+0000] {dag.py:3239} INFO - Sync 1 DAGs
[2025-07-02T03:09:01.229+0000] {logging_mixin.py:190} INFO - [2025-07-02T03:09:01.228+0000] {dag.py:4180} INFO - Setting next_dagrun for extract_raw_data_pipeline to 2025-07-01 07:59:00+00:00, run_after=2025-07-02 07:00:00+00:00
[2025-07-02T03:09:01.251+0000] {processor.py:208} INFO - Processing /opt/airflow/dags/driven_data_pipeline.py took 0.106 seconds
[2025-07-02T03:09:31.533+0000] {processor.py:186} INFO - Started process (PID=787) to work on /opt/airflow/dags/driven_data_pipeline.py
[2025-07-02T03:09:31.534+0000] {processor.py:914} INFO - Processing file /opt/airflow/dags/driven_data_pipeline.py for tasks to queue
[2025-07-02T03:09:31.536+0000] {logging_mixin.py:190} INFO - [2025-07-02T03:09:31.536+0000] {dagbag.py:588} INFO - Filling up the DagBag from /opt/airflow/dags/driven_data_pipeline.py
[2025-07-02T03:09:31.570+0000] {processor.py:925} INFO - DAG(s) 'extract_raw_data_pipeline' retrieved from /opt/airflow/dags/driven_data_pipeline.py
[2025-07-02T03:09:31.593+0000] {logging_mixin.py:190} INFO - [2025-07-02T03:09:31.593+0000] {dag.py:3239} INFO - Sync 1 DAGs
[2025-07-02T03:09:31.611+0000] {logging_mixin.py:190} INFO - [2025-07-02T03:09:31.610+0000] {dag.py:4180} INFO - Setting next_dagrun for extract_raw_data_pipeline to 2025-07-01 07:59:00+00:00, run_after=2025-07-02 07:00:00+00:00
[2025-07-02T03:09:31.632+0000] {processor.py:208} INFO - Processing /opt/airflow/dags/driven_data_pipeline.py took 0.104 seconds
[2025-07-02T03:10:01.974+0000] {processor.py:186} INFO - Started process (PID=794) to work on /opt/airflow/dags/driven_data_pipeline.py
[2025-07-02T03:10:01.975+0000] {processor.py:914} INFO - Processing file /opt/airflow/dags/driven_data_pipeline.py for tasks to queue
[2025-07-02T03:10:01.979+0000] {logging_mixin.py:190} INFO - [2025-07-02T03:10:01.978+0000] {dagbag.py:588} INFO - Filling up the DagBag from /opt/airflow/dags/driven_data_pipeline.py
[2025-07-02T03:10:02.032+0000] {processor.py:925} INFO - DAG(s) 'extract_raw_data_pipeline' retrieved from /opt/airflow/dags/driven_data_pipeline.py
[2025-07-02T03:10:02.060+0000] {logging_mixin.py:190} INFO - [2025-07-02T03:10:02.059+0000] {dag.py:3239} INFO - Sync 1 DAGs
[2025-07-02T03:10:02.088+0000] {logging_mixin.py:190} INFO - [2025-07-02T03:10:02.088+0000] {dag.py:4180} INFO - Setting next_dagrun for extract_raw_data_pipeline to 2025-07-01 07:59:00+00:00, run_after=2025-07-02 07:00:00+00:00
[2025-07-02T03:10:02.114+0000] {processor.py:208} INFO - Processing /opt/airflow/dags/driven_data_pipeline.py took 0.146 seconds
[2025-07-02T03:10:32.359+0000] {processor.py:186} INFO - Started process (PID=801) to work on /opt/airflow/dags/driven_data_pipeline.py
[2025-07-02T03:10:32.360+0000] {processor.py:914} INFO - Processing file /opt/airflow/dags/driven_data_pipeline.py for tasks to queue
[2025-07-02T03:10:32.364+0000] {logging_mixin.py:190} INFO - [2025-07-02T03:10:32.363+0000] {dagbag.py:588} INFO - Filling up the DagBag from /opt/airflow/dags/driven_data_pipeline.py
[2025-07-02T03:10:32.402+0000] {processor.py:925} INFO - DAG(s) 'extract_raw_data_pipeline' retrieved from /opt/airflow/dags/driven_data_pipeline.py
[2025-07-02T03:10:32.428+0000] {logging_mixin.py:190} INFO - [2025-07-02T03:10:32.428+0000] {dag.py:3239} INFO - Sync 1 DAGs
[2025-07-02T03:10:32.449+0000] {logging_mixin.py:190} INFO - [2025-07-02T03:10:32.449+0000] {dag.py:4180} INFO - Setting next_dagrun for extract_raw_data_pipeline to 2025-07-01 07:59:00+00:00, run_after=2025-07-02 07:00:00+00:00
[2025-07-02T03:10:32.470+0000] {processor.py:208} INFO - Processing /opt/airflow/dags/driven_data_pipeline.py took 0.117 seconds
[2025-07-02T03:11:02.841+0000] {processor.py:186} INFO - Started process (PID=808) to work on /opt/airflow/dags/driven_data_pipeline.py
[2025-07-02T03:11:02.842+0000] {processor.py:914} INFO - Processing file /opt/airflow/dags/driven_data_pipeline.py for tasks to queue
[2025-07-02T03:11:02.845+0000] {logging_mixin.py:190} INFO - [2025-07-02T03:11:02.844+0000] {dagbag.py:588} INFO - Filling up the DagBag from /opt/airflow/dags/driven_data_pipeline.py
[2025-07-02T03:11:02.891+0000] {processor.py:925} INFO - DAG(s) 'extract_raw_data_pipeline' retrieved from /opt/airflow/dags/driven_data_pipeline.py
[2025-07-02T03:11:02.915+0000] {logging_mixin.py:190} INFO - [2025-07-02T03:11:02.915+0000] {dag.py:3239} INFO - Sync 1 DAGs
[2025-07-02T03:11:02.936+0000] {logging_mixin.py:190} INFO - [2025-07-02T03:11:02.936+0000] {dag.py:4180} INFO - Setting next_dagrun for extract_raw_data_pipeline to 2025-07-01 07:59:00+00:00, run_after=2025-07-02 07:00:00+00:00
[2025-07-02T03:11:02.956+0000] {processor.py:208} INFO - Processing /opt/airflow/dags/driven_data_pipeline.py took 0.120 seconds
[2025-07-02T03:11:33.216+0000] {processor.py:186} INFO - Started process (PID=815) to work on /opt/airflow/dags/driven_data_pipeline.py
[2025-07-02T03:11:33.218+0000] {processor.py:914} INFO - Processing file /opt/airflow/dags/driven_data_pipeline.py for tasks to queue
[2025-07-02T03:11:33.220+0000] {logging_mixin.py:190} INFO - [2025-07-02T03:11:33.220+0000] {dagbag.py:588} INFO - Filling up the DagBag from /opt/airflow/dags/driven_data_pipeline.py
[2025-07-02T03:11:33.257+0000] {processor.py:925} INFO - DAG(s) 'extract_raw_data_pipeline' retrieved from /opt/airflow/dags/driven_data_pipeline.py
[2025-07-02T03:11:33.281+0000] {logging_mixin.py:190} INFO - [2025-07-02T03:11:33.281+0000] {dag.py:3239} INFO - Sync 1 DAGs
[2025-07-02T03:11:33.301+0000] {logging_mixin.py:190} INFO - [2025-07-02T03:11:33.300+0000] {dag.py:4180} INFO - Setting next_dagrun for extract_raw_data_pipeline to 2025-07-01 07:59:00+00:00, run_after=2025-07-02 07:00:00+00:00
[2025-07-02T03:11:33.320+0000] {processor.py:208} INFO - Processing /opt/airflow/dags/driven_data_pipeline.py took 0.112 seconds
[2025-07-02T03:12:03.693+0000] {processor.py:186} INFO - Started process (PID=821) to work on /opt/airflow/dags/driven_data_pipeline.py
[2025-07-02T03:12:03.694+0000] {processor.py:914} INFO - Processing file /opt/airflow/dags/driven_data_pipeline.py for tasks to queue
[2025-07-02T03:12:03.697+0000] {logging_mixin.py:190} INFO - [2025-07-02T03:12:03.697+0000] {dagbag.py:588} INFO - Filling up the DagBag from /opt/airflow/dags/driven_data_pipeline.py
[2025-07-02T03:12:03.736+0000] {processor.py:925} INFO - DAG(s) 'extract_raw_data_pipeline' retrieved from /opt/airflow/dags/driven_data_pipeline.py
[2025-07-02T03:12:03.761+0000] {logging_mixin.py:190} INFO - [2025-07-02T03:12:03.760+0000] {dag.py:3239} INFO - Sync 1 DAGs
[2025-07-02T03:12:03.780+0000] {logging_mixin.py:190} INFO - [2025-07-02T03:12:03.780+0000] {dag.py:4180} INFO - Setting next_dagrun for extract_raw_data_pipeline to 2025-07-01 07:59:00+00:00, run_after=2025-07-02 07:00:00+00:00
[2025-07-02T03:12:03.801+0000] {processor.py:208} INFO - Processing /opt/airflow/dags/driven_data_pipeline.py took 0.115 seconds
[2025-07-02T03:12:34.072+0000] {processor.py:186} INFO - Started process (PID=828) to work on /opt/airflow/dags/driven_data_pipeline.py
[2025-07-02T03:12:34.074+0000] {processor.py:914} INFO - Processing file /opt/airflow/dags/driven_data_pipeline.py for tasks to queue
[2025-07-02T03:12:34.076+0000] {logging_mixin.py:190} INFO - [2025-07-02T03:12:34.076+0000] {dagbag.py:588} INFO - Filling up the DagBag from /opt/airflow/dags/driven_data_pipeline.py
[2025-07-02T03:12:34.116+0000] {processor.py:925} INFO - DAG(s) 'extract_raw_data_pipeline' retrieved from /opt/airflow/dags/driven_data_pipeline.py
[2025-07-02T03:12:34.143+0000] {logging_mixin.py:190} INFO - [2025-07-02T03:12:34.142+0000] {dag.py:3239} INFO - Sync 1 DAGs
[2025-07-02T03:12:34.163+0000] {logging_mixin.py:190} INFO - [2025-07-02T03:12:34.163+0000] {dag.py:4180} INFO - Setting next_dagrun for extract_raw_data_pipeline to 2025-07-01 07:59:00+00:00, run_after=2025-07-02 07:00:00+00:00
[2025-07-02T03:12:34.186+0000] {processor.py:208} INFO - Processing /opt/airflow/dags/driven_data_pipeline.py took 0.118 seconds
[2025-07-02T03:13:04.526+0000] {processor.py:186} INFO - Started process (PID=835) to work on /opt/airflow/dags/driven_data_pipeline.py
[2025-07-02T03:13:04.528+0000] {processor.py:914} INFO - Processing file /opt/airflow/dags/driven_data_pipeline.py for tasks to queue
[2025-07-02T03:13:04.532+0000] {logging_mixin.py:190} INFO - [2025-07-02T03:13:04.532+0000] {dagbag.py:588} INFO - Filling up the DagBag from /opt/airflow/dags/driven_data_pipeline.py
[2025-07-02T03:13:04.586+0000] {processor.py:925} INFO - DAG(s) 'extract_raw_data_pipeline' retrieved from /opt/airflow/dags/driven_data_pipeline.py
[2025-07-02T03:13:04.611+0000] {logging_mixin.py:190} INFO - [2025-07-02T03:13:04.610+0000] {dag.py:3239} INFO - Sync 1 DAGs
[2025-07-02T03:13:04.631+0000] {logging_mixin.py:190} INFO - [2025-07-02T03:13:04.631+0000] {dag.py:4180} INFO - Setting next_dagrun for extract_raw_data_pipeline to 2025-07-01 07:59:00+00:00, run_after=2025-07-02 07:00:00+00:00
[2025-07-02T03:13:04.654+0000] {processor.py:208} INFO - Processing /opt/airflow/dags/driven_data_pipeline.py took 0.133 seconds
[2025-07-02T03:13:34.928+0000] {processor.py:186} INFO - Started process (PID=842) to work on /opt/airflow/dags/driven_data_pipeline.py
[2025-07-02T03:13:34.930+0000] {processor.py:914} INFO - Processing file /opt/airflow/dags/driven_data_pipeline.py for tasks to queue
[2025-07-02T03:13:34.933+0000] {logging_mixin.py:190} INFO - [2025-07-02T03:13:34.933+0000] {dagbag.py:588} INFO - Filling up the DagBag from /opt/airflow/dags/driven_data_pipeline.py
[2025-07-02T03:13:34.977+0000] {processor.py:925} INFO - DAG(s) 'extract_raw_data_pipeline' retrieved from /opt/airflow/dags/driven_data_pipeline.py
[2025-07-02T03:13:35.004+0000] {logging_mixin.py:190} INFO - [2025-07-02T03:13:35.004+0000] {dag.py:3239} INFO - Sync 1 DAGs
[2025-07-02T03:13:35.026+0000] {logging_mixin.py:190} INFO - [2025-07-02T03:13:35.026+0000] {dag.py:4180} INFO - Setting next_dagrun for extract_raw_data_pipeline to 2025-07-01 07:59:00+00:00, run_after=2025-07-02 07:00:00+00:00
[2025-07-02T03:13:35.050+0000] {processor.py:208} INFO - Processing /opt/airflow/dags/driven_data_pipeline.py took 0.128 seconds
[2025-07-02T03:14:05.385+0000] {processor.py:186} INFO - Started process (PID=849) to work on /opt/airflow/dags/driven_data_pipeline.py
[2025-07-02T03:14:05.387+0000] {processor.py:914} INFO - Processing file /opt/airflow/dags/driven_data_pipeline.py for tasks to queue
[2025-07-02T03:14:05.393+0000] {logging_mixin.py:190} INFO - [2025-07-02T03:14:05.392+0000] {dagbag.py:588} INFO - Filling up the DagBag from /opt/airflow/dags/driven_data_pipeline.py
[2025-07-02T03:14:05.432+0000] {processor.py:925} INFO - DAG(s) 'extract_raw_data_pipeline' retrieved from /opt/airflow/dags/driven_data_pipeline.py
[2025-07-02T03:14:05.459+0000] {logging_mixin.py:190} INFO - [2025-07-02T03:14:05.459+0000] {dag.py:3239} INFO - Sync 1 DAGs
[2025-07-02T03:14:05.479+0000] {logging_mixin.py:190} INFO - [2025-07-02T03:14:05.479+0000] {dag.py:4180} INFO - Setting next_dagrun for extract_raw_data_pipeline to 2025-07-01 07:59:00+00:00, run_after=2025-07-02 07:00:00+00:00
[2025-07-02T03:14:05.502+0000] {processor.py:208} INFO - Processing /opt/airflow/dags/driven_data_pipeline.py took 0.123 seconds
[2025-07-02T03:14:35.745+0000] {processor.py:186} INFO - Started process (PID=856) to work on /opt/airflow/dags/driven_data_pipeline.py
[2025-07-02T03:14:35.747+0000] {processor.py:914} INFO - Processing file /opt/airflow/dags/driven_data_pipeline.py for tasks to queue
[2025-07-02T03:14:35.750+0000] {logging_mixin.py:190} INFO - [2025-07-02T03:14:35.749+0000] {dagbag.py:588} INFO - Filling up the DagBag from /opt/airflow/dags/driven_data_pipeline.py
[2025-07-02T03:14:35.785+0000] {processor.py:925} INFO - DAG(s) 'extract_raw_data_pipeline' retrieved from /opt/airflow/dags/driven_data_pipeline.py
[2025-07-02T03:14:35.809+0000] {logging_mixin.py:190} INFO - [2025-07-02T03:14:35.809+0000] {dag.py:3239} INFO - Sync 1 DAGs
[2025-07-02T03:14:35.832+0000] {logging_mixin.py:190} INFO - [2025-07-02T03:14:35.832+0000] {dag.py:4180} INFO - Setting next_dagrun for extract_raw_data_pipeline to 2025-07-01 07:59:00+00:00, run_after=2025-07-02 07:00:00+00:00
[2025-07-02T03:14:35.856+0000] {processor.py:208} INFO - Processing /opt/airflow/dags/driven_data_pipeline.py took 0.116 seconds
[2025-07-02T03:15:06.194+0000] {processor.py:186} INFO - Started process (PID=863) to work on /opt/airflow/dags/driven_data_pipeline.py
[2025-07-02T03:15:06.197+0000] {processor.py:914} INFO - Processing file /opt/airflow/dags/driven_data_pipeline.py for tasks to queue
[2025-07-02T03:15:06.202+0000] {logging_mixin.py:190} INFO - [2025-07-02T03:15:06.201+0000] {dagbag.py:588} INFO - Filling up the DagBag from /opt/airflow/dags/driven_data_pipeline.py
[2025-07-02T03:15:06.239+0000] {processor.py:925} INFO - DAG(s) 'extract_raw_data_pipeline' retrieved from /opt/airflow/dags/driven_data_pipeline.py
[2025-07-02T03:15:06.262+0000] {logging_mixin.py:190} INFO - [2025-07-02T03:15:06.262+0000] {dag.py:3239} INFO - Sync 1 DAGs
[2025-07-02T03:15:06.281+0000] {logging_mixin.py:190} INFO - [2025-07-02T03:15:06.281+0000] {dag.py:4180} INFO - Setting next_dagrun for extract_raw_data_pipeline to 2025-07-01 07:59:00+00:00, run_after=2025-07-02 07:00:00+00:00
[2025-07-02T03:15:06.299+0000] {processor.py:208} INFO - Processing /opt/airflow/dags/driven_data_pipeline.py took 0.115 seconds
[2025-07-02T03:15:36.599+0000] {processor.py:186} INFO - Started process (PID=870) to work on /opt/airflow/dags/driven_data_pipeline.py
[2025-07-02T03:15:36.600+0000] {processor.py:914} INFO - Processing file /opt/airflow/dags/driven_data_pipeline.py for tasks to queue
[2025-07-02T03:15:36.603+0000] {logging_mixin.py:190} INFO - [2025-07-02T03:15:36.603+0000] {dagbag.py:588} INFO - Filling up the DagBag from /opt/airflow/dags/driven_data_pipeline.py
[2025-07-02T03:15:36.640+0000] {processor.py:925} INFO - DAG(s) 'extract_raw_data_pipeline' retrieved from /opt/airflow/dags/driven_data_pipeline.py
[2025-07-02T03:15:36.667+0000] {logging_mixin.py:190} INFO - [2025-07-02T03:15:36.667+0000] {dag.py:3239} INFO - Sync 1 DAGs
[2025-07-02T03:15:36.688+0000] {logging_mixin.py:190} INFO - [2025-07-02T03:15:36.688+0000] {dag.py:4180} INFO - Setting next_dagrun for extract_raw_data_pipeline to 2025-07-01 07:59:00+00:00, run_after=2025-07-02 07:00:00+00:00
[2025-07-02T03:15:36.711+0000] {processor.py:208} INFO - Processing /opt/airflow/dags/driven_data_pipeline.py took 0.119 seconds
[2025-07-02T03:16:06.997+0000] {processor.py:186} INFO - Started process (PID=877) to work on /opt/airflow/dags/driven_data_pipeline.py
[2025-07-02T03:16:06.999+0000] {processor.py:914} INFO - Processing file /opt/airflow/dags/driven_data_pipeline.py for tasks to queue
[2025-07-02T03:16:07.003+0000] {logging_mixin.py:190} INFO - [2025-07-02T03:16:07.002+0000] {dagbag.py:588} INFO - Filling up the DagBag from /opt/airflow/dags/driven_data_pipeline.py
[2025-07-02T03:16:07.042+0000] {processor.py:925} INFO - DAG(s) 'extract_raw_data_pipeline' retrieved from /opt/airflow/dags/driven_data_pipeline.py
[2025-07-02T03:16:07.071+0000] {logging_mixin.py:190} INFO - [2025-07-02T03:16:07.071+0000] {dag.py:3239} INFO - Sync 1 DAGs
[2025-07-02T03:16:07.095+0000] {logging_mixin.py:190} INFO - [2025-07-02T03:16:07.095+0000] {dag.py:4180} INFO - Setting next_dagrun for extract_raw_data_pipeline to 2025-07-01 07:59:00+00:00, run_after=2025-07-02 07:00:00+00:00
[2025-07-02T03:16:07.123+0000] {processor.py:208} INFO - Processing /opt/airflow/dags/driven_data_pipeline.py took 0.134 seconds
[2025-07-02T03:16:37.382+0000] {processor.py:186} INFO - Started process (PID=884) to work on /opt/airflow/dags/driven_data_pipeline.py
[2025-07-02T03:16:37.383+0000] {processor.py:914} INFO - Processing file /opt/airflow/dags/driven_data_pipeline.py for tasks to queue
[2025-07-02T03:16:37.387+0000] {logging_mixin.py:190} INFO - [2025-07-02T03:16:37.387+0000] {dagbag.py:588} INFO - Filling up the DagBag from /opt/airflow/dags/driven_data_pipeline.py
[2025-07-02T03:16:37.427+0000] {processor.py:925} INFO - DAG(s) 'extract_raw_data_pipeline' retrieved from /opt/airflow/dags/driven_data_pipeline.py
[2025-07-02T03:16:37.459+0000] {logging_mixin.py:190} INFO - [2025-07-02T03:16:37.459+0000] {dag.py:3239} INFO - Sync 1 DAGs
[2025-07-02T03:16:37.479+0000] {logging_mixin.py:190} INFO - [2025-07-02T03:16:37.478+0000] {dag.py:4180} INFO - Setting next_dagrun for extract_raw_data_pipeline to 2025-07-01 07:59:00+00:00, run_after=2025-07-02 07:00:00+00:00
[2025-07-02T03:16:37.501+0000] {processor.py:208} INFO - Processing /opt/airflow/dags/driven_data_pipeline.py took 0.127 seconds
[2025-07-02T03:17:07.851+0000] {processor.py:186} INFO - Started process (PID=891) to work on /opt/airflow/dags/driven_data_pipeline.py
[2025-07-02T03:17:07.853+0000] {processor.py:914} INFO - Processing file /opt/airflow/dags/driven_data_pipeline.py for tasks to queue
[2025-07-02T03:17:07.856+0000] {logging_mixin.py:190} INFO - [2025-07-02T03:17:07.855+0000] {dagbag.py:588} INFO - Filling up the DagBag from /opt/airflow/dags/driven_data_pipeline.py
[2025-07-02T03:17:07.902+0000] {processor.py:925} INFO - DAG(s) 'extract_raw_data_pipeline' retrieved from /opt/airflow/dags/driven_data_pipeline.py
[2025-07-02T03:17:07.926+0000] {logging_mixin.py:190} INFO - [2025-07-02T03:17:07.926+0000] {dag.py:3239} INFO - Sync 1 DAGs
[2025-07-02T03:17:07.950+0000] {logging_mixin.py:190} INFO - [2025-07-02T03:17:07.950+0000] {dag.py:4180} INFO - Setting next_dagrun for extract_raw_data_pipeline to 2025-07-01 07:59:00+00:00, run_after=2025-07-02 07:00:00+00:00
[2025-07-02T03:17:07.981+0000] {processor.py:208} INFO - Processing /opt/airflow/dags/driven_data_pipeline.py took 0.136 seconds
[2025-07-02T03:17:38.187+0000] {processor.py:186} INFO - Started process (PID=898) to work on /opt/airflow/dags/driven_data_pipeline.py
[2025-07-02T03:17:38.189+0000] {processor.py:914} INFO - Processing file /opt/airflow/dags/driven_data_pipeline.py for tasks to queue
[2025-07-02T03:17:38.195+0000] {logging_mixin.py:190} INFO - [2025-07-02T03:17:38.194+0000] {dagbag.py:588} INFO - Filling up the DagBag from /opt/airflow/dags/driven_data_pipeline.py
[2025-07-02T03:17:38.229+0000] {processor.py:925} INFO - DAG(s) 'extract_raw_data_pipeline' retrieved from /opt/airflow/dags/driven_data_pipeline.py
[2025-07-02T03:17:38.252+0000] {logging_mixin.py:190} INFO - [2025-07-02T03:17:38.252+0000] {dag.py:3239} INFO - Sync 1 DAGs
[2025-07-02T03:17:38.272+0000] {logging_mixin.py:190} INFO - [2025-07-02T03:17:38.272+0000] {dag.py:4180} INFO - Setting next_dagrun for extract_raw_data_pipeline to 2025-07-01 07:59:00+00:00, run_after=2025-07-02 07:00:00+00:00
[2025-07-02T03:17:38.296+0000] {processor.py:208} INFO - Processing /opt/airflow/dags/driven_data_pipeline.py took 0.114 seconds
[2025-07-02T03:18:08.536+0000] {processor.py:186} INFO - Started process (PID=905) to work on /opt/airflow/dags/driven_data_pipeline.py
[2025-07-02T03:18:08.538+0000] {processor.py:914} INFO - Processing file /opt/airflow/dags/driven_data_pipeline.py for tasks to queue
[2025-07-02T03:18:08.540+0000] {logging_mixin.py:190} INFO - [2025-07-02T03:18:08.540+0000] {dagbag.py:588} INFO - Filling up the DagBag from /opt/airflow/dags/driven_data_pipeline.py
[2025-07-02T03:18:08.575+0000] {processor.py:925} INFO - DAG(s) 'extract_raw_data_pipeline' retrieved from /opt/airflow/dags/driven_data_pipeline.py
[2025-07-02T03:18:08.610+0000] {logging_mixin.py:190} INFO - [2025-07-02T03:18:08.609+0000] {dag.py:3239} INFO - Sync 1 DAGs
[2025-07-02T03:18:08.638+0000] {logging_mixin.py:190} INFO - [2025-07-02T03:18:08.638+0000] {dag.py:4180} INFO - Setting next_dagrun for extract_raw_data_pipeline to 2025-07-01 07:59:00+00:00, run_after=2025-07-02 07:00:00+00:00
[2025-07-02T03:18:08.658+0000] {processor.py:208} INFO - Processing /opt/airflow/dags/driven_data_pipeline.py took 0.127 seconds
[2025-07-02T03:18:39.011+0000] {processor.py:186} INFO - Started process (PID=912) to work on /opt/airflow/dags/driven_data_pipeline.py
[2025-07-02T03:18:39.013+0000] {processor.py:914} INFO - Processing file /opt/airflow/dags/driven_data_pipeline.py for tasks to queue
[2025-07-02T03:18:39.015+0000] {logging_mixin.py:190} INFO - [2025-07-02T03:18:39.015+0000] {dagbag.py:588} INFO - Filling up the DagBag from /opt/airflow/dags/driven_data_pipeline.py
[2025-07-02T03:18:39.052+0000] {processor.py:925} INFO - DAG(s) 'extract_raw_data_pipeline' retrieved from /opt/airflow/dags/driven_data_pipeline.py
[2025-07-02T03:18:39.078+0000] {logging_mixin.py:190} INFO - [2025-07-02T03:18:39.078+0000] {dag.py:3239} INFO - Sync 1 DAGs
[2025-07-02T03:18:39.099+0000] {logging_mixin.py:190} INFO - [2025-07-02T03:18:39.098+0000] {dag.py:4180} INFO - Setting next_dagrun for extract_raw_data_pipeline to 2025-07-01 07:59:00+00:00, run_after=2025-07-02 07:00:00+00:00
[2025-07-02T03:18:39.122+0000] {processor.py:208} INFO - Processing /opt/airflow/dags/driven_data_pipeline.py took 0.116 seconds
[2025-07-02T03:19:09.382+0000] {processor.py:186} INFO - Started process (PID=919) to work on /opt/airflow/dags/driven_data_pipeline.py
[2025-07-02T03:19:09.384+0000] {processor.py:914} INFO - Processing file /opt/airflow/dags/driven_data_pipeline.py for tasks to queue
[2025-07-02T03:19:09.388+0000] {logging_mixin.py:190} INFO - [2025-07-02T03:19:09.388+0000] {dagbag.py:588} INFO - Filling up the DagBag from /opt/airflow/dags/driven_data_pipeline.py
[2025-07-02T03:19:09.431+0000] {processor.py:925} INFO - DAG(s) 'extract_raw_data_pipeline' retrieved from /opt/airflow/dags/driven_data_pipeline.py
[2025-07-02T03:19:09.458+0000] {logging_mixin.py:190} INFO - [2025-07-02T03:19:09.458+0000] {dag.py:3239} INFO - Sync 1 DAGs
[2025-07-02T03:19:09.478+0000] {logging_mixin.py:190} INFO - [2025-07-02T03:19:09.478+0000] {dag.py:4180} INFO - Setting next_dagrun for extract_raw_data_pipeline to 2025-07-01 07:59:00+00:00, run_after=2025-07-02 07:00:00+00:00
[2025-07-02T03:19:09.504+0000] {processor.py:208} INFO - Processing /opt/airflow/dags/driven_data_pipeline.py took 0.128 seconds
[2025-07-02T03:19:39.804+0000] {processor.py:186} INFO - Started process (PID=926) to work on /opt/airflow/dags/driven_data_pipeline.py
[2025-07-02T03:19:39.806+0000] {processor.py:914} INFO - Processing file /opt/airflow/dags/driven_data_pipeline.py for tasks to queue
[2025-07-02T03:19:39.810+0000] {logging_mixin.py:190} INFO - [2025-07-02T03:19:39.810+0000] {dagbag.py:588} INFO - Filling up the DagBag from /opt/airflow/dags/driven_data_pipeline.py
[2025-07-02T03:19:39.857+0000] {processor.py:925} INFO - DAG(s) 'extract_raw_data_pipeline' retrieved from /opt/airflow/dags/driven_data_pipeline.py
[2025-07-02T03:19:39.889+0000] {logging_mixin.py:190} INFO - [2025-07-02T03:19:39.889+0000] {dag.py:3239} INFO - Sync 1 DAGs
[2025-07-02T03:19:39.913+0000] {logging_mixin.py:190} INFO - [2025-07-02T03:19:39.913+0000] {dag.py:4180} INFO - Setting next_dagrun for extract_raw_data_pipeline to 2025-07-01 07:59:00+00:00, run_after=2025-07-02 07:00:00+00:00
[2025-07-02T03:19:39.940+0000] {processor.py:208} INFO - Processing /opt/airflow/dags/driven_data_pipeline.py took 0.144 seconds
[2025-07-02T03:20:10.248+0000] {processor.py:186} INFO - Started process (PID=933) to work on /opt/airflow/dags/driven_data_pipeline.py
[2025-07-02T03:20:10.250+0000] {processor.py:914} INFO - Processing file /opt/airflow/dags/driven_data_pipeline.py for tasks to queue
[2025-07-02T03:20:10.253+0000] {logging_mixin.py:190} INFO - [2025-07-02T03:20:10.252+0000] {dagbag.py:588} INFO - Filling up the DagBag from /opt/airflow/dags/driven_data_pipeline.py
[2025-07-02T03:20:10.287+0000] {processor.py:925} INFO - DAG(s) 'extract_raw_data_pipeline' retrieved from /opt/airflow/dags/driven_data_pipeline.py
[2025-07-02T03:20:10.322+0000] {logging_mixin.py:190} INFO - [2025-07-02T03:20:10.322+0000] {dag.py:3239} INFO - Sync 1 DAGs
[2025-07-02T03:20:10.350+0000] {logging_mixin.py:190} INFO - [2025-07-02T03:20:10.349+0000] {dag.py:4180} INFO - Setting next_dagrun for extract_raw_data_pipeline to 2025-07-01 07:59:00+00:00, run_after=2025-07-02 07:00:00+00:00
[2025-07-02T03:20:10.382+0000] {processor.py:208} INFO - Processing /opt/airflow/dags/driven_data_pipeline.py took 0.140 seconds
[2025-07-02T03:20:40.635+0000] {processor.py:186} INFO - Started process (PID=940) to work on /opt/airflow/dags/driven_data_pipeline.py
[2025-07-02T03:20:40.636+0000] {processor.py:914} INFO - Processing file /opt/airflow/dags/driven_data_pipeline.py for tasks to queue
[2025-07-02T03:20:40.639+0000] {logging_mixin.py:190} INFO - [2025-07-02T03:20:40.639+0000] {dagbag.py:588} INFO - Filling up the DagBag from /opt/airflow/dags/driven_data_pipeline.py
[2025-07-02T03:20:40.678+0000] {processor.py:925} INFO - DAG(s) 'extract_raw_data_pipeline' retrieved from /opt/airflow/dags/driven_data_pipeline.py
[2025-07-02T03:20:40.703+0000] {logging_mixin.py:190} INFO - [2025-07-02T03:20:40.703+0000] {dag.py:3239} INFO - Sync 1 DAGs
[2025-07-02T03:20:40.724+0000] {logging_mixin.py:190} INFO - [2025-07-02T03:20:40.724+0000] {dag.py:4180} INFO - Setting next_dagrun for extract_raw_data_pipeline to 2025-07-01 07:59:00+00:00, run_after=2025-07-02 07:00:00+00:00
[2025-07-02T03:20:40.746+0000] {processor.py:208} INFO - Processing /opt/airflow/dags/driven_data_pipeline.py took 0.116 seconds
[2025-07-02T03:21:11.011+0000] {processor.py:186} INFO - Started process (PID=947) to work on /opt/airflow/dags/driven_data_pipeline.py
[2025-07-02T03:21:11.013+0000] {processor.py:914} INFO - Processing file /opt/airflow/dags/driven_data_pipeline.py for tasks to queue
[2025-07-02T03:21:11.017+0000] {logging_mixin.py:190} INFO - [2025-07-02T03:21:11.016+0000] {dagbag.py:588} INFO - Filling up the DagBag from /opt/airflow/dags/driven_data_pipeline.py
[2025-07-02T03:21:11.066+0000] {processor.py:925} INFO - DAG(s) 'extract_raw_data_pipeline' retrieved from /opt/airflow/dags/driven_data_pipeline.py
[2025-07-02T03:21:11.106+0000] {logging_mixin.py:190} INFO - [2025-07-02T03:21:11.106+0000] {dag.py:3239} INFO - Sync 1 DAGs
[2025-07-02T03:21:11.149+0000] {logging_mixin.py:190} INFO - [2025-07-02T03:21:11.148+0000] {dag.py:4180} INFO - Setting next_dagrun for extract_raw_data_pipeline to 2025-07-01 07:59:00+00:00, run_after=2025-07-02 07:00:00+00:00
[2025-07-02T03:21:11.181+0000] {processor.py:208} INFO - Processing /opt/airflow/dags/driven_data_pipeline.py took 0.178 seconds
[2025-07-02T03:21:41.403+0000] {processor.py:186} INFO - Started process (PID=954) to work on /opt/airflow/dags/driven_data_pipeline.py
[2025-07-02T03:21:41.404+0000] {processor.py:914} INFO - Processing file /opt/airflow/dags/driven_data_pipeline.py for tasks to queue
[2025-07-02T03:21:41.407+0000] {logging_mixin.py:190} INFO - [2025-07-02T03:21:41.407+0000] {dagbag.py:588} INFO - Filling up the DagBag from /opt/airflow/dags/driven_data_pipeline.py
[2025-07-02T03:21:41.447+0000] {processor.py:925} INFO - DAG(s) 'extract_raw_data_pipeline' retrieved from /opt/airflow/dags/driven_data_pipeline.py
[2025-07-02T03:21:41.478+0000] {logging_mixin.py:190} INFO - [2025-07-02T03:21:41.478+0000] {dag.py:3239} INFO - Sync 1 DAGs
[2025-07-02T03:21:41.506+0000] {logging_mixin.py:190} INFO - [2025-07-02T03:21:41.506+0000] {dag.py:4180} INFO - Setting next_dagrun for extract_raw_data_pipeline to 2025-07-01 07:59:00+00:00, run_after=2025-07-02 07:00:00+00:00
[2025-07-02T03:21:41.532+0000] {processor.py:208} INFO - Processing /opt/airflow/dags/driven_data_pipeline.py took 0.135 seconds
[2025-07-02T03:22:11.911+0000] {processor.py:186} INFO - Started process (PID=961) to work on /opt/airflow/dags/driven_data_pipeline.py
[2025-07-02T03:22:11.913+0000] {processor.py:914} INFO - Processing file /opt/airflow/dags/driven_data_pipeline.py for tasks to queue
[2025-07-02T03:22:11.916+0000] {logging_mixin.py:190} INFO - [2025-07-02T03:22:11.915+0000] {dagbag.py:588} INFO - Filling up the DagBag from /opt/airflow/dags/driven_data_pipeline.py
[2025-07-02T03:22:11.956+0000] {processor.py:925} INFO - DAG(s) 'extract_raw_data_pipeline' retrieved from /opt/airflow/dags/driven_data_pipeline.py
[2025-07-02T03:22:11.979+0000] {logging_mixin.py:190} INFO - [2025-07-02T03:22:11.979+0000] {dag.py:3239} INFO - Sync 1 DAGs
[2025-07-02T03:22:11.999+0000] {logging_mixin.py:190} INFO - [2025-07-02T03:22:11.999+0000] {dag.py:4180} INFO - Setting next_dagrun for extract_raw_data_pipeline to 2025-07-01 07:59:00+00:00, run_after=2025-07-02 07:00:00+00:00
[2025-07-02T03:22:12.025+0000] {processor.py:208} INFO - Processing /opt/airflow/dags/driven_data_pipeline.py took 0.119 seconds
[2025-07-02T03:22:42.299+0000] {processor.py:186} INFO - Started process (PID=968) to work on /opt/airflow/dags/driven_data_pipeline.py
[2025-07-02T03:22:42.301+0000] {processor.py:914} INFO - Processing file /opt/airflow/dags/driven_data_pipeline.py for tasks to queue
[2025-07-02T03:22:42.303+0000] {logging_mixin.py:190} INFO - [2025-07-02T03:22:42.303+0000] {dagbag.py:588} INFO - Filling up the DagBag from /opt/airflow/dags/driven_data_pipeline.py
[2025-07-02T03:22:42.336+0000] {processor.py:925} INFO - DAG(s) 'extract_raw_data_pipeline' retrieved from /opt/airflow/dags/driven_data_pipeline.py
[2025-07-02T03:22:42.364+0000] {logging_mixin.py:190} INFO - [2025-07-02T03:22:42.364+0000] {dag.py:3239} INFO - Sync 1 DAGs
[2025-07-02T03:22:42.388+0000] {logging_mixin.py:190} INFO - [2025-07-02T03:22:42.387+0000] {dag.py:4180} INFO - Setting next_dagrun for extract_raw_data_pipeline to 2025-07-01 07:59:00+00:00, run_after=2025-07-02 07:00:00+00:00
[2025-07-02T03:22:42.419+0000] {processor.py:208} INFO - Processing /opt/airflow/dags/driven_data_pipeline.py took 0.125 seconds
[2025-07-02T03:23:12.771+0000] {processor.py:186} INFO - Started process (PID=975) to work on /opt/airflow/dags/driven_data_pipeline.py
[2025-07-02T03:23:12.773+0000] {processor.py:914} INFO - Processing file /opt/airflow/dags/driven_data_pipeline.py for tasks to queue
[2025-07-02T03:23:12.775+0000] {logging_mixin.py:190} INFO - [2025-07-02T03:23:12.775+0000] {dagbag.py:588} INFO - Filling up the DagBag from /opt/airflow/dags/driven_data_pipeline.py
[2025-07-02T03:23:12.811+0000] {processor.py:925} INFO - DAG(s) 'extract_raw_data_pipeline' retrieved from /opt/airflow/dags/driven_data_pipeline.py
[2025-07-02T03:23:12.837+0000] {logging_mixin.py:190} INFO - [2025-07-02T03:23:12.836+0000] {dag.py:3239} INFO - Sync 1 DAGs
[2025-07-02T03:23:12.856+0000] {logging_mixin.py:190} INFO - [2025-07-02T03:23:12.856+0000] {dag.py:4180} INFO - Setting next_dagrun for extract_raw_data_pipeline to 2025-07-01 07:59:00+00:00, run_after=2025-07-02 07:00:00+00:00
[2025-07-02T03:23:12.879+0000] {processor.py:208} INFO - Processing /opt/airflow/dags/driven_data_pipeline.py took 0.114 seconds
[2025-07-02T03:23:43.174+0000] {processor.py:186} INFO - Started process (PID=982) to work on /opt/airflow/dags/driven_data_pipeline.py
[2025-07-02T03:23:43.176+0000] {processor.py:914} INFO - Processing file /opt/airflow/dags/driven_data_pipeline.py for tasks to queue
[2025-07-02T03:23:43.179+0000] {logging_mixin.py:190} INFO - [2025-07-02T03:23:43.179+0000] {dagbag.py:588} INFO - Filling up the DagBag from /opt/airflow/dags/driven_data_pipeline.py
[2025-07-02T03:23:43.216+0000] {processor.py:925} INFO - DAG(s) 'extract_raw_data_pipeline' retrieved from /opt/airflow/dags/driven_data_pipeline.py
[2025-07-02T03:23:43.247+0000] {logging_mixin.py:190} INFO - [2025-07-02T03:23:43.247+0000] {dag.py:3239} INFO - Sync 1 DAGs
[2025-07-02T03:23:43.271+0000] {logging_mixin.py:190} INFO - [2025-07-02T03:23:43.270+0000] {dag.py:4180} INFO - Setting next_dagrun for extract_raw_data_pipeline to 2025-07-01 07:59:00+00:00, run_after=2025-07-02 07:00:00+00:00
[2025-07-02T03:23:43.296+0000] {processor.py:208} INFO - Processing /opt/airflow/dags/driven_data_pipeline.py took 0.127 seconds
[2025-07-02T03:24:13.619+0000] {processor.py:186} INFO - Started process (PID=989) to work on /opt/airflow/dags/driven_data_pipeline.py
[2025-07-02T03:24:13.621+0000] {processor.py:914} INFO - Processing file /opt/airflow/dags/driven_data_pipeline.py for tasks to queue
[2025-07-02T03:24:13.624+0000] {logging_mixin.py:190} INFO - [2025-07-02T03:24:13.623+0000] {dagbag.py:588} INFO - Filling up the DagBag from /opt/airflow/dags/driven_data_pipeline.py
[2025-07-02T03:24:13.671+0000] {processor.py:925} INFO - DAG(s) 'extract_raw_data_pipeline' retrieved from /opt/airflow/dags/driven_data_pipeline.py
[2025-07-02T03:24:13.694+0000] {logging_mixin.py:190} INFO - [2025-07-02T03:24:13.694+0000] {dag.py:3239} INFO - Sync 1 DAGs
[2025-07-02T03:24:13.715+0000] {logging_mixin.py:190} INFO - [2025-07-02T03:24:13.715+0000] {dag.py:4180} INFO - Setting next_dagrun for extract_raw_data_pipeline to 2025-07-01 07:59:00+00:00, run_after=2025-07-02 07:00:00+00:00
[2025-07-02T03:24:13.738+0000] {processor.py:208} INFO - Processing /opt/airflow/dags/driven_data_pipeline.py took 0.124 seconds
[2025-07-02T03:24:43.996+0000] {processor.py:186} INFO - Started process (PID=996) to work on /opt/airflow/dags/driven_data_pipeline.py
[2025-07-02T03:24:43.997+0000] {processor.py:914} INFO - Processing file /opt/airflow/dags/driven_data_pipeline.py for tasks to queue
[2025-07-02T03:24:44.002+0000] {logging_mixin.py:190} INFO - [2025-07-02T03:24:44.001+0000] {dagbag.py:588} INFO - Filling up the DagBag from /opt/airflow/dags/driven_data_pipeline.py
[2025-07-02T03:24:44.052+0000] {processor.py:925} INFO - DAG(s) 'extract_raw_data_pipeline' retrieved from /opt/airflow/dags/driven_data_pipeline.py
[2025-07-02T03:24:44.086+0000] {logging_mixin.py:190} INFO - [2025-07-02T03:24:44.086+0000] {dag.py:3239} INFO - Sync 1 DAGs
[2025-07-02T03:24:44.114+0000] {logging_mixin.py:190} INFO - [2025-07-02T03:24:44.114+0000] {dag.py:4180} INFO - Setting next_dagrun for extract_raw_data_pipeline to 2025-07-01 07:59:00+00:00, run_after=2025-07-02 07:00:00+00:00
[2025-07-02T03:24:44.141+0000] {processor.py:208} INFO - Processing /opt/airflow/dags/driven_data_pipeline.py took 0.153 seconds
[2025-07-02T03:25:14.401+0000] {processor.py:186} INFO - Started process (PID=1007) to work on /opt/airflow/dags/driven_data_pipeline.py
[2025-07-02T03:25:14.403+0000] {processor.py:914} INFO - Processing file /opt/airflow/dags/driven_data_pipeline.py for tasks to queue
[2025-07-02T03:25:14.408+0000] {logging_mixin.py:190} INFO - [2025-07-02T03:25:14.408+0000] {dagbag.py:588} INFO - Filling up the DagBag from /opt/airflow/dags/driven_data_pipeline.py
[2025-07-02T03:25:14.452+0000] {processor.py:925} INFO - DAG(s) 'extract_raw_data_pipeline' retrieved from /opt/airflow/dags/driven_data_pipeline.py
[2025-07-02T03:25:14.489+0000] {logging_mixin.py:190} INFO - [2025-07-02T03:25:14.488+0000] {dag.py:3239} INFO - Sync 1 DAGs
[2025-07-02T03:25:14.514+0000] {logging_mixin.py:190} INFO - [2025-07-02T03:25:14.514+0000] {dag.py:4180} INFO - Setting next_dagrun for extract_raw_data_pipeline to 2025-07-01 07:59:00+00:00, run_after=2025-07-02 07:00:00+00:00
[2025-07-02T03:25:14.538+0000] {processor.py:208} INFO - Processing /opt/airflow/dags/driven_data_pipeline.py took 0.147 seconds
[2025-07-02T03:25:44.739+0000] {processor.py:186} INFO - Started process (PID=1014) to work on /opt/airflow/dags/driven_data_pipeline.py
[2025-07-02T03:25:44.741+0000] {processor.py:914} INFO - Processing file /opt/airflow/dags/driven_data_pipeline.py for tasks to queue
[2025-07-02T03:25:44.746+0000] {logging_mixin.py:190} INFO - [2025-07-02T03:25:44.746+0000] {dagbag.py:588} INFO - Filling up the DagBag from /opt/airflow/dags/driven_data_pipeline.py
[2025-07-02T03:25:44.806+0000] {processor.py:925} INFO - DAG(s) 'extract_raw_data_pipeline' retrieved from /opt/airflow/dags/driven_data_pipeline.py
[2025-07-02T03:25:44.843+0000] {logging_mixin.py:190} INFO - [2025-07-02T03:25:44.843+0000] {dag.py:3239} INFO - Sync 1 DAGs
[2025-07-02T03:25:44.872+0000] {logging_mixin.py:190} INFO - [2025-07-02T03:25:44.872+0000] {dag.py:4180} INFO - Setting next_dagrun for extract_raw_data_pipeline to 2025-07-01 07:59:00+00:00, run_after=2025-07-02 07:00:00+00:00
[2025-07-02T03:25:44.902+0000] {processor.py:208} INFO - Processing /opt/airflow/dags/driven_data_pipeline.py took 0.174 seconds
[2025-07-02T03:26:15.219+0000] {processor.py:186} INFO - Started process (PID=1021) to work on /opt/airflow/dags/driven_data_pipeline.py
[2025-07-02T03:26:15.220+0000] {processor.py:914} INFO - Processing file /opt/airflow/dags/driven_data_pipeline.py for tasks to queue
[2025-07-02T03:26:15.224+0000] {logging_mixin.py:190} INFO - [2025-07-02T03:26:15.223+0000] {dagbag.py:588} INFO - Filling up the DagBag from /opt/airflow/dags/driven_data_pipeline.py
[2025-07-02T03:26:15.262+0000] {processor.py:925} INFO - DAG(s) 'extract_raw_data_pipeline' retrieved from /opt/airflow/dags/driven_data_pipeline.py
[2025-07-02T03:26:15.288+0000] {logging_mixin.py:190} INFO - [2025-07-02T03:26:15.288+0000] {dag.py:3239} INFO - Sync 1 DAGs
[2025-07-02T03:26:15.311+0000] {logging_mixin.py:190} INFO - [2025-07-02T03:26:15.311+0000] {dag.py:4180} INFO - Setting next_dagrun for extract_raw_data_pipeline to 2025-07-01 07:59:00+00:00, run_after=2025-07-02 07:00:00+00:00
[2025-07-02T03:26:15.337+0000] {processor.py:208} INFO - Processing /opt/airflow/dags/driven_data_pipeline.py took 0.124 seconds
[2025-07-02T03:26:45.554+0000] {processor.py:186} INFO - Started process (PID=1028) to work on /opt/airflow/dags/driven_data_pipeline.py
[2025-07-02T03:26:45.556+0000] {processor.py:914} INFO - Processing file /opt/airflow/dags/driven_data_pipeline.py for tasks to queue
[2025-07-02T03:26:45.559+0000] {logging_mixin.py:190} INFO - [2025-07-02T03:26:45.559+0000] {dagbag.py:588} INFO - Filling up the DagBag from /opt/airflow/dags/driven_data_pipeline.py
[2025-07-02T03:26:45.605+0000] {processor.py:925} INFO - DAG(s) 'extract_raw_data_pipeline' retrieved from /opt/airflow/dags/driven_data_pipeline.py
[2025-07-02T03:26:45.643+0000] {logging_mixin.py:190} INFO - [2025-07-02T03:26:45.642+0000] {dag.py:3239} INFO - Sync 1 DAGs
[2025-07-02T03:26:45.682+0000] {logging_mixin.py:190} INFO - [2025-07-02T03:26:45.682+0000] {dag.py:4180} INFO - Setting next_dagrun for extract_raw_data_pipeline to 2025-07-01 07:59:00+00:00, run_after=2025-07-02 07:00:00+00:00
[2025-07-02T03:26:45.714+0000] {processor.py:208} INFO - Processing /opt/airflow/dags/driven_data_pipeline.py took 0.168 seconds
[2025-07-02T03:27:15.947+0000] {processor.py:186} INFO - Started process (PID=1035) to work on /opt/airflow/dags/driven_data_pipeline.py
[2025-07-02T03:27:15.948+0000] {processor.py:914} INFO - Processing file /opt/airflow/dags/driven_data_pipeline.py for tasks to queue
[2025-07-02T03:27:15.951+0000] {logging_mixin.py:190} INFO - [2025-07-02T03:27:15.951+0000] {dagbag.py:588} INFO - Filling up the DagBag from /opt/airflow/dags/driven_data_pipeline.py
[2025-07-02T03:27:16.001+0000] {processor.py:925} INFO - DAG(s) 'extract_raw_data_pipeline' retrieved from /opt/airflow/dags/driven_data_pipeline.py
[2025-07-02T03:27:16.067+0000] {logging_mixin.py:190} INFO - [2025-07-02T03:27:16.066+0000] {dag.py:3239} INFO - Sync 1 DAGs
[2025-07-02T03:27:16.114+0000] {logging_mixin.py:190} INFO - [2025-07-02T03:27:16.113+0000] {dag.py:4180} INFO - Setting next_dagrun for extract_raw_data_pipeline to 2025-07-01 07:59:00+00:00, run_after=2025-07-02 07:00:00+00:00
[2025-07-02T03:27:16.150+0000] {processor.py:208} INFO - Processing /opt/airflow/dags/driven_data_pipeline.py took 0.210 seconds
[2025-07-02T03:27:46.413+0000] {processor.py:186} INFO - Started process (PID=1042) to work on /opt/airflow/dags/driven_data_pipeline.py
[2025-07-02T03:27:46.415+0000] {processor.py:914} INFO - Processing file /opt/airflow/dags/driven_data_pipeline.py for tasks to queue
[2025-07-02T03:27:46.419+0000] {logging_mixin.py:190} INFO - [2025-07-02T03:27:46.418+0000] {dagbag.py:588} INFO - Filling up the DagBag from /opt/airflow/dags/driven_data_pipeline.py
[2025-07-02T03:27:46.468+0000] {processor.py:925} INFO - DAG(s) 'extract_raw_data_pipeline' retrieved from /opt/airflow/dags/driven_data_pipeline.py
[2025-07-02T03:27:46.509+0000] {logging_mixin.py:190} INFO - [2025-07-02T03:27:46.508+0000] {dag.py:3239} INFO - Sync 1 DAGs
[2025-07-02T03:27:46.544+0000] {logging_mixin.py:190} INFO - [2025-07-02T03:27:46.544+0000] {dag.py:4180} INFO - Setting next_dagrun for extract_raw_data_pipeline to 2025-07-01 07:59:00+00:00, run_after=2025-07-02 07:00:00+00:00
[2025-07-02T03:27:46.578+0000] {processor.py:208} INFO - Processing /opt/airflow/dags/driven_data_pipeline.py took 0.173 seconds
[2025-07-02T03:28:16.856+0000] {processor.py:186} INFO - Started process (PID=1049) to work on /opt/airflow/dags/driven_data_pipeline.py
[2025-07-02T03:28:16.861+0000] {processor.py:914} INFO - Processing file /opt/airflow/dags/driven_data_pipeline.py for tasks to queue
[2025-07-02T03:28:16.869+0000] {logging_mixin.py:190} INFO - [2025-07-02T03:28:16.868+0000] {dagbag.py:588} INFO - Filling up the DagBag from /opt/airflow/dags/driven_data_pipeline.py
[2025-07-02T03:28:16.962+0000] {processor.py:925} INFO - DAG(s) 'extract_raw_data_pipeline' retrieved from /opt/airflow/dags/driven_data_pipeline.py
[2025-07-02T03:28:16.994+0000] {logging_mixin.py:190} INFO - [2025-07-02T03:28:16.993+0000] {dag.py:3239} INFO - Sync 1 DAGs
[2025-07-02T03:28:17.020+0000] {logging_mixin.py:190} INFO - [2025-07-02T03:28:17.019+0000] {dag.py:4180} INFO - Setting next_dagrun for extract_raw_data_pipeline to 2025-07-01 07:59:00+00:00, run_after=2025-07-02 07:00:00+00:00
[2025-07-02T03:28:17.047+0000] {processor.py:208} INFO - Processing /opt/airflow/dags/driven_data_pipeline.py took 0.206 seconds
[2025-07-02T03:28:47.302+0000] {processor.py:186} INFO - Started process (PID=1056) to work on /opt/airflow/dags/driven_data_pipeline.py
[2025-07-02T03:28:47.304+0000] {processor.py:914} INFO - Processing file /opt/airflow/dags/driven_data_pipeline.py for tasks to queue
[2025-07-02T03:28:47.307+0000] {logging_mixin.py:190} INFO - [2025-07-02T03:28:47.307+0000] {dagbag.py:588} INFO - Filling up the DagBag from /opt/airflow/dags/driven_data_pipeline.py
[2025-07-02T03:28:47.353+0000] {processor.py:925} INFO - DAG(s) 'extract_raw_data_pipeline' retrieved from /opt/airflow/dags/driven_data_pipeline.py
[2025-07-02T03:28:47.385+0000] {logging_mixin.py:190} INFO - [2025-07-02T03:28:47.385+0000] {dag.py:3239} INFO - Sync 1 DAGs
[2025-07-02T03:28:47.412+0000] {logging_mixin.py:190} INFO - [2025-07-02T03:28:47.411+0000] {dag.py:4180} INFO - Setting next_dagrun for extract_raw_data_pipeline to 2025-07-01 07:59:00+00:00, run_after=2025-07-02 07:00:00+00:00
[2025-07-02T03:28:47.438+0000] {processor.py:208} INFO - Processing /opt/airflow/dags/driven_data_pipeline.py took 0.143 seconds
[2025-07-02T03:29:17.795+0000] {processor.py:186} INFO - Started process (PID=1063) to work on /opt/airflow/dags/driven_data_pipeline.py
[2025-07-02T03:29:17.797+0000] {processor.py:914} INFO - Processing file /opt/airflow/dags/driven_data_pipeline.py for tasks to queue
[2025-07-02T03:29:17.800+0000] {logging_mixin.py:190} INFO - [2025-07-02T03:29:17.800+0000] {dagbag.py:588} INFO - Filling up the DagBag from /opt/airflow/dags/driven_data_pipeline.py
[2025-07-02T03:29:17.836+0000] {processor.py:925} INFO - DAG(s) 'extract_raw_data_pipeline' retrieved from /opt/airflow/dags/driven_data_pipeline.py
[2025-07-02T03:29:17.864+0000] {logging_mixin.py:190} INFO - [2025-07-02T03:29:17.864+0000] {dag.py:3239} INFO - Sync 1 DAGs
[2025-07-02T03:29:17.887+0000] {logging_mixin.py:190} INFO - [2025-07-02T03:29:17.887+0000] {dag.py:4180} INFO - Setting next_dagrun for extract_raw_data_pipeline to 2025-07-01 07:59:00+00:00, run_after=2025-07-02 07:00:00+00:00
[2025-07-02T03:29:17.911+0000] {processor.py:208} INFO - Processing /opt/airflow/dags/driven_data_pipeline.py took 0.121 seconds
[2025-07-02T03:29:48.143+0000] {processor.py:186} INFO - Started process (PID=1070) to work on /opt/airflow/dags/driven_data_pipeline.py
[2025-07-02T03:29:48.144+0000] {processor.py:914} INFO - Processing file /opt/airflow/dags/driven_data_pipeline.py for tasks to queue
[2025-07-02T03:29:48.148+0000] {logging_mixin.py:190} INFO - [2025-07-02T03:29:48.147+0000] {dagbag.py:588} INFO - Filling up the DagBag from /opt/airflow/dags/driven_data_pipeline.py
[2025-07-02T03:29:48.186+0000] {processor.py:925} INFO - DAG(s) 'extract_raw_data_pipeline' retrieved from /opt/airflow/dags/driven_data_pipeline.py
[2025-07-02T03:29:48.212+0000] {logging_mixin.py:190} INFO - [2025-07-02T03:29:48.212+0000] {dag.py:3239} INFO - Sync 1 DAGs
[2025-07-02T03:29:48.233+0000] {logging_mixin.py:190} INFO - [2025-07-02T03:29:48.233+0000] {dag.py:4180} INFO - Setting next_dagrun for extract_raw_data_pipeline to 2025-07-01 07:59:00+00:00, run_after=2025-07-02 07:00:00+00:00
[2025-07-02T03:29:48.255+0000] {processor.py:208} INFO - Processing /opt/airflow/dags/driven_data_pipeline.py took 0.119 seconds
[2025-07-02T03:30:18.603+0000] {processor.py:186} INFO - Started process (PID=1078) to work on /opt/airflow/dags/driven_data_pipeline.py
[2025-07-02T03:30:18.604+0000] {processor.py:914} INFO - Processing file /opt/airflow/dags/driven_data_pipeline.py for tasks to queue
[2025-07-02T03:30:18.607+0000] {logging_mixin.py:190} INFO - [2025-07-02T03:30:18.606+0000] {dagbag.py:588} INFO - Filling up the DagBag from /opt/airflow/dags/driven_data_pipeline.py
[2025-07-02T03:30:18.642+0000] {processor.py:925} INFO - DAG(s) 'extract_raw_data_pipeline' retrieved from /opt/airflow/dags/driven_data_pipeline.py
[2025-07-02T03:30:18.669+0000] {logging_mixin.py:190} INFO - [2025-07-02T03:30:18.669+0000] {dag.py:3239} INFO - Sync 1 DAGs
[2025-07-02T03:30:18.689+0000] {logging_mixin.py:190} INFO - [2025-07-02T03:30:18.689+0000] {dag.py:4180} INFO - Setting next_dagrun for extract_raw_data_pipeline to 2025-07-01 07:59:00+00:00, run_after=2025-07-02 07:00:00+00:00
[2025-07-02T03:30:18.712+0000] {processor.py:208} INFO - Processing /opt/airflow/dags/driven_data_pipeline.py took 0.114 seconds
[2025-07-02T03:30:48.969+0000] {processor.py:186} INFO - Started process (PID=1085) to work on /opt/airflow/dags/driven_data_pipeline.py
[2025-07-02T03:30:48.970+0000] {processor.py:914} INFO - Processing file /opt/airflow/dags/driven_data_pipeline.py for tasks to queue
[2025-07-02T03:30:48.973+0000] {logging_mixin.py:190} INFO - [2025-07-02T03:30:48.972+0000] {dagbag.py:588} INFO - Filling up the DagBag from /opt/airflow/dags/driven_data_pipeline.py
[2025-07-02T03:30:49.008+0000] {processor.py:925} INFO - DAG(s) 'extract_raw_data_pipeline' retrieved from /opt/airflow/dags/driven_data_pipeline.py
[2025-07-02T03:30:49.036+0000] {logging_mixin.py:190} INFO - [2025-07-02T03:30:49.035+0000] {dag.py:3239} INFO - Sync 1 DAGs
[2025-07-02T03:30:49.056+0000] {logging_mixin.py:190} INFO - [2025-07-02T03:30:49.056+0000] {dag.py:4180} INFO - Setting next_dagrun for extract_raw_data_pipeline to 2025-07-01 07:59:00+00:00, run_after=2025-07-02 07:00:00+00:00
[2025-07-02T03:30:49.077+0000] {processor.py:208} INFO - Processing /opt/airflow/dags/driven_data_pipeline.py took 0.114 seconds
[2025-07-02T03:31:19.434+0000] {processor.py:186} INFO - Started process (PID=1092) to work on /opt/airflow/dags/driven_data_pipeline.py
[2025-07-02T03:31:19.436+0000] {processor.py:914} INFO - Processing file /opt/airflow/dags/driven_data_pipeline.py for tasks to queue
[2025-07-02T03:31:19.439+0000] {logging_mixin.py:190} INFO - [2025-07-02T03:31:19.438+0000] {dagbag.py:588} INFO - Filling up the DagBag from /opt/airflow/dags/driven_data_pipeline.py
[2025-07-02T03:31:19.478+0000] {processor.py:925} INFO - DAG(s) 'extract_raw_data_pipeline' retrieved from /opt/airflow/dags/driven_data_pipeline.py
[2025-07-02T03:31:19.504+0000] {logging_mixin.py:190} INFO - [2025-07-02T03:31:19.504+0000] {dag.py:3239} INFO - Sync 1 DAGs
[2025-07-02T03:31:19.525+0000] {logging_mixin.py:190} INFO - [2025-07-02T03:31:19.525+0000] {dag.py:4180} INFO - Setting next_dagrun for extract_raw_data_pipeline to 2025-07-01 07:59:00+00:00, run_after=2025-07-02 07:00:00+00:00
[2025-07-02T03:31:19.547+0000] {processor.py:208} INFO - Processing /opt/airflow/dags/driven_data_pipeline.py took 0.118 seconds
[2025-07-02T03:31:49.813+0000] {processor.py:186} INFO - Started process (PID=1100) to work on /opt/airflow/dags/driven_data_pipeline.py
[2025-07-02T03:31:49.814+0000] {processor.py:914} INFO - Processing file /opt/airflow/dags/driven_data_pipeline.py for tasks to queue
[2025-07-02T03:31:49.817+0000] {logging_mixin.py:190} INFO - [2025-07-02T03:31:49.817+0000] {dagbag.py:588} INFO - Filling up the DagBag from /opt/airflow/dags/driven_data_pipeline.py
[2025-07-02T03:31:49.855+0000] {processor.py:925} INFO - DAG(s) 'extract_raw_data_pipeline' retrieved from /opt/airflow/dags/driven_data_pipeline.py
[2025-07-02T03:31:49.879+0000] {logging_mixin.py:190} INFO - [2025-07-02T03:31:49.879+0000] {dag.py:3239} INFO - Sync 1 DAGs
[2025-07-02T03:31:49.900+0000] {logging_mixin.py:190} INFO - [2025-07-02T03:31:49.900+0000] {dag.py:4180} INFO - Setting next_dagrun for extract_raw_data_pipeline to 2025-07-01 07:59:00+00:00, run_after=2025-07-02 07:00:00+00:00
[2025-07-02T03:31:49.922+0000] {processor.py:208} INFO - Processing /opt/airflow/dags/driven_data_pipeline.py took 0.114 seconds
[2025-07-02T03:32:20.275+0000] {processor.py:186} INFO - Started process (PID=1108) to work on /opt/airflow/dags/driven_data_pipeline.py
[2025-07-02T03:32:20.276+0000] {processor.py:914} INFO - Processing file /opt/airflow/dags/driven_data_pipeline.py for tasks to queue
[2025-07-02T03:32:20.279+0000] {logging_mixin.py:190} INFO - [2025-07-02T03:32:20.278+0000] {dagbag.py:588} INFO - Filling up the DagBag from /opt/airflow/dags/driven_data_pipeline.py
[2025-07-02T03:32:20.320+0000] {processor.py:925} INFO - DAG(s) 'extract_raw_data_pipeline' retrieved from /opt/airflow/dags/driven_data_pipeline.py
[2025-07-02T03:32:20.342+0000] {logging_mixin.py:190} INFO - [2025-07-02T03:32:20.342+0000] {dag.py:3239} INFO - Sync 1 DAGs
[2025-07-02T03:32:20.361+0000] {logging_mixin.py:190} INFO - [2025-07-02T03:32:20.361+0000] {dag.py:4180} INFO - Setting next_dagrun for extract_raw_data_pipeline to 2025-07-01 07:59:00+00:00, run_after=2025-07-02 07:00:00+00:00
[2025-07-02T03:32:20.383+0000] {processor.py:208} INFO - Processing /opt/airflow/dags/driven_data_pipeline.py took 0.113 seconds
[2025-07-02T03:32:50.685+0000] {processor.py:186} INFO - Started process (PID=1115) to work on /opt/airflow/dags/driven_data_pipeline.py
[2025-07-02T03:32:50.686+0000] {processor.py:914} INFO - Processing file /opt/airflow/dags/driven_data_pipeline.py for tasks to queue
[2025-07-02T03:32:50.690+0000] {logging_mixin.py:190} INFO - [2025-07-02T03:32:50.690+0000] {dagbag.py:588} INFO - Filling up the DagBag from /opt/airflow/dags/driven_data_pipeline.py
[2025-07-02T03:32:50.734+0000] {processor.py:925} INFO - DAG(s) 'extract_raw_data_pipeline' retrieved from /opt/airflow/dags/driven_data_pipeline.py
[2025-07-02T03:32:50.762+0000] {logging_mixin.py:190} INFO - [2025-07-02T03:32:50.762+0000] {dag.py:3239} INFO - Sync 1 DAGs
[2025-07-02T03:32:50.788+0000] {logging_mixin.py:190} INFO - [2025-07-02T03:32:50.788+0000] {dag.py:4180} INFO - Setting next_dagrun for extract_raw_data_pipeline to 2025-07-01 07:59:00+00:00, run_after=2025-07-02 07:00:00+00:00
[2025-07-02T03:32:50.815+0000] {processor.py:208} INFO - Processing /opt/airflow/dags/driven_data_pipeline.py took 0.136 seconds
[2025-07-02T03:33:21.081+0000] {processor.py:186} INFO - Started process (PID=1122) to work on /opt/airflow/dags/driven_data_pipeline.py
[2025-07-02T03:33:21.082+0000] {processor.py:914} INFO - Processing file /opt/airflow/dags/driven_data_pipeline.py for tasks to queue
[2025-07-02T03:33:21.085+0000] {logging_mixin.py:190} INFO - [2025-07-02T03:33:21.085+0000] {dagbag.py:588} INFO - Filling up the DagBag from /opt/airflow/dags/driven_data_pipeline.py
[2025-07-02T03:33:21.121+0000] {processor.py:925} INFO - DAG(s) 'extract_raw_data_pipeline' retrieved from /opt/airflow/dags/driven_data_pipeline.py
[2025-07-02T03:33:21.147+0000] {logging_mixin.py:190} INFO - [2025-07-02T03:33:21.147+0000] {dag.py:3239} INFO - Sync 1 DAGs
[2025-07-02T03:33:21.167+0000] {logging_mixin.py:190} INFO - [2025-07-02T03:33:21.167+0000] {dag.py:4180} INFO - Setting next_dagrun for extract_raw_data_pipeline to 2025-07-01 07:59:00+00:00, run_after=2025-07-02 07:00:00+00:00
[2025-07-02T03:33:21.190+0000] {processor.py:208} INFO - Processing /opt/airflow/dags/driven_data_pipeline.py took 0.115 seconds
[2025-07-02T03:33:51.591+0000] {processor.py:186} INFO - Started process (PID=1128) to work on /opt/airflow/dags/driven_data_pipeline.py
[2025-07-02T03:33:51.593+0000] {processor.py:914} INFO - Processing file /opt/airflow/dags/driven_data_pipeline.py for tasks to queue
[2025-07-02T03:33:51.596+0000] {logging_mixin.py:190} INFO - [2025-07-02T03:33:51.595+0000] {dagbag.py:588} INFO - Filling up the DagBag from /opt/airflow/dags/driven_data_pipeline.py
[2025-07-02T03:33:51.650+0000] {processor.py:925} INFO - DAG(s) 'extract_raw_data_pipeline' retrieved from /opt/airflow/dags/driven_data_pipeline.py
[2025-07-02T03:33:51.680+0000] {logging_mixin.py:190} INFO - [2025-07-02T03:33:51.680+0000] {dag.py:3239} INFO - Sync 1 DAGs
[2025-07-02T03:33:51.702+0000] {logging_mixin.py:190} INFO - [2025-07-02T03:33:51.702+0000] {dag.py:4180} INFO - Setting next_dagrun for extract_raw_data_pipeline to 2025-07-01 07:59:00+00:00, run_after=2025-07-02 07:00:00+00:00
[2025-07-02T03:33:51.726+0000] {processor.py:208} INFO - Processing /opt/airflow/dags/driven_data_pipeline.py took 0.140 seconds
[2025-07-02T03:34:21.937+0000] {processor.py:186} INFO - Started process (PID=1135) to work on /opt/airflow/dags/driven_data_pipeline.py
[2025-07-02T03:34:21.939+0000] {processor.py:914} INFO - Processing file /opt/airflow/dags/driven_data_pipeline.py for tasks to queue
[2025-07-02T03:34:21.941+0000] {logging_mixin.py:190} INFO - [2025-07-02T03:34:21.941+0000] {dagbag.py:588} INFO - Filling up the DagBag from /opt/airflow/dags/driven_data_pipeline.py
[2025-07-02T03:34:21.980+0000] {processor.py:925} INFO - DAG(s) 'extract_raw_data_pipeline' retrieved from /opt/airflow/dags/driven_data_pipeline.py
[2025-07-02T03:34:22.007+0000] {logging_mixin.py:190} INFO - [2025-07-02T03:34:22.007+0000] {dag.py:3239} INFO - Sync 1 DAGs
[2025-07-02T03:34:22.031+0000] {logging_mixin.py:190} INFO - [2025-07-02T03:34:22.031+0000] {dag.py:4180} INFO - Setting next_dagrun for extract_raw_data_pipeline to 2025-07-01 07:59:00+00:00, run_after=2025-07-02 07:00:00+00:00
[2025-07-02T03:34:22.054+0000] {processor.py:208} INFO - Processing /opt/airflow/dags/driven_data_pipeline.py took 0.122 seconds
[2025-07-02T03:34:52.389+0000] {processor.py:186} INFO - Started process (PID=1142) to work on /opt/airflow/dags/driven_data_pipeline.py
[2025-07-02T03:34:52.391+0000] {processor.py:914} INFO - Processing file /opt/airflow/dags/driven_data_pipeline.py for tasks to queue
[2025-07-02T03:34:52.394+0000] {logging_mixin.py:190} INFO - [2025-07-02T03:34:52.393+0000] {dagbag.py:588} INFO - Filling up the DagBag from /opt/airflow/dags/driven_data_pipeline.py
[2025-07-02T03:34:52.427+0000] {processor.py:925} INFO - DAG(s) 'extract_raw_data_pipeline' retrieved from /opt/airflow/dags/driven_data_pipeline.py
[2025-07-02T03:34:52.453+0000] {logging_mixin.py:190} INFO - [2025-07-02T03:34:52.453+0000] {dag.py:3239} INFO - Sync 1 DAGs
[2025-07-02T03:34:52.477+0000] {logging_mixin.py:190} INFO - [2025-07-02T03:34:52.477+0000] {dag.py:4180} INFO - Setting next_dagrun for extract_raw_data_pipeline to 2025-07-01 07:59:00+00:00, run_after=2025-07-02 07:00:00+00:00
[2025-07-02T03:34:52.501+0000] {processor.py:208} INFO - Processing /opt/airflow/dags/driven_data_pipeline.py took 0.117 seconds
[2025-07-02T03:35:22.794+0000] {processor.py:186} INFO - Started process (PID=1149) to work on /opt/airflow/dags/driven_data_pipeline.py
[2025-07-02T03:35:22.796+0000] {processor.py:914} INFO - Processing file /opt/airflow/dags/driven_data_pipeline.py for tasks to queue
[2025-07-02T03:35:22.800+0000] {logging_mixin.py:190} INFO - [2025-07-02T03:35:22.800+0000] {dagbag.py:588} INFO - Filling up the DagBag from /opt/airflow/dags/driven_data_pipeline.py
[2025-07-02T03:35:22.843+0000] {processor.py:925} INFO - DAG(s) 'extract_raw_data_pipeline' retrieved from /opt/airflow/dags/driven_data_pipeline.py
[2025-07-02T03:35:22.870+0000] {logging_mixin.py:190} INFO - [2025-07-02T03:35:22.870+0000] {dag.py:3239} INFO - Sync 1 DAGs
[2025-07-02T03:35:22.894+0000] {logging_mixin.py:190} INFO - [2025-07-02T03:35:22.894+0000] {dag.py:4180} INFO - Setting next_dagrun for extract_raw_data_pipeline to 2025-07-01 07:59:00+00:00, run_after=2025-07-02 07:00:00+00:00
[2025-07-02T03:35:22.922+0000] {processor.py:208} INFO - Processing /opt/airflow/dags/driven_data_pipeline.py took 0.135 seconds
[2025-07-02T03:35:53.208+0000] {processor.py:186} INFO - Started process (PID=1156) to work on /opt/airflow/dags/driven_data_pipeline.py
[2025-07-02T03:35:53.209+0000] {processor.py:914} INFO - Processing file /opt/airflow/dags/driven_data_pipeline.py for tasks to queue
[2025-07-02T03:35:53.212+0000] {logging_mixin.py:190} INFO - [2025-07-02T03:35:53.212+0000] {dagbag.py:588} INFO - Filling up the DagBag from /opt/airflow/dags/driven_data_pipeline.py
[2025-07-02T03:35:53.252+0000] {processor.py:925} INFO - DAG(s) 'extract_raw_data_pipeline' retrieved from /opt/airflow/dags/driven_data_pipeline.py
[2025-07-02T03:35:53.280+0000] {logging_mixin.py:190} INFO - [2025-07-02T03:35:53.280+0000] {dag.py:3239} INFO - Sync 1 DAGs
[2025-07-02T03:35:53.302+0000] {logging_mixin.py:190} INFO - [2025-07-02T03:35:53.302+0000] {dag.py:4180} INFO - Setting next_dagrun for extract_raw_data_pipeline to 2025-07-01 07:59:00+00:00, run_after=2025-07-02 07:00:00+00:00
[2025-07-02T03:35:53.324+0000] {processor.py:208} INFO - Processing /opt/airflow/dags/driven_data_pipeline.py took 0.121 seconds
[2025-07-02T03:36:23.582+0000] {processor.py:186} INFO - Started process (PID=1163) to work on /opt/airflow/dags/driven_data_pipeline.py
[2025-07-02T03:36:23.584+0000] {processor.py:914} INFO - Processing file /opt/airflow/dags/driven_data_pipeline.py for tasks to queue
[2025-07-02T03:36:23.588+0000] {logging_mixin.py:190} INFO - [2025-07-02T03:36:23.587+0000] {dagbag.py:588} INFO - Filling up the DagBag from /opt/airflow/dags/driven_data_pipeline.py
[2025-07-02T03:36:23.634+0000] {processor.py:925} INFO - DAG(s) 'extract_raw_data_pipeline' retrieved from /opt/airflow/dags/driven_data_pipeline.py
[2025-07-02T03:36:23.667+0000] {logging_mixin.py:190} INFO - [2025-07-02T03:36:23.666+0000] {dag.py:3239} INFO - Sync 1 DAGs
[2025-07-02T03:36:23.693+0000] {logging_mixin.py:190} INFO - [2025-07-02T03:36:23.693+0000] {dag.py:4180} INFO - Setting next_dagrun for extract_raw_data_pipeline to 2025-07-01 07:59:00+00:00, run_after=2025-07-02 07:00:00+00:00
[2025-07-02T03:36:23.719+0000] {processor.py:208} INFO - Processing /opt/airflow/dags/driven_data_pipeline.py took 0.144 seconds
[2025-07-02T03:36:53.975+0000] {processor.py:186} INFO - Started process (PID=1170) to work on /opt/airflow/dags/driven_data_pipeline.py
[2025-07-02T03:36:53.976+0000] {processor.py:914} INFO - Processing file /opt/airflow/dags/driven_data_pipeline.py for tasks to queue
[2025-07-02T03:36:53.979+0000] {logging_mixin.py:190} INFO - [2025-07-02T03:36:53.978+0000] {dagbag.py:588} INFO - Filling up the DagBag from /opt/airflow/dags/driven_data_pipeline.py
[2025-07-02T03:36:54.013+0000] {processor.py:925} INFO - DAG(s) 'extract_raw_data_pipeline' retrieved from /opt/airflow/dags/driven_data_pipeline.py
[2025-07-02T03:36:54.035+0000] {logging_mixin.py:190} INFO - [2025-07-02T03:36:54.035+0000] {dag.py:3239} INFO - Sync 1 DAGs
[2025-07-02T03:36:54.054+0000] {logging_mixin.py:190} INFO - [2025-07-02T03:36:54.054+0000] {dag.py:4180} INFO - Setting next_dagrun for extract_raw_data_pipeline to 2025-07-01 07:59:00+00:00, run_after=2025-07-02 07:00:00+00:00
[2025-07-02T03:36:54.077+0000] {processor.py:208} INFO - Processing /opt/airflow/dags/driven_data_pipeline.py took 0.108 seconds
[2025-07-02T03:37:24.356+0000] {processor.py:186} INFO - Started process (PID=1177) to work on /opt/airflow/dags/driven_data_pipeline.py
[2025-07-02T03:37:24.357+0000] {processor.py:914} INFO - Processing file /opt/airflow/dags/driven_data_pipeline.py for tasks to queue
[2025-07-02T03:37:24.360+0000] {logging_mixin.py:190} INFO - [2025-07-02T03:37:24.360+0000] {dagbag.py:588} INFO - Filling up the DagBag from /opt/airflow/dags/driven_data_pipeline.py
[2025-07-02T03:37:24.399+0000] {processor.py:925} INFO - DAG(s) 'extract_raw_data_pipeline' retrieved from /opt/airflow/dags/driven_data_pipeline.py
[2025-07-02T03:37:24.433+0000] {logging_mixin.py:190} INFO - [2025-07-02T03:37:24.433+0000] {dag.py:3239} INFO - Sync 1 DAGs
[2025-07-02T03:37:24.460+0000] {logging_mixin.py:190} INFO - [2025-07-02T03:37:24.460+0000] {dag.py:4180} INFO - Setting next_dagrun for extract_raw_data_pipeline to 2025-07-01 07:59:00+00:00, run_after=2025-07-02 07:00:00+00:00
[2025-07-02T03:37:24.489+0000] {processor.py:208} INFO - Processing /opt/airflow/dags/driven_data_pipeline.py took 0.140 seconds
[2025-07-02T03:37:54.693+0000] {processor.py:186} INFO - Started process (PID=1184) to work on /opt/airflow/dags/driven_data_pipeline.py
[2025-07-02T03:37:54.694+0000] {processor.py:914} INFO - Processing file /opt/airflow/dags/driven_data_pipeline.py for tasks to queue
[2025-07-02T03:37:54.698+0000] {logging_mixin.py:190} INFO - [2025-07-02T03:37:54.698+0000] {dagbag.py:588} INFO - Filling up the DagBag from /opt/airflow/dags/driven_data_pipeline.py
[2025-07-02T03:37:54.773+0000] {processor.py:925} INFO - DAG(s) 'extract_raw_data_pipeline' retrieved from /opt/airflow/dags/driven_data_pipeline.py
[2025-07-02T03:37:54.808+0000] {logging_mixin.py:190} INFO - [2025-07-02T03:37:54.808+0000] {dag.py:3239} INFO - Sync 1 DAGs
[2025-07-02T03:37:54.833+0000] {logging_mixin.py:190} INFO - [2025-07-02T03:37:54.832+0000] {dag.py:4180} INFO - Setting next_dagrun for extract_raw_data_pipeline to 2025-07-01 07:59:00+00:00, run_after=2025-07-02 07:00:00+00:00
[2025-07-02T03:37:54.852+0000] {processor.py:208} INFO - Processing /opt/airflow/dags/driven_data_pipeline.py took 0.165 seconds
[2025-07-02T03:38:25.214+0000] {processor.py:186} INFO - Started process (PID=1192) to work on /opt/airflow/dags/driven_data_pipeline.py
[2025-07-02T03:38:25.216+0000] {processor.py:914} INFO - Processing file /opt/airflow/dags/driven_data_pipeline.py for tasks to queue
[2025-07-02T03:38:25.219+0000] {logging_mixin.py:190} INFO - [2025-07-02T03:38:25.219+0000] {dagbag.py:588} INFO - Filling up the DagBag from /opt/airflow/dags/driven_data_pipeline.py
[2025-07-02T03:38:25.253+0000] {processor.py:925} INFO - DAG(s) 'extract_raw_data_pipeline' retrieved from /opt/airflow/dags/driven_data_pipeline.py
[2025-07-02T03:38:25.279+0000] {logging_mixin.py:190} INFO - [2025-07-02T03:38:25.279+0000] {dag.py:3239} INFO - Sync 1 DAGs
[2025-07-02T03:38:25.301+0000] {logging_mixin.py:190} INFO - [2025-07-02T03:38:25.301+0000] {dag.py:4180} INFO - Setting next_dagrun for extract_raw_data_pipeline to 2025-07-01 07:59:00+00:00, run_after=2025-07-02 07:00:00+00:00
[2025-07-02T03:38:25.326+0000] {processor.py:208} INFO - Processing /opt/airflow/dags/driven_data_pipeline.py took 0.119 seconds
[2025-07-02T03:38:55.548+0000] {processor.py:186} INFO - Started process (PID=1199) to work on /opt/airflow/dags/driven_data_pipeline.py
[2025-07-02T03:38:55.550+0000] {processor.py:914} INFO - Processing file /opt/airflow/dags/driven_data_pipeline.py for tasks to queue
[2025-07-02T03:38:55.553+0000] {logging_mixin.py:190} INFO - [2025-07-02T03:38:55.552+0000] {dagbag.py:588} INFO - Filling up the DagBag from /opt/airflow/dags/driven_data_pipeline.py
[2025-07-02T03:38:55.594+0000] {processor.py:925} INFO - DAG(s) 'extract_raw_data_pipeline' retrieved from /opt/airflow/dags/driven_data_pipeline.py
[2025-07-02T03:38:55.621+0000] {logging_mixin.py:190} INFO - [2025-07-02T03:38:55.621+0000] {dag.py:3239} INFO - Sync 1 DAGs
[2025-07-02T03:38:55.643+0000] {logging_mixin.py:190} INFO - [2025-07-02T03:38:55.643+0000] {dag.py:4180} INFO - Setting next_dagrun for extract_raw_data_pipeline to 2025-07-01 07:59:00+00:00, run_after=2025-07-02 07:00:00+00:00
[2025-07-02T03:38:55.664+0000] {processor.py:208} INFO - Processing /opt/airflow/dags/driven_data_pipeline.py took 0.123 seconds
[2025-07-02T03:39:25.877+0000] {processor.py:186} INFO - Started process (PID=1206) to work on /opt/airflow/dags/driven_data_pipeline.py
[2025-07-02T03:39:25.879+0000] {processor.py:914} INFO - Processing file /opt/airflow/dags/driven_data_pipeline.py for tasks to queue
[2025-07-02T03:39:25.882+0000] {logging_mixin.py:190} INFO - [2025-07-02T03:39:25.882+0000] {dagbag.py:588} INFO - Filling up the DagBag from /opt/airflow/dags/driven_data_pipeline.py
[2025-07-02T03:39:25.922+0000] {processor.py:925} INFO - DAG(s) 'extract_raw_data_pipeline' retrieved from /opt/airflow/dags/driven_data_pipeline.py
[2025-07-02T03:39:25.949+0000] {logging_mixin.py:190} INFO - [2025-07-02T03:39:25.949+0000] {dag.py:3239} INFO - Sync 1 DAGs
[2025-07-02T03:39:25.970+0000] {logging_mixin.py:190} INFO - [2025-07-02T03:39:25.970+0000] {dag.py:4180} INFO - Setting next_dagrun for extract_raw_data_pipeline to 2025-07-01 07:59:00+00:00, run_after=2025-07-02 07:00:00+00:00
[2025-07-02T03:39:25.993+0000] {processor.py:208} INFO - Processing /opt/airflow/dags/driven_data_pipeline.py took 0.122 seconds
[2025-07-02T03:39:56.348+0000] {processor.py:186} INFO - Started process (PID=1213) to work on /opt/airflow/dags/driven_data_pipeline.py
[2025-07-02T03:39:56.349+0000] {processor.py:914} INFO - Processing file /opt/airflow/dags/driven_data_pipeline.py for tasks to queue
[2025-07-02T03:39:56.353+0000] {logging_mixin.py:190} INFO - [2025-07-02T03:39:56.352+0000] {dagbag.py:588} INFO - Filling up the DagBag from /opt/airflow/dags/driven_data_pipeline.py
[2025-07-02T03:39:56.394+0000] {processor.py:925} INFO - DAG(s) 'extract_raw_data_pipeline' retrieved from /opt/airflow/dags/driven_data_pipeline.py
[2025-07-02T03:39:56.421+0000] {logging_mixin.py:190} INFO - [2025-07-02T03:39:56.420+0000] {dag.py:3239} INFO - Sync 1 DAGs
[2025-07-02T03:39:56.444+0000] {logging_mixin.py:190} INFO - [2025-07-02T03:39:56.444+0000] {dag.py:4180} INFO - Setting next_dagrun for extract_raw_data_pipeline to 2025-07-01 07:59:00+00:00, run_after=2025-07-02 07:00:00+00:00
[2025-07-02T03:39:56.466+0000] {processor.py:208} INFO - Processing /opt/airflow/dags/driven_data_pipeline.py took 0.124 seconds
[2025-07-02T03:40:26.706+0000] {processor.py:186} INFO - Started process (PID=1220) to work on /opt/airflow/dags/driven_data_pipeline.py
[2025-07-02T03:40:26.707+0000] {processor.py:914} INFO - Processing file /opt/airflow/dags/driven_data_pipeline.py for tasks to queue
[2025-07-02T03:40:26.710+0000] {logging_mixin.py:190} INFO - [2025-07-02T03:40:26.710+0000] {dagbag.py:588} INFO - Filling up the DagBag from /opt/airflow/dags/driven_data_pipeline.py
[2025-07-02T03:40:26.753+0000] {processor.py:925} INFO - DAG(s) 'extract_raw_data_pipeline' retrieved from /opt/airflow/dags/driven_data_pipeline.py
[2025-07-02T03:40:26.781+0000] {logging_mixin.py:190} INFO - [2025-07-02T03:40:26.780+0000] {dag.py:3239} INFO - Sync 1 DAGs
[2025-07-02T03:40:26.801+0000] {logging_mixin.py:190} INFO - [2025-07-02T03:40:26.801+0000] {dag.py:4180} INFO - Setting next_dagrun for extract_raw_data_pipeline to 2025-07-01 07:59:00+00:00, run_after=2025-07-02 07:00:00+00:00
[2025-07-02T03:40:26.827+0000] {processor.py:208} INFO - Processing /opt/airflow/dags/driven_data_pipeline.py took 0.127 seconds
[2025-07-02T03:40:57.111+0000] {processor.py:186} INFO - Started process (PID=1227) to work on /opt/airflow/dags/driven_data_pipeline.py
[2025-07-02T03:40:57.112+0000] {processor.py:914} INFO - Processing file /opt/airflow/dags/driven_data_pipeline.py for tasks to queue
[2025-07-02T03:40:57.116+0000] {logging_mixin.py:190} INFO - [2025-07-02T03:40:57.115+0000] {dagbag.py:588} INFO - Filling up the DagBag from /opt/airflow/dags/driven_data_pipeline.py
[2025-07-02T03:40:57.156+0000] {processor.py:925} INFO - DAG(s) 'extract_raw_data_pipeline' retrieved from /opt/airflow/dags/driven_data_pipeline.py
[2025-07-02T03:40:57.185+0000] {logging_mixin.py:190} INFO - [2025-07-02T03:40:57.185+0000] {dag.py:3239} INFO - Sync 1 DAGs
[2025-07-02T03:40:57.208+0000] {logging_mixin.py:190} INFO - [2025-07-02T03:40:57.208+0000] {dag.py:4180} INFO - Setting next_dagrun for extract_raw_data_pipeline to 2025-07-01 07:59:00+00:00, run_after=2025-07-02 07:00:00+00:00
[2025-07-02T03:40:57.229+0000] {processor.py:208} INFO - Processing /opt/airflow/dags/driven_data_pipeline.py took 0.125 seconds
[2025-07-02T03:41:27.472+0000] {processor.py:186} INFO - Started process (PID=1234) to work on /opt/airflow/dags/driven_data_pipeline.py
[2025-07-02T03:41:27.474+0000] {processor.py:914} INFO - Processing file /opt/airflow/dags/driven_data_pipeline.py for tasks to queue
[2025-07-02T03:41:27.479+0000] {logging_mixin.py:190} INFO - [2025-07-02T03:41:27.478+0000] {dagbag.py:588} INFO - Filling up the DagBag from /opt/airflow/dags/driven_data_pipeline.py
[2025-07-02T03:41:27.522+0000] {processor.py:925} INFO - DAG(s) 'extract_raw_data_pipeline' retrieved from /opt/airflow/dags/driven_data_pipeline.py
[2025-07-02T03:41:27.552+0000] {logging_mixin.py:190} INFO - [2025-07-02T03:41:27.552+0000] {dag.py:3239} INFO - Sync 1 DAGs
[2025-07-02T03:41:27.577+0000] {logging_mixin.py:190} INFO - [2025-07-02T03:41:27.577+0000] {dag.py:4180} INFO - Setting next_dagrun for extract_raw_data_pipeline to 2025-07-01 07:59:00+00:00, run_after=2025-07-02 07:00:00+00:00
[2025-07-02T03:41:27.604+0000] {processor.py:208} INFO - Processing /opt/airflow/dags/driven_data_pipeline.py took 0.138 seconds
[2025-07-02T03:41:57.918+0000] {processor.py:186} INFO - Started process (PID=1241) to work on /opt/airflow/dags/driven_data_pipeline.py
[2025-07-02T03:41:57.920+0000] {processor.py:914} INFO - Processing file /opt/airflow/dags/driven_data_pipeline.py for tasks to queue
[2025-07-02T03:41:57.926+0000] {logging_mixin.py:190} INFO - [2025-07-02T03:41:57.925+0000] {dagbag.py:588} INFO - Filling up the DagBag from /opt/airflow/dags/driven_data_pipeline.py
[2025-07-02T03:41:57.987+0000] {processor.py:925} INFO - DAG(s) 'extract_raw_data_pipeline' retrieved from /opt/airflow/dags/driven_data_pipeline.py
[2025-07-02T03:41:58.035+0000] {logging_mixin.py:190} INFO - [2025-07-02T03:41:58.034+0000] {dag.py:3239} INFO - Sync 1 DAGs
[2025-07-02T03:41:58.078+0000] {logging_mixin.py:190} INFO - [2025-07-02T03:41:58.077+0000] {dag.py:4180} INFO - Setting next_dagrun for extract_raw_data_pipeline to 2025-07-01 07:59:00+00:00, run_after=2025-07-02 07:00:00+00:00
[2025-07-02T03:41:58.125+0000] {processor.py:208} INFO - Processing /opt/airflow/dags/driven_data_pipeline.py took 0.213 seconds
[2025-07-02T03:42:28.262+0000] {processor.py:186} INFO - Started process (PID=1248) to work on /opt/airflow/dags/driven_data_pipeline.py
[2025-07-02T03:42:28.264+0000] {processor.py:914} INFO - Processing file /opt/airflow/dags/driven_data_pipeline.py for tasks to queue
[2025-07-02T03:42:28.267+0000] {logging_mixin.py:190} INFO - [2025-07-02T03:42:28.266+0000] {dagbag.py:588} INFO - Filling up the DagBag from /opt/airflow/dags/driven_data_pipeline.py
[2025-07-02T03:42:28.299+0000] {processor.py:925} INFO - DAG(s) 'extract_raw_data_pipeline' retrieved from /opt/airflow/dags/driven_data_pipeline.py
[2025-07-02T03:42:28.325+0000] {logging_mixin.py:190} INFO - [2025-07-02T03:42:28.325+0000] {dag.py:3239} INFO - Sync 1 DAGs
[2025-07-02T03:42:28.346+0000] {logging_mixin.py:190} INFO - [2025-07-02T03:42:28.346+0000] {dag.py:4180} INFO - Setting next_dagrun for extract_raw_data_pipeline to 2025-07-01 07:59:00+00:00, run_after=2025-07-02 07:00:00+00:00
[2025-07-02T03:42:28.365+0000] {processor.py:208} INFO - Processing /opt/airflow/dags/driven_data_pipeline.py took 0.108 seconds
[2025-07-02T03:42:58.603+0000] {processor.py:186} INFO - Started process (PID=1255) to work on /opt/airflow/dags/driven_data_pipeline.py
[2025-07-02T03:42:58.605+0000] {processor.py:914} INFO - Processing file /opt/airflow/dags/driven_data_pipeline.py for tasks to queue
[2025-07-02T03:42:58.608+0000] {logging_mixin.py:190} INFO - [2025-07-02T03:42:58.608+0000] {dagbag.py:588} INFO - Filling up the DagBag from /opt/airflow/dags/driven_data_pipeline.py
[2025-07-02T03:42:58.659+0000] {processor.py:925} INFO - DAG(s) 'extract_raw_data_pipeline' retrieved from /opt/airflow/dags/driven_data_pipeline.py
[2025-07-02T03:42:58.690+0000] {logging_mixin.py:190} INFO - [2025-07-02T03:42:58.690+0000] {dag.py:3239} INFO - Sync 1 DAGs
[2025-07-02T03:42:58.717+0000] {logging_mixin.py:190} INFO - [2025-07-02T03:42:58.716+0000] {dag.py:4180} INFO - Setting next_dagrun for extract_raw_data_pipeline to 2025-07-01 07:59:00+00:00, run_after=2025-07-02 07:00:00+00:00
[2025-07-02T03:42:58.744+0000] {processor.py:208} INFO - Processing /opt/airflow/dags/driven_data_pipeline.py took 0.147 seconds
[2025-07-02T03:43:29.030+0000] {processor.py:186} INFO - Started process (PID=1262) to work on /opt/airflow/dags/driven_data_pipeline.py
[2025-07-02T03:43:29.032+0000] {processor.py:914} INFO - Processing file /opt/airflow/dags/driven_data_pipeline.py for tasks to queue
[2025-07-02T03:43:29.034+0000] {logging_mixin.py:190} INFO - [2025-07-02T03:43:29.034+0000] {dagbag.py:588} INFO - Filling up the DagBag from /opt/airflow/dags/driven_data_pipeline.py
[2025-07-02T03:43:29.078+0000] {processor.py:925} INFO - DAG(s) 'extract_raw_data_pipeline' retrieved from /opt/airflow/dags/driven_data_pipeline.py
[2025-07-02T03:43:29.103+0000] {logging_mixin.py:190} INFO - [2025-07-02T03:43:29.103+0000] {dag.py:3239} INFO - Sync 1 DAGs
[2025-07-02T03:43:29.125+0000] {logging_mixin.py:190} INFO - [2025-07-02T03:43:29.125+0000] {dag.py:4180} INFO - Setting next_dagrun for extract_raw_data_pipeline to 2025-07-01 07:59:00+00:00, run_after=2025-07-02 07:00:00+00:00
[2025-07-02T03:43:29.149+0000] {processor.py:208} INFO - Processing /opt/airflow/dags/driven_data_pipeline.py took 0.125 seconds
[2025-07-02T03:43:59.498+0000] {processor.py:186} INFO - Started process (PID=1269) to work on /opt/airflow/dags/driven_data_pipeline.py
[2025-07-02T03:43:59.500+0000] {processor.py:914} INFO - Processing file /opt/airflow/dags/driven_data_pipeline.py for tasks to queue
[2025-07-02T03:43:59.503+0000] {logging_mixin.py:190} INFO - [2025-07-02T03:43:59.502+0000] {dagbag.py:588} INFO - Filling up the DagBag from /opt/airflow/dags/driven_data_pipeline.py
[2025-07-02T03:43:59.537+0000] {processor.py:925} INFO - DAG(s) 'extract_raw_data_pipeline' retrieved from /opt/airflow/dags/driven_data_pipeline.py
[2025-07-02T03:43:59.559+0000] {logging_mixin.py:190} INFO - [2025-07-02T03:43:59.559+0000] {dag.py:3239} INFO - Sync 1 DAGs
[2025-07-02T03:43:59.578+0000] {logging_mixin.py:190} INFO - [2025-07-02T03:43:59.578+0000] {dag.py:4180} INFO - Setting next_dagrun for extract_raw_data_pipeline to 2025-07-01 07:59:00+00:00, run_after=2025-07-02 07:00:00+00:00
[2025-07-02T03:43:59.600+0000] {processor.py:208} INFO - Processing /opt/airflow/dags/driven_data_pipeline.py took 0.108 seconds
[2025-07-02T03:44:29.882+0000] {processor.py:186} INFO - Started process (PID=1276) to work on /opt/airflow/dags/driven_data_pipeline.py
[2025-07-02T03:44:29.883+0000] {processor.py:914} INFO - Processing file /opt/airflow/dags/driven_data_pipeline.py for tasks to queue
[2025-07-02T03:44:29.887+0000] {logging_mixin.py:190} INFO - [2025-07-02T03:44:29.886+0000] {dagbag.py:588} INFO - Filling up the DagBag from /opt/airflow/dags/driven_data_pipeline.py
[2025-07-02T03:44:29.931+0000] {processor.py:925} INFO - DAG(s) 'extract_raw_data_pipeline' retrieved from /opt/airflow/dags/driven_data_pipeline.py
[2025-07-02T03:44:29.958+0000] {logging_mixin.py:190} INFO - [2025-07-02T03:44:29.958+0000] {dag.py:3239} INFO - Sync 1 DAGs
[2025-07-02T03:44:29.980+0000] {logging_mixin.py:190} INFO - [2025-07-02T03:44:29.980+0000] {dag.py:4180} INFO - Setting next_dagrun for extract_raw_data_pipeline to 2025-07-01 07:59:00+00:00, run_after=2025-07-02 07:00:00+00:00
[2025-07-02T03:44:30.003+0000] {processor.py:208} INFO - Processing /opt/airflow/dags/driven_data_pipeline.py took 0.128 seconds
[2025-07-02T03:45:00.274+0000] {processor.py:186} INFO - Started process (PID=1283) to work on /opt/airflow/dags/driven_data_pipeline.py
[2025-07-02T03:45:00.275+0000] {processor.py:914} INFO - Processing file /opt/airflow/dags/driven_data_pipeline.py for tasks to queue
[2025-07-02T03:45:00.278+0000] {logging_mixin.py:190} INFO - [2025-07-02T03:45:00.278+0000] {dagbag.py:588} INFO - Filling up the DagBag from /opt/airflow/dags/driven_data_pipeline.py
[2025-07-02T03:45:00.317+0000] {processor.py:925} INFO - DAG(s) 'extract_raw_data_pipeline' retrieved from /opt/airflow/dags/driven_data_pipeline.py
[2025-07-02T03:45:00.342+0000] {logging_mixin.py:190} INFO - [2025-07-02T03:45:00.342+0000] {dag.py:3239} INFO - Sync 1 DAGs
[2025-07-02T03:45:00.363+0000] {logging_mixin.py:190} INFO - [2025-07-02T03:45:00.363+0000] {dag.py:4180} INFO - Setting next_dagrun for extract_raw_data_pipeline to 2025-07-01 07:59:00+00:00, run_after=2025-07-02 07:00:00+00:00
[2025-07-02T03:45:00.388+0000] {processor.py:208} INFO - Processing /opt/airflow/dags/driven_data_pipeline.py took 0.121 seconds
[2025-07-02T03:45:30.640+0000] {processor.py:186} INFO - Started process (PID=1290) to work on /opt/airflow/dags/driven_data_pipeline.py
[2025-07-02T03:45:30.642+0000] {processor.py:914} INFO - Processing file /opt/airflow/dags/driven_data_pipeline.py for tasks to queue
[2025-07-02T03:45:30.644+0000] {logging_mixin.py:190} INFO - [2025-07-02T03:45:30.644+0000] {dagbag.py:588} INFO - Filling up the DagBag from /opt/airflow/dags/driven_data_pipeline.py
[2025-07-02T03:45:30.676+0000] {processor.py:925} INFO - DAG(s) 'extract_raw_data_pipeline' retrieved from /opt/airflow/dags/driven_data_pipeline.py
[2025-07-02T03:45:30.701+0000] {logging_mixin.py:190} INFO - [2025-07-02T03:45:30.701+0000] {dag.py:3239} INFO - Sync 1 DAGs
[2025-07-02T03:45:30.724+0000] {logging_mixin.py:190} INFO - [2025-07-02T03:45:30.724+0000] {dag.py:4180} INFO - Setting next_dagrun for extract_raw_data_pipeline to 2025-07-01 07:59:00+00:00, run_after=2025-07-02 07:00:00+00:00
[2025-07-02T03:45:30.746+0000] {processor.py:208} INFO - Processing /opt/airflow/dags/driven_data_pipeline.py took 0.111 seconds
[2025-07-02T03:46:01.098+0000] {processor.py:186} INFO - Started process (PID=1297) to work on /opt/airflow/dags/driven_data_pipeline.py
[2025-07-02T03:46:01.100+0000] {processor.py:914} INFO - Processing file /opt/airflow/dags/driven_data_pipeline.py for tasks to queue
[2025-07-02T03:46:01.106+0000] {logging_mixin.py:190} INFO - [2025-07-02T03:46:01.104+0000] {dagbag.py:588} INFO - Filling up the DagBag from /opt/airflow/dags/driven_data_pipeline.py
[2025-07-02T03:46:01.169+0000] {processor.py:925} INFO - DAG(s) 'extract_raw_data_pipeline' retrieved from /opt/airflow/dags/driven_data_pipeline.py
[2025-07-02T03:46:01.217+0000] {logging_mixin.py:190} INFO - [2025-07-02T03:46:01.217+0000] {dag.py:3239} INFO - Sync 1 DAGs
[2025-07-02T03:46:01.250+0000] {logging_mixin.py:190} INFO - [2025-07-02T03:46:01.249+0000] {dag.py:4180} INFO - Setting next_dagrun for extract_raw_data_pipeline to 2025-07-01 07:59:00+00:00, run_after=2025-07-02 07:00:00+00:00
[2025-07-02T03:46:01.274+0000] {processor.py:208} INFO - Processing /opt/airflow/dags/driven_data_pipeline.py took 0.189 seconds
[2025-07-02T03:46:31.420+0000] {processor.py:186} INFO - Started process (PID=1304) to work on /opt/airflow/dags/driven_data_pipeline.py
[2025-07-02T03:46:31.421+0000] {processor.py:914} INFO - Processing file /opt/airflow/dags/driven_data_pipeline.py for tasks to queue
[2025-07-02T03:46:31.424+0000] {logging_mixin.py:190} INFO - [2025-07-02T03:46:31.423+0000] {dagbag.py:588} INFO - Filling up the DagBag from /opt/airflow/dags/driven_data_pipeline.py
[2025-07-02T03:46:31.467+0000] {processor.py:925} INFO - DAG(s) 'extract_raw_data_pipeline' retrieved from /opt/airflow/dags/driven_data_pipeline.py
[2025-07-02T03:46:31.504+0000] {logging_mixin.py:190} INFO - [2025-07-02T03:46:31.503+0000] {dag.py:3239} INFO - Sync 1 DAGs
[2025-07-02T03:46:31.527+0000] {logging_mixin.py:190} INFO - [2025-07-02T03:46:31.527+0000] {dag.py:4180} INFO - Setting next_dagrun for extract_raw_data_pipeline to 2025-07-01 07:59:00+00:00, run_after=2025-07-02 07:00:00+00:00
[2025-07-02T03:46:31.553+0000] {processor.py:208} INFO - Processing /opt/airflow/dags/driven_data_pipeline.py took 0.139 seconds
[2025-07-02T03:47:01.928+0000] {processor.py:186} INFO - Started process (PID=1317) to work on /opt/airflow/dags/driven_data_pipeline.py
[2025-07-02T03:47:01.930+0000] {processor.py:914} INFO - Processing file /opt/airflow/dags/driven_data_pipeline.py for tasks to queue
[2025-07-02T03:47:01.932+0000] {logging_mixin.py:190} INFO - [2025-07-02T03:47:01.932+0000] {dagbag.py:588} INFO - Filling up the DagBag from /opt/airflow/dags/driven_data_pipeline.py
[2025-07-02T03:47:01.971+0000] {processor.py:925} INFO - DAG(s) 'extract_raw_data_pipeline' retrieved from /opt/airflow/dags/driven_data_pipeline.py
[2025-07-02T03:47:01.994+0000] {logging_mixin.py:190} INFO - [2025-07-02T03:47:01.993+0000] {dag.py:3239} INFO - Sync 1 DAGs
[2025-07-02T03:47:02.013+0000] {logging_mixin.py:190} INFO - [2025-07-02T03:47:02.012+0000] {dag.py:4180} INFO - Setting next_dagrun for extract_raw_data_pipeline to 2025-07-01 07:59:00+00:00, run_after=2025-07-02 07:00:00+00:00
[2025-07-02T03:47:02.038+0000] {processor.py:208} INFO - Processing /opt/airflow/dags/driven_data_pipeline.py took 0.115 seconds
[2025-07-02T03:47:32.252+0000] {processor.py:186} INFO - Started process (PID=1324) to work on /opt/airflow/dags/driven_data_pipeline.py
[2025-07-02T03:47:32.254+0000] {processor.py:914} INFO - Processing file /opt/airflow/dags/driven_data_pipeline.py for tasks to queue
[2025-07-02T03:47:32.257+0000] {logging_mixin.py:190} INFO - [2025-07-02T03:47:32.257+0000] {dagbag.py:588} INFO - Filling up the DagBag from /opt/airflow/dags/driven_data_pipeline.py
[2025-07-02T03:47:32.303+0000] {processor.py:925} INFO - DAG(s) 'extract_raw_data_pipeline' retrieved from /opt/airflow/dags/driven_data_pipeline.py
[2025-07-02T03:47:32.335+0000] {logging_mixin.py:190} INFO - [2025-07-02T03:47:32.334+0000] {dag.py:3239} INFO - Sync 1 DAGs
[2025-07-02T03:47:32.359+0000] {logging_mixin.py:190} INFO - [2025-07-02T03:47:32.359+0000] {dag.py:4180} INFO - Setting next_dagrun for extract_raw_data_pipeline to 2025-07-01 07:59:00+00:00, run_after=2025-07-02 07:00:00+00:00
[2025-07-02T03:47:32.382+0000] {processor.py:208} INFO - Processing /opt/airflow/dags/driven_data_pipeline.py took 0.138 seconds
[2025-07-02T03:48:02.691+0000] {processor.py:186} INFO - Started process (PID=1331) to work on /opt/airflow/dags/driven_data_pipeline.py
[2025-07-02T03:48:02.693+0000] {processor.py:914} INFO - Processing file /opt/airflow/dags/driven_data_pipeline.py for tasks to queue
[2025-07-02T03:48:02.697+0000] {logging_mixin.py:190} INFO - [2025-07-02T03:48:02.696+0000] {dagbag.py:588} INFO - Filling up the DagBag from /opt/airflow/dags/driven_data_pipeline.py
[2025-07-02T03:48:02.735+0000] {processor.py:925} INFO - DAG(s) 'extract_raw_data_pipeline' retrieved from /opt/airflow/dags/driven_data_pipeline.py
[2025-07-02T03:48:02.761+0000] {logging_mixin.py:190} INFO - [2025-07-02T03:48:02.761+0000] {dag.py:3239} INFO - Sync 1 DAGs
[2025-07-02T03:48:02.787+0000] {logging_mixin.py:190} INFO - [2025-07-02T03:48:02.786+0000] {dag.py:4180} INFO - Setting next_dagrun for extract_raw_data_pipeline to 2025-07-01 07:59:00+00:00, run_after=2025-07-02 07:00:00+00:00
[2025-07-02T03:48:02.813+0000] {processor.py:208} INFO - Processing /opt/airflow/dags/driven_data_pipeline.py took 0.128 seconds
[2025-07-02T03:48:33.207+0000] {processor.py:186} INFO - Started process (PID=1338) to work on /opt/airflow/dags/driven_data_pipeline.py
[2025-07-02T03:48:33.208+0000] {processor.py:914} INFO - Processing file /opt/airflow/dags/driven_data_pipeline.py for tasks to queue
[2025-07-02T03:48:33.211+0000] {logging_mixin.py:190} INFO - [2025-07-02T03:48:33.211+0000] {dagbag.py:588} INFO - Filling up the DagBag from /opt/airflow/dags/driven_data_pipeline.py
[2025-07-02T03:48:33.248+0000] {processor.py:925} INFO - DAG(s) 'extract_raw_data_pipeline' retrieved from /opt/airflow/dags/driven_data_pipeline.py
[2025-07-02T03:48:33.273+0000] {logging_mixin.py:190} INFO - [2025-07-02T03:48:33.273+0000] {dag.py:3239} INFO - Sync 1 DAGs
[2025-07-02T03:48:33.294+0000] {logging_mixin.py:190} INFO - [2025-07-02T03:48:33.293+0000] {dag.py:4180} INFO - Setting next_dagrun for extract_raw_data_pipeline to 2025-07-01 07:59:00+00:00, run_after=2025-07-02 07:00:00+00:00
[2025-07-02T03:48:33.313+0000] {processor.py:208} INFO - Processing /opt/airflow/dags/driven_data_pipeline.py took 0.112 seconds
[2025-07-02T04:07:44.216+0000] {processor.py:186} INFO - Started process (PID=1339) to work on /opt/airflow/dags/driven_data_pipeline.py
[2025-07-02T04:07:44.220+0000] {processor.py:914} INFO - Processing file /opt/airflow/dags/driven_data_pipeline.py for tasks to queue
[2025-07-02T04:07:44.238+0000] {logging_mixin.py:190} INFO - [2025-07-02T04:07:44.227+0000] {dagbag.py:588} INFO - Filling up the DagBag from /opt/airflow/dags/driven_data_pipeline.py
[2025-07-02T04:07:44.398+0000] {processor.py:925} INFO - DAG(s) 'extract_raw_data_pipeline' retrieved from /opt/airflow/dags/driven_data_pipeline.py
[2025-07-02T04:07:44.542+0000] {logging_mixin.py:190} INFO - [2025-07-02T04:07:44.542+0000] {dag.py:3239} INFO - Sync 1 DAGs
[2025-07-02T04:07:44.660+0000] {logging_mixin.py:190} INFO - [2025-07-02T04:07:44.660+0000] {dag.py:4180} INFO - Setting next_dagrun for extract_raw_data_pipeline to 2025-07-01 07:59:00+00:00, run_after=2025-07-02 07:00:00+00:00
[2025-07-02T04:07:44.745+0000] {processor.py:208} INFO - Processing /opt/airflow/dags/driven_data_pipeline.py took 0.566 seconds
[2025-07-02T07:18:06.086+0000] {processor.py:186} INFO - Started process (PID=1344) to work on /opt/airflow/dags/driven_data_pipeline.py
[2025-07-02T07:18:06.114+0000] {processor.py:914} INFO - Processing file /opt/airflow/dags/driven_data_pipeline.py for tasks to queue
[2025-07-02T07:18:06.131+0000] {logging_mixin.py:190} INFO - [2025-07-02T07:18:06.130+0000] {dagbag.py:588} INFO - Filling up the DagBag from /opt/airflow/dags/driven_data_pipeline.py
[2025-07-02T07:18:06.480+0000] {processor.py:925} INFO - DAG(s) 'extract_raw_data_pipeline' retrieved from /opt/airflow/dags/driven_data_pipeline.py
[2025-07-02T07:18:06.625+0000] {logging_mixin.py:190} INFO - [2025-07-02T07:18:06.625+0000] {dag.py:3239} INFO - Sync 1 DAGs
[2025-07-02T07:18:06.766+0000] {logging_mixin.py:190} INFO - [2025-07-02T07:18:06.766+0000] {dag.py:4180} INFO - Setting next_dagrun for extract_raw_data_pipeline to 2025-07-02 07:18:00+00:00, run_after=2025-07-02 07:19:00+00:00
[2025-07-02T07:18:06.849+0000] {processor.py:208} INFO - Processing /opt/airflow/dags/driven_data_pipeline.py took 0.784 seconds
[2025-07-02T18:01:02.622+0000] {processor.py:186} INFO - Started process (PID=1367) to work on /opt/airflow/dags/driven_data_pipeline.py
[2025-07-02T18:01:02.638+0000] {processor.py:914} INFO - Processing file /opt/airflow/dags/driven_data_pipeline.py for tasks to queue
[2025-07-02T18:01:02.693+0000] {logging_mixin.py:190} INFO - [2025-07-02T18:01:02.692+0000] {dagbag.py:588} INFO - Filling up the DagBag from /opt/airflow/dags/driven_data_pipeline.py
[2025-07-02T18:01:04.275+0000] {processor.py:925} INFO - DAG(s) 'extract_raw_data_pipeline' retrieved from /opt/airflow/dags/driven_data_pipeline.py
[2025-07-02T18:01:04.628+0000] {logging_mixin.py:190} INFO - [2025-07-02T18:01:04.627+0000] {dag.py:3239} INFO - Sync 1 DAGs
[2025-07-02T18:01:04.843+0000] {logging_mixin.py:190} INFO - [2025-07-02T18:01:04.842+0000] {dag.py:4180} INFO - Setting next_dagrun for extract_raw_data_pipeline to 2025-07-02 07:59:00+00:00, run_after=2025-07-03 07:00:00+00:00
[2025-07-02T18:01:05.012+0000] {processor.py:208} INFO - Processing /opt/airflow/dags/driven_data_pipeline.py took 2.445 seconds
[2025-07-02T18:01:35.350+0000] {processor.py:186} INFO - Started process (PID=1379) to work on /opt/airflow/dags/driven_data_pipeline.py
[2025-07-02T18:01:35.352+0000] {processor.py:914} INFO - Processing file /opt/airflow/dags/driven_data_pipeline.py for tasks to queue
[2025-07-02T18:01:35.361+0000] {logging_mixin.py:190} INFO - [2025-07-02T18:01:35.360+0000] {dagbag.py:588} INFO - Filling up the DagBag from /opt/airflow/dags/driven_data_pipeline.py
[2025-07-02T18:01:35.458+0000] {processor.py:925} INFO - DAG(s) 'extract_raw_data_pipeline' retrieved from /opt/airflow/dags/driven_data_pipeline.py
[2025-07-02T18:01:35.536+0000] {logging_mixin.py:190} INFO - [2025-07-02T18:01:35.536+0000] {dag.py:3239} INFO - Sync 1 DAGs
[2025-07-02T18:01:35.601+0000] {logging_mixin.py:190} INFO - [2025-07-02T18:01:35.601+0000] {dag.py:4180} INFO - Setting next_dagrun for extract_raw_data_pipeline to 2025-07-02 07:59:00+00:00, run_after=2025-07-03 07:00:00+00:00
[2025-07-02T18:01:35.649+0000] {processor.py:208} INFO - Processing /opt/airflow/dags/driven_data_pipeline.py took 0.336 seconds
[2025-07-02T18:02:05.778+0000] {processor.py:186} INFO - Started process (PID=1386) to work on /opt/airflow/dags/driven_data_pipeline.py
[2025-07-02T18:02:05.780+0000] {processor.py:914} INFO - Processing file /opt/airflow/dags/driven_data_pipeline.py for tasks to queue
[2025-07-02T18:02:05.783+0000] {logging_mixin.py:190} INFO - [2025-07-02T18:02:05.783+0000] {dagbag.py:588} INFO - Filling up the DagBag from /opt/airflow/dags/driven_data_pipeline.py
[2025-07-02T18:02:05.859+0000] {processor.py:925} INFO - DAG(s) 'extract_raw_data_pipeline' retrieved from /opt/airflow/dags/driven_data_pipeline.py
[2025-07-02T18:02:05.904+0000] {logging_mixin.py:190} INFO - [2025-07-02T18:02:05.903+0000] {dag.py:3239} INFO - Sync 1 DAGs
[2025-07-02T18:02:05.947+0000] {logging_mixin.py:190} INFO - [2025-07-02T18:02:05.947+0000] {dag.py:4180} INFO - Setting next_dagrun for extract_raw_data_pipeline to 2025-07-02 07:59:00+00:00, run_after=2025-07-03 07:00:00+00:00
[2025-07-02T18:02:05.976+0000] {processor.py:208} INFO - Processing /opt/airflow/dags/driven_data_pipeline.py took 0.208 seconds
[2025-07-02T18:02:36.073+0000] {processor.py:186} INFO - Started process (PID=1393) to work on /opt/airflow/dags/driven_data_pipeline.py
[2025-07-02T18:02:36.075+0000] {processor.py:914} INFO - Processing file /opt/airflow/dags/driven_data_pipeline.py for tasks to queue
[2025-07-02T18:02:36.078+0000] {logging_mixin.py:190} INFO - [2025-07-02T18:02:36.077+0000] {dagbag.py:588} INFO - Filling up the DagBag from /opt/airflow/dags/driven_data_pipeline.py
[2025-07-02T18:02:36.115+0000] {processor.py:925} INFO - DAG(s) 'extract_raw_data_pipeline' retrieved from /opt/airflow/dags/driven_data_pipeline.py
[2025-07-02T18:02:36.146+0000] {logging_mixin.py:190} INFO - [2025-07-02T18:02:36.146+0000] {dag.py:3239} INFO - Sync 1 DAGs
[2025-07-02T18:02:36.172+0000] {logging_mixin.py:190} INFO - [2025-07-02T18:02:36.171+0000] {dag.py:4180} INFO - Setting next_dagrun for extract_raw_data_pipeline to 2025-07-02 07:59:00+00:00, run_after=2025-07-03 07:00:00+00:00
[2025-07-02T18:02:36.194+0000] {processor.py:208} INFO - Processing /opt/airflow/dags/driven_data_pipeline.py took 0.129 seconds
[2025-07-02T18:03:06.408+0000] {processor.py:186} INFO - Started process (PID=1400) to work on /opt/airflow/dags/driven_data_pipeline.py
[2025-07-02T18:03:06.410+0000] {processor.py:914} INFO - Processing file /opt/airflow/dags/driven_data_pipeline.py for tasks to queue
[2025-07-02T18:03:06.414+0000] {logging_mixin.py:190} INFO - [2025-07-02T18:03:06.413+0000] {dagbag.py:588} INFO - Filling up the DagBag from /opt/airflow/dags/driven_data_pipeline.py
[2025-07-02T18:03:06.467+0000] {processor.py:925} INFO - DAG(s) 'extract_raw_data_pipeline' retrieved from /opt/airflow/dags/driven_data_pipeline.py
[2025-07-02T18:03:06.498+0000] {logging_mixin.py:190} INFO - [2025-07-02T18:03:06.498+0000] {dag.py:3239} INFO - Sync 1 DAGs
[2025-07-02T18:03:06.522+0000] {logging_mixin.py:190} INFO - [2025-07-02T18:03:06.522+0000] {dag.py:4180} INFO - Setting next_dagrun for extract_raw_data_pipeline to 2025-07-02 07:59:00+00:00, run_after=2025-07-03 07:00:00+00:00
[2025-07-02T18:03:06.544+0000] {processor.py:208} INFO - Processing /opt/airflow/dags/driven_data_pipeline.py took 0.142 seconds
[2025-07-02T18:03:36.832+0000] {processor.py:186} INFO - Started process (PID=1407) to work on /opt/airflow/dags/driven_data_pipeline.py
[2025-07-02T18:03:36.833+0000] {processor.py:914} INFO - Processing file /opt/airflow/dags/driven_data_pipeline.py for tasks to queue
[2025-07-02T18:03:36.836+0000] {logging_mixin.py:190} INFO - [2025-07-02T18:03:36.836+0000] {dagbag.py:588} INFO - Filling up the DagBag from /opt/airflow/dags/driven_data_pipeline.py
[2025-07-02T18:03:36.890+0000] {processor.py:925} INFO - DAG(s) 'extract_raw_data_pipeline' retrieved from /opt/airflow/dags/driven_data_pipeline.py
[2025-07-02T18:03:36.925+0000] {logging_mixin.py:190} INFO - [2025-07-02T18:03:36.925+0000] {dag.py:3239} INFO - Sync 1 DAGs
[2025-07-02T18:03:36.948+0000] {logging_mixin.py:190} INFO - [2025-07-02T18:03:36.948+0000] {dag.py:4180} INFO - Setting next_dagrun for extract_raw_data_pipeline to 2025-07-02 07:59:00+00:00, run_after=2025-07-03 07:00:00+00:00
[2025-07-02T18:03:36.971+0000] {processor.py:208} INFO - Processing /opt/airflow/dags/driven_data_pipeline.py took 0.145 seconds
[2025-07-02T18:04:07.175+0000] {processor.py:186} INFO - Started process (PID=1414) to work on /opt/airflow/dags/driven_data_pipeline.py
[2025-07-02T18:04:07.177+0000] {processor.py:914} INFO - Processing file /opt/airflow/dags/driven_data_pipeline.py for tasks to queue
[2025-07-02T18:04:07.181+0000] {logging_mixin.py:190} INFO - [2025-07-02T18:04:07.180+0000] {dagbag.py:588} INFO - Filling up the DagBag from /opt/airflow/dags/driven_data_pipeline.py
[2025-07-02T18:04:07.227+0000] {processor.py:925} INFO - DAG(s) 'extract_raw_data_pipeline' retrieved from /opt/airflow/dags/driven_data_pipeline.py
[2025-07-02T18:04:07.267+0000] {logging_mixin.py:190} INFO - [2025-07-02T18:04:07.266+0000] {dag.py:3239} INFO - Sync 1 DAGs
[2025-07-02T18:04:07.301+0000] {logging_mixin.py:190} INFO - [2025-07-02T18:04:07.300+0000] {dag.py:4180} INFO - Setting next_dagrun for extract_raw_data_pipeline to 2025-07-02 07:59:00+00:00, run_after=2025-07-03 07:00:00+00:00
[2025-07-02T18:04:07.335+0000] {processor.py:208} INFO - Processing /opt/airflow/dags/driven_data_pipeline.py took 0.172 seconds
[2025-07-02T18:05:41.375+0000] {processor.py:186} INFO - Started process (PID=1415) to work on /opt/airflow/dags/driven_data_pipeline.py
[2025-07-02T18:05:41.378+0000] {processor.py:914} INFO - Processing file /opt/airflow/dags/driven_data_pipeline.py for tasks to queue
[2025-07-02T18:05:41.385+0000] {logging_mixin.py:190} INFO - [2025-07-02T18:05:41.385+0000] {dagbag.py:588} INFO - Filling up the DagBag from /opt/airflow/dags/driven_data_pipeline.py
[2025-07-02T18:05:41.467+0000] {processor.py:925} INFO - DAG(s) 'extract_raw_data_pipeline' retrieved from /opt/airflow/dags/driven_data_pipeline.py
[2025-07-02T18:05:41.548+0000] {logging_mixin.py:190} INFO - [2025-07-02T18:05:41.547+0000] {dag.py:3239} INFO - Sync 1 DAGs
[2025-07-02T18:05:41.632+0000] {logging_mixin.py:190} INFO - [2025-07-02T18:05:41.631+0000] {dag.py:4180} INFO - Setting next_dagrun for extract_raw_data_pipeline to 2025-07-02 07:59:00+00:00, run_after=2025-07-03 07:00:00+00:00
[2025-07-02T18:05:41.766+0000] {processor.py:208} INFO - Processing /opt/airflow/dags/driven_data_pipeline.py took 0.401 seconds
[2025-07-02T18:06:12.302+0000] {processor.py:186} INFO - Started process (PID=1422) to work on /opt/airflow/dags/driven_data_pipeline.py
[2025-07-02T18:06:12.303+0000] {processor.py:914} INFO - Processing file /opt/airflow/dags/driven_data_pipeline.py for tasks to queue
[2025-07-02T18:06:12.307+0000] {logging_mixin.py:190} INFO - [2025-07-02T18:06:12.306+0000] {dagbag.py:588} INFO - Filling up the DagBag from /opt/airflow/dags/driven_data_pipeline.py
[2025-07-02T18:06:12.361+0000] {processor.py:925} INFO - DAG(s) 'extract_raw_data_pipeline' retrieved from /opt/airflow/dags/driven_data_pipeline.py
[2025-07-02T18:06:12.394+0000] {logging_mixin.py:190} INFO - [2025-07-02T18:06:12.394+0000] {dag.py:3239} INFO - Sync 1 DAGs
[2025-07-02T18:06:12.421+0000] {logging_mixin.py:190} INFO - [2025-07-02T18:06:12.421+0000] {dag.py:4180} INFO - Setting next_dagrun for extract_raw_data_pipeline to 2025-07-02 07:59:00+00:00, run_after=2025-07-03 07:00:00+00:00
[2025-07-02T18:06:12.446+0000] {processor.py:208} INFO - Processing /opt/airflow/dags/driven_data_pipeline.py took 0.153 seconds
[2025-07-02T18:06:42.656+0000] {processor.py:186} INFO - Started process (PID=1429) to work on /opt/airflow/dags/driven_data_pipeline.py
[2025-07-02T18:06:42.658+0000] {processor.py:914} INFO - Processing file /opt/airflow/dags/driven_data_pipeline.py for tasks to queue
[2025-07-02T18:06:42.662+0000] {logging_mixin.py:190} INFO - [2025-07-02T18:06:42.662+0000] {dagbag.py:588} INFO - Filling up the DagBag from /opt/airflow/dags/driven_data_pipeline.py
[2025-07-02T18:06:42.717+0000] {processor.py:925} INFO - DAG(s) 'extract_raw_data_pipeline' retrieved from /opt/airflow/dags/driven_data_pipeline.py
[2025-07-02T18:06:42.758+0000] {logging_mixin.py:190} INFO - [2025-07-02T18:06:42.758+0000] {dag.py:3239} INFO - Sync 1 DAGs
[2025-07-02T18:06:42.823+0000] {logging_mixin.py:190} INFO - [2025-07-02T18:06:42.823+0000] {dag.py:4180} INFO - Setting next_dagrun for extract_raw_data_pipeline to 2025-07-02 07:59:00+00:00, run_after=2025-07-03 07:00:00+00:00
[2025-07-02T18:06:42.862+0000] {processor.py:208} INFO - Processing /opt/airflow/dags/driven_data_pipeline.py took 0.216 seconds
[2025-07-02T18:07:13.188+0000] {processor.py:186} INFO - Started process (PID=1436) to work on /opt/airflow/dags/driven_data_pipeline.py
[2025-07-02T18:07:13.190+0000] {processor.py:914} INFO - Processing file /opt/airflow/dags/driven_data_pipeline.py for tasks to queue
[2025-07-02T18:07:13.195+0000] {logging_mixin.py:190} INFO - [2025-07-02T18:07:13.194+0000] {dagbag.py:588} INFO - Filling up the DagBag from /opt/airflow/dags/driven_data_pipeline.py
[2025-07-02T18:07:13.244+0000] {processor.py:925} INFO - DAG(s) 'extract_raw_data_pipeline' retrieved from /opt/airflow/dags/driven_data_pipeline.py
[2025-07-02T18:07:13.279+0000] {logging_mixin.py:190} INFO - [2025-07-02T18:07:13.278+0000] {dag.py:3239} INFO - Sync 1 DAGs
[2025-07-02T18:07:13.305+0000] {logging_mixin.py:190} INFO - [2025-07-02T18:07:13.305+0000] {dag.py:4180} INFO - Setting next_dagrun for extract_raw_data_pipeline to 2025-07-02 07:59:00+00:00, run_after=2025-07-03 07:00:00+00:00
[2025-07-02T18:07:13.330+0000] {processor.py:208} INFO - Processing /opt/airflow/dags/driven_data_pipeline.py took 0.152 seconds
[2025-07-02T18:07:43.647+0000] {processor.py:186} INFO - Started process (PID=1442) to work on /opt/airflow/dags/driven_data_pipeline.py
[2025-07-02T18:07:43.649+0000] {processor.py:914} INFO - Processing file /opt/airflow/dags/driven_data_pipeline.py for tasks to queue
[2025-07-02T18:07:43.655+0000] {logging_mixin.py:190} INFO - [2025-07-02T18:07:43.654+0000] {dagbag.py:588} INFO - Filling up the DagBag from /opt/airflow/dags/driven_data_pipeline.py
[2025-07-02T18:07:43.719+0000] {processor.py:925} INFO - DAG(s) 'extract_raw_data_pipeline' retrieved from /opt/airflow/dags/driven_data_pipeline.py
[2025-07-02T18:07:43.758+0000] {logging_mixin.py:190} INFO - [2025-07-02T18:07:43.757+0000] {dag.py:3239} INFO - Sync 1 DAGs
[2025-07-02T18:07:43.793+0000] {logging_mixin.py:190} INFO - [2025-07-02T18:07:43.793+0000] {dag.py:4180} INFO - Setting next_dagrun for extract_raw_data_pipeline to 2025-07-02 07:59:00+00:00, run_after=2025-07-03 07:00:00+00:00
[2025-07-02T18:07:43.823+0000] {processor.py:208} INFO - Processing /opt/airflow/dags/driven_data_pipeline.py took 0.187 seconds
[2025-07-02T18:08:14.032+0000] {processor.py:186} INFO - Started process (PID=1449) to work on /opt/airflow/dags/driven_data_pipeline.py
[2025-07-02T18:08:14.034+0000] {processor.py:914} INFO - Processing file /opt/airflow/dags/driven_data_pipeline.py for tasks to queue
[2025-07-02T18:08:14.038+0000] {logging_mixin.py:190} INFO - [2025-07-02T18:08:14.037+0000] {dagbag.py:588} INFO - Filling up the DagBag from /opt/airflow/dags/driven_data_pipeline.py
[2025-07-02T18:08:14.093+0000] {processor.py:925} INFO - DAG(s) 'extract_raw_data_pipeline' retrieved from /opt/airflow/dags/driven_data_pipeline.py
[2025-07-02T18:08:14.125+0000] {logging_mixin.py:190} INFO - [2025-07-02T18:08:14.124+0000] {dag.py:3239} INFO - Sync 1 DAGs
[2025-07-02T18:08:14.153+0000] {logging_mixin.py:190} INFO - [2025-07-02T18:08:14.152+0000] {dag.py:4180} INFO - Setting next_dagrun for extract_raw_data_pipeline to 2025-07-02 07:59:00+00:00, run_after=2025-07-03 07:00:00+00:00
[2025-07-02T18:08:14.180+0000] {processor.py:208} INFO - Processing /opt/airflow/dags/driven_data_pipeline.py took 0.155 seconds
[2025-07-02T18:08:44.575+0000] {processor.py:186} INFO - Started process (PID=1456) to work on /opt/airflow/dags/driven_data_pipeline.py
[2025-07-02T18:08:44.577+0000] {processor.py:914} INFO - Processing file /opt/airflow/dags/driven_data_pipeline.py for tasks to queue
[2025-07-02T18:08:44.580+0000] {logging_mixin.py:190} INFO - [2025-07-02T18:08:44.580+0000] {dagbag.py:588} INFO - Filling up the DagBag from /opt/airflow/dags/driven_data_pipeline.py
[2025-07-02T18:08:44.631+0000] {processor.py:925} INFO - DAG(s) 'extract_raw_data_pipeline' retrieved from /opt/airflow/dags/driven_data_pipeline.py
[2025-07-02T18:08:44.662+0000] {logging_mixin.py:190} INFO - [2025-07-02T18:08:44.662+0000] {dag.py:3239} INFO - Sync 1 DAGs
[2025-07-02T18:08:44.691+0000] {logging_mixin.py:190} INFO - [2025-07-02T18:08:44.691+0000] {dag.py:4180} INFO - Setting next_dagrun for extract_raw_data_pipeline to 2025-07-02 07:59:00+00:00, run_after=2025-07-03 07:00:00+00:00
[2025-07-02T18:08:44.719+0000] {processor.py:208} INFO - Processing /opt/airflow/dags/driven_data_pipeline.py took 0.151 seconds
[2025-07-02T18:09:14.882+0000] {processor.py:186} INFO - Started process (PID=1463) to work on /opt/airflow/dags/driven_data_pipeline.py
[2025-07-02T18:09:14.884+0000] {processor.py:914} INFO - Processing file /opt/airflow/dags/driven_data_pipeline.py for tasks to queue
[2025-07-02T18:09:14.888+0000] {logging_mixin.py:190} INFO - [2025-07-02T18:09:14.887+0000] {dagbag.py:588} INFO - Filling up the DagBag from /opt/airflow/dags/driven_data_pipeline.py
[2025-07-02T18:09:14.924+0000] {processor.py:925} INFO - DAG(s) 'extract_raw_data_pipeline' retrieved from /opt/airflow/dags/driven_data_pipeline.py
[2025-07-02T18:09:14.965+0000] {logging_mixin.py:190} INFO - [2025-07-02T18:09:14.965+0000] {dag.py:3239} INFO - Sync 1 DAGs
[2025-07-02T18:09:14.997+0000] {logging_mixin.py:190} INFO - [2025-07-02T18:09:14.997+0000] {dag.py:4180} INFO - Setting next_dagrun for extract_raw_data_pipeline to 2025-07-02 07:59:00+00:00, run_after=2025-07-03 07:00:00+00:00
[2025-07-02T18:09:15.022+0000] {processor.py:208} INFO - Processing /opt/airflow/dags/driven_data_pipeline.py took 0.149 seconds
[2025-07-02T18:13:09.426+0000] {processor.py:186} INFO - Started process (PID=1470) to work on /opt/airflow/dags/driven_data_pipeline.py
[2025-07-02T18:13:09.429+0000] {processor.py:914} INFO - Processing file /opt/airflow/dags/driven_data_pipeline.py for tasks to queue
[2025-07-02T18:13:09.435+0000] {logging_mixin.py:190} INFO - [2025-07-02T18:13:09.435+0000] {dagbag.py:588} INFO - Filling up the DagBag from /opt/airflow/dags/driven_data_pipeline.py
[2025-07-02T18:13:09.501+0000] {processor.py:925} INFO - DAG(s) 'extract_raw_data_pipeline' retrieved from /opt/airflow/dags/driven_data_pipeline.py
[2025-07-02T18:13:09.566+0000] {logging_mixin.py:190} INFO - [2025-07-02T18:13:09.566+0000] {dag.py:3239} INFO - Sync 1 DAGs
[2025-07-02T18:13:09.610+0000] {logging_mixin.py:190} INFO - [2025-07-02T18:13:09.609+0000] {dag.py:4180} INFO - Setting next_dagrun for extract_raw_data_pipeline to 2025-07-02 07:59:00+00:00, run_after=2025-07-03 07:00:00+00:00
[2025-07-02T18:13:09.651+0000] {processor.py:208} INFO - Processing /opt/airflow/dags/driven_data_pipeline.py took 0.248 seconds
[2025-07-02T18:13:39.907+0000] {processor.py:186} INFO - Started process (PID=1477) to work on /opt/airflow/dags/driven_data_pipeline.py
[2025-07-02T18:13:39.909+0000] {processor.py:914} INFO - Processing file /opt/airflow/dags/driven_data_pipeline.py for tasks to queue
[2025-07-02T18:13:39.912+0000] {logging_mixin.py:190} INFO - [2025-07-02T18:13:39.912+0000] {dagbag.py:588} INFO - Filling up the DagBag from /opt/airflow/dags/driven_data_pipeline.py
[2025-07-02T18:13:39.959+0000] {processor.py:925} INFO - DAG(s) 'extract_raw_data_pipeline' retrieved from /opt/airflow/dags/driven_data_pipeline.py
[2025-07-02T18:13:39.998+0000] {logging_mixin.py:190} INFO - [2025-07-02T18:13:39.998+0000] {dag.py:3239} INFO - Sync 1 DAGs
[2025-07-02T18:13:40.034+0000] {logging_mixin.py:190} INFO - [2025-07-02T18:13:40.034+0000] {dag.py:4180} INFO - Setting next_dagrun for extract_raw_data_pipeline to 2025-07-02 07:59:00+00:00, run_after=2025-07-03 07:00:00+00:00
[2025-07-02T18:13:40.067+0000] {processor.py:208} INFO - Processing /opt/airflow/dags/driven_data_pipeline.py took 0.168 seconds
[2025-07-02T18:14:10.420+0000] {processor.py:186} INFO - Started process (PID=1484) to work on /opt/airflow/dags/driven_data_pipeline.py
[2025-07-02T18:14:10.423+0000] {processor.py:914} INFO - Processing file /opt/airflow/dags/driven_data_pipeline.py for tasks to queue
[2025-07-02T18:14:10.428+0000] {logging_mixin.py:190} INFO - [2025-07-02T18:14:10.427+0000] {dagbag.py:588} INFO - Filling up the DagBag from /opt/airflow/dags/driven_data_pipeline.py
[2025-07-02T18:14:10.518+0000] {processor.py:925} INFO - DAG(s) 'extract_raw_data_pipeline' retrieved from /opt/airflow/dags/driven_data_pipeline.py
[2025-07-02T18:14:10.559+0000] {logging_mixin.py:190} INFO - [2025-07-02T18:14:10.559+0000] {dag.py:3239} INFO - Sync 1 DAGs
[2025-07-02T18:14:10.594+0000] {logging_mixin.py:190} INFO - [2025-07-02T18:14:10.594+0000] {dag.py:4180} INFO - Setting next_dagrun for extract_raw_data_pipeline to 2025-07-02 07:59:00+00:00, run_after=2025-07-03 07:00:00+00:00
[2025-07-02T18:14:10.635+0000] {processor.py:208} INFO - Processing /opt/airflow/dags/driven_data_pipeline.py took 0.226 seconds
[2025-07-02T18:14:40.782+0000] {processor.py:186} INFO - Started process (PID=1491) to work on /opt/airflow/dags/driven_data_pipeline.py
[2025-07-02T18:14:40.784+0000] {processor.py:914} INFO - Processing file /opt/airflow/dags/driven_data_pipeline.py for tasks to queue
[2025-07-02T18:14:40.787+0000] {logging_mixin.py:190} INFO - [2025-07-02T18:14:40.787+0000] {dagbag.py:588} INFO - Filling up the DagBag from /opt/airflow/dags/driven_data_pipeline.py
[2025-07-02T18:14:40.838+0000] {processor.py:925} INFO - DAG(s) 'extract_raw_data_pipeline' retrieved from /opt/airflow/dags/driven_data_pipeline.py
[2025-07-02T18:14:40.870+0000] {logging_mixin.py:190} INFO - [2025-07-02T18:14:40.869+0000] {dag.py:3239} INFO - Sync 1 DAGs
[2025-07-02T18:14:40.895+0000] {logging_mixin.py:190} INFO - [2025-07-02T18:14:40.895+0000] {dag.py:4180} INFO - Setting next_dagrun for extract_raw_data_pipeline to 2025-07-02 07:59:00+00:00, run_after=2025-07-03 07:00:00+00:00
[2025-07-02T18:14:40.922+0000] {processor.py:208} INFO - Processing /opt/airflow/dags/driven_data_pipeline.py took 0.148 seconds
[2025-07-02T18:15:11.111+0000] {processor.py:186} INFO - Started process (PID=1498) to work on /opt/airflow/dags/driven_data_pipeline.py
[2025-07-02T18:15:11.113+0000] {processor.py:914} INFO - Processing file /opt/airflow/dags/driven_data_pipeline.py for tasks to queue
[2025-07-02T18:15:11.119+0000] {logging_mixin.py:190} INFO - [2025-07-02T18:15:11.118+0000] {dagbag.py:588} INFO - Filling up the DagBag from /opt/airflow/dags/driven_data_pipeline.py
[2025-07-02T18:15:11.176+0000] {processor.py:925} INFO - DAG(s) 'extract_raw_data_pipeline' retrieved from /opt/airflow/dags/driven_data_pipeline.py
[2025-07-02T18:15:11.222+0000] {logging_mixin.py:190} INFO - [2025-07-02T18:15:11.222+0000] {dag.py:3239} INFO - Sync 1 DAGs
[2025-07-02T18:15:11.258+0000] {logging_mixin.py:190} INFO - [2025-07-02T18:15:11.257+0000] {dag.py:4180} INFO - Setting next_dagrun for extract_raw_data_pipeline to 2025-07-02 07:59:00+00:00, run_after=2025-07-03 07:00:00+00:00
[2025-07-02T18:15:11.297+0000] {processor.py:208} INFO - Processing /opt/airflow/dags/driven_data_pipeline.py took 0.196 seconds
[2025-07-02T18:15:41.613+0000] {processor.py:186} INFO - Started process (PID=1505) to work on /opt/airflow/dags/driven_data_pipeline.py
[2025-07-02T18:15:41.614+0000] {processor.py:914} INFO - Processing file /opt/airflow/dags/driven_data_pipeline.py for tasks to queue
[2025-07-02T18:15:41.618+0000] {logging_mixin.py:190} INFO - [2025-07-02T18:15:41.617+0000] {dagbag.py:588} INFO - Filling up the DagBag from /opt/airflow/dags/driven_data_pipeline.py
[2025-07-02T18:15:41.665+0000] {processor.py:925} INFO - DAG(s) 'extract_raw_data_pipeline' retrieved from /opt/airflow/dags/driven_data_pipeline.py
[2025-07-02T18:15:41.695+0000] {logging_mixin.py:190} INFO - [2025-07-02T18:15:41.695+0000] {dag.py:3239} INFO - Sync 1 DAGs
[2025-07-02T18:15:41.736+0000] {logging_mixin.py:190} INFO - [2025-07-02T18:15:41.735+0000] {dag.py:4180} INFO - Setting next_dagrun for extract_raw_data_pipeline to 2025-07-02 07:59:00+00:00, run_after=2025-07-03 07:00:00+00:00
[2025-07-02T18:15:41.759+0000] {processor.py:208} INFO - Processing /opt/airflow/dags/driven_data_pipeline.py took 0.153 seconds
[2025-07-02T18:16:12.010+0000] {processor.py:186} INFO - Started process (PID=1512) to work on /opt/airflow/dags/driven_data_pipeline.py
[2025-07-02T18:16:12.011+0000] {processor.py:914} INFO - Processing file /opt/airflow/dags/driven_data_pipeline.py for tasks to queue
[2025-07-02T18:16:12.015+0000] {logging_mixin.py:190} INFO - [2025-07-02T18:16:12.014+0000] {dagbag.py:588} INFO - Filling up the DagBag from /opt/airflow/dags/driven_data_pipeline.py
[2025-07-02T18:16:12.066+0000] {processor.py:925} INFO - DAG(s) 'extract_raw_data_pipeline' retrieved from /opt/airflow/dags/driven_data_pipeline.py
[2025-07-02T18:16:12.096+0000] {logging_mixin.py:190} INFO - [2025-07-02T18:16:12.096+0000] {dag.py:3239} INFO - Sync 1 DAGs
[2025-07-02T18:16:12.123+0000] {logging_mixin.py:190} INFO - [2025-07-02T18:16:12.123+0000] {dag.py:4180} INFO - Setting next_dagrun for extract_raw_data_pipeline to 2025-07-02 07:59:00+00:00, run_after=2025-07-03 07:00:00+00:00
[2025-07-02T18:16:12.150+0000] {processor.py:208} INFO - Processing /opt/airflow/dags/driven_data_pipeline.py took 0.148 seconds
[2025-07-02T18:16:42.443+0000] {processor.py:186} INFO - Started process (PID=1519) to work on /opt/airflow/dags/driven_data_pipeline.py
[2025-07-02T18:16:42.446+0000] {processor.py:914} INFO - Processing file /opt/airflow/dags/driven_data_pipeline.py for tasks to queue
[2025-07-02T18:16:42.453+0000] {logging_mixin.py:190} INFO - [2025-07-02T18:16:42.452+0000] {dagbag.py:588} INFO - Filling up the DagBag from /opt/airflow/dags/driven_data_pipeline.py
[2025-07-02T18:16:42.511+0000] {processor.py:925} INFO - DAG(s) 'extract_raw_data_pipeline' retrieved from /opt/airflow/dags/driven_data_pipeline.py
[2025-07-02T18:16:42.570+0000] {logging_mixin.py:190} INFO - [2025-07-02T18:16:42.569+0000] {dag.py:3239} INFO - Sync 1 DAGs
[2025-07-02T18:16:42.628+0000] {logging_mixin.py:190} INFO - [2025-07-02T18:16:42.627+0000] {dag.py:4180} INFO - Setting next_dagrun for extract_raw_data_pipeline to 2025-07-02 07:59:00+00:00, run_after=2025-07-03 07:00:00+00:00
[2025-07-02T18:16:42.670+0000] {processor.py:208} INFO - Processing /opt/airflow/dags/driven_data_pipeline.py took 0.240 seconds
[2025-07-02T18:17:12.860+0000] {processor.py:186} INFO - Started process (PID=1526) to work on /opt/airflow/dags/driven_data_pipeline.py
[2025-07-02T18:17:12.862+0000] {processor.py:914} INFO - Processing file /opt/airflow/dags/driven_data_pipeline.py for tasks to queue
[2025-07-02T18:17:12.867+0000] {logging_mixin.py:190} INFO - [2025-07-02T18:17:12.866+0000] {dagbag.py:588} INFO - Filling up the DagBag from /opt/airflow/dags/driven_data_pipeline.py
[2025-07-02T18:17:12.938+0000] {processor.py:925} INFO - DAG(s) 'extract_raw_data_pipeline' retrieved from /opt/airflow/dags/driven_data_pipeline.py
[2025-07-02T18:17:12.987+0000] {logging_mixin.py:190} INFO - [2025-07-02T18:17:12.986+0000] {dag.py:3239} INFO - Sync 1 DAGs
[2025-07-02T18:17:13.036+0000] {logging_mixin.py:190} INFO - [2025-07-02T18:17:13.035+0000] {dag.py:4180} INFO - Setting next_dagrun for extract_raw_data_pipeline to 2025-07-02 07:59:00+00:00, run_after=2025-07-03 07:00:00+00:00
[2025-07-02T18:17:13.079+0000] {processor.py:208} INFO - Processing /opt/airflow/dags/driven_data_pipeline.py took 0.231 seconds
[2025-07-02T18:17:43.431+0000] {processor.py:186} INFO - Started process (PID=1533) to work on /opt/airflow/dags/driven_data_pipeline.py
[2025-07-02T18:17:43.434+0000] {processor.py:914} INFO - Processing file /opt/airflow/dags/driven_data_pipeline.py for tasks to queue
[2025-07-02T18:17:43.441+0000] {logging_mixin.py:190} INFO - [2025-07-02T18:17:43.439+0000] {dagbag.py:588} INFO - Filling up the DagBag from /opt/airflow/dags/driven_data_pipeline.py
[2025-07-02T18:17:43.505+0000] {processor.py:925} INFO - DAG(s) 'extract_raw_data_pipeline' retrieved from /opt/airflow/dags/driven_data_pipeline.py
[2025-07-02T18:17:43.553+0000] {logging_mixin.py:190} INFO - [2025-07-02T18:17:43.552+0000] {dag.py:3239} INFO - Sync 1 DAGs
[2025-07-02T18:17:43.597+0000] {logging_mixin.py:190} INFO - [2025-07-02T18:17:43.597+0000] {dag.py:4180} INFO - Setting next_dagrun for extract_raw_data_pipeline to 2025-07-02 07:59:00+00:00, run_after=2025-07-03 07:00:00+00:00
[2025-07-02T18:17:43.639+0000] {processor.py:208} INFO - Processing /opt/airflow/dags/driven_data_pipeline.py took 0.224 seconds
[2025-07-02T18:18:13.804+0000] {processor.py:186} INFO - Started process (PID=1540) to work on /opt/airflow/dags/driven_data_pipeline.py
[2025-07-02T18:18:13.805+0000] {processor.py:914} INFO - Processing file /opt/airflow/dags/driven_data_pipeline.py for tasks to queue
[2025-07-02T18:18:13.809+0000] {logging_mixin.py:190} INFO - [2025-07-02T18:18:13.809+0000] {dagbag.py:588} INFO - Filling up the DagBag from /opt/airflow/dags/driven_data_pipeline.py
[2025-07-02T18:18:13.854+0000] {processor.py:925} INFO - DAG(s) 'extract_raw_data_pipeline' retrieved from /opt/airflow/dags/driven_data_pipeline.py
[2025-07-02T18:18:13.884+0000] {logging_mixin.py:190} INFO - [2025-07-02T18:18:13.884+0000] {dag.py:3239} INFO - Sync 1 DAGs
[2025-07-02T18:18:13.910+0000] {logging_mixin.py:190} INFO - [2025-07-02T18:18:13.910+0000] {dag.py:4180} INFO - Setting next_dagrun for extract_raw_data_pipeline to 2025-07-02 07:59:00+00:00, run_after=2025-07-03 07:00:00+00:00
[2025-07-02T18:18:13.936+0000] {processor.py:208} INFO - Processing /opt/airflow/dags/driven_data_pipeline.py took 0.141 seconds
[2025-07-02T18:20:00.382+0000] {processor.py:186} INFO - Started process (PID=1541) to work on /opt/airflow/dags/driven_data_pipeline.py
[2025-07-02T18:20:00.384+0000] {processor.py:914} INFO - Processing file /opt/airflow/dags/driven_data_pipeline.py for tasks to queue
[2025-07-02T18:20:00.391+0000] {logging_mixin.py:190} INFO - [2025-07-02T18:20:00.390+0000] {dagbag.py:588} INFO - Filling up the DagBag from /opt/airflow/dags/driven_data_pipeline.py
[2025-07-02T18:20:00.479+0000] {processor.py:925} INFO - DAG(s) 'extract_raw_data_pipeline' retrieved from /opt/airflow/dags/driven_data_pipeline.py
[2025-07-02T18:20:00.544+0000] {logging_mixin.py:190} INFO - [2025-07-02T18:20:00.542+0000] {dag.py:3239} INFO - Sync 1 DAGs
[2025-07-02T18:20:00.603+0000] {logging_mixin.py:190} INFO - [2025-07-02T18:20:00.603+0000] {dag.py:4180} INFO - Setting next_dagrun for extract_raw_data_pipeline to 2025-07-02 07:59:00+00:00, run_after=2025-07-03 07:00:00+00:00
[2025-07-02T18:20:00.652+0000] {processor.py:208} INFO - Processing /opt/airflow/dags/driven_data_pipeline.py took 0.289 seconds
[2025-07-02T18:20:31.031+0000] {processor.py:186} INFO - Started process (PID=1548) to work on /opt/airflow/dags/driven_data_pipeline.py
[2025-07-02T18:20:31.033+0000] {processor.py:914} INFO - Processing file /opt/airflow/dags/driven_data_pipeline.py for tasks to queue
[2025-07-02T18:20:31.037+0000] {logging_mixin.py:190} INFO - [2025-07-02T18:20:31.036+0000] {dagbag.py:588} INFO - Filling up the DagBag from /opt/airflow/dags/driven_data_pipeline.py
[2025-07-02T18:20:31.081+0000] {processor.py:925} INFO - DAG(s) 'extract_raw_data_pipeline' retrieved from /opt/airflow/dags/driven_data_pipeline.py
[2025-07-02T18:20:31.117+0000] {logging_mixin.py:190} INFO - [2025-07-02T18:20:31.117+0000] {dag.py:3239} INFO - Sync 1 DAGs
[2025-07-02T18:20:31.153+0000] {logging_mixin.py:190} INFO - [2025-07-02T18:20:31.152+0000] {dag.py:4180} INFO - Setting next_dagrun for extract_raw_data_pipeline to 2025-07-02 07:59:00+00:00, run_after=2025-07-03 07:00:00+00:00
[2025-07-02T18:20:31.180+0000] {processor.py:208} INFO - Processing /opt/airflow/dags/driven_data_pipeline.py took 0.159 seconds
[2025-07-02T18:21:01.372+0000] {processor.py:186} INFO - Started process (PID=1555) to work on /opt/airflow/dags/driven_data_pipeline.py
[2025-07-02T18:21:01.374+0000] {processor.py:914} INFO - Processing file /opt/airflow/dags/driven_data_pipeline.py for tasks to queue
[2025-07-02T18:21:01.379+0000] {logging_mixin.py:190} INFO - [2025-07-02T18:21:01.379+0000] {dagbag.py:588} INFO - Filling up the DagBag from /opt/airflow/dags/driven_data_pipeline.py
[2025-07-02T18:21:01.430+0000] {processor.py:925} INFO - DAG(s) 'extract_raw_data_pipeline' retrieved from /opt/airflow/dags/driven_data_pipeline.py
[2025-07-02T18:21:01.469+0000] {logging_mixin.py:190} INFO - [2025-07-02T18:21:01.469+0000] {dag.py:3239} INFO - Sync 1 DAGs
[2025-07-02T18:21:01.502+0000] {logging_mixin.py:190} INFO - [2025-07-02T18:21:01.501+0000] {dag.py:4180} INFO - Setting next_dagrun for extract_raw_data_pipeline to 2025-07-02 07:59:00+00:00, run_after=2025-07-03 07:00:00+00:00
[2025-07-02T18:21:01.532+0000] {processor.py:208} INFO - Processing /opt/airflow/dags/driven_data_pipeline.py took 0.171 seconds
[2025-07-02T18:21:31.910+0000] {processor.py:186} INFO - Started process (PID=1562) to work on /opt/airflow/dags/driven_data_pipeline.py
[2025-07-02T18:21:31.913+0000] {processor.py:914} INFO - Processing file /opt/airflow/dags/driven_data_pipeline.py for tasks to queue
[2025-07-02T18:21:31.925+0000] {logging_mixin.py:190} INFO - [2025-07-02T18:21:31.924+0000] {dagbag.py:588} INFO - Filling up the DagBag from /opt/airflow/dags/driven_data_pipeline.py
[2025-07-02T18:21:32.009+0000] {processor.py:925} INFO - DAG(s) 'extract_raw_data_pipeline' retrieved from /opt/airflow/dags/driven_data_pipeline.py
[2025-07-02T18:21:32.057+0000] {logging_mixin.py:190} INFO - [2025-07-02T18:21:32.057+0000] {dag.py:3239} INFO - Sync 1 DAGs
[2025-07-02T18:21:32.114+0000] {logging_mixin.py:190} INFO - [2025-07-02T18:21:32.113+0000] {dag.py:4180} INFO - Setting next_dagrun for extract_raw_data_pipeline to 2025-07-02 07:59:00+00:00, run_after=2025-07-03 07:00:00+00:00
[2025-07-02T18:21:32.147+0000] {processor.py:208} INFO - Processing /opt/airflow/dags/driven_data_pipeline.py took 0.251 seconds
[2025-07-02T18:22:02.212+0000] {processor.py:186} INFO - Started process (PID=1569) to work on /opt/airflow/dags/driven_data_pipeline.py
[2025-07-02T18:22:02.214+0000] {processor.py:914} INFO - Processing file /opt/airflow/dags/driven_data_pipeline.py for tasks to queue
[2025-07-02T18:22:02.219+0000] {logging_mixin.py:190} INFO - [2025-07-02T18:22:02.218+0000] {dagbag.py:588} INFO - Filling up the DagBag from /opt/airflow/dags/driven_data_pipeline.py
[2025-07-02T18:22:02.267+0000] {processor.py:925} INFO - DAG(s) 'extract_raw_data_pipeline' retrieved from /opt/airflow/dags/driven_data_pipeline.py
[2025-07-02T18:22:02.344+0000] {logging_mixin.py:190} INFO - [2025-07-02T18:22:02.343+0000] {dag.py:3239} INFO - Sync 1 DAGs
[2025-07-02T18:22:02.384+0000] {logging_mixin.py:190} INFO - [2025-07-02T18:22:02.383+0000] {dag.py:4180} INFO - Setting next_dagrun for extract_raw_data_pipeline to 2025-07-02 07:59:00+00:00, run_after=2025-07-03 07:00:00+00:00
[2025-07-02T18:22:02.413+0000] {processor.py:208} INFO - Processing /opt/airflow/dags/driven_data_pipeline.py took 0.210 seconds
[2025-07-02T18:22:32.605+0000] {processor.py:186} INFO - Started process (PID=1576) to work on /opt/airflow/dags/driven_data_pipeline.py
[2025-07-02T18:22:32.607+0000] {processor.py:914} INFO - Processing file /opt/airflow/dags/driven_data_pipeline.py for tasks to queue
[2025-07-02T18:22:32.612+0000] {logging_mixin.py:190} INFO - [2025-07-02T18:22:32.612+0000] {dagbag.py:588} INFO - Filling up the DagBag from /opt/airflow/dags/driven_data_pipeline.py
[2025-07-02T18:22:32.673+0000] {processor.py:925} INFO - DAG(s) 'extract_raw_data_pipeline' retrieved from /opt/airflow/dags/driven_data_pipeline.py
[2025-07-02T18:22:32.714+0000] {logging_mixin.py:190} INFO - [2025-07-02T18:22:32.714+0000] {dag.py:3239} INFO - Sync 1 DAGs
[2025-07-02T18:22:32.746+0000] {logging_mixin.py:190} INFO - [2025-07-02T18:22:32.746+0000] {dag.py:4180} INFO - Setting next_dagrun for extract_raw_data_pipeline to 2025-07-02 07:59:00+00:00, run_after=2025-07-03 07:00:00+00:00
[2025-07-02T18:22:32.782+0000] {processor.py:208} INFO - Processing /opt/airflow/dags/driven_data_pipeline.py took 0.187 seconds
[2025-07-02T18:23:03.106+0000] {processor.py:186} INFO - Started process (PID=1583) to work on /opt/airflow/dags/driven_data_pipeline.py
[2025-07-02T18:23:03.109+0000] {processor.py:914} INFO - Processing file /opt/airflow/dags/driven_data_pipeline.py for tasks to queue
[2025-07-02T18:23:03.113+0000] {logging_mixin.py:190} INFO - [2025-07-02T18:23:03.113+0000] {dagbag.py:588} INFO - Filling up the DagBag from /opt/airflow/dags/driven_data_pipeline.py
[2025-07-02T18:23:03.182+0000] {processor.py:925} INFO - DAG(s) 'extract_raw_data_pipeline' retrieved from /opt/airflow/dags/driven_data_pipeline.py
[2025-07-02T18:23:03.225+0000] {logging_mixin.py:190} INFO - [2025-07-02T18:23:03.224+0000] {dag.py:3239} INFO - Sync 1 DAGs
[2025-07-02T18:23:03.255+0000] {logging_mixin.py:190} INFO - [2025-07-02T18:23:03.255+0000] {dag.py:4180} INFO - Setting next_dagrun for extract_raw_data_pipeline to 2025-07-02 07:59:00+00:00, run_after=2025-07-03 07:00:00+00:00
[2025-07-02T18:23:03.287+0000] {processor.py:208} INFO - Processing /opt/airflow/dags/driven_data_pipeline.py took 0.190 seconds
[2025-07-02T18:23:33.529+0000] {processor.py:186} INFO - Started process (PID=1596) to work on /opt/airflow/dags/driven_data_pipeline.py
[2025-07-02T18:23:33.532+0000] {processor.py:914} INFO - Processing file /opt/airflow/dags/driven_data_pipeline.py for tasks to queue
[2025-07-02T18:23:33.537+0000] {logging_mixin.py:190} INFO - [2025-07-02T18:23:33.536+0000] {dagbag.py:588} INFO - Filling up the DagBag from /opt/airflow/dags/driven_data_pipeline.py
[2025-07-02T18:23:33.669+0000] {processor.py:925} INFO - DAG(s) 'extract_raw_data_pipeline' retrieved from /opt/airflow/dags/driven_data_pipeline.py
[2025-07-02T18:23:33.697+0000] {logging_mixin.py:190} INFO - [2025-07-02T18:23:33.697+0000] {dag.py:3239} INFO - Sync 1 DAGs
[2025-07-02T18:23:33.723+0000] {logging_mixin.py:190} INFO - [2025-07-02T18:23:33.722+0000] {dag.py:4180} INFO - Setting next_dagrun for extract_raw_data_pipeline to 2025-07-02 07:59:00+00:00, run_after=2025-07-03 07:00:00+00:00
[2025-07-02T18:23:33.747+0000] {processor.py:208} INFO - Processing /opt/airflow/dags/driven_data_pipeline.py took 0.230 seconds
[2025-07-02T18:24:04.018+0000] {processor.py:186} INFO - Started process (PID=1603) to work on /opt/airflow/dags/driven_data_pipeline.py
[2025-07-02T18:24:04.019+0000] {processor.py:914} INFO - Processing file /opt/airflow/dags/driven_data_pipeline.py for tasks to queue
[2025-07-02T18:24:04.023+0000] {logging_mixin.py:190} INFO - [2025-07-02T18:24:04.023+0000] {dagbag.py:588} INFO - Filling up the DagBag from /opt/airflow/dags/driven_data_pipeline.py
[2025-07-02T18:24:04.095+0000] {processor.py:925} INFO - DAG(s) 'extract_raw_data_pipeline' retrieved from /opt/airflow/dags/driven_data_pipeline.py
[2025-07-02T18:24:04.149+0000] {logging_mixin.py:190} INFO - [2025-07-02T18:24:04.149+0000] {dag.py:3239} INFO - Sync 1 DAGs
[2025-07-02T18:24:04.181+0000] {logging_mixin.py:190} INFO - [2025-07-02T18:24:04.180+0000] {dag.py:4180} INFO - Setting next_dagrun for extract_raw_data_pipeline to 2025-07-02 07:59:00+00:00, run_after=2025-07-03 07:00:00+00:00
[2025-07-02T18:24:04.210+0000] {processor.py:208} INFO - Processing /opt/airflow/dags/driven_data_pipeline.py took 0.199 seconds
[2025-07-02T18:24:34.458+0000] {processor.py:186} INFO - Started process (PID=1611) to work on /opt/airflow/dags/driven_data_pipeline.py
[2025-07-02T18:24:34.460+0000] {processor.py:914} INFO - Processing file /opt/airflow/dags/driven_data_pipeline.py for tasks to queue
[2025-07-02T18:24:34.463+0000] {logging_mixin.py:190} INFO - [2025-07-02T18:24:34.462+0000] {dagbag.py:588} INFO - Filling up the DagBag from /opt/airflow/dags/driven_data_pipeline.py
[2025-07-02T18:24:34.503+0000] {processor.py:925} INFO - DAG(s) 'extract_raw_data_pipeline' retrieved from /opt/airflow/dags/driven_data_pipeline.py
[2025-07-02T18:24:34.536+0000] {logging_mixin.py:190} INFO - [2025-07-02T18:24:34.536+0000] {dag.py:3239} INFO - Sync 1 DAGs
[2025-07-02T18:24:34.561+0000] {logging_mixin.py:190} INFO - [2025-07-02T18:24:34.560+0000] {dag.py:4180} INFO - Setting next_dagrun for extract_raw_data_pipeline to 2025-07-02 07:59:00+00:00, run_after=2025-07-03 07:00:00+00:00
[2025-07-02T18:24:34.585+0000] {processor.py:208} INFO - Processing /opt/airflow/dags/driven_data_pipeline.py took 0.134 seconds
[2025-07-02T18:25:04.886+0000] {processor.py:186} INFO - Started process (PID=1618) to work on /opt/airflow/dags/driven_data_pipeline.py
[2025-07-02T18:25:04.888+0000] {processor.py:914} INFO - Processing file /opt/airflow/dags/driven_data_pipeline.py for tasks to queue
[2025-07-02T18:25:04.891+0000] {logging_mixin.py:190} INFO - [2025-07-02T18:25:04.890+0000] {dagbag.py:588} INFO - Filling up the DagBag from /opt/airflow/dags/driven_data_pipeline.py
[2025-07-02T18:25:04.960+0000] {processor.py:925} INFO - DAG(s) 'extract_raw_data_pipeline' retrieved from /opt/airflow/dags/driven_data_pipeline.py
[2025-07-02T18:25:04.999+0000] {logging_mixin.py:190} INFO - [2025-07-02T18:25:04.999+0000] {dag.py:3239} INFO - Sync 1 DAGs
[2025-07-02T18:25:05.034+0000] {logging_mixin.py:190} INFO - [2025-07-02T18:25:05.033+0000] {dag.py:4180} INFO - Setting next_dagrun for extract_raw_data_pipeline to 2025-07-02 07:59:00+00:00, run_after=2025-07-03 07:00:00+00:00
[2025-07-02T18:25:05.065+0000] {processor.py:208} INFO - Processing /opt/airflow/dags/driven_data_pipeline.py took 0.188 seconds
[2025-07-02T18:25:35.317+0000] {processor.py:186} INFO - Started process (PID=1625) to work on /opt/airflow/dags/driven_data_pipeline.py
[2025-07-02T18:25:35.321+0000] {processor.py:914} INFO - Processing file /opt/airflow/dags/driven_data_pipeline.py for tasks to queue
[2025-07-02T18:25:35.330+0000] {logging_mixin.py:190} INFO - [2025-07-02T18:25:35.329+0000] {dagbag.py:588} INFO - Filling up the DagBag from /opt/airflow/dags/driven_data_pipeline.py
[2025-07-02T18:25:35.399+0000] {processor.py:925} INFO - DAG(s) 'extract_raw_data_pipeline' retrieved from /opt/airflow/dags/driven_data_pipeline.py
[2025-07-02T18:25:35.452+0000] {logging_mixin.py:190} INFO - [2025-07-02T18:25:35.451+0000] {dag.py:3239} INFO - Sync 1 DAGs
[2025-07-02T18:25:35.500+0000] {logging_mixin.py:190} INFO - [2025-07-02T18:25:35.499+0000] {dag.py:4180} INFO - Setting next_dagrun for extract_raw_data_pipeline to 2025-07-02 07:59:00+00:00, run_after=2025-07-03 07:00:00+00:00
[2025-07-02T18:25:35.530+0000] {processor.py:208} INFO - Processing /opt/airflow/dags/driven_data_pipeline.py took 0.232 seconds
[2025-07-02T18:26:05.814+0000] {processor.py:186} INFO - Started process (PID=1632) to work on /opt/airflow/dags/driven_data_pipeline.py
[2025-07-02T18:26:05.816+0000] {processor.py:914} INFO - Processing file /opt/airflow/dags/driven_data_pipeline.py for tasks to queue
[2025-07-02T18:26:05.821+0000] {logging_mixin.py:190} INFO - [2025-07-02T18:26:05.820+0000] {dagbag.py:588} INFO - Filling up the DagBag from /opt/airflow/dags/driven_data_pipeline.py
[2025-07-02T18:26:05.901+0000] {processor.py:925} INFO - DAG(s) 'extract_raw_data_pipeline' retrieved from /opt/airflow/dags/driven_data_pipeline.py
[2025-07-02T18:26:05.977+0000] {logging_mixin.py:190} INFO - [2025-07-02T18:26:05.977+0000] {dag.py:3239} INFO - Sync 1 DAGs
[2025-07-02T18:26:06.040+0000] {logging_mixin.py:190} INFO - [2025-07-02T18:26:06.037+0000] {dag.py:4180} INFO - Setting next_dagrun for extract_raw_data_pipeline to 2025-07-02 07:59:00+00:00, run_after=2025-07-03 07:00:00+00:00
[2025-07-02T18:26:06.089+0000] {processor.py:208} INFO - Processing /opt/airflow/dags/driven_data_pipeline.py took 0.290 seconds
[2025-07-02T18:26:36.240+0000] {processor.py:186} INFO - Started process (PID=1639) to work on /opt/airflow/dags/driven_data_pipeline.py
[2025-07-02T18:26:36.242+0000] {processor.py:914} INFO - Processing file /opt/airflow/dags/driven_data_pipeline.py for tasks to queue
[2025-07-02T18:26:36.245+0000] {logging_mixin.py:190} INFO - [2025-07-02T18:26:36.244+0000] {dagbag.py:588} INFO - Filling up the DagBag from /opt/airflow/dags/driven_data_pipeline.py
[2025-07-02T18:26:36.278+0000] {processor.py:925} INFO - DAG(s) 'extract_raw_data_pipeline' retrieved from /opt/airflow/dags/driven_data_pipeline.py
[2025-07-02T18:26:36.307+0000] {logging_mixin.py:190} INFO - [2025-07-02T18:26:36.307+0000] {dag.py:3239} INFO - Sync 1 DAGs
[2025-07-02T18:26:36.343+0000] {logging_mixin.py:190} INFO - [2025-07-02T18:26:36.343+0000] {dag.py:4180} INFO - Setting next_dagrun for extract_raw_data_pipeline to 2025-07-02 07:59:00+00:00, run_after=2025-07-03 07:00:00+00:00
[2025-07-02T18:26:36.371+0000] {processor.py:208} INFO - Processing /opt/airflow/dags/driven_data_pipeline.py took 0.141 seconds
[2025-07-02T18:27:06.586+0000] {processor.py:186} INFO - Started process (PID=1646) to work on /opt/airflow/dags/driven_data_pipeline.py
[2025-07-02T18:27:06.587+0000] {processor.py:914} INFO - Processing file /opt/airflow/dags/driven_data_pipeline.py for tasks to queue
[2025-07-02T18:27:06.591+0000] {logging_mixin.py:190} INFO - [2025-07-02T18:27:06.590+0000] {dagbag.py:588} INFO - Filling up the DagBag from /opt/airflow/dags/driven_data_pipeline.py
[2025-07-02T18:27:06.646+0000] {processor.py:925} INFO - DAG(s) 'extract_raw_data_pipeline' retrieved from /opt/airflow/dags/driven_data_pipeline.py
[2025-07-02T18:27:06.680+0000] {logging_mixin.py:190} INFO - [2025-07-02T18:27:06.680+0000] {dag.py:3239} INFO - Sync 1 DAGs
[2025-07-02T18:27:06.707+0000] {logging_mixin.py:190} INFO - [2025-07-02T18:27:06.707+0000] {dag.py:4180} INFO - Setting next_dagrun for extract_raw_data_pipeline to 2025-07-02 07:59:00+00:00, run_after=2025-07-03 07:00:00+00:00
[2025-07-02T18:27:06.738+0000] {processor.py:208} INFO - Processing /opt/airflow/dags/driven_data_pipeline.py took 0.160 seconds
[2025-07-02T18:27:37.034+0000] {processor.py:186} INFO - Started process (PID=1653) to work on /opt/airflow/dags/driven_data_pipeline.py
[2025-07-02T18:27:37.036+0000] {processor.py:914} INFO - Processing file /opt/airflow/dags/driven_data_pipeline.py for tasks to queue
[2025-07-02T18:27:37.039+0000] {logging_mixin.py:190} INFO - [2025-07-02T18:27:37.039+0000] {dagbag.py:588} INFO - Filling up the DagBag from /opt/airflow/dags/driven_data_pipeline.py
[2025-07-02T18:27:37.082+0000] {processor.py:925} INFO - DAG(s) 'extract_raw_data_pipeline' retrieved from /opt/airflow/dags/driven_data_pipeline.py
[2025-07-02T18:27:37.109+0000] {logging_mixin.py:190} INFO - [2025-07-02T18:27:37.109+0000] {dag.py:3239} INFO - Sync 1 DAGs
[2025-07-02T18:27:37.134+0000] {logging_mixin.py:190} INFO - [2025-07-02T18:27:37.133+0000] {dag.py:4180} INFO - Setting next_dagrun for extract_raw_data_pipeline to 2025-07-02 07:59:00+00:00, run_after=2025-07-03 07:00:00+00:00
[2025-07-02T18:27:37.157+0000] {processor.py:208} INFO - Processing /opt/airflow/dags/driven_data_pipeline.py took 0.129 seconds
[2025-07-02T18:28:07.377+0000] {processor.py:186} INFO - Started process (PID=1660) to work on /opt/airflow/dags/driven_data_pipeline.py
[2025-07-02T18:28:07.379+0000] {processor.py:914} INFO - Processing file /opt/airflow/dags/driven_data_pipeline.py for tasks to queue
[2025-07-02T18:28:07.383+0000] {logging_mixin.py:190} INFO - [2025-07-02T18:28:07.383+0000] {dagbag.py:588} INFO - Filling up the DagBag from /opt/airflow/dags/driven_data_pipeline.py
[2025-07-02T18:28:07.439+0000] {processor.py:925} INFO - DAG(s) 'extract_raw_data_pipeline' retrieved from /opt/airflow/dags/driven_data_pipeline.py
[2025-07-02T18:28:07.476+0000] {logging_mixin.py:190} INFO - [2025-07-02T18:28:07.476+0000] {dag.py:3239} INFO - Sync 1 DAGs
[2025-07-02T18:28:07.513+0000] {logging_mixin.py:190} INFO - [2025-07-02T18:28:07.512+0000] {dag.py:4180} INFO - Setting next_dagrun for extract_raw_data_pipeline to 2025-07-02 07:59:00+00:00, run_after=2025-07-03 07:00:00+00:00
[2025-07-02T18:28:07.541+0000] {processor.py:208} INFO - Processing /opt/airflow/dags/driven_data_pipeline.py took 0.174 seconds
[2025-07-02T18:28:37.902+0000] {processor.py:186} INFO - Started process (PID=1667) to work on /opt/airflow/dags/driven_data_pipeline.py
[2025-07-02T18:28:37.906+0000] {processor.py:914} INFO - Processing file /opt/airflow/dags/driven_data_pipeline.py for tasks to queue
[2025-07-02T18:28:37.910+0000] {logging_mixin.py:190} INFO - [2025-07-02T18:28:37.909+0000] {dagbag.py:588} INFO - Filling up the DagBag from /opt/airflow/dags/driven_data_pipeline.py
[2025-07-02T18:28:37.974+0000] {processor.py:925} INFO - DAG(s) 'extract_raw_data_pipeline' retrieved from /opt/airflow/dags/driven_data_pipeline.py
[2025-07-02T18:28:38.019+0000] {logging_mixin.py:190} INFO - [2025-07-02T18:28:38.018+0000] {dag.py:3239} INFO - Sync 1 DAGs
[2025-07-02T18:28:38.059+0000] {logging_mixin.py:190} INFO - [2025-07-02T18:28:38.059+0000] {dag.py:4180} INFO - Setting next_dagrun for extract_raw_data_pipeline to 2025-07-02 07:59:00+00:00, run_after=2025-07-03 07:00:00+00:00
[2025-07-02T18:28:38.114+0000] {processor.py:208} INFO - Processing /opt/airflow/dags/driven_data_pipeline.py took 0.222 seconds
[2025-07-02T18:29:08.273+0000] {processor.py:186} INFO - Started process (PID=1674) to work on /opt/airflow/dags/driven_data_pipeline.py
[2025-07-02T18:29:08.275+0000] {processor.py:914} INFO - Processing file /opt/airflow/dags/driven_data_pipeline.py for tasks to queue
[2025-07-02T18:29:08.281+0000] {logging_mixin.py:190} INFO - [2025-07-02T18:29:08.281+0000] {dagbag.py:588} INFO - Filling up the DagBag from /opt/airflow/dags/driven_data_pipeline.py
[2025-07-02T18:29:08.336+0000] {processor.py:925} INFO - DAG(s) 'extract_raw_data_pipeline' retrieved from /opt/airflow/dags/driven_data_pipeline.py
[2025-07-02T18:29:08.367+0000] {logging_mixin.py:190} INFO - [2025-07-02T18:29:08.366+0000] {dag.py:3239} INFO - Sync 1 DAGs
[2025-07-02T18:29:08.396+0000] {logging_mixin.py:190} INFO - [2025-07-02T18:29:08.395+0000] {dag.py:4180} INFO - Setting next_dagrun for extract_raw_data_pipeline to 2025-07-02 07:59:00+00:00, run_after=2025-07-03 07:00:00+00:00
[2025-07-02T18:29:08.426+0000] {processor.py:208} INFO - Processing /opt/airflow/dags/driven_data_pipeline.py took 0.165 seconds
[2025-07-02T18:29:38.586+0000] {processor.py:186} INFO - Started process (PID=1681) to work on /opt/airflow/dags/driven_data_pipeline.py
[2025-07-02T18:29:38.588+0000] {processor.py:914} INFO - Processing file /opt/airflow/dags/driven_data_pipeline.py for tasks to queue
[2025-07-02T18:29:38.592+0000] {logging_mixin.py:190} INFO - [2025-07-02T18:29:38.592+0000] {dagbag.py:588} INFO - Filling up the DagBag from /opt/airflow/dags/driven_data_pipeline.py
[2025-07-02T18:29:38.658+0000] {processor.py:925} INFO - DAG(s) 'extract_raw_data_pipeline' retrieved from /opt/airflow/dags/driven_data_pipeline.py
[2025-07-02T18:29:38.696+0000] {logging_mixin.py:190} INFO - [2025-07-02T18:29:38.695+0000] {dag.py:3239} INFO - Sync 1 DAGs
[2025-07-02T18:29:38.732+0000] {logging_mixin.py:190} INFO - [2025-07-02T18:29:38.732+0000] {dag.py:4180} INFO - Setting next_dagrun for extract_raw_data_pipeline to 2025-07-02 07:59:00+00:00, run_after=2025-07-03 07:00:00+00:00
[2025-07-02T18:29:38.760+0000] {processor.py:208} INFO - Processing /opt/airflow/dags/driven_data_pipeline.py took 0.185 seconds
[2025-07-02T18:30:09.098+0000] {processor.py:186} INFO - Started process (PID=1688) to work on /opt/airflow/dags/driven_data_pipeline.py
[2025-07-02T18:30:09.100+0000] {processor.py:914} INFO - Processing file /opt/airflow/dags/driven_data_pipeline.py for tasks to queue
[2025-07-02T18:30:09.104+0000] {logging_mixin.py:190} INFO - [2025-07-02T18:30:09.104+0000] {dagbag.py:588} INFO - Filling up the DagBag from /opt/airflow/dags/driven_data_pipeline.py
[2025-07-02T18:30:09.158+0000] {processor.py:925} INFO - DAG(s) 'extract_raw_data_pipeline' retrieved from /opt/airflow/dags/driven_data_pipeline.py
[2025-07-02T18:30:09.189+0000] {logging_mixin.py:190} INFO - [2025-07-02T18:30:09.189+0000] {dag.py:3239} INFO - Sync 1 DAGs
[2025-07-02T18:30:09.216+0000] {logging_mixin.py:190} INFO - [2025-07-02T18:30:09.216+0000] {dag.py:4180} INFO - Setting next_dagrun for extract_raw_data_pipeline to 2025-07-02 07:59:00+00:00, run_after=2025-07-03 07:00:00+00:00
[2025-07-02T18:30:09.243+0000] {processor.py:208} INFO - Processing /opt/airflow/dags/driven_data_pipeline.py took 0.154 seconds
[2025-07-02T18:30:39.468+0000] {processor.py:186} INFO - Started process (PID=1695) to work on /opt/airflow/dags/driven_data_pipeline.py
[2025-07-02T18:30:39.469+0000] {processor.py:914} INFO - Processing file /opt/airflow/dags/driven_data_pipeline.py for tasks to queue
[2025-07-02T18:30:39.473+0000] {logging_mixin.py:190} INFO - [2025-07-02T18:30:39.473+0000] {dagbag.py:588} INFO - Filling up the DagBag from /opt/airflow/dags/driven_data_pipeline.py
[2025-07-02T18:30:39.525+0000] {processor.py:925} INFO - DAG(s) 'extract_raw_data_pipeline' retrieved from /opt/airflow/dags/driven_data_pipeline.py
[2025-07-02T18:30:39.560+0000] {logging_mixin.py:190} INFO - [2025-07-02T18:30:39.559+0000] {dag.py:3239} INFO - Sync 1 DAGs
[2025-07-02T18:30:39.596+0000] {logging_mixin.py:190} INFO - [2025-07-02T18:30:39.596+0000] {dag.py:4180} INFO - Setting next_dagrun for extract_raw_data_pipeline to 2025-07-02 07:59:00+00:00, run_after=2025-07-03 07:00:00+00:00
[2025-07-02T18:30:39.631+0000] {processor.py:208} INFO - Processing /opt/airflow/dags/driven_data_pipeline.py took 0.180 seconds
[2025-07-02T18:31:09.892+0000] {processor.py:186} INFO - Started process (PID=1702) to work on /opt/airflow/dags/driven_data_pipeline.py
[2025-07-02T18:31:09.894+0000] {processor.py:914} INFO - Processing file /opt/airflow/dags/driven_data_pipeline.py for tasks to queue
[2025-07-02T18:31:09.900+0000] {logging_mixin.py:190} INFO - [2025-07-02T18:31:09.899+0000] {dagbag.py:588} INFO - Filling up the DagBag from /opt/airflow/dags/driven_data_pipeline.py
[2025-07-02T18:31:09.967+0000] {processor.py:925} INFO - DAG(s) 'extract_raw_data_pipeline' retrieved from /opt/airflow/dags/driven_data_pipeline.py
[2025-07-02T18:31:10.003+0000] {logging_mixin.py:190} INFO - [2025-07-02T18:31:10.003+0000] {dag.py:3239} INFO - Sync 1 DAGs
[2025-07-02T18:31:10.038+0000] {logging_mixin.py:190} INFO - [2025-07-02T18:31:10.037+0000] {dag.py:4180} INFO - Setting next_dagrun for extract_raw_data_pipeline to 2025-07-02 07:59:00+00:00, run_after=2025-07-03 07:00:00+00:00
[2025-07-02T18:31:10.070+0000] {processor.py:208} INFO - Processing /opt/airflow/dags/driven_data_pipeline.py took 0.188 seconds
[2025-07-02T18:31:40.366+0000] {processor.py:186} INFO - Started process (PID=1709) to work on /opt/airflow/dags/driven_data_pipeline.py
[2025-07-02T18:31:40.369+0000] {processor.py:914} INFO - Processing file /opt/airflow/dags/driven_data_pipeline.py for tasks to queue
[2025-07-02T18:31:40.375+0000] {logging_mixin.py:190} INFO - [2025-07-02T18:31:40.374+0000] {dagbag.py:588} INFO - Filling up the DagBag from /opt/airflow/dags/driven_data_pipeline.py
[2025-07-02T18:31:40.434+0000] {processor.py:925} INFO - DAG(s) 'extract_raw_data_pipeline' retrieved from /opt/airflow/dags/driven_data_pipeline.py
[2025-07-02T18:31:40.479+0000] {logging_mixin.py:190} INFO - [2025-07-02T18:31:40.479+0000] {dag.py:3239} INFO - Sync 1 DAGs
[2025-07-02T18:31:40.520+0000] {logging_mixin.py:190} INFO - [2025-07-02T18:31:40.519+0000] {dag.py:4180} INFO - Setting next_dagrun for extract_raw_data_pipeline to 2025-07-02 07:59:00+00:00, run_after=2025-07-03 07:00:00+00:00
[2025-07-02T18:31:40.568+0000] {processor.py:208} INFO - Processing /opt/airflow/dags/driven_data_pipeline.py took 0.214 seconds
[2025-07-02T18:32:10.827+0000] {processor.py:186} INFO - Started process (PID=1716) to work on /opt/airflow/dags/driven_data_pipeline.py
[2025-07-02T18:32:10.829+0000] {processor.py:914} INFO - Processing file /opt/airflow/dags/driven_data_pipeline.py for tasks to queue
[2025-07-02T18:32:10.832+0000] {logging_mixin.py:190} INFO - [2025-07-02T18:32:10.832+0000] {dagbag.py:588} INFO - Filling up the DagBag from /opt/airflow/dags/driven_data_pipeline.py
[2025-07-02T18:32:10.890+0000] {processor.py:925} INFO - DAG(s) 'extract_raw_data_pipeline' retrieved from /opt/airflow/dags/driven_data_pipeline.py
[2025-07-02T18:32:10.920+0000] {logging_mixin.py:190} INFO - [2025-07-02T18:32:10.919+0000] {dag.py:3239} INFO - Sync 1 DAGs
[2025-07-02T18:32:10.947+0000] {logging_mixin.py:190} INFO - [2025-07-02T18:32:10.947+0000] {dag.py:4180} INFO - Setting next_dagrun for extract_raw_data_pipeline to 2025-07-02 07:59:00+00:00, run_after=2025-07-03 07:00:00+00:00
[2025-07-02T18:32:10.973+0000] {processor.py:208} INFO - Processing /opt/airflow/dags/driven_data_pipeline.py took 0.157 seconds
[2025-07-02T18:32:41.225+0000] {processor.py:186} INFO - Started process (PID=1723) to work on /opt/airflow/dags/driven_data_pipeline.py
[2025-07-02T18:32:41.227+0000] {processor.py:914} INFO - Processing file /opt/airflow/dags/driven_data_pipeline.py for tasks to queue
[2025-07-02T18:32:41.231+0000] {logging_mixin.py:190} INFO - [2025-07-02T18:32:41.230+0000] {dagbag.py:588} INFO - Filling up the DagBag from /opt/airflow/dags/driven_data_pipeline.py
[2025-07-02T18:32:41.269+0000] {processor.py:925} INFO - DAG(s) 'extract_raw_data_pipeline' retrieved from /opt/airflow/dags/driven_data_pipeline.py
[2025-07-02T18:32:41.296+0000] {logging_mixin.py:190} INFO - [2025-07-02T18:32:41.296+0000] {dag.py:3239} INFO - Sync 1 DAGs
[2025-07-02T18:32:41.323+0000] {logging_mixin.py:190} INFO - [2025-07-02T18:32:41.323+0000] {dag.py:4180} INFO - Setting next_dagrun for extract_raw_data_pipeline to 2025-07-02 07:59:00+00:00, run_after=2025-07-03 07:00:00+00:00
[2025-07-02T18:32:41.345+0000] {processor.py:208} INFO - Processing /opt/airflow/dags/driven_data_pipeline.py took 0.131 seconds
[2025-07-02T18:33:11.706+0000] {processor.py:186} INFO - Started process (PID=1730) to work on /opt/airflow/dags/driven_data_pipeline.py
[2025-07-02T18:33:11.708+0000] {processor.py:914} INFO - Processing file /opt/airflow/dags/driven_data_pipeline.py for tasks to queue
[2025-07-02T18:33:11.712+0000] {logging_mixin.py:190} INFO - [2025-07-02T18:33:11.711+0000] {dagbag.py:588} INFO - Filling up the DagBag from /opt/airflow/dags/driven_data_pipeline.py
[2025-07-02T18:33:11.762+0000] {processor.py:925} INFO - DAG(s) 'extract_raw_data_pipeline' retrieved from /opt/airflow/dags/driven_data_pipeline.py
[2025-07-02T18:33:11.805+0000] {logging_mixin.py:190} INFO - [2025-07-02T18:33:11.804+0000] {dag.py:3239} INFO - Sync 1 DAGs
[2025-07-02T18:33:11.849+0000] {logging_mixin.py:190} INFO - [2025-07-02T18:33:11.849+0000] {dag.py:4180} INFO - Setting next_dagrun for extract_raw_data_pipeline to 2025-07-02 07:59:00+00:00, run_after=2025-07-03 07:00:00+00:00
[2025-07-02T18:33:11.881+0000] {processor.py:208} INFO - Processing /opt/airflow/dags/driven_data_pipeline.py took 0.182 seconds
[2025-07-02T18:33:42.074+0000] {processor.py:186} INFO - Started process (PID=1737) to work on /opt/airflow/dags/driven_data_pipeline.py
[2025-07-02T18:33:42.076+0000] {processor.py:914} INFO - Processing file /opt/airflow/dags/driven_data_pipeline.py for tasks to queue
[2025-07-02T18:33:42.079+0000] {logging_mixin.py:190} INFO - [2025-07-02T18:33:42.078+0000] {dagbag.py:588} INFO - Filling up the DagBag from /opt/airflow/dags/driven_data_pipeline.py
[2025-07-02T18:33:42.132+0000] {processor.py:925} INFO - DAG(s) 'extract_raw_data_pipeline' retrieved from /opt/airflow/dags/driven_data_pipeline.py
[2025-07-02T18:33:42.172+0000] {logging_mixin.py:190} INFO - [2025-07-02T18:33:42.171+0000] {dag.py:3239} INFO - Sync 1 DAGs
[2025-07-02T18:33:42.205+0000] {logging_mixin.py:190} INFO - [2025-07-02T18:33:42.204+0000] {dag.py:4180} INFO - Setting next_dagrun for extract_raw_data_pipeline to 2025-07-02 07:59:00+00:00, run_after=2025-07-03 07:00:00+00:00
[2025-07-02T18:33:42.232+0000] {processor.py:208} INFO - Processing /opt/airflow/dags/driven_data_pipeline.py took 0.166 seconds
[2025-07-02T18:34:12.571+0000] {processor.py:186} INFO - Started process (PID=1744) to work on /opt/airflow/dags/driven_data_pipeline.py
[2025-07-02T18:34:12.573+0000] {processor.py:914} INFO - Processing file /opt/airflow/dags/driven_data_pipeline.py for tasks to queue
[2025-07-02T18:34:12.578+0000] {logging_mixin.py:190} INFO - [2025-07-02T18:34:12.578+0000] {dagbag.py:588} INFO - Filling up the DagBag from /opt/airflow/dags/driven_data_pipeline.py
[2025-07-02T18:34:12.636+0000] {processor.py:925} INFO - DAG(s) 'extract_raw_data_pipeline' retrieved from /opt/airflow/dags/driven_data_pipeline.py
[2025-07-02T18:34:12.673+0000] {logging_mixin.py:190} INFO - [2025-07-02T18:34:12.673+0000] {dag.py:3239} INFO - Sync 1 DAGs
[2025-07-02T18:34:12.717+0000] {logging_mixin.py:190} INFO - [2025-07-02T18:34:12.717+0000] {dag.py:4180} INFO - Setting next_dagrun for extract_raw_data_pipeline to 2025-07-02 07:59:00+00:00, run_after=2025-07-03 07:00:00+00:00
[2025-07-02T18:34:12.747+0000] {processor.py:208} INFO - Processing /opt/airflow/dags/driven_data_pipeline.py took 0.186 seconds
[2025-07-02T18:34:42.977+0000] {processor.py:186} INFO - Started process (PID=1751) to work on /opt/airflow/dags/driven_data_pipeline.py
[2025-07-02T18:34:42.979+0000] {processor.py:914} INFO - Processing file /opt/airflow/dags/driven_data_pipeline.py for tasks to queue
[2025-07-02T18:34:42.985+0000] {logging_mixin.py:190} INFO - [2025-07-02T18:34:42.984+0000] {dagbag.py:588} INFO - Filling up the DagBag from /opt/airflow/dags/driven_data_pipeline.py
[2025-07-02T18:34:43.067+0000] {processor.py:925} INFO - DAG(s) 'extract_raw_data_pipeline' retrieved from /opt/airflow/dags/driven_data_pipeline.py
[2025-07-02T18:34:43.119+0000] {logging_mixin.py:190} INFO - [2025-07-02T18:34:43.119+0000] {dag.py:3239} INFO - Sync 1 DAGs
[2025-07-02T18:34:43.167+0000] {logging_mixin.py:190} INFO - [2025-07-02T18:34:43.167+0000] {dag.py:4180} INFO - Setting next_dagrun for extract_raw_data_pipeline to 2025-07-02 07:59:00+00:00, run_after=2025-07-03 07:00:00+00:00
[2025-07-02T18:34:43.211+0000] {processor.py:208} INFO - Processing /opt/airflow/dags/driven_data_pipeline.py took 0.247 seconds
[2025-07-02T18:35:13.458+0000] {processor.py:186} INFO - Started process (PID=1757) to work on /opt/airflow/dags/driven_data_pipeline.py
[2025-07-02T18:35:13.460+0000] {processor.py:914} INFO - Processing file /opt/airflow/dags/driven_data_pipeline.py for tasks to queue
[2025-07-02T18:35:13.463+0000] {logging_mixin.py:190} INFO - [2025-07-02T18:35:13.463+0000] {dagbag.py:588} INFO - Filling up the DagBag from /opt/airflow/dags/driven_data_pipeline.py
[2025-07-02T18:35:13.515+0000] {processor.py:925} INFO - DAG(s) 'extract_raw_data_pipeline' retrieved from /opt/airflow/dags/driven_data_pipeline.py
[2025-07-02T18:35:13.550+0000] {logging_mixin.py:190} INFO - [2025-07-02T18:35:13.549+0000] {dag.py:3239} INFO - Sync 1 DAGs
[2025-07-02T18:35:13.576+0000] {logging_mixin.py:190} INFO - [2025-07-02T18:35:13.575+0000] {dag.py:4180} INFO - Setting next_dagrun for extract_raw_data_pipeline to 2025-07-02 07:59:00+00:00, run_after=2025-07-03 07:00:00+00:00
[2025-07-02T18:35:13.603+0000] {processor.py:208} INFO - Processing /opt/airflow/dags/driven_data_pipeline.py took 0.152 seconds
[2025-07-02T18:35:43.902+0000] {processor.py:186} INFO - Started process (PID=1764) to work on /opt/airflow/dags/driven_data_pipeline.py
[2025-07-02T18:35:43.904+0000] {processor.py:914} INFO - Processing file /opt/airflow/dags/driven_data_pipeline.py for tasks to queue
[2025-07-02T18:35:43.908+0000] {logging_mixin.py:190} INFO - [2025-07-02T18:35:43.907+0000] {dagbag.py:588} INFO - Filling up the DagBag from /opt/airflow/dags/driven_data_pipeline.py
[2025-07-02T18:35:43.959+0000] {processor.py:925} INFO - DAG(s) 'extract_raw_data_pipeline' retrieved from /opt/airflow/dags/driven_data_pipeline.py
[2025-07-02T18:35:43.995+0000] {logging_mixin.py:190} INFO - [2025-07-02T18:35:43.995+0000] {dag.py:3239} INFO - Sync 1 DAGs
[2025-07-02T18:35:44.027+0000] {logging_mixin.py:190} INFO - [2025-07-02T18:35:44.026+0000] {dag.py:4180} INFO - Setting next_dagrun for extract_raw_data_pipeline to 2025-07-02 07:59:00+00:00, run_after=2025-07-03 07:00:00+00:00
[2025-07-02T18:35:44.055+0000] {processor.py:208} INFO - Processing /opt/airflow/dags/driven_data_pipeline.py took 0.165 seconds
[2025-07-02T18:36:14.444+0000] {processor.py:186} INFO - Started process (PID=1771) to work on /opt/airflow/dags/driven_data_pipeline.py
[2025-07-02T18:36:14.446+0000] {processor.py:914} INFO - Processing file /opt/airflow/dags/driven_data_pipeline.py for tasks to queue
[2025-07-02T18:36:14.449+0000] {logging_mixin.py:190} INFO - [2025-07-02T18:36:14.449+0000] {dagbag.py:588} INFO - Filling up the DagBag from /opt/airflow/dags/driven_data_pipeline.py
[2025-07-02T18:36:14.485+0000] {processor.py:925} INFO - DAG(s) 'extract_raw_data_pipeline' retrieved from /opt/airflow/dags/driven_data_pipeline.py
[2025-07-02T18:36:14.515+0000] {logging_mixin.py:190} INFO - [2025-07-02T18:36:14.515+0000] {dag.py:3239} INFO - Sync 1 DAGs
[2025-07-02T18:36:14.542+0000] {logging_mixin.py:190} INFO - [2025-07-02T18:36:14.542+0000] {dag.py:4180} INFO - Setting next_dagrun for extract_raw_data_pipeline to 2025-07-02 07:59:00+00:00, run_after=2025-07-03 07:00:00+00:00
[2025-07-02T18:36:14.569+0000] {processor.py:208} INFO - Processing /opt/airflow/dags/driven_data_pipeline.py took 0.132 seconds
[2025-07-02T18:36:44.771+0000] {processor.py:186} INFO - Started process (PID=1778) to work on /opt/airflow/dags/driven_data_pipeline.py
[2025-07-02T18:36:44.773+0000] {processor.py:914} INFO - Processing file /opt/airflow/dags/driven_data_pipeline.py for tasks to queue
[2025-07-02T18:36:44.777+0000] {logging_mixin.py:190} INFO - [2025-07-02T18:36:44.777+0000] {dagbag.py:588} INFO - Filling up the DagBag from /opt/airflow/dags/driven_data_pipeline.py
[2025-07-02T18:36:44.820+0000] {processor.py:925} INFO - DAG(s) 'extract_raw_data_pipeline' retrieved from /opt/airflow/dags/driven_data_pipeline.py
[2025-07-02T18:36:44.855+0000] {logging_mixin.py:190} INFO - [2025-07-02T18:36:44.854+0000] {dag.py:3239} INFO - Sync 1 DAGs
[2025-07-02T18:36:44.883+0000] {logging_mixin.py:190} INFO - [2025-07-02T18:36:44.883+0000] {dag.py:4180} INFO - Setting next_dagrun for extract_raw_data_pipeline to 2025-07-02 07:59:00+00:00, run_after=2025-07-03 07:00:00+00:00
[2025-07-02T18:36:44.910+0000] {processor.py:208} INFO - Processing /opt/airflow/dags/driven_data_pipeline.py took 0.148 seconds
[2025-07-02T18:37:15.260+0000] {processor.py:186} INFO - Started process (PID=1785) to work on /opt/airflow/dags/driven_data_pipeline.py
[2025-07-02T18:37:15.263+0000] {processor.py:914} INFO - Processing file /opt/airflow/dags/driven_data_pipeline.py for tasks to queue
[2025-07-02T18:37:15.268+0000] {logging_mixin.py:190} INFO - [2025-07-02T18:37:15.267+0000] {dagbag.py:588} INFO - Filling up the DagBag from /opt/airflow/dags/driven_data_pipeline.py
[2025-07-02T18:37:15.323+0000] {processor.py:925} INFO - DAG(s) 'extract_raw_data_pipeline' retrieved from /opt/airflow/dags/driven_data_pipeline.py
[2025-07-02T18:37:15.366+0000] {logging_mixin.py:190} INFO - [2025-07-02T18:37:15.365+0000] {dag.py:3239} INFO - Sync 1 DAGs
[2025-07-02T18:37:15.403+0000] {logging_mixin.py:190} INFO - [2025-07-02T18:37:15.402+0000] {dag.py:4180} INFO - Setting next_dagrun for extract_raw_data_pipeline to 2025-07-02 07:59:00+00:00, run_after=2025-07-03 07:00:00+00:00
[2025-07-02T18:37:15.432+0000] {processor.py:208} INFO - Processing /opt/airflow/dags/driven_data_pipeline.py took 0.187 seconds
[2025-07-02T18:37:45.620+0000] {processor.py:186} INFO - Started process (PID=1792) to work on /opt/airflow/dags/driven_data_pipeline.py
[2025-07-02T18:37:45.621+0000] {processor.py:914} INFO - Processing file /opt/airflow/dags/driven_data_pipeline.py for tasks to queue
[2025-07-02T18:37:45.627+0000] {logging_mixin.py:190} INFO - [2025-07-02T18:37:45.626+0000] {dagbag.py:588} INFO - Filling up the DagBag from /opt/airflow/dags/driven_data_pipeline.py
[2025-07-02T18:37:45.685+0000] {processor.py:925} INFO - DAG(s) 'extract_raw_data_pipeline' retrieved from /opt/airflow/dags/driven_data_pipeline.py
[2025-07-02T18:37:45.733+0000] {logging_mixin.py:190} INFO - [2025-07-02T18:37:45.733+0000] {dag.py:3239} INFO - Sync 1 DAGs
[2025-07-02T18:37:45.800+0000] {logging_mixin.py:190} INFO - [2025-07-02T18:37:45.799+0000] {dag.py:4180} INFO - Setting next_dagrun for extract_raw_data_pipeline to 2025-07-02 07:59:00+00:00, run_after=2025-07-03 07:00:00+00:00
[2025-07-02T18:37:45.839+0000] {processor.py:208} INFO - Processing /opt/airflow/dags/driven_data_pipeline.py took 0.230 seconds
[2025-07-02T18:38:16.158+0000] {processor.py:186} INFO - Started process (PID=1799) to work on /opt/airflow/dags/driven_data_pipeline.py
[2025-07-02T18:38:16.159+0000] {processor.py:914} INFO - Processing file /opt/airflow/dags/driven_data_pipeline.py for tasks to queue
[2025-07-02T18:38:16.163+0000] {logging_mixin.py:190} INFO - [2025-07-02T18:38:16.162+0000] {dagbag.py:588} INFO - Filling up the DagBag from /opt/airflow/dags/driven_data_pipeline.py
[2025-07-02T18:38:16.220+0000] {processor.py:925} INFO - DAG(s) 'extract_raw_data_pipeline' retrieved from /opt/airflow/dags/driven_data_pipeline.py
[2025-07-02T18:38:16.253+0000] {logging_mixin.py:190} INFO - [2025-07-02T18:38:16.253+0000] {dag.py:3239} INFO - Sync 1 DAGs
[2025-07-02T18:38:16.279+0000] {logging_mixin.py:190} INFO - [2025-07-02T18:38:16.278+0000] {dag.py:4180} INFO - Setting next_dagrun for extract_raw_data_pipeline to 2025-07-02 07:59:00+00:00, run_after=2025-07-03 07:00:00+00:00
[2025-07-02T18:38:16.307+0000] {processor.py:208} INFO - Processing /opt/airflow/dags/driven_data_pipeline.py took 0.155 seconds
[2025-07-02T18:38:46.524+0000] {processor.py:186} INFO - Started process (PID=1806) to work on /opt/airflow/dags/driven_data_pipeline.py
[2025-07-02T18:38:46.526+0000] {processor.py:914} INFO - Processing file /opt/airflow/dags/driven_data_pipeline.py for tasks to queue
[2025-07-02T18:38:46.529+0000] {logging_mixin.py:190} INFO - [2025-07-02T18:38:46.529+0000] {dagbag.py:588} INFO - Filling up the DagBag from /opt/airflow/dags/driven_data_pipeline.py
[2025-07-02T18:38:46.581+0000] {processor.py:925} INFO - DAG(s) 'extract_raw_data_pipeline' retrieved from /opt/airflow/dags/driven_data_pipeline.py
[2025-07-02T18:38:46.611+0000] {logging_mixin.py:190} INFO - [2025-07-02T18:38:46.611+0000] {dag.py:3239} INFO - Sync 1 DAGs
[2025-07-02T18:38:46.638+0000] {logging_mixin.py:190} INFO - [2025-07-02T18:38:46.638+0000] {dag.py:4180} INFO - Setting next_dagrun for extract_raw_data_pipeline to 2025-07-02 07:59:00+00:00, run_after=2025-07-03 07:00:00+00:00
[2025-07-02T18:38:46.664+0000] {processor.py:208} INFO - Processing /opt/airflow/dags/driven_data_pipeline.py took 0.148 seconds
[2025-07-02T18:39:17.005+0000] {processor.py:186} INFO - Started process (PID=1813) to work on /opt/airflow/dags/driven_data_pipeline.py
[2025-07-02T18:39:17.008+0000] {processor.py:914} INFO - Processing file /opt/airflow/dags/driven_data_pipeline.py for tasks to queue
[2025-07-02T18:39:17.013+0000] {logging_mixin.py:190} INFO - [2025-07-02T18:39:17.012+0000] {dagbag.py:588} INFO - Filling up the DagBag from /opt/airflow/dags/driven_data_pipeline.py
[2025-07-02T18:39:17.075+0000] {processor.py:925} INFO - DAG(s) 'extract_raw_data_pipeline' retrieved from /opt/airflow/dags/driven_data_pipeline.py
[2025-07-02T18:39:17.112+0000] {logging_mixin.py:190} INFO - [2025-07-02T18:39:17.112+0000] {dag.py:3239} INFO - Sync 1 DAGs
[2025-07-02T18:39:17.143+0000] {logging_mixin.py:190} INFO - [2025-07-02T18:39:17.143+0000] {dag.py:4180} INFO - Setting next_dagrun for extract_raw_data_pipeline to 2025-07-02 07:59:00+00:00, run_after=2025-07-03 07:00:00+00:00
[2025-07-02T18:39:17.171+0000] {processor.py:208} INFO - Processing /opt/airflow/dags/driven_data_pipeline.py took 0.180 seconds
[2025-07-02T18:39:47.340+0000] {processor.py:186} INFO - Started process (PID=1820) to work on /opt/airflow/dags/driven_data_pipeline.py
[2025-07-02T18:39:47.342+0000] {processor.py:914} INFO - Processing file /opt/airflow/dags/driven_data_pipeline.py for tasks to queue
[2025-07-02T18:39:47.346+0000] {logging_mixin.py:190} INFO - [2025-07-02T18:39:47.346+0000] {dagbag.py:588} INFO - Filling up the DagBag from /opt/airflow/dags/driven_data_pipeline.py
[2025-07-02T18:39:47.408+0000] {processor.py:925} INFO - DAG(s) 'extract_raw_data_pipeline' retrieved from /opt/airflow/dags/driven_data_pipeline.py
[2025-07-02T18:39:47.451+0000] {logging_mixin.py:190} INFO - [2025-07-02T18:39:47.450+0000] {dag.py:3239} INFO - Sync 1 DAGs
[2025-07-02T18:39:47.485+0000] {logging_mixin.py:190} INFO - [2025-07-02T18:39:47.485+0000] {dag.py:4180} INFO - Setting next_dagrun for extract_raw_data_pipeline to 2025-07-02 07:59:00+00:00, run_after=2025-07-03 07:00:00+00:00
[2025-07-02T18:39:47.519+0000] {processor.py:208} INFO - Processing /opt/airflow/dags/driven_data_pipeline.py took 0.188 seconds
[2025-07-02T18:40:17.854+0000] {processor.py:186} INFO - Started process (PID=1827) to work on /opt/airflow/dags/driven_data_pipeline.py
[2025-07-02T18:40:17.856+0000] {processor.py:914} INFO - Processing file /opt/airflow/dags/driven_data_pipeline.py for tasks to queue
[2025-07-02T18:40:17.860+0000] {logging_mixin.py:190} INFO - [2025-07-02T18:40:17.859+0000] {dagbag.py:588} INFO - Filling up the DagBag from /opt/airflow/dags/driven_data_pipeline.py
[2025-07-02T18:40:17.911+0000] {processor.py:925} INFO - DAG(s) 'extract_raw_data_pipeline' retrieved from /opt/airflow/dags/driven_data_pipeline.py
[2025-07-02T18:40:17.951+0000] {logging_mixin.py:190} INFO - [2025-07-02T18:40:17.951+0000] {dag.py:3239} INFO - Sync 1 DAGs
[2025-07-02T18:40:17.987+0000] {logging_mixin.py:190} INFO - [2025-07-02T18:40:17.987+0000] {dag.py:4180} INFO - Setting next_dagrun for extract_raw_data_pipeline to 2025-07-02 07:59:00+00:00, run_after=2025-07-03 07:00:00+00:00
[2025-07-02T18:40:18.015+0000] {processor.py:208} INFO - Processing /opt/airflow/dags/driven_data_pipeline.py took 0.167 seconds
[2025-07-02T18:40:48.204+0000] {processor.py:186} INFO - Started process (PID=1834) to work on /opt/airflow/dags/driven_data_pipeline.py
[2025-07-02T18:40:48.206+0000] {processor.py:914} INFO - Processing file /opt/airflow/dags/driven_data_pipeline.py for tasks to queue
[2025-07-02T18:40:48.210+0000] {logging_mixin.py:190} INFO - [2025-07-02T18:40:48.209+0000] {dagbag.py:588} INFO - Filling up the DagBag from /opt/airflow/dags/driven_data_pipeline.py
[2025-07-02T18:40:48.264+0000] {processor.py:925} INFO - DAG(s) 'extract_raw_data_pipeline' retrieved from /opt/airflow/dags/driven_data_pipeline.py
[2025-07-02T18:40:48.300+0000] {logging_mixin.py:190} INFO - [2025-07-02T18:40:48.299+0000] {dag.py:3239} INFO - Sync 1 DAGs
[2025-07-02T18:40:48.335+0000] {logging_mixin.py:190} INFO - [2025-07-02T18:40:48.335+0000] {dag.py:4180} INFO - Setting next_dagrun for extract_raw_data_pipeline to 2025-07-02 07:59:00+00:00, run_after=2025-07-03 07:00:00+00:00
[2025-07-02T18:40:48.364+0000] {processor.py:208} INFO - Processing /opt/airflow/dags/driven_data_pipeline.py took 0.167 seconds
[2025-07-02T18:41:18.734+0000] {processor.py:186} INFO - Started process (PID=1841) to work on /opt/airflow/dags/driven_data_pipeline.py
[2025-07-02T18:41:18.736+0000] {processor.py:914} INFO - Processing file /opt/airflow/dags/driven_data_pipeline.py for tasks to queue
[2025-07-02T18:41:18.739+0000] {logging_mixin.py:190} INFO - [2025-07-02T18:41:18.739+0000] {dagbag.py:588} INFO - Filling up the DagBag from /opt/airflow/dags/driven_data_pipeline.py
[2025-07-02T18:41:18.790+0000] {processor.py:925} INFO - DAG(s) 'extract_raw_data_pipeline' retrieved from /opt/airflow/dags/driven_data_pipeline.py
[2025-07-02T18:41:18.824+0000] {logging_mixin.py:190} INFO - [2025-07-02T18:41:18.823+0000] {dag.py:3239} INFO - Sync 1 DAGs
[2025-07-02T18:41:18.852+0000] {logging_mixin.py:190} INFO - [2025-07-02T18:41:18.852+0000] {dag.py:4180} INFO - Setting next_dagrun for extract_raw_data_pipeline to 2025-07-02 07:59:00+00:00, run_after=2025-07-03 07:00:00+00:00
[2025-07-02T18:41:18.878+0000] {processor.py:208} INFO - Processing /opt/airflow/dags/driven_data_pipeline.py took 0.151 seconds
[2025-07-02T18:41:49.154+0000] {processor.py:186} INFO - Started process (PID=1848) to work on /opt/airflow/dags/driven_data_pipeline.py
[2025-07-02T18:41:49.156+0000] {processor.py:914} INFO - Processing file /opt/airflow/dags/driven_data_pipeline.py for tasks to queue
[2025-07-02T18:41:49.159+0000] {logging_mixin.py:190} INFO - [2025-07-02T18:41:49.158+0000] {dagbag.py:588} INFO - Filling up the DagBag from /opt/airflow/dags/driven_data_pipeline.py
[2025-07-02T18:41:49.214+0000] {processor.py:925} INFO - DAG(s) 'extract_raw_data_pipeline' retrieved from /opt/airflow/dags/driven_data_pipeline.py
[2025-07-02T18:41:49.246+0000] {logging_mixin.py:190} INFO - [2025-07-02T18:41:49.245+0000] {dag.py:3239} INFO - Sync 1 DAGs
[2025-07-02T18:41:49.273+0000] {logging_mixin.py:190} INFO - [2025-07-02T18:41:49.273+0000] {dag.py:4180} INFO - Setting next_dagrun for extract_raw_data_pipeline to 2025-07-02 07:59:00+00:00, run_after=2025-07-03 07:00:00+00:00
[2025-07-02T18:41:49.300+0000] {processor.py:208} INFO - Processing /opt/airflow/dags/driven_data_pipeline.py took 0.154 seconds
[2025-07-02T18:42:19.608+0000] {processor.py:186} INFO - Started process (PID=1855) to work on /opt/airflow/dags/driven_data_pipeline.py
[2025-07-02T18:42:19.610+0000] {processor.py:914} INFO - Processing file /opt/airflow/dags/driven_data_pipeline.py for tasks to queue
[2025-07-02T18:42:19.615+0000] {logging_mixin.py:190} INFO - [2025-07-02T18:42:19.614+0000] {dagbag.py:588} INFO - Filling up the DagBag from /opt/airflow/dags/driven_data_pipeline.py
[2025-07-02T18:42:19.667+0000] {processor.py:925} INFO - DAG(s) 'extract_raw_data_pipeline' retrieved from /opt/airflow/dags/driven_data_pipeline.py
[2025-07-02T18:42:19.698+0000] {logging_mixin.py:190} INFO - [2025-07-02T18:42:19.698+0000] {dag.py:3239} INFO - Sync 1 DAGs
[2025-07-02T18:42:19.725+0000] {logging_mixin.py:190} INFO - [2025-07-02T18:42:19.724+0000] {dag.py:4180} INFO - Setting next_dagrun for extract_raw_data_pipeline to 2025-07-02 07:59:00+00:00, run_after=2025-07-03 07:00:00+00:00
[2025-07-02T18:42:19.751+0000] {processor.py:208} INFO - Processing /opt/airflow/dags/driven_data_pipeline.py took 0.155 seconds
[2025-07-02T18:42:49.977+0000] {processor.py:186} INFO - Started process (PID=1862) to work on /opt/airflow/dags/driven_data_pipeline.py
[2025-07-02T18:42:49.979+0000] {processor.py:914} INFO - Processing file /opt/airflow/dags/driven_data_pipeline.py for tasks to queue
[2025-07-02T18:42:49.983+0000] {logging_mixin.py:190} INFO - [2025-07-02T18:42:49.982+0000] {dagbag.py:588} INFO - Filling up the DagBag from /opt/airflow/dags/driven_data_pipeline.py
[2025-07-02T18:42:50.040+0000] {processor.py:925} INFO - DAG(s) 'extract_raw_data_pipeline' retrieved from /opt/airflow/dags/driven_data_pipeline.py
[2025-07-02T18:42:50.076+0000] {logging_mixin.py:190} INFO - [2025-07-02T18:42:50.075+0000] {dag.py:3239} INFO - Sync 1 DAGs
[2025-07-02T18:42:50.111+0000] {logging_mixin.py:190} INFO - [2025-07-02T18:42:50.111+0000] {dag.py:4180} INFO - Setting next_dagrun for extract_raw_data_pipeline to 2025-07-02 07:59:00+00:00, run_after=2025-07-03 07:00:00+00:00
[2025-07-02T18:42:50.141+0000] {processor.py:208} INFO - Processing /opt/airflow/dags/driven_data_pipeline.py took 0.171 seconds
[2025-07-02T18:43:20.490+0000] {processor.py:186} INFO - Started process (PID=1869) to work on /opt/airflow/dags/driven_data_pipeline.py
[2025-07-02T18:43:20.492+0000] {processor.py:914} INFO - Processing file /opt/airflow/dags/driven_data_pipeline.py for tasks to queue
[2025-07-02T18:43:20.496+0000] {logging_mixin.py:190} INFO - [2025-07-02T18:43:20.496+0000] {dagbag.py:588} INFO - Filling up the DagBag from /opt/airflow/dags/driven_data_pipeline.py
[2025-07-02T18:43:20.538+0000] {processor.py:925} INFO - DAG(s) 'extract_raw_data_pipeline' retrieved from /opt/airflow/dags/driven_data_pipeline.py
[2025-07-02T18:43:20.574+0000] {logging_mixin.py:190} INFO - [2025-07-02T18:43:20.574+0000] {dag.py:3239} INFO - Sync 1 DAGs
[2025-07-02T18:43:20.613+0000] {logging_mixin.py:190} INFO - [2025-07-02T18:43:20.613+0000] {dag.py:4180} INFO - Setting next_dagrun for extract_raw_data_pipeline to 2025-07-02 07:59:00+00:00, run_after=2025-07-03 07:00:00+00:00
[2025-07-02T18:43:20.642+0000] {processor.py:208} INFO - Processing /opt/airflow/dags/driven_data_pipeline.py took 0.161 seconds
[2025-07-02T18:43:50.822+0000] {processor.py:186} INFO - Started process (PID=1876) to work on /opt/airflow/dags/driven_data_pipeline.py
[2025-07-02T18:43:50.824+0000] {processor.py:914} INFO - Processing file /opt/airflow/dags/driven_data_pipeline.py for tasks to queue
[2025-07-02T18:43:50.827+0000] {logging_mixin.py:190} INFO - [2025-07-02T18:43:50.827+0000] {dagbag.py:588} INFO - Filling up the DagBag from /opt/airflow/dags/driven_data_pipeline.py
[2025-07-02T18:43:50.869+0000] {processor.py:925} INFO - DAG(s) 'extract_raw_data_pipeline' retrieved from /opt/airflow/dags/driven_data_pipeline.py
[2025-07-02T18:43:50.899+0000] {logging_mixin.py:190} INFO - [2025-07-02T18:43:50.898+0000] {dag.py:3239} INFO - Sync 1 DAGs
[2025-07-02T18:43:50.928+0000] {logging_mixin.py:190} INFO - [2025-07-02T18:43:50.928+0000] {dag.py:4180} INFO - Setting next_dagrun for extract_raw_data_pipeline to 2025-07-02 07:59:00+00:00, run_after=2025-07-03 07:00:00+00:00
[2025-07-02T18:43:50.953+0000] {processor.py:208} INFO - Processing /opt/airflow/dags/driven_data_pipeline.py took 0.139 seconds
[2025-07-02T18:44:21.159+0000] {processor.py:186} INFO - Started process (PID=1883) to work on /opt/airflow/dags/driven_data_pipeline.py
[2025-07-02T18:44:21.161+0000] {processor.py:914} INFO - Processing file /opt/airflow/dags/driven_data_pipeline.py for tasks to queue
[2025-07-02T18:44:21.166+0000] {logging_mixin.py:190} INFO - [2025-07-02T18:44:21.165+0000] {dagbag.py:588} INFO - Filling up the DagBag from /opt/airflow/dags/driven_data_pipeline.py
[2025-07-02T18:44:21.224+0000] {processor.py:925} INFO - DAG(s) 'extract_raw_data_pipeline' retrieved from /opt/airflow/dags/driven_data_pipeline.py
[2025-07-02T18:44:21.271+0000] {logging_mixin.py:190} INFO - [2025-07-02T18:44:21.271+0000] {dag.py:3239} INFO - Sync 1 DAGs
[2025-07-02T18:44:21.302+0000] {logging_mixin.py:190} INFO - [2025-07-02T18:44:21.301+0000] {dag.py:4180} INFO - Setting next_dagrun for extract_raw_data_pipeline to 2025-07-02 07:59:00+00:00, run_after=2025-07-03 07:00:00+00:00
[2025-07-02T18:44:21.329+0000] {processor.py:208} INFO - Processing /opt/airflow/dags/driven_data_pipeline.py took 0.179 seconds
[2025-07-02T18:44:51.622+0000] {processor.py:186} INFO - Started process (PID=1890) to work on /opt/airflow/dags/driven_data_pipeline.py
[2025-07-02T18:44:51.623+0000] {processor.py:914} INFO - Processing file /opt/airflow/dags/driven_data_pipeline.py for tasks to queue
[2025-07-02T18:44:51.627+0000] {logging_mixin.py:190} INFO - [2025-07-02T18:44:51.626+0000] {dagbag.py:588} INFO - Filling up the DagBag from /opt/airflow/dags/driven_data_pipeline.py
[2025-07-02T18:44:51.669+0000] {processor.py:925} INFO - DAG(s) 'extract_raw_data_pipeline' retrieved from /opt/airflow/dags/driven_data_pipeline.py
[2025-07-02T18:44:51.699+0000] {logging_mixin.py:190} INFO - [2025-07-02T18:44:51.699+0000] {dag.py:3239} INFO - Sync 1 DAGs
[2025-07-02T18:44:51.723+0000] {logging_mixin.py:190} INFO - [2025-07-02T18:44:51.723+0000] {dag.py:4180} INFO - Setting next_dagrun for extract_raw_data_pipeline to 2025-07-02 07:59:00+00:00, run_after=2025-07-03 07:00:00+00:00
[2025-07-02T18:44:51.752+0000] {processor.py:208} INFO - Processing /opt/airflow/dags/driven_data_pipeline.py took 0.140 seconds
[2025-07-02T18:45:21.993+0000] {processor.py:186} INFO - Started process (PID=1897) to work on /opt/airflow/dags/driven_data_pipeline.py
[2025-07-02T18:45:21.995+0000] {processor.py:914} INFO - Processing file /opt/airflow/dags/driven_data_pipeline.py for tasks to queue
[2025-07-02T18:45:21.998+0000] {logging_mixin.py:190} INFO - [2025-07-02T18:45:21.998+0000] {dagbag.py:588} INFO - Filling up the DagBag from /opt/airflow/dags/driven_data_pipeline.py
[2025-07-02T18:45:22.059+0000] {processor.py:925} INFO - DAG(s) 'extract_raw_data_pipeline' retrieved from /opt/airflow/dags/driven_data_pipeline.py
[2025-07-02T18:45:22.102+0000] {logging_mixin.py:190} INFO - [2025-07-02T18:45:22.102+0000] {dag.py:3239} INFO - Sync 1 DAGs
[2025-07-02T18:45:22.136+0000] {logging_mixin.py:190} INFO - [2025-07-02T18:45:22.136+0000] {dag.py:4180} INFO - Setting next_dagrun for extract_raw_data_pipeline to 2025-07-02 07:59:00+00:00, run_after=2025-07-03 07:00:00+00:00
[2025-07-02T18:45:22.169+0000] {processor.py:208} INFO - Processing /opt/airflow/dags/driven_data_pipeline.py took 0.187 seconds
[2025-07-02T18:45:52.474+0000] {processor.py:186} INFO - Started process (PID=1903) to work on /opt/airflow/dags/driven_data_pipeline.py
[2025-07-02T18:45:52.477+0000] {processor.py:914} INFO - Processing file /opt/airflow/dags/driven_data_pipeline.py for tasks to queue
[2025-07-02T18:45:52.483+0000] {logging_mixin.py:190} INFO - [2025-07-02T18:45:52.482+0000] {dagbag.py:588} INFO - Filling up the DagBag from /opt/airflow/dags/driven_data_pipeline.py
[2025-07-02T18:45:52.557+0000] {processor.py:925} INFO - DAG(s) 'extract_raw_data_pipeline' retrieved from /opt/airflow/dags/driven_data_pipeline.py
[2025-07-02T18:45:52.604+0000] {logging_mixin.py:190} INFO - [2025-07-02T18:45:52.603+0000] {dag.py:3239} INFO - Sync 1 DAGs
[2025-07-02T18:45:52.642+0000] {logging_mixin.py:190} INFO - [2025-07-02T18:45:52.641+0000] {dag.py:4180} INFO - Setting next_dagrun for extract_raw_data_pipeline to 2025-07-02 07:59:00+00:00, run_after=2025-07-03 07:00:00+00:00
[2025-07-02T18:45:52.677+0000] {processor.py:208} INFO - Processing /opt/airflow/dags/driven_data_pipeline.py took 0.212 seconds
[2025-07-02T18:46:22.868+0000] {processor.py:186} INFO - Started process (PID=1910) to work on /opt/airflow/dags/driven_data_pipeline.py
[2025-07-02T18:46:22.870+0000] {processor.py:914} INFO - Processing file /opt/airflow/dags/driven_data_pipeline.py for tasks to queue
[2025-07-02T18:46:22.873+0000] {logging_mixin.py:190} INFO - [2025-07-02T18:46:22.873+0000] {dagbag.py:588} INFO - Filling up the DagBag from /opt/airflow/dags/driven_data_pipeline.py
[2025-07-02T18:46:22.930+0000] {processor.py:925} INFO - DAG(s) 'extract_raw_data_pipeline' retrieved from /opt/airflow/dags/driven_data_pipeline.py
[2025-07-02T18:46:22.969+0000] {logging_mixin.py:190} INFO - [2025-07-02T18:46:22.968+0000] {dag.py:3239} INFO - Sync 1 DAGs
[2025-07-02T18:46:23.001+0000] {logging_mixin.py:190} INFO - [2025-07-02T18:46:23.000+0000] {dag.py:4180} INFO - Setting next_dagrun for extract_raw_data_pipeline to 2025-07-02 07:59:00+00:00, run_after=2025-07-03 07:00:00+00:00
[2025-07-02T18:46:23.031+0000] {processor.py:208} INFO - Processing /opt/airflow/dags/driven_data_pipeline.py took 0.170 seconds
[2025-07-02T18:46:53.363+0000] {processor.py:186} INFO - Started process (PID=1917) to work on /opt/airflow/dags/driven_data_pipeline.py
[2025-07-02T18:46:53.365+0000] {processor.py:914} INFO - Processing file /opt/airflow/dags/driven_data_pipeline.py for tasks to queue
[2025-07-02T18:46:53.369+0000] {logging_mixin.py:190} INFO - [2025-07-02T18:46:53.368+0000] {dagbag.py:588} INFO - Filling up the DagBag from /opt/airflow/dags/driven_data_pipeline.py
[2025-07-02T18:46:53.422+0000] {processor.py:925} INFO - DAG(s) 'extract_raw_data_pipeline' retrieved from /opt/airflow/dags/driven_data_pipeline.py
[2025-07-02T18:46:53.458+0000] {logging_mixin.py:190} INFO - [2025-07-02T18:46:53.457+0000] {dag.py:3239} INFO - Sync 1 DAGs
[2025-07-02T18:46:53.490+0000] {logging_mixin.py:190} INFO - [2025-07-02T18:46:53.489+0000] {dag.py:4180} INFO - Setting next_dagrun for extract_raw_data_pipeline to 2025-07-02 07:59:00+00:00, run_after=2025-07-03 07:00:00+00:00
[2025-07-02T18:46:53.517+0000] {processor.py:208} INFO - Processing /opt/airflow/dags/driven_data_pipeline.py took 0.161 seconds
[2025-07-02T18:47:23.726+0000] {processor.py:186} INFO - Started process (PID=1924) to work on /opt/airflow/dags/driven_data_pipeline.py
[2025-07-02T18:47:23.728+0000] {processor.py:914} INFO - Processing file /opt/airflow/dags/driven_data_pipeline.py for tasks to queue
[2025-07-02T18:47:23.731+0000] {logging_mixin.py:190} INFO - [2025-07-02T18:47:23.730+0000] {dagbag.py:588} INFO - Filling up the DagBag from /opt/airflow/dags/driven_data_pipeline.py
[2025-07-02T18:47:23.777+0000] {processor.py:925} INFO - DAG(s) 'extract_raw_data_pipeline' retrieved from /opt/airflow/dags/driven_data_pipeline.py
[2025-07-02T18:47:23.821+0000] {logging_mixin.py:190} INFO - [2025-07-02T18:47:23.820+0000] {dag.py:3239} INFO - Sync 1 DAGs
[2025-07-02T18:47:23.861+0000] {logging_mixin.py:190} INFO - [2025-07-02T18:47:23.861+0000] {dag.py:4180} INFO - Setting next_dagrun for extract_raw_data_pipeline to 2025-07-02 07:59:00+00:00, run_after=2025-07-03 07:00:00+00:00
[2025-07-02T18:47:23.891+0000] {processor.py:208} INFO - Processing /opt/airflow/dags/driven_data_pipeline.py took 0.172 seconds
[2025-07-02T18:47:54.152+0000] {processor.py:186} INFO - Started process (PID=1931) to work on /opt/airflow/dags/driven_data_pipeline.py
[2025-07-02T18:47:54.154+0000] {processor.py:914} INFO - Processing file /opt/airflow/dags/driven_data_pipeline.py for tasks to queue
[2025-07-02T18:47:54.157+0000] {logging_mixin.py:190} INFO - [2025-07-02T18:47:54.157+0000] {dagbag.py:588} INFO - Filling up the DagBag from /opt/airflow/dags/driven_data_pipeline.py
[2025-07-02T18:47:54.204+0000] {processor.py:925} INFO - DAG(s) 'extract_raw_data_pipeline' retrieved from /opt/airflow/dags/driven_data_pipeline.py
[2025-07-02T18:47:54.238+0000] {logging_mixin.py:190} INFO - [2025-07-02T18:47:54.237+0000] {dag.py:3239} INFO - Sync 1 DAGs
[2025-07-02T18:47:54.271+0000] {logging_mixin.py:190} INFO - [2025-07-02T18:47:54.271+0000] {dag.py:4180} INFO - Setting next_dagrun for extract_raw_data_pipeline to 2025-07-02 07:59:00+00:00, run_after=2025-07-03 07:00:00+00:00
[2025-07-02T18:47:54.297+0000] {processor.py:208} INFO - Processing /opt/airflow/dags/driven_data_pipeline.py took 0.153 seconds
[2025-07-02T18:48:24.552+0000] {processor.py:186} INFO - Started process (PID=1938) to work on /opt/airflow/dags/driven_data_pipeline.py
[2025-07-02T18:48:24.554+0000] {processor.py:914} INFO - Processing file /opt/airflow/dags/driven_data_pipeline.py for tasks to queue
[2025-07-02T18:48:24.558+0000] {logging_mixin.py:190} INFO - [2025-07-02T18:48:24.557+0000] {dagbag.py:588} INFO - Filling up the DagBag from /opt/airflow/dags/driven_data_pipeline.py
[2025-07-02T18:48:24.609+0000] {processor.py:925} INFO - DAG(s) 'extract_raw_data_pipeline' retrieved from /opt/airflow/dags/driven_data_pipeline.py
[2025-07-02T18:48:24.653+0000] {logging_mixin.py:190} INFO - [2025-07-02T18:48:24.653+0000] {dag.py:3239} INFO - Sync 1 DAGs
[2025-07-02T18:48:24.695+0000] {logging_mixin.py:190} INFO - [2025-07-02T18:48:24.694+0000] {dag.py:4180} INFO - Setting next_dagrun for extract_raw_data_pipeline to 2025-07-02 07:59:00+00:00, run_after=2025-07-03 07:00:00+00:00
[2025-07-02T18:48:24.725+0000] {processor.py:208} INFO - Processing /opt/airflow/dags/driven_data_pipeline.py took 0.185 seconds
[2025-07-02T18:48:54.937+0000] {processor.py:186} INFO - Started process (PID=1945) to work on /opt/airflow/dags/driven_data_pipeline.py
[2025-07-02T18:48:54.939+0000] {processor.py:914} INFO - Processing file /opt/airflow/dags/driven_data_pipeline.py for tasks to queue
[2025-07-02T18:48:54.944+0000] {logging_mixin.py:190} INFO - [2025-07-02T18:48:54.943+0000] {dagbag.py:588} INFO - Filling up the DagBag from /opt/airflow/dags/driven_data_pipeline.py
[2025-07-02T18:48:55.000+0000] {processor.py:925} INFO - DAG(s) 'extract_raw_data_pipeline' retrieved from /opt/airflow/dags/driven_data_pipeline.py
[2025-07-02T18:48:55.031+0000] {logging_mixin.py:190} INFO - [2025-07-02T18:48:55.031+0000] {dag.py:3239} INFO - Sync 1 DAGs
[2025-07-02T18:48:55.056+0000] {logging_mixin.py:190} INFO - [2025-07-02T18:48:55.055+0000] {dag.py:4180} INFO - Setting next_dagrun for extract_raw_data_pipeline to 2025-07-02 07:59:00+00:00, run_after=2025-07-03 07:00:00+00:00
[2025-07-02T18:48:55.082+0000] {processor.py:208} INFO - Processing /opt/airflow/dags/driven_data_pipeline.py took 0.154 seconds
[2025-07-02T18:49:25.374+0000] {processor.py:186} INFO - Started process (PID=1953) to work on /opt/airflow/dags/driven_data_pipeline.py
[2025-07-02T18:49:25.376+0000] {processor.py:914} INFO - Processing file /opt/airflow/dags/driven_data_pipeline.py for tasks to queue
[2025-07-02T18:49:25.379+0000] {logging_mixin.py:190} INFO - [2025-07-02T18:49:25.379+0000] {dagbag.py:588} INFO - Filling up the DagBag from /opt/airflow/dags/driven_data_pipeline.py
[2025-07-02T18:49:25.417+0000] {processor.py:925} INFO - DAG(s) 'extract_raw_data_pipeline' retrieved from /opt/airflow/dags/driven_data_pipeline.py
[2025-07-02T18:49:25.446+0000] {logging_mixin.py:190} INFO - [2025-07-02T18:49:25.446+0000] {dag.py:3239} INFO - Sync 1 DAGs
[2025-07-02T18:49:25.470+0000] {logging_mixin.py:190} INFO - [2025-07-02T18:49:25.470+0000] {dag.py:4180} INFO - Setting next_dagrun for extract_raw_data_pipeline to 2025-07-02 07:59:00+00:00, run_after=2025-07-03 07:00:00+00:00
[2025-07-02T18:49:25.496+0000] {processor.py:208} INFO - Processing /opt/airflow/dags/driven_data_pipeline.py took 0.129 seconds
[2025-07-02T18:49:55.755+0000] {processor.py:186} INFO - Started process (PID=1960) to work on /opt/airflow/dags/driven_data_pipeline.py
[2025-07-02T18:49:55.756+0000] {processor.py:914} INFO - Processing file /opt/airflow/dags/driven_data_pipeline.py for tasks to queue
[2025-07-02T18:49:55.760+0000] {logging_mixin.py:190} INFO - [2025-07-02T18:49:55.760+0000] {dagbag.py:588} INFO - Filling up the DagBag from /opt/airflow/dags/driven_data_pipeline.py
[2025-07-02T18:49:55.807+0000] {processor.py:925} INFO - DAG(s) 'extract_raw_data_pipeline' retrieved from /opt/airflow/dags/driven_data_pipeline.py
[2025-07-02T18:49:55.836+0000] {logging_mixin.py:190} INFO - [2025-07-02T18:49:55.836+0000] {dag.py:3239} INFO - Sync 1 DAGs
[2025-07-02T18:49:55.866+0000] {logging_mixin.py:190} INFO - [2025-07-02T18:49:55.866+0000] {dag.py:4180} INFO - Setting next_dagrun for extract_raw_data_pipeline to 2025-07-02 07:59:00+00:00, run_after=2025-07-03 07:00:00+00:00
[2025-07-02T18:49:55.890+0000] {processor.py:208} INFO - Processing /opt/airflow/dags/driven_data_pipeline.py took 0.143 seconds
[2025-07-02T18:50:26.136+0000] {processor.py:186} INFO - Started process (PID=1967) to work on /opt/airflow/dags/driven_data_pipeline.py
[2025-07-02T18:50:26.138+0000] {processor.py:914} INFO - Processing file /opt/airflow/dags/driven_data_pipeline.py for tasks to queue
[2025-07-02T18:50:26.142+0000] {logging_mixin.py:190} INFO - [2025-07-02T18:50:26.141+0000] {dagbag.py:588} INFO - Filling up the DagBag from /opt/airflow/dags/driven_data_pipeline.py
[2025-07-02T18:50:26.183+0000] {processor.py:925} INFO - DAG(s) 'extract_raw_data_pipeline' retrieved from /opt/airflow/dags/driven_data_pipeline.py
[2025-07-02T18:50:26.222+0000] {logging_mixin.py:190} INFO - [2025-07-02T18:50:26.222+0000] {dag.py:3239} INFO - Sync 1 DAGs
[2025-07-02T18:50:26.257+0000] {logging_mixin.py:190} INFO - [2025-07-02T18:50:26.257+0000] {dag.py:4180} INFO - Setting next_dagrun for extract_raw_data_pipeline to 2025-07-02 07:59:00+00:00, run_after=2025-07-03 07:00:00+00:00
[2025-07-02T18:50:26.287+0000] {processor.py:208} INFO - Processing /opt/airflow/dags/driven_data_pipeline.py took 0.160 seconds
[2025-07-02T18:50:56.522+0000] {processor.py:186} INFO - Started process (PID=1974) to work on /opt/airflow/dags/driven_data_pipeline.py
[2025-07-02T18:50:56.525+0000] {processor.py:914} INFO - Processing file /opt/airflow/dags/driven_data_pipeline.py for tasks to queue
[2025-07-02T18:50:56.530+0000] {logging_mixin.py:190} INFO - [2025-07-02T18:50:56.529+0000] {dagbag.py:588} INFO - Filling up the DagBag from /opt/airflow/dags/driven_data_pipeline.py
[2025-07-02T18:50:56.599+0000] {processor.py:925} INFO - DAG(s) 'extract_raw_data_pipeline' retrieved from /opt/airflow/dags/driven_data_pipeline.py
[2025-07-02T18:50:56.648+0000] {logging_mixin.py:190} INFO - [2025-07-02T18:50:56.648+0000] {dag.py:3239} INFO - Sync 1 DAGs
[2025-07-02T18:50:56.689+0000] {logging_mixin.py:190} INFO - [2025-07-02T18:50:56.689+0000] {dag.py:4180} INFO - Setting next_dagrun for extract_raw_data_pipeline to 2025-07-02 07:59:00+00:00, run_after=2025-07-03 07:00:00+00:00
[2025-07-02T18:50:56.722+0000] {processor.py:208} INFO - Processing /opt/airflow/dags/driven_data_pipeline.py took 0.213 seconds
[2025-07-02T18:51:26.964+0000] {processor.py:186} INFO - Started process (PID=1980) to work on /opt/airflow/dags/driven_data_pipeline.py
[2025-07-02T18:51:26.966+0000] {processor.py:914} INFO - Processing file /opt/airflow/dags/driven_data_pipeline.py for tasks to queue
[2025-07-02T18:51:26.971+0000] {logging_mixin.py:190} INFO - [2025-07-02T18:51:26.971+0000] {dagbag.py:588} INFO - Filling up the DagBag from /opt/airflow/dags/driven_data_pipeline.py
[2025-07-02T18:51:27.043+0000] {processor.py:925} INFO - DAG(s) 'extract_raw_data_pipeline' retrieved from /opt/airflow/dags/driven_data_pipeline.py
[2025-07-02T18:51:27.088+0000] {logging_mixin.py:190} INFO - [2025-07-02T18:51:27.088+0000] {dag.py:3239} INFO - Sync 1 DAGs
[2025-07-02T18:51:27.131+0000] {logging_mixin.py:190} INFO - [2025-07-02T18:51:27.131+0000] {dag.py:4180} INFO - Setting next_dagrun for extract_raw_data_pipeline to 2025-07-02 07:59:00+00:00, run_after=2025-07-03 07:00:00+00:00
[2025-07-02T18:51:27.168+0000] {processor.py:208} INFO - Processing /opt/airflow/dags/driven_data_pipeline.py took 0.215 seconds
[2025-07-02T18:51:57.396+0000] {processor.py:186} INFO - Started process (PID=1987) to work on /opt/airflow/dags/driven_data_pipeline.py
[2025-07-02T18:51:57.399+0000] {processor.py:914} INFO - Processing file /opt/airflow/dags/driven_data_pipeline.py for tasks to queue
[2025-07-02T18:51:57.404+0000] {logging_mixin.py:190} INFO - [2025-07-02T18:51:57.403+0000] {dagbag.py:588} INFO - Filling up the DagBag from /opt/airflow/dags/driven_data_pipeline.py
[2025-07-02T18:51:57.481+0000] {processor.py:925} INFO - DAG(s) 'extract_raw_data_pipeline' retrieved from /opt/airflow/dags/driven_data_pipeline.py
[2025-07-02T18:51:57.530+0000] {logging_mixin.py:190} INFO - [2025-07-02T18:51:57.530+0000] {dag.py:3239} INFO - Sync 1 DAGs
[2025-07-02T18:51:57.576+0000] {logging_mixin.py:190} INFO - [2025-07-02T18:51:57.575+0000] {dag.py:4180} INFO - Setting next_dagrun for extract_raw_data_pipeline to 2025-07-02 07:59:00+00:00, run_after=2025-07-03 07:00:00+00:00
[2025-07-02T18:51:57.622+0000] {processor.py:208} INFO - Processing /opt/airflow/dags/driven_data_pipeline.py took 0.239 seconds
[2025-07-02T18:52:27.843+0000] {processor.py:186} INFO - Started process (PID=1994) to work on /opt/airflow/dags/driven_data_pipeline.py
[2025-07-02T18:52:27.845+0000] {processor.py:914} INFO - Processing file /opt/airflow/dags/driven_data_pipeline.py for tasks to queue
[2025-07-02T18:52:27.849+0000] {logging_mixin.py:190} INFO - [2025-07-02T18:52:27.848+0000] {dagbag.py:588} INFO - Filling up the DagBag from /opt/airflow/dags/driven_data_pipeline.py
[2025-07-02T18:52:27.892+0000] {processor.py:925} INFO - DAG(s) 'extract_raw_data_pipeline' retrieved from /opt/airflow/dags/driven_data_pipeline.py
[2025-07-02T18:52:27.930+0000] {logging_mixin.py:190} INFO - [2025-07-02T18:52:27.930+0000] {dag.py:3239} INFO - Sync 1 DAGs
[2025-07-02T18:52:27.963+0000] {logging_mixin.py:190} INFO - [2025-07-02T18:52:27.963+0000] {dag.py:4180} INFO - Setting next_dagrun for extract_raw_data_pipeline to 2025-07-02 07:59:00+00:00, run_after=2025-07-03 07:00:00+00:00
[2025-07-02T18:52:27.988+0000] {processor.py:208} INFO - Processing /opt/airflow/dags/driven_data_pipeline.py took 0.154 seconds
[2025-07-02T18:52:58.273+0000] {processor.py:186} INFO - Started process (PID=2001) to work on /opt/airflow/dags/driven_data_pipeline.py
[2025-07-02T18:52:58.275+0000] {processor.py:914} INFO - Processing file /opt/airflow/dags/driven_data_pipeline.py for tasks to queue
[2025-07-02T18:52:58.278+0000] {logging_mixin.py:190} INFO - [2025-07-02T18:52:58.278+0000] {dagbag.py:588} INFO - Filling up the DagBag from /opt/airflow/dags/driven_data_pipeline.py
[2025-07-02T18:52:58.322+0000] {processor.py:925} INFO - DAG(s) 'extract_raw_data_pipeline' retrieved from /opt/airflow/dags/driven_data_pipeline.py
[2025-07-02T18:52:58.351+0000] {logging_mixin.py:190} INFO - [2025-07-02T18:52:58.351+0000] {dag.py:3239} INFO - Sync 1 DAGs
[2025-07-02T18:52:58.379+0000] {logging_mixin.py:190} INFO - [2025-07-02T18:52:58.379+0000] {dag.py:4180} INFO - Setting next_dagrun for extract_raw_data_pipeline to 2025-07-02 07:59:00+00:00, run_after=2025-07-03 07:00:00+00:00
[2025-07-02T18:52:58.405+0000] {processor.py:208} INFO - Processing /opt/airflow/dags/driven_data_pipeline.py took 0.140 seconds
[2025-07-02T18:53:28.692+0000] {processor.py:186} INFO - Started process (PID=2008) to work on /opt/airflow/dags/driven_data_pipeline.py
[2025-07-02T18:53:28.693+0000] {processor.py:914} INFO - Processing file /opt/airflow/dags/driven_data_pipeline.py for tasks to queue
[2025-07-02T18:53:28.697+0000] {logging_mixin.py:190} INFO - [2025-07-02T18:53:28.696+0000] {dagbag.py:588} INFO - Filling up the DagBag from /opt/airflow/dags/driven_data_pipeline.py
[2025-07-02T18:53:28.748+0000] {processor.py:925} INFO - DAG(s) 'extract_raw_data_pipeline' retrieved from /opt/airflow/dags/driven_data_pipeline.py
[2025-07-02T18:53:28.789+0000] {logging_mixin.py:190} INFO - [2025-07-02T18:53:28.789+0000] {dag.py:3239} INFO - Sync 1 DAGs
[2025-07-02T18:53:28.827+0000] {logging_mixin.py:190} INFO - [2025-07-02T18:53:28.827+0000] {dag.py:4180} INFO - Setting next_dagrun for extract_raw_data_pipeline to 2025-07-02 07:59:00+00:00, run_after=2025-07-03 07:00:00+00:00
[2025-07-02T18:53:28.853+0000] {processor.py:208} INFO - Processing /opt/airflow/dags/driven_data_pipeline.py took 0.171 seconds
[2025-07-02T18:53:59.041+0000] {processor.py:186} INFO - Started process (PID=2015) to work on /opt/airflow/dags/driven_data_pipeline.py
[2025-07-02T18:53:59.043+0000] {processor.py:914} INFO - Processing file /opt/airflow/dags/driven_data_pipeline.py for tasks to queue
[2025-07-02T18:53:59.047+0000] {logging_mixin.py:190} INFO - [2025-07-02T18:53:59.046+0000] {dagbag.py:588} INFO - Filling up the DagBag from /opt/airflow/dags/driven_data_pipeline.py
[2025-07-02T18:53:59.082+0000] {processor.py:925} INFO - DAG(s) 'extract_raw_data_pipeline' retrieved from /opt/airflow/dags/driven_data_pipeline.py
[2025-07-02T18:53:59.115+0000] {logging_mixin.py:190} INFO - [2025-07-02T18:53:59.115+0000] {dag.py:3239} INFO - Sync 1 DAGs
[2025-07-02T18:53:59.151+0000] {logging_mixin.py:190} INFO - [2025-07-02T18:53:59.151+0000] {dag.py:4180} INFO - Setting next_dagrun for extract_raw_data_pipeline to 2025-07-02 07:59:00+00:00, run_after=2025-07-03 07:00:00+00:00
[2025-07-02T18:53:59.180+0000] {processor.py:208} INFO - Processing /opt/airflow/dags/driven_data_pipeline.py took 0.146 seconds
[2025-07-02T18:54:29.516+0000] {processor.py:186} INFO - Started process (PID=2022) to work on /opt/airflow/dags/driven_data_pipeline.py
[2025-07-02T18:54:29.518+0000] {processor.py:914} INFO - Processing file /opt/airflow/dags/driven_data_pipeline.py for tasks to queue
[2025-07-02T18:54:29.522+0000] {logging_mixin.py:190} INFO - [2025-07-02T18:54:29.521+0000] {dagbag.py:588} INFO - Filling up the DagBag from /opt/airflow/dags/driven_data_pipeline.py
[2025-07-02T18:54:29.586+0000] {processor.py:925} INFO - DAG(s) 'extract_raw_data_pipeline' retrieved from /opt/airflow/dags/driven_data_pipeline.py
[2025-07-02T18:54:29.623+0000] {logging_mixin.py:190} INFO - [2025-07-02T18:54:29.623+0000] {dag.py:3239} INFO - Sync 1 DAGs
[2025-07-02T18:54:29.659+0000] {logging_mixin.py:190} INFO - [2025-07-02T18:54:29.659+0000] {dag.py:4180} INFO - Setting next_dagrun for extract_raw_data_pipeline to 2025-07-02 07:59:00+00:00, run_after=2025-07-03 07:00:00+00:00
[2025-07-02T18:54:29.694+0000] {processor.py:208} INFO - Processing /opt/airflow/dags/driven_data_pipeline.py took 0.185 seconds
[2025-07-02T18:54:59.833+0000] {processor.py:186} INFO - Started process (PID=2029) to work on /opt/airflow/dags/driven_data_pipeline.py
[2025-07-02T18:54:59.835+0000] {processor.py:914} INFO - Processing file /opt/airflow/dags/driven_data_pipeline.py for tasks to queue
[2025-07-02T18:54:59.838+0000] {logging_mixin.py:190} INFO - [2025-07-02T18:54:59.838+0000] {dagbag.py:588} INFO - Filling up the DagBag from /opt/airflow/dags/driven_data_pipeline.py
[2025-07-02T18:54:59.881+0000] {processor.py:925} INFO - DAG(s) 'extract_raw_data_pipeline' retrieved from /opt/airflow/dags/driven_data_pipeline.py
[2025-07-02T18:54:59.910+0000] {logging_mixin.py:190} INFO - [2025-07-02T18:54:59.910+0000] {dag.py:3239} INFO - Sync 1 DAGs
[2025-07-02T18:54:59.936+0000] {logging_mixin.py:190} INFO - [2025-07-02T18:54:59.936+0000] {dag.py:4180} INFO - Setting next_dagrun for extract_raw_data_pipeline to 2025-07-02 07:59:00+00:00, run_after=2025-07-03 07:00:00+00:00
[2025-07-02T18:54:59.963+0000] {processor.py:208} INFO - Processing /opt/airflow/dags/driven_data_pipeline.py took 0.139 seconds
[2025-07-02T18:55:30.126+0000] {processor.py:186} INFO - Started process (PID=2035) to work on /opt/airflow/dags/driven_data_pipeline.py
[2025-07-02T18:55:30.128+0000] {processor.py:914} INFO - Processing file /opt/airflow/dags/driven_data_pipeline.py for tasks to queue
[2025-07-02T18:55:30.132+0000] {logging_mixin.py:190} INFO - [2025-07-02T18:55:30.131+0000] {dagbag.py:588} INFO - Filling up the DagBag from /opt/airflow/dags/driven_data_pipeline.py
[2025-07-02T18:55:30.169+0000] {processor.py:925} INFO - DAG(s) 'extract_raw_data_pipeline' retrieved from /opt/airflow/dags/driven_data_pipeline.py
[2025-07-02T18:55:30.201+0000] {logging_mixin.py:190} INFO - [2025-07-02T18:55:30.201+0000] {dag.py:3239} INFO - Sync 1 DAGs
[2025-07-02T18:55:30.229+0000] {logging_mixin.py:190} INFO - [2025-07-02T18:55:30.229+0000] {dag.py:4180} INFO - Setting next_dagrun for extract_raw_data_pipeline to 2025-07-02 07:59:00+00:00, run_after=2025-07-03 07:00:00+00:00
[2025-07-02T18:55:30.257+0000] {processor.py:208} INFO - Processing /opt/airflow/dags/driven_data_pipeline.py took 0.138 seconds
[2025-07-02T18:56:00.464+0000] {processor.py:186} INFO - Started process (PID=2042) to work on /opt/airflow/dags/driven_data_pipeline.py
[2025-07-02T18:56:00.466+0000] {processor.py:914} INFO - Processing file /opt/airflow/dags/driven_data_pipeline.py for tasks to queue
[2025-07-02T18:56:00.470+0000] {logging_mixin.py:190} INFO - [2025-07-02T18:56:00.469+0000] {dagbag.py:588} INFO - Filling up the DagBag from /opt/airflow/dags/driven_data_pipeline.py
[2025-07-02T18:56:00.508+0000] {processor.py:925} INFO - DAG(s) 'extract_raw_data_pipeline' retrieved from /opt/airflow/dags/driven_data_pipeline.py
[2025-07-02T18:56:00.550+0000] {logging_mixin.py:190} INFO - [2025-07-02T18:56:00.550+0000] {dag.py:3239} INFO - Sync 1 DAGs
[2025-07-02T18:56:00.590+0000] {logging_mixin.py:190} INFO - [2025-07-02T18:56:00.589+0000] {dag.py:4180} INFO - Setting next_dagrun for extract_raw_data_pipeline to 2025-07-02 07:59:00+00:00, run_after=2025-07-03 07:00:00+00:00
[2025-07-02T18:56:00.618+0000] {processor.py:208} INFO - Processing /opt/airflow/dags/driven_data_pipeline.py took 0.164 seconds
[2025-07-02T18:56:30.935+0000] {processor.py:186} INFO - Started process (PID=2049) to work on /opt/airflow/dags/driven_data_pipeline.py
[2025-07-02T18:56:30.937+0000] {processor.py:914} INFO - Processing file /opt/airflow/dags/driven_data_pipeline.py for tasks to queue
[2025-07-02T18:56:30.939+0000] {logging_mixin.py:190} INFO - [2025-07-02T18:56:30.939+0000] {dagbag.py:588} INFO - Filling up the DagBag from /opt/airflow/dags/driven_data_pipeline.py
[2025-07-02T18:56:30.975+0000] {processor.py:925} INFO - DAG(s) 'extract_raw_data_pipeline' retrieved from /opt/airflow/dags/driven_data_pipeline.py
[2025-07-02T18:56:31.011+0000] {logging_mixin.py:190} INFO - [2025-07-02T18:56:31.011+0000] {dag.py:3239} INFO - Sync 1 DAGs
[2025-07-02T18:56:31.044+0000] {logging_mixin.py:190} INFO - [2025-07-02T18:56:31.044+0000] {dag.py:4180} INFO - Setting next_dagrun for extract_raw_data_pipeline to 2025-07-02 07:59:00+00:00, run_after=2025-07-03 07:00:00+00:00
[2025-07-02T18:56:31.068+0000] {processor.py:208} INFO - Processing /opt/airflow/dags/driven_data_pipeline.py took 0.139 seconds
[2025-07-02T18:57:01.243+0000] {processor.py:186} INFO - Started process (PID=2055) to work on /opt/airflow/dags/driven_data_pipeline.py
[2025-07-02T18:57:01.245+0000] {processor.py:914} INFO - Processing file /opt/airflow/dags/driven_data_pipeline.py for tasks to queue
[2025-07-02T18:57:01.248+0000] {logging_mixin.py:190} INFO - [2025-07-02T18:57:01.248+0000] {dagbag.py:588} INFO - Filling up the DagBag from /opt/airflow/dags/driven_data_pipeline.py
[2025-07-02T18:57:01.288+0000] {processor.py:925} INFO - DAG(s) 'extract_raw_data_pipeline' retrieved from /opt/airflow/dags/driven_data_pipeline.py
[2025-07-02T18:57:01.318+0000] {logging_mixin.py:190} INFO - [2025-07-02T18:57:01.317+0000] {dag.py:3239} INFO - Sync 1 DAGs
[2025-07-02T18:57:01.346+0000] {logging_mixin.py:190} INFO - [2025-07-02T18:57:01.346+0000] {dag.py:4180} INFO - Setting next_dagrun for extract_raw_data_pipeline to 2025-07-02 07:59:00+00:00, run_after=2025-07-03 07:00:00+00:00
[2025-07-02T18:57:01.374+0000] {processor.py:208} INFO - Processing /opt/airflow/dags/driven_data_pipeline.py took 0.138 seconds
[2025-07-02T18:57:31.743+0000] {processor.py:186} INFO - Started process (PID=2062) to work on /opt/airflow/dags/driven_data_pipeline.py
[2025-07-02T18:57:31.744+0000] {processor.py:914} INFO - Processing file /opt/airflow/dags/driven_data_pipeline.py for tasks to queue
[2025-07-02T18:57:31.748+0000] {logging_mixin.py:190} INFO - [2025-07-02T18:57:31.748+0000] {dagbag.py:588} INFO - Filling up the DagBag from /opt/airflow/dags/driven_data_pipeline.py
[2025-07-02T18:57:31.799+0000] {processor.py:925} INFO - DAG(s) 'extract_raw_data_pipeline' retrieved from /opt/airflow/dags/driven_data_pipeline.py
[2025-07-02T18:57:31.843+0000] {logging_mixin.py:190} INFO - [2025-07-02T18:57:31.843+0000] {dag.py:3239} INFO - Sync 1 DAGs
[2025-07-02T18:57:31.880+0000] {logging_mixin.py:190} INFO - [2025-07-02T18:57:31.880+0000] {dag.py:4180} INFO - Setting next_dagrun for extract_raw_data_pipeline to 2025-07-02 07:59:00+00:00, run_after=2025-07-03 07:00:00+00:00
[2025-07-02T18:57:31.915+0000] {processor.py:208} INFO - Processing /opt/airflow/dags/driven_data_pipeline.py took 0.179 seconds
[2025-07-02T18:58:02.066+0000] {processor.py:186} INFO - Started process (PID=2069) to work on /opt/airflow/dags/driven_data_pipeline.py
[2025-07-02T18:58:02.067+0000] {processor.py:914} INFO - Processing file /opt/airflow/dags/driven_data_pipeline.py for tasks to queue
[2025-07-02T18:58:02.069+0000] {logging_mixin.py:190} INFO - [2025-07-02T18:58:02.069+0000] {dagbag.py:588} INFO - Filling up the DagBag from /opt/airflow/dags/driven_data_pipeline.py
[2025-07-02T18:58:02.096+0000] {processor.py:925} INFO - DAG(s) 'extract_raw_data_pipeline' retrieved from /opt/airflow/dags/driven_data_pipeline.py
[2025-07-02T18:58:02.126+0000] {logging_mixin.py:190} INFO - [2025-07-02T18:58:02.126+0000] {dag.py:3239} INFO - Sync 1 DAGs
[2025-07-02T18:58:02.148+0000] {logging_mixin.py:190} INFO - [2025-07-02T18:58:02.148+0000] {dag.py:4180} INFO - Setting next_dagrun for extract_raw_data_pipeline to 2025-07-02 07:59:00+00:00, run_after=2025-07-03 07:00:00+00:00
[2025-07-02T18:58:02.168+0000] {processor.py:208} INFO - Processing /opt/airflow/dags/driven_data_pipeline.py took 0.108 seconds
